1751963096839 30917.232421875 1
1751963097699 27321.05078125 2
1751963098226 29692.072265625 3
1751963098745 30350.255859375 4
1751963099269 30419.5625 5
1751963099771 30583.81640625 6
1751963100347 26496.931640625 7
1751963100860 28990.40625 8
1751963101380 27403.53125 9
1751963101967 27831.029296875 10
1751963102534 27569.625 11
1751963103074 31559.17578125 12
1751963103645 28894.943359375 13
1751963104197 27920.48828125 14
1751963104732 30709.669921875 15
1751963105323 29844.076171875 16
1751963105870 29218.16015625 17
1751963106426 29451.998046875 18
1751963107016 27161.80078125 19
1751963107579 27603.494140625 20
1751963108169 27521.623046875 21
1751963108826 31187.966796875 22
1751963109371 28114.19140625 23
1751963109966 27908.20703125 24
1751963110531 28186.615234375 25
1751963111116 30538.56640625 26
1751963111702 28029.044921875 27
1751963112211 29896.48828125 28
1751963112716 28577.744140625 29
1751963113252 25933.134765625 30
1751963113805 28253.400390625 31
1751963114434 27108.373046875 32
1751963114983 30646.541015625 33
1751963115614 27915.36328125 34
1751963116142 27618.607421875 35
1751963116683 29212.662109375 36
1751963117191 29956.666015625 37
1751963117699 30424.685546875 38
1751963118199 28816.47265625 39
1751963118700 28788.994140625 40
1751963119202 29876.984375 41
1751963119704 29475.857421875 42
1751963120205 31689.380859375 43
1751963120705 27436.775390625 44
1751963121212 28788.212890625 45
1751963121715 29723.419921875 46
1751963122215 28555.25 47
1751963122726 29833.87890625 48
1751963123236 29198.26953125 49
1751963123740 28488.66015625 50
1751963124246 29437.482421875 51
1751963124755 27916.50390625 52
1751963125262 28035.291015625 53
1751963125767 32315.943359375 54
1751963126269 27981.693359375 55
1751963126777 27336.662109375 56
1751963127278 29329.099609375 57
1751963127789 29288.962890625 58
1751963128367 27487.125 59
1751963128955 29776.23828125 60
1751963129486 28452.39453125 61
1751963130033 26593.19140625 62
1751963130567 24752.044921875 63
1751963131081 29011.869140625 64
1751963131650 29475.140625 65
1751963132206 32573.5625 66
1751963132762 28163.341796875 67
1751963133330 30361.818359375 68
1751963133891 30081.78125 69
1751963134503 30087.044921875 70
1751963135096 31184.224609375 71
1751963135711 29238.947265625 72
1751963136281 29935.14453125 73
1751963136865 29272.482421875 74
1751963137426 29217.431640625 75
1751963137967 27687.388671875 76
1751963138539 29244.23828125 77
1751963139164 29338.732421875 78
1751963139733 28504.380859375 79
1751963140302 29620.16015625 80
1751963140921 29323.763671875 81
1751963141483 27869.109375 82
1751963142074 28710.154296875 83
1751963142645 28107.08203125 84
1751963143219 27012.95703125 85
1751963143829 27852.84375 86
1751963144413 28579.65625 87
1751963144950 27941.8125 88
1751963145512 30017.45703125 89
1751963146142 28857.71875 90
1751963146695 30370.12890625 91
1751963147256 27692.05078125 92
1751963147790 31022.791015625 93
1751963148291 30745.412109375 94
1751963148830 30834.435546875 95
1751963149418 28772.869140625 96
1751963149941 30553.763671875 97
1751963150446 29759.322265625 98
1751963150945 29445.447265625 99
1751963151448 27822.625 100
1751963151978 28773.966796875 101
1751963152896 26311.0 102
1751963153511 29785.03515625 103
1751963154107 28312.294921875 104
1751963154731 30499.95703125 105
1751963155275 28735.46875 106
1751963155815 29061.154296875 107
1751963156352 27441.166015625 108
1751963156898 31677.044921875 109
1751963157433 29252.30078125 110
1751963157964 31487.318359375 111
1751963158499 30070.693359375 112
1751963159037 27218.5625 113
1751963159576 28877.98828125 114
1751963160110 28739.451171875 115
1751963160691 29069.0 116
1751963161281 31109.962890625 117
1751963161878 28322.138671875 118
1751963162416 28808.576171875 119
1751963163024 27570.193359375 120
1751963163571 31368.419921875 121
1751963164129 29336.26953125 122
1751963164696 28692.810546875 123
1751963165295 29608.935546875 124
1751963165933 28411.25 125
1751963166551 28491.419921875 126
1751963167170 29097.953125 127
1751963167758 25706.17578125 128
1751963168286 31229.912109375 129
1751963168839 31166.380859375 130
1751963169398 28925.73828125 131
1751963169957 26987.962890625 132
1751963170487 29313.947265625 133
1751963171024 27866.904296875 134
1751963171598 29330.21875 135
1751963172182 27962.53515625 136
1751963172696 29531.70703125 137
1751963173234 30831.123046875 138
1751963173791 28810.013671875 139
1751963174292 31136.794921875 140
1751963174801 29706.759765625 141
1751963175351 29293.73828125 142
1751963175918 27305.3125 143
1751963176536 29672.015625 144
1751963177175 27081.25 145
1751963177815 27889.994140625 146
1751963178419 28801.759765625 147
1751963179029 27633.150390625 148
1751963179627 29513.912109375 149
1751963180197 30370.919921875 150
1751963180708 27820.09375 151
1751963181218 29420.669921875 152
1751963181723 29350.806640625 153
1751963182227 29377.17578125 154
1751963182727 29936.068359375 155
1751963183231 28107.169921875 156
1751963183735 30160.953125 157
1751963184238 28954.625 158
1751963184743 28073.525390625 159
1751963185247 28169.775390625 160
1751963185755 30141.169921875 161
1751963186256 29538.42578125 162
1751963186757 27862.90625 163
1751963187266 30832.56640625 164
1751963187777 29806.623046875 165
1751963188282 29897.419921875 166
1751963188782 29994.576171875 167
1751963189321 29563.84375 168
1751963189825 30764.818359375 169
1751963190329 27497.36328125 170
1751963190843 28727.275390625 171
1751963191353 26128.67578125 172
1751963191871 28068.416015625 173
1751963192420 26451.296875 174
1751963193009 30779.138671875 175
1751963193533 28828.400390625 176
1751963194066 26278.6875 177
1751963194702 29232.962890625 178
1751963195326 29859.880859375 179
1751963195989 28949.771484375 180
1751963196642 23994.6796875 181
1751963197309 30153.025390625 182
1751963197954 26294.373046875 183
1751963198620 29444.619140625 184
1751963199280 26226.16015625 185
1751963199974 29783.11328125 186
1751963200627 26511.34375 187
1751963201280 29912.869140625 188
1751963201955 29645.58203125 189
1751963202609 29047.55078125 190
1751963203272 28025.640625 191
1751963203925 28836.453125 192
1751963204593 29535.775390625 193
1751963205266 27833.50390625 194
1751963205940 29219.65625 195
1751963206613 28362.224609375 196
1751963207231 28461.5625 197
1751963207785 30378.498046875 198
1751963208311 30688.00390625 199
1751963208868 30438.166015625 200
1751963209413 30329.34375 201
1751963210404 30674.216796875 202
1751963210953 28910.234375 203
1751963211499 30590.263671875 204
1751963212043 28786.53515625 205
1751963212601 30297.896484375 206
1751963213130 26745.03515625 207
1751963213702 26630.193359375 208
1751963214243 26767.244140625 209
1751963214778 30576.162109375 210
1751963215312 30275.326171875 211
1751963215864 28359.50390625 212
1751963216400 28545.044921875 213
1751963216920 30421.982421875 214
1751963217485 28628.8125 215
1751963218014 30066.5625 216
1751963218529 29479.794921875 217
1751963219101 28406.09375 218
1751963219648 27397.11328125 219
1751963220182 28307.505859375 220
1751963220724 28711.462890625 221
1751963221272 29552.65625 222
1751963221794 27660.25 223
1751963222308 30400.89453125 224
1751963222816 30201.14453125 225
1751963223321 29593.984375 226
1751963223861 28751.537109375 227
1751963224364 27955.67578125 228
1751963224874 28958.16015625 229
1751963225391 28357.322265625 230
1751963225905 28664.86328125 231
1751963226414 29526.119140625 232
1751963226931 27752.75 233
1751963227436 28538.443359375 234
1751963227948 28052.515625 235
1751963228493 26860.255859375 236
1751963229001 30889.55078125 237
1751963229506 27745.775390625 238
1751963230012 26432.869140625 239
1751963230518 28635.75 240
1751963231026 29703.171875 241
1751963231543 29102.931640625 242
1751963232052 27359.775390625 243
1751963232554 29890.638671875 244
1751963233063 28981.666015625 245
1751963233568 26200.583984375 246
1751963234081 28455.275390625 247
1751963234587 31410.013671875 248
1751963235099 27888.154296875 249
1751963235602 29073.693359375 250
1751963236104 28809.05078125 251
1751963236608 26525.30078125 252
1751963237111 27885.232421875 253
1751963237613 27572.513671875 254
1751963238116 28395.529296875 255
1751963238618 26384.875 256
1751963239137 26113.529296875 257
1751963239656 26433.265625 258
1751963240158 28425.39453125 259
1751963240674 29007.61328125 260
1751963241187 26513.982421875 261
1751963241703 28551.39453125 262
1751963242208 29942.89453125 263
1751963242725 27584.712890625 264
1751963243235 27880.763671875 265
1751963243740 29425.70703125 266
1751963244256 28189.044921875 267
1751963244771 27788.541015625 268
1751963245299 28681.806640625 269
1751963245809 28097.03125 270
1751963246315 27304.650390625 271
1751963246820 29051.853515625 272
1751963247363 28786.59375 273
1751963247872 26752.521484375 274
1751963248450 28207.904296875 275
1751963248953 27885.787109375 276
1751963249525 27538.443359375 277
1751963250058 30821.90625 278
1751963250599 28121.0 279
1751963251131 27503.359375 280
1751963251723 29011.326171875 281
1751963252273 26804.615234375 282
1751963252790 28243.802734375 283
1751963253342 27725.1875 284
1751963253972 29229.119140625 285
1751963254640 27295.62890625 286
1751963255214 27108.216796875 287
1751963255721 28134.287109375 288
1751963256228 29661.857421875 289
1751963256744 27954.177734375 290
1751963257247 29092.1875 291
1751963257760 25444.345703125 292
1751963258266 29209.763671875 293
1751963258771 27616.025390625 294
1751963259278 28460.912109375 295
1751963259783 27043.037109375 296
1751963260305 26927.98828125 297
1751963260812 27939.48828125 298
1751963261315 27537.365234375 299
1751963261821 28036.880859375 300
1751963262335 27311.95703125 301
1751963263233 27426.806640625 302
1751963263738 28438.888671875 303
1751963264280 28592.896484375 304
1751963264847 26539.134765625 305
1751963265432 30262.9375 306
1751963265952 25254.994140625 307
1751963266476 24704.0078125 308
1751963267027 29209.462890625 309
1751963267624 28548.578125 310
1751963268229 26614.53515625 311
1751963268778 30666.212890625 312
1751963269329 26505.349609375 313
1751963269835 26009.9609375 314
1751963270356 26010.828125 315
1751963270937 26994.900390625 316
1751963271478 27715.326171875 317
1751963272016 28684.78515625 318
1751963272533 30349.357421875 319
1751963273079 30600.828125 320
1751963273584 28981.62890625 321
1751963274084 27044.791015625 322
1751963274585 29028.01953125 323
1751963275168 28486.568359375 324
1751963275702 28310.14453125 325
1751963276215 28763.494140625 326
1751963276745 28384.76953125 327
1751963277279 26267.73828125 328
1751963277820 25155.271484375 329
1751963278334 27215.318359375 330
1751963278884 27591.66015625 331
1751963279386 28952.1875 332
1751963279889 25651.529296875 333
1751963280397 27984.92578125 334
1751963280910 28705.943359375 335
1751963281416 28414.666015625 336
1751963281937 28863.537109375 337
1751963282501 27355.841796875 338
1751963283002 29771.162109375 339
1751963283583 29916.294921875 340
1751963284090 26903.64453125 341
1751963284593 28130.775390625 342
1751963285096 29286.734375 343
1751963285598 28640.45703125 344
1751963286104 29480.150390625 345
1751963286609 28113.28125 346
1751963287110 27979.37890625 347
1751963287612 29279.197265625 348
1751963288113 28079.630859375 349
1751963288618 29993.869140625 350
1751963289118 27002.650390625 351
1751963289621 27746.806640625 352
1751963290122 27252.185546875 353
1751963290624 28646.96875 354
1751963291125 29880.65625 355
1751963291633 28505.669921875 356
1751963292138 28648.23828125 357
1751963292640 28254.775390625 358
1751963293139 29987.544921875 359
1751963293646 26854.994140625 360
1751963294148 27763.119140625 361
1751963294677 29508.779296875 362
1751963295239 28584.12890625 363
1751963295779 26432.357421875 364
1751963296355 28920.630859375 365
1751963296927 29104.724609375 366
1751963297500 30134.912109375 367
1751963298042 24610.947265625 368
1751963298589 29370.181640625 369
1751963299188 27578.513671875 370
1751963299769 28504.888671875 371
1751963300353 28955.451171875 372
1751963300950 27700.224609375 373
1751963301522 25986.41015625 374
1751963302098 29799.572265625 375
1751963302716 27796.974609375 376
1751963303230 26372.927734375 377
1751963303922 28619.306640625 378
1751963304549 26474.046875 379
1751963305134 29439.373046875 380
1751963305639 29164.943359375 381
1751963306143 26733.556640625 382
1751963306659 26672.31640625 383
1751963307175 28107.443359375 384
1751963307682 25652.9765625 385
1751963308185 28656.943359375 386
1751963308691 27329.625 387
1751963309198 28063.48828125 388
1751963309701 30302.134765625 389
1751963310227 28906.25390625 390
1751963310748 27760.16015625 391
1751963311251 24007.232421875 392
1751963311761 27564.515625 393
1751963312265 27831.3125 394
1751963312772 28949.212890625 395
1751963313278 25198.255859375 396
1751963313782 24221.697265625 397
1751963314286 28008.400390625 398
1751963314795 29539.98828125 399
1751963315298 29604.75 400
1751963315799 26934.359375 401
1751963316714 27849.61328125 402
1751963317221 28187.84765625 403
1751963317761 27989.013671875 404
1751963318308 24887.724609375 405
1751963318817 26255.962890625 406
1751963319380 25830.6328125 407
1751963320012 27851.669921875 408
1751963320574 28106.34375 409
1751963321144 26732.791015625 410
1751963321665 27966.212890625 411
1751963322176 26323.822265625 412
1751963322681 26295.958984375 413
1751963323183 25685.93359375 414
1751963323695 28367.08203125 415
1751963324201 27097.369140625 416
1751963324704 28265.349609375 417
1751963325220 26230.162109375 418
1751963325725 26289.576171875 419
1751963326235 26261.337890625 420
1751963326744 27111.84375 421
1751963327248 27842.39453125 422
1751963327755 27539.28515625 423
1751963328274 28998.576171875 424
1751963328784 28034.060546875 425
1751963329286 26739.4375 426
1751963329792 28461.138671875 427
1751963330295 27164.193359375 428
1751963330808 27658.625 429
1751963331311 27760.962890625 430
1751963331820 26663.615234375 431
1751963332322 28435.943359375 432
1751963332831 26189.4765625 433
1751963333333 27783.23828125 434
1751963333836 29642.619140625 435
1751963334334 27705.31640625 436
1751963334841 23749.935546875 437
1751963335361 29124.75 438
1751963335868 28791.677734375 439
1751963336371 29028.623046875 440
1751963336882 27214.025390625 441
1751963337389 26009.146484375 442
1751963337892 26515.05078125 443
1751963338401 25011.349609375 444
1751963338909 27596.619140625 445
1751963339413 26473.513671875 446
1751963339921 26264.552734375 447
1751963340433 27478.375 448
1751963340951 27567.712890625 449
1751963341460 27726.47265625 450
1751963341971 30394.26953125 451
1751963342478 29410.556640625 452
1751963342981 26263.80078125 453
1751963343493 24975.634765625 454
1751963343998 25477.125 455
1751963344507 27431.623046875 456
1751963345011 27140.041015625 457
1751963345512 29589.072265625 458
1751963346030 25780.755859375 459
1751963346531 28280.466796875 460
1751963347035 29692.244140625 461
1751963347540 26025.279296875 462
1751963348052 28833.365234375 463
1751963348554 29177.634765625 464
1751963349058 28090.869140625 465
1751963349578 25651.208984375 466
1751963350085 27573.482421875 467
1751963350591 27385.912109375 468
1751963351101 26734.75 469
1751963351605 25424.318359375 470
1751963352111 25858.462890625 471
1751963352622 26357.646484375 472
1751963353124 27038.837890625 473
1751963353626 26054.953125 474
1751963354131 28582.638671875 475
1751963354639 26213.890625 476
1751963355140 27870.712890625 477
1751963355653 23675.5859375 478
1751963356158 28132.28125 479
1751963356667 26834.890625 480
1751963357170 28670.521484375 481
1751963357675 24897.908203125 482
1751963358175 27723.08203125 483
1751963358691 26442.169921875 484
1751963359204 26656.50390625 485
1751963359708 25171.390625 486
1751963360216 26900.724609375 487
1751963360716 25299.87109375 488
1751963361218 26923.97265625 489
1751963361730 26441.443359375 490
1751963362238 24877.912109375 491
1751963362741 26335.419921875 492
1751963363244 25665.201171875 493
1751963363753 26894.591796875 494
1751963364262 28428.052734375 495
1751963364772 27244.849609375 496
1751963365287 25329.171875 497
1751963365794 30327.869140625 498
1751963366301 25772.814453125 499
1751963366814 24953.3671875 500
1751963367316 24372.857421875 501
1751963368215 28545.474609375 502
1751963368725 25678.546875 503
1751963369232 25075.25390625 504
1751963369738 28329.76953125 505
1751963370254 27151.931640625 506
1751963370754 29145.201171875 507
1751963371256 27199.828125 508
1751963371766 29265.734375 509
1751963372270 25152.171875 510
1751963372777 25397.076171875 511
1751963373284 27701.513671875 512
1751963373785 24618.763671875 513
1751963374294 26361.990234375 514
1751963374797 28133.619140625 515
1751963375309 26598.056640625 516
1751963375828 26274.583984375 517
1751963376349 28409.607421875 518
1751963376856 26756.01953125 519
1751963377363 26248.857421875 520
1751963377865 28646.48828125 521
1751963378369 30052.591796875 522
1751963378875 27234.669921875 523
1751963379394 27904.59375 524
1751963379897 26277.796875 525
1751963380401 24713.865234375 526
1751963381055 24387.83203125 527
1751963381685 25116.70703125 528
1751963382245 27889.576171875 529
1751963382750 28645.21875 530
1751963383251 27438.810546875 531
1751963383757 26574.853515625 532
1751963384260 26421.130859375 533
1751963384773 26534.630859375 534
1751963385284 25069.916015625 535
1751963385785 25366.5859375 536
1751963386290 26920.90625 537
1751963386797 24651.974609375 538
1751963387299 27751.013671875 539
1751963387802 23699.505859375 540
1751963388305 26921.779296875 541
1751963388807 25178.306640625 542
1751963389307 23813.734375 543
1751963389810 25796.724609375 544
1751963390312 26216.138671875 545
1751963390814 25188.255859375 546
1751963391317 25645.029296875 547
1751963391827 25371.552734375 548
1751963392330 25278.189453125 549
1751963392831 26956.794921875 550
1751963393332 24472.19921875 551
1751963393834 25667.935546875 552
1751963394335 27750.42578125 553
1751963394837 27446.568359375 554
1751963395341 27893.841796875 555
1751963395845 24929.490234375 556
1751963396348 25109.224609375 557
1751963396855 27784.71875 558
1751963397358 25249.162109375 559
1751963397861 28785.482421875 560
1751963398362 27722.732421875 561
1751963398864 24425.380859375 562
1751963399365 26471.013671875 563
1751963399867 25389.076171875 564
1751963400377 23418.900390625 565
1751963400885 25086.31640625 566
1751963401390 23774.36328125 567
1751963401893 25490.328125 568
1751963402395 23111.578125 569
1751963402899 22992.654296875 570
1751963403400 25169.7734375 571
1751963403909 27985.1875 572
1751963404414 28313.05078125 573
1751963404918 25917.626953125 574
1751963405420 23602.03515625 575
1751963405920 25697.236328125 576
1751963406422 24770.7109375 577
1751963406931 25814.119140625 578
1751963407433 26854.234375 579
1751963407935 25937.435546875 580
1751963408437 24832.6015625 581
1751963408938 25044.322265625 582
1751963409445 23807.671875 583
1751963409948 24180.880859375 584
1751963410450 24704.30859375 585
1751963410951 28966.232421875 586
1751963411453 26539.92578125 587
1751963411960 26361.259765625 588
1751963412464 26198.99609375 589
1751963412966 26320.71875 590
1751963413467 27317.375 591
1751963413968 25799.173828125 592
1751963414471 25671.416015625 593
1751963414974 26722.6875 594
1751963415475 25986.3125 595
1751963415977 26050.681640625 596
1751963416495 26838.693359375 597
1751963417004 25765.9296875 598
1751963417513 26575.515625 599
1751963418018 27796.884765625 600
1751963418523 23769.10546875 601
1751963419430 26553.537109375 602
1751963419947 25293.333984375 603
1751963420466 21986.177734375 604
1751963420969 26214.92578125 605
1751963421485 22758.505859375 606
1751963421994 25351.94140625 607
1751963422500 24287.32421875 608
1751963423003 25332.568359375 609
1751963423511 25883.76953125 610
1751963424016 23599.693359375 611
1751963424518 25217.833984375 612
1751963425031 24752.7421875 613
1751963425541 24939.19921875 614
1751963426050 25773.625 615
1751963426552 26674.732421875 616
1751963427063 24892.26953125 617
1751963427572 27803.212890625 618
1751963428076 25232.728515625 619
1751963428578 25680.421875 620
1751963429079 23348.681640625 621
1751963429583 26275.396484375 622
1751963430092 26818.365234375 623
1751963430595 27032.21875 624
1751963431108 26678.92578125 625
1751963431616 25377.4140625 626
1751963432124 27063.90625 627
1751963432630 22859.990234375 628
1751963433136 26992.20703125 629
1751963433637 25973.87109375 630
1751963434149 23433.91015625 631
1751963434654 29128.318359375 632
1751963435157 26945.150390625 633
1751963435667 27862.08203125 634
1751963436174 26478.556640625 635
1751963436685 25329.857421875 636
1751963437190 25401.294921875 637
1751963437696 24773.98828125 638
1751963438203 24049.705078125 639
1751963438711 25776.037109375 640
1751963439212 26890.505859375 641
1751963439726 27174.806640625 642
1751963440312 25384.12109375 643
1751963440860 26063.40625 644
1751963441553 24358.4375 645
1751963442108 25843.017578125 646
1751963442637 27346.619140625 647
1751963443138 22936.990234375 648
1751963443648 25185.013671875 649
1751963444165 26670.060546875 650
1751963444670 26980.958984375 651
1751963445172 23694.853515625 652
1751963445680 26051.23828125 653
1751963446184 25378.38671875 654
1751963446705 24004.375 655
1751963447212 23074.6796875 656
1751963447716 21676.087890625 657
1751963448229 23575.822265625 658
1751963448746 23343.419921875 659
1751963449251 24313.259765625 660
1751963449756 25124.259765625 661
1751963450260 24385.109375 662
1751963450776 27120.30078125 663
1751963451282 23657.00390625 664
1751963451798 26840.89453125 665
1751963452307 24562.373046875 666
1751963452811 24959.662109375 667
1751963453314 25152.294921875 668
1751963453817 25284.326171875 669
1751963454332 23837.341796875 670
1751963454832 20637.53515625 671
1751963455343 24884.052734375 672
1751963455849 23110.693359375 673
1751963456351 23676.412109375 674
1751963456865 22472.5703125 675
1751963457375 27274.599609375 676
1751963457881 26348.51953125 677
1751963458394 25954.677734375 678
1751963458897 24047.216796875 679
1751963459400 22455.564453125 680
1751963459902 25963.4765625 681
1751963460419 25210.154296875 682
1751963460931 25670.115234375 683
1751963461449 23229.94140625 684
1751963461960 23776.36328125 685
1751963462460 24908.078125 686
1751963462975 24086.6171875 687
1751963463478 23919.048828125 688
1751963463978 23407.6953125 689
1751963464481 27397.443359375 690
1751963464996 24469.087890625 691
1751963465496 24702.171875 692
1751963465999 25162.630859375 693
1751963466509 23810.009765625 694
1751963467017 23950.03515625 695
1751963467522 21575.619140625 696
1751963468036 23872.779296875 697
1751963468555 26476.662109375 698
1751963469060 22908.62890625 699
1751963469565 21925.294921875 700
1751963470085 25875.763671875 701
1751963470983 25310.837890625 702
1751963471489 23666.216796875 703
1751963472001 23881.111328125 704
1751963472510 24514.689453125 705
1751963473019 24515.109375 706
1751963473527 27457.09765625 707
1751963474030 22160.998046875 708
1751963474534 26632.67578125 709
1751963475036 24396.64453125 710
1751963475539 25744.439453125 711
1751963476050 25229.96875 712
1751963476553 27043.537109375 713
1751963477064 23365.330078125 714
1751963477574 26736.744140625 715
1751963478079 23721.349609375 716
1751963478583 23542.28125 717
1751963479087 24838.482421875 718
1751963479599 23593.482421875 719
1751963480102 26967.09375 720
1751963480613 24465.33203125 721
1751963481114 21982.365234375 722
1751963481615 25807.98828125 723
1751963482122 22545.994140625 724
1751963482622 21921.125 725
1751963483124 22689.939453125 726
1751963483627 21626.193359375 727
1751963484137 25018.162109375 728
1751963484641 27560.224609375 729
1751963485150 27217.4375 730
1751963485651 25277.025390625 731
1751963486159 22594.560546875 732
1751963486665 24187.04296875 733
1751963487177 23885.7109375 734
1751963487681 21745.072265625 735
1751963488189 24660.998046875 736
1751963488692 25281.013671875 737
1751963489209 24474.005859375 738
1751963489717 22347.619140625 739
1751963490223 24705.34375 740
1751963490738 21298.115234375 741
1751963491239 24319.4609375 742
1751963491747 25569.08984375 743
1751963492269 26797.84765625 744
1751963492771 26869.69140625 745
1751963493273 27441.76953125 746
1751963493775 26927.583984375 747
1751963494278 25497.03515625 748
1751963494789 26475.70703125 749
1751963495290 23031.54296875 750
1751963495799 24241.302734375 751
1751963496303 23444.75 752
1751963496821 25833.03125 753
1751963497338 25221.232421875 754
1751963497845 22808.380859375 755
1751963498349 23227.11328125 756
1751963498854 22700.06640625 757
1751963499363 24722.419921875 758
1751963499875 22550.84375 759
1751963500380 23533.560546875 760
1751963500946 23117.400390625 761
1751963501640 22796.068359375 762
1751963502204 21280.9296875 763
1751963502771 25729.642578125 764
1751963503275 23087.185546875 765
1751963503786 19590.916015625 766
1751963504292 22858.732421875 767
1751963504795 24605.888671875 768
1751963505298 23293.697265625 769
1751963505810 19290.904296875 770
1751963506315 22469.716796875 771
1751963506823 21214.0625 772
1751963507328 20352.482421875 773
1751963507833 23254.91015625 774
1751963508337 23305.701171875 775
1751963508841 22058.171875 776
1751963509343 23577.36328125 777
1751963509845 24998.3359375 778
1751963510346 24531.865234375 779
1751963510852 21945.333984375 780
1751963511355 24553.052734375 781
1751963511861 24928.57421875 782
1751963512365 22996.19140625 783
1751963512866 23747.787109375 784
1751963513370 25120.12890625 785
1751963513872 25347.919921875 786
1751963514374 24565.072265625 787
1751963514879 25565.294921875 788
1751963515381 22295.591796875 789
1751963515887 20980.904296875 790
1751963516389 21731.26171875 791
1751963516895 26402.03125 792
1751963517398 25831.728515625 793
1751963517900 25552.138671875 794
1751963518404 23814.80078125 795
1751963518907 23035.564453125 796
1751963519412 24335.888671875 797
1751963519915 26987.494140625 798
1751963520426 20195.087890625 799
1751963520941 20422.107421875 800
1751963521443 24503.0546875 801
1751963522340 23006.310546875 802
1751963522841 18413.296875 803
1751963523349 22301.685546875 804
1751963523853 22047.900390625 805
1751963524356 24284.25390625 806
1751963524859 23018.42578125 807
1751963525361 25967.515625 808
1751963525862 24150.361328125 809
1751963526373 21331.67578125 810
1751963526877 28752.990234375 811
1751963527381 20908.572265625 812
1751963527894 20444.40625 813
1751963528398 25249.1953125 814
1751963528899 21935.42578125 815
1751963529400 23204.681640625 816
1751963529908 22051.154296875 817
1751963530410 26105.20703125 818
1751963530914 22691.736328125 819
1751963531417 19995.03515625 820
1751963531920 24797.869140625 821
1751963532425 21221.9296875 822
1751963532927 23328.529296875 823
1751963533437 18975.216796875 824
1751963533939 21992.6640625 825
1751963534442 23818.716796875 826
1751963534943 23161.966796875 827
1751963535453 22463.287109375 828
1751963535956 19165.29296875 829
1751963536460 23755.044921875 830
1751963536963 24753.537109375 831
1751963537471 22455.61328125 832
1751963537978 21713.962890625 833
1751963538493 25330.69140625 834
1751963538996 22737.578125 835
1751963539500 23085.068359375 836
1751963540004 23166.474609375 837
1751963540511 23364.646484375 838
1751963541015 24153.255859375 839
1751963541516 25236.462890625 840
1751963542027 22850.486328125 841
1751963542531 23673.447265625 842
1751963543033 23076.755859375 843
1751963543546 21976.12890625 844
1751963544053 20957.712890625 845
1751963544556 22792.1484375 846
1751963545060 23399.67578125 847
1751963545561 23574.302734375 848
1751963546066 22798.912109375 849
1751963546569 22965.640625 850
1751963547072 24564.29296875 851
1751963547582 24812.12890625 852
1751963548090 21578.46875 853
1751963548612 24717.98828125 854
1751963549114 25938.0859375 855
1751963549627 22204.373046875 856
1751963550130 25380.130859375 857
1751963550635 21822.583984375 858
1751963551143 21885.138671875 859
1751963551652 23541.953125 860
1751963552157 24045.076171875 861
1751963552670 23148.044921875 862
1751963553176 21846.4140625 863
1751963553686 20355.060546875 864
1751963554195 20216.26171875 865
1751963554703 23317.125 866
1751963555212 20710.447265625 867
1751963555718 23498.939453125 868
1751963556224 21432.70703125 869
1751963556726 22010.025390625 870
1751963557226 21118.060546875 871
1751963557731 20174.244140625 872
1751963558234 22089.994140625 873
1751963558744 23801.9375 874
1751963559250 23625.13671875 875
1751963559756 20038.080078125 876
1751963560263 25888.69921875 877
1751963560772 23112.740234375 878
1751963561471 24279.42578125 879
1751963562051 26713.95703125 880
1751963562625 23942.61328125 881
1751963563135 20288.748046875 882
1751963563640 23262.896484375 883
1751963564148 24172.662109375 884
1751963564654 25138.6015625 885
1751963565162 21766.873046875 886
1751963565665 19900.986328125 887
1751963566171 23979.181640625 888
1751963566733 21283.919921875 889
1751963567245 21831.056640625 890
1751963567755 20427.673828125 891
1751963569468 20295.720703125 892
1751963570041 22150.01953125 893
1751963570633 22630.38671875 894
1751963571214 25199.0 895
1751963571812 21145.984375 896
1751963572382 17117.974609375 897
1751963572951 22938.279296875 898
1751963573549 23947.419921875 899
1751963574144 23153.26953125 900
1751963574725 24699.0546875 901
1751963575715 25201.060546875 902
1751963576298 21695.056640625 903
1751963576880 20401.294921875 904
1751963577465 20581.328125 905
1751963578042 21581.31640625 906
1751963578616 20887.771484375 907
1751963579202 21197.044921875 908
1751963579792 19907.921875 909
1751963580382 23065.505859375 910
1751963580960 21561.427734375 911
1751963581541 19312.484375 912
1751963582117 24251.763671875 913
1751963582701 24067.185546875 914
1751963583279 22418.50390625 915
1751963583859 21961.107421875 916
1751963584429 24233.060546875 917
1751963585013 24625.33203125 918
1751963585597 19648.484375 919
1751963586180 23097.427734375 920
1751963586778 22942.19140625 921
1751963587359 23810.47265625 922
1751963587937 22441.65625 923
1751963588521 21705.62109375 924
1751963589089 21436.419921875 925
1751963589675 20093.193359375 926
1751963590240 20496.927734375 927
1751963590813 21632.404296875 928
1751963591380 23823.880859375 929
1751963591966 21696.490234375 930
1751963592527 20901.900390625 931
1751963593096 21334.865234375 932
1751963593696 25024.552734375 933
1751963594286 22946.560546875 934
1751963594854 24312.724609375 935
1751963595429 18703.00390625 936
1751963595993 23422.279296875 937
1751963596565 20991.595703125 938
1751963597129 22842.818359375 939
1751963597706 22574.103515625 940
1751963598282 17682.873046875 941
1751963598859 18257.638671875 942
1751963599436 21914.43359375 943
1751963600008 21397.05078125 944
1751963600581 24101.67578125 945
1751963601151 20841.912109375 946
1751963601728 26829.66015625 947
1751963602298 20191.28125 948
1751963602866 23981.341796875 949
1751963603442 20790.978515625 950
1751963604011 20388.037109375 951
1751963604590 22838.578125 952
1751963605159 18168.966796875 953
1751963605724 19480.087890625 954
1751963606295 18620.552734375 955
1751963606870 23365.138671875 956
1751963607439 19985.271484375 957
1751963608013 15375.0224609375 958
1751963608596 22362.216796875 959
1751963609154 25265.904296875 960
1751963609727 18650.41015625 961
1751963610303 20508.921875 962
1751963610879 23687.201171875 963
1751963611455 20318.103515625 964
1751963612040 21865.341796875 965
1751963612611 24651.412109375 966
1751963613178 17926.119140625 967
1751963613752 19886.083984375 968
1751963614318 21807.6875 969
1751963614886 20925.310546875 970
1751963615445 23859.353515625 971
1751963616018 20129.150390625 972
1751963616596 18645.25 973
1751963617164 23028.5 974
1751963617726 23042.75 975
1751963618302 23901.537109375 976
1751963618870 20434.173828125 977
1751963619444 21911.90625 978
1751963620011 19093.783203125 979
1751963620587 18888.837890625 980
1751963621192 20067.01953125 981
1751963621833 22758.083984375 982
1751963622456 18104.216796875 983
1751963623080 23354.568359375 984
1751963623663 19680.162109375 985
1751963624247 25025.25 986
1751963624832 18012.646484375 987
1751963625380 24277.552734375 988
1751963625929 22479.623046875 989
1751963626439 19178.626953125 990
1751963626942 19462.6875 991
1751963627445 22770.548828125 992
1751963628003 19928.107421875 993
1751963628608 18531.435546875 994
1751963629177 22878.240234375 995
1751963629691 19830.373046875 996
1751963630284 20793.978515625 997
1751963630820 19558.091796875 998
1751963631323 22044.6875 999
1751963631828 22606.865234375 1000
1751963632330 20863.724609375 1001
1751963633223 24745.8828125 1002
1751963633725 24551.767578125 1003
1751963634231 20775.001953125 1004
1751963634733 18332.34765625 1005
1751963635240 19218.947265625 1006
1751963635743 19071.2109375 1007
1751963636247 22107.498046875 1008
1751963636753 15696.6982421875 1009
1751963637258 21147.798828125 1010
1751963637767 17880.359375 1011
1751963638275 23963.677734375 1012
1751963638777 16368.8720703125 1013
1751963639281 20048.443359375 1014
1751963639806 23853.423828125 1015
1751963640340 19591.888671875 1016
1751963640898 17965.306640625 1017
1751963641456 19053.193359375 1018
1751963641975 21662.75390625 1019
1751963642503 19699.837890625 1020
1751963643073 21937.513671875 1021
1751963643650 22957.083984375 1022
1751963644190 20903.412109375 1023
1751963644693 22026.515625 1024
1751963645195 17594.4765625 1025
1751963645713 22823.755859375 1026
1751963646289 20293.056640625 1027
1751963646927 20818.015625 1028
1751963647497 22644.6875 1029
1751963648009 22770.939453125 1030
1751963648548 21843.0390625 1031
1751963649253 23568.18359375 1032
1751963649863 23027.861328125 1033
1751963650380 20772.716796875 1034
1751963650910 18671.90625 1035
1751963651413 24881.953125 1036
1751963652012 22143.9765625 1037
1751963652540 22236.076171875 1038
1751963653069 21334.232421875 1039
1751963653592 21454.578125 1040
1751963654114 17889.888671875 1041
1751963654647 20908.3515625 1042
1751963655224 22336.099609375 1043
1751963655767 19379.91015625 1044
1751963656271 20152.794921875 1045
1751963656777 21035.779296875 1046
1751963657336 22026.357421875 1047
1751963657876 17669.48828125 1048
1751963658399 22036.4375 1049
1751963658910 22163.919921875 1050
1751963659473 22584.203125 1051
1751963659974 21297.255859375 1052
1751963660528 22050.994140625 1053
1751963661094 21686.08203125 1054
1751963661610 21467.642578125 1055
1751963662151 21212.93359375 1056
1751963662666 22630.57421875 1057
1751963663183 23876.07421875 1058
1751963663741 20328.060546875 1059
1751963664252 23202.177734375 1060
1751963664820 18598.466796875 1061
1751963665336 17192.841796875 1062
1751963665872 17649.166015625 1063
1751963666390 19185.625 1064
1751963666921 21845.861328125 1065
1751963667438 19543.50390625 1066
1751963667947 18837.08203125 1067
1751963668536 21297.427734375 1068
1751963669057 20325.12890625 1069
1751963669604 18549.599609375 1070
1751963670127 18207.671875 1071
1751963670643 20176.654296875 1072
1751963671220 16071.0126953125 1073
1751963671766 22418.37890625 1074
1751963672298 20906.537109375 1075
1751963672847 23831.685546875 1076
1751963673422 18789.1484375 1077
1751963673941 20815.328125 1078
1751963674472 16320.8095703125 1079
1751963674989 20268.3046875 1080
1751963675511 17940.185546875 1081
1751963676041 21698.982421875 1082
1751963676569 20156.31640625 1083
1751963677178 16781.384765625 1084
1751963677732 18832.291015625 1085
1751963678271 18639.06640625 1086
1751963678822 19890.4140625 1087
1751963679333 15334.994140625 1088
1751963679852 19688.427734375 1089
1751963680356 19943.205078125 1090
1751963680865 20850.119140625 1091
1751963681387 16808.419921875 1092
1751963681899 20334.134765625 1093
1751963682401 20824.51953125 1094
1751963682912 17998.55859375 1095
1751963683692 19473.490234375 1096
1751963684393 18883.779296875 1097
1751963684896 19133.81640625 1098
1751963685399 19387.623046875 1099
1751963685900 18747.537109375 1100
1751963686400 21453.142578125 1101
1751963687310 23051.412109375 1102
1751963687815 22277.044921875 1103
1751963688319 19479.26171875 1104
1751963688820 14374.861328125 1105
1751963689321 20952.431640625 1106
1751963689827 19246.125 1107
1751963690330 21092.302734375 1108
1751963690925 20861.271484375 1109
1751963691723 22763.685546875 1110
1751963692309 20184.46484375 1111
1751963692812 21303.60546875 1112
1751963693313 21723.53515625 1113
1751963693824 19098.7109375 1114
1751963694326 20033.166015625 1115
1751963694832 22997.927734375 1116
1751963695408 21820.63671875 1117
1751963696241 19013.771484375 1118
1751963696744 19632.923828125 1119
1751963697252 19504.828125 1120
1751963697755 19093.275390625 1121
1751963698349 18548.708984375 1122
1751963698856 23399.078125 1123
1751963699360 17057.7734375 1124
1751963699874 18499.14453125 1125
1751963700380 21362.771484375 1126
1751963700891 20468.78125 1127
1751963701672 19498.630859375 1128
1751963702299 18817.83203125 1129
1751963702805 19320.29296875 1130
1751963703392 21162.67578125 1131
1751963703893 18991.248046875 1132
1751963704403 20989.087890625 1133
1751963704913 21523.67578125 1134
1751963705542 18928.8515625 1135
1751963706301 20872.4609375 1136
1751963706864 16978.0859375 1137
1751963707386 16804.40234375 1138
1751963707894 20355.677734375 1139
1751963708396 24720.794921875 1140
1751963708912 21921.896484375 1141
1751963709503 20086.119140625 1142
1751963710287 20155.072265625 1143
1751963710879 20034.39453125 1144
1751963711384 19767.61328125 1145
1751963711887 17775.677734375 1146
1751963712393 21282.568359375 1147
1751963712926 17039.015625 1148
1751963713504 19897.927734375 1149
1751963714121 20539.599609375 1150
1751963714703 19180.107421875 1151
1751963715235 22638.947265625 1152
1751963715755 17096.890625 1153
1751963716278 21813.326171875 1154
1751963716847 17424.333984375 1155
1751963717351 20723.427734375 1156
1751963717891 23699.392578125 1157
1751963718397 21271.5 1158
1751963718900 20786.4921875 1159
1751963719401 18246.841796875 1160
1751963719903 19074.279296875 1161
1751963720407 21608.125 1162
1751963720911 19460.8984375 1163
1751963721414 19886.5 1164
1751963721917 22355.21875 1165
1751963722424 20991.287109375 1166
1751963722934 17060.615234375 1167
1751963723438 17446.931640625 1168
1751963723942 18550.787109375 1169
1751963724454 18132.763671875 1170
1751963724961 17544.240234375 1171
1751963725465 15709.673828125 1172
1751963725967 18779.619140625 1173
1751963726475 18898.76171875 1174
1751963727015 21189.384765625 1175
1751963727527 15997.400390625 1176
1751963728059 20222.375 1177
1751963728624 15272.6748046875 1178
1751963729139 20298.474609375 1179
1751963729658 20099.1875 1180
1751963730164 19337.765625 1181
1751963730776 21887.435546875 1182
1751963731286 20135.67578125 1183
1751963731857 20998.7421875 1184
1751963732456 22556.412109375 1185
1751963733558 21488.56640625 1186
1751963734802 18572.759765625 1187
1751963735302 19453.63671875 1188
1751963735807 17032.94140625 1189
1751963736319 20875.404296875 1190
1751963736828 21065.150390625 1191
1751963737339 21378.76953125 1192
1751963737846 18741.80859375 1193
1751963738362 17239.76953125 1194
1751963738867 18470.765625 1195
1751963739371 19727.576171875 1196
1751963739875 22280.98828125 1197
1751963740378 16622.3671875 1198
1751963740880 18122.7109375 1199
1751963741380 17560.888671875 1200
1751963741883 18990.19140625 1201
1751963742790 18356.056640625 1202
1751963743302 19797.509765625 1203
1751963743804 17161.41015625 1204
1751963744314 19858.755859375 1205
1751963744814 18770.939453125 1206
1751963745332 18333.03125 1207
1751963745844 19733.3203125 1208
1751963746348 20599.326171875 1209
1751963746852 20137.28515625 1210
1751963747357 22428.927734375 1211
1751963747861 22247.396484375 1212
1751963748363 21222.98046875 1213
1751963748868 18453.59765625 1214
1751963749372 21333.474609375 1215
1751963749875 21736.626953125 1216
1751963750376 20637.76171875 1217
1751963750878 15735.6533203125 1218
1751963751381 19784.380859375 1219
1751963751884 16318.1689453125 1220
1751963752387 19185.46875 1221
1751963752894 21404.0703125 1222
1751963753397 16479.255859375 1223
1751963753900 16247.5205078125 1224
1751963754403 18255.369140625 1225
1751963754906 16538.5625 1226
1751963755412 18787.232421875 1227
1751963755917 16994.58203125 1228
1751963756420 15973.6982421875 1229
1751963756925 14994.7998046875 1230
1751963757428 17622.857421875 1231
1751963757932 16184.4267578125 1232
1751963758435 18835.8046875 1233
1751963758938 17601.0625 1234
1751963759443 16137.087890625 1235
1751963759948 17824.00390625 1236
1751963760462 20978.849609375 1237
1751963760974 18243.904296875 1238
1751963761478 20158.708984375 1239
1751963761982 21499.646484375 1240
1751963762483 17802.740234375 1241
1751963762994 17989.546875 1242
1751963763497 17161.78515625 1243
1751963764001 17874.630859375 1244
1751963764507 17003.248046875 1245
1751963765014 16812.529296875 1246
1751963765516 20237.193359375 1247
1751963766016 17433.69921875 1248
1751963766518 17145.861328125 1249
1751963767022 19613.703125 1250
1751963767527 16790.583984375 1251
1751963768036 19624.9921875 1252
1751963768542 20732.89453125 1253
1751963769046 19035.326171875 1254
1751963769550 21121.701171875 1255
1751963770051 14641.2685546875 1256
1751963770554 17680.357421875 1257
1751963771058 20091.091796875 1258
1751963771562 18290.841796875 1259
1751963772066 17256.927734375 1260
1751963772569 16012.0224609375 1261
1751963773077 19203.318359375 1262
1751963773578 19199.3046875 1263
1751963774080 18124.328125 1264
1751963774583 16825.185546875 1265
1751963775086 20093.166015625 1266
1751963775589 16027.7802734375 1267
1751963776236 15898.291015625 1268
1751963776813 16183.1142578125 1269
1751963777400 16536.802734375 1270
1751963777920 19211.75 1271
1751963778425 17213.837890625 1272
1751963778926 14344.2099609375 1273
1751963779429 15710.4521484375 1274
1751963779935 23405.21875 1275
1751963780444 15640.2177734375 1276
1751963780955 18468.265625 1277
1751963781459 19397.62890625 1278
1751963781970 17409.09375 1279
1751963782475 16027.666015625 1280
1751963782980 16643.302734375 1281
1751963783493 18847.169921875 1282
1751963784003 19013.84375 1283
1751963784516 19216.20703125 1284
1751963785020 18330.982421875 1285
1751963785529 16865.935546875 1286
1751963786032 17653.787109375 1287
1751963786545 18868.02734375 1288
1751963787053 18708.208984375 1289
1751963787563 19073.115234375 1290
1751963788076 17452.919921875 1291
1751963788580 20647.087890625 1292
1751963789095 18776.181640625 1293
1751963789602 17847.26953125 1294
1751963790105 16363.9326171875 1295
1751963790626 18302.90625 1296
1751963791133 18929.087890625 1297
1751963791643 18050.015625 1298
1751963792144 14580.1689453125 1299
1751963792650 15728.5625 1300
1751963793161 16123.658203125 1301
1751963794048 20349.900390625 1302
1751963794553 20500.689453125 1303
1751963795056 17550.087890625 1304
1751963795562 18182.861328125 1305
1751963796067 19813.556640625 1306
1751963796569 18749.6640625 1307
1751963797087 14890.3671875 1308
1751963797595 20236.603515625 1309
1751963798108 15549.6591796875 1310
1751963798615 17325.36328125 1311
1751963799117 13100.6328125 1312
1751963799622 19869.294921875 1313
1751963800134 17169.798828125 1314
1751963800649 18331.716796875 1315
1751963801159 19918.36328125 1316
1751963801666 16913.703125 1317
1751963802169 14778.7412109375 1318
1751963802681 15359.7470703125 1319
1751963803208 14790.984375 1320
1751963803712 19431.1640625 1321
1751963804217 19469.388671875 1322
1751963804727 17999.8125 1323
1751963805247 17218.8125 1324
1751963805768 21013.998046875 1325
1751963806275 20100.208984375 1326
1751963806778 18964.56640625 1327
1751963807298 15104.2021484375 1328
1751963807811 15932.8623046875 1329
1751963808326 20536.638671875 1330
1751963808837 13563.4033203125 1331
1751963809344 18881.228515625 1332
1751963809848 16754.798828125 1333
1751963810354 17142.59375 1334
1751963810861 19252.279296875 1335
1751963811370 18788.5859375 1336
1751963811881 14953.453125 1337
1751963812390 17056.724609375 1338
1751963812897 20201.57421875 1339
1751963813412 15328.9326171875 1340
1751963813916 18372.564453125 1341
1751963814420 18750.53125 1342
1751963814930 13236.462890625 1343
1751963815441 11486.5302734375 1344
1751963815946 13803.884765625 1345
1751963816449 19335.564453125 1346
1751963817014 21212.419921875 1347
1751963817710 18282.259765625 1348
1751963818272 14118.3623046875 1349
1751963818774 17079.458984375 1350
1751963819283 19017.220703125 1351
1751963819790 16135.603515625 1352
1751963820304 14915.3203125 1353
1751963820813 14264.15625 1354
1751963821322 16791.75390625 1355
1751963821833 17345.595703125 1356
1751963822338 17040.064453125 1357
1751963822841 16930.125 1358
1751963823350 17980.998046875 1359
1751963823857 15398.900390625 1360
1751963824362 19195.154296875 1361
1751963824868 16562.666015625 1362
1751963825370 17205.365234375 1363
1751963825872 14978.5654296875 1364
1751963826376 16376.3173828125 1365
1751963826880 18500.05859375 1366
1751963827382 16201.4521484375 1367
1751963827892 18657.662109375 1368
1751963828457 18112.904296875 1369
1751963828999 16223.9091796875 1370
1751963829551 16257.984375 1371
1751963830091 15467.96875 1372
1751963830670 19552.119140625 1373
1751963832293 17700.810546875 1374
1751963832831 15475.6123046875 1375
1751963833386 17380.490234375 1376
1751963835461 19504.759765625 1377
1751963835970 15805.9794921875 1378
1751963836501 14365.275390625 1379
1751963837004 15196.9287109375 1380
1751963837508 14574.0625 1381
1751963838014 16317.5146484375 1382
1751963838527 20251.041015625 1383
1751963839902 19263.65625 1384
1751963840484 20722.189453125 1385
1751963841061 17024.201171875 1386
1751963841652 16176.884765625 1387
1751963842227 19620.40625 1388
1751963842753 16854.001953125 1389
1751963843262 18670.25 1390
1751963843771 14469.5654296875 1391
1751963844276 16754.861328125 1392
1751963844780 13804.5439453125 1393
1751963845283 15350.0283203125 1394
1751963845788 15535.8076171875 1395
1751963846309 20371.271484375 1396
1751963846830 17400.763671875 1397
1751963847332 19813.609375 1398
1751963847834 20640.546875 1399
1751963848342 16079.2724609375 1400
1751963848857 18367.259765625 1401
1751963849760 16876.05078125 1402
1751963850272 15260.71875 1403
1751963850781 17932.15625 1404
1751963851287 15228.1171875 1405
1751963851793 17578.67578125 1406
1751963852294 18633.84375 1407
1751963852812 16911.26953125 1408
1751963853329 15771.734375 1409
1751963853833 13256.3974609375 1410
1751963854342 16744.62890625 1411
1751963854850 17382.287109375 1412
1751963855355 17967.857421875 1413
1751963855861 14727.0966796875 1414
1751963856377 16159.6015625 1415
1751963856936 16205.751953125 1416
1751963857493 17824.388671875 1417
1751963858072 16721.359375 1418
1751963858621 17896.818359375 1419
1751963859161 16773.513671875 1420
1751963859949 20464.810546875 1421
1751963861658 14712.9189453125 1422
1751963862192 18396.015625 1423
1751963862790 16239.6142578125 1424
1751963863355 14784.9970703125 1425
1751963863867 15969.9423828125 1426
1751963864449 11546.0302734375 1427
1751963864974 14972.203125 1428
1751963865506 14910.111328125 1429
1751963866049 18748.693359375 1430
1751963866595 17568.7421875 1431
1751963867160 17556.576171875 1432
1751963867725 15809.2470703125 1433
1751963868375 16268.9873046875 1434
1751963868971 19877.416015625 1435
1751963869604 18409.791015625 1436
1751963870213 16192.9716796875 1437
1751963870817 15928.8466796875 1438
1751963871471 15899.171875 1439
1751963872017 15527.3984375 1440
1751963872533 16306.4140625 1441
1751963873096 16714.060546875 1442
1751963873712 13490.681640625 1443
1751963874327 15805.0595703125 1444
1751963874865 15302.431640625 1445
1751963875409 16682.525390625 1446
1751963875949 19406.453125 1447
1751963876457 13617.0439453125 1448
1751963876993 16436.875 1449
1751963877513 15224.494140625 1450
1751963878015 17777.8125 1451
1751963878516 14805.4453125 1452
1751963879019 16191.0068359375 1453
1751963879538 17500.072265625 1454
1751963880047 14088.244140625 1455
1751963880556 17235.435546875 1456
1751963881065 15078.5126953125 1457
1751963881569 14128.4248046875 1458
1751963882072 11938.9912109375 1459
1751963882575 16568.87109375 1460
1751963883080 13273.9755859375 1461
1751963883639 16705.12890625 1462
1751963884142 17901.015625 1463
1751963884679 12601.5537109375 1464
1751963885217 18043.369140625 1465
1751963885736 14057.9443359375 1466
1751963886241 17642.208984375 1467
1751963886780 14202.6748046875 1468
1751963887287 16152.7548828125 1469
1751963887829 14454.46875 1470
1751963888331 16749.8203125 1471
1751963888896 16344.4814453125 1472
1751963889448 17019.205078125 1473
1751963889983 16636.30078125 1474
1751963890498 17036.55078125 1475
1751963891017 14976.025390625 1476
1751963891580 13969.9140625 1477
1751963892091 19144.265625 1478
1751963892607 14061.0810546875 1479
1751963893129 14896.712890625 1480
1751963893665 16644.8515625 1481
1751963894208 14236.7861328125 1482
1751963894770 17926.083984375 1483
1751963895337 16675.42578125 1484
1751963895926 13457.2099609375 1485
1751963896525 15576.666015625 1486
1751963897143 16815.916015625 1487
1751963897775 16538.306640625 1488
1751963898387 19640.220703125 1489
1751963898985 16697.453125 1490
1751963899526 16182.642578125 1491
1751963900046 16195.5078125 1492
1751963900561 14693.3935546875 1493
1751963901153 12832.716796875 1494
1751963901665 17431.26171875 1495
1751963902202 17424.35546875 1496
1751963902717 15199.642578125 1497
1751963903221 17869.515625 1498
1751963903733 17351.28125 1499
1751963904244 15976.6123046875 1500
1751963904753 14410.892578125 1501
1751963905830 16857.025390625 1502
1751963906483 12264.5361328125 1503
1751963907157 17499.296875 1504
1751963907773 16872.986328125 1505
1751963908361 13814.0341796875 1506
1751963908933 12477.2705078125 1507
1751963909512 17328.255859375 1508
1751963910100 13728.4951171875 1509
1751963910695 14187.7578125 1510
1751963911285 13965.572265625 1511
1751963911823 16468.771484375 1512
1751963912354 16145.322265625 1513
1751963912860 12620.6201171875 1514
1751963913427 14246.6689453125 1515
1751963913978 15313.6669921875 1516
1751963914493 13799.009765625 1517
1751963915004 16480.2578125 1518
1751963915511 13697.3271484375 1519
1751963916038 14008.4375 1520
1751963916614 17361.607421875 1521
1751963917161 14656.7998046875 1522
1751963917754 16190.9423828125 1523
1751963918310 17836.81640625 1524
1751963918855 14324.548828125 1525
1751963919369 14445.423828125 1526
1751963919921 15435.0517578125 1527
1751963920506 12316.9931640625 1528
1751963921122 16975.94921875 1529
1751963921731 17919.740234375 1530
1751963922307 16417.037109375 1531
1751963922815 16646.318359375 1532
1751963923377 15973.8193359375 1533
1751963923948 17092.279296875 1534
1751963924530 15925.462890625 1535
1751963925069 16177.8818359375 1536
1751963925585 15439.759765625 1537
1751963926170 16686.81640625 1538
1751963926770 17241.544921875 1539
1751963927353 12282.2998046875 1540
1751963927927 15430.947265625 1541
1751963928477 16953.251953125 1542
1751963929054 14698.4951171875 1543
1751963929641 13745.8984375 1544
1751963930225 14004.853515625 1545
1751963930808 13333.796875 1546
1751963931385 13981.3818359375 1547
1751963931940 15908.2880859375 1548
1751963932455 14208.8310546875 1549
1751963932964 16047.75 1550
1751963933471 11156.8544921875 1551
1751963934010 16817.259765625 1552
1751963934535 13658.2099609375 1553
1751963935043 14611.330078125 1554
1751963935552 14107.0341796875 1555
1751963936060 13909.59375 1556
1751963936569 16445.447265625 1557
1751963937082 16210.6904296875 1558
1751963937591 17975.490234375 1559
1751963938094 13174.4609375 1560
1751963938660 14401.150390625 1561
1751963939166 15108.6064453125 1562
1751963939676 15887.603515625 1563
1751963940189 15908.0263671875 1564
1751963940700 14984.3515625 1565
1751963941244 14339.7529296875 1566
1751963941816 17889.892578125 1567
1751963942321 12265.328125 1568
1751963942834 11736.3896484375 1569
1751963943383 16336.0810546875 1570
1751963943948 13735.8349609375 1571
1751963944505 15991.3564453125 1572
1751963945108 12534.58203125 1573
1751963945685 14122.2685546875 1574
1751963946309 16743.947265625 1575
1751963946929 16009.4970703125 1576
1751963947452 14788.4248046875 1577
1751963948293 12753.517578125 1578
1751963948913 16201.4501953125 1579
1751963949724 11684.1005859375 1580
1751963950335 12823.6728515625 1581
1751963950856 15240.6357421875 1582
1751963951373 14206.150390625 1583
1751963952029 16417.544921875 1584
1751963952544 14617.6474609375 1585
1751963953079 13786.6552734375 1586
1751963953781 9327.013671875 1587
1751963954310 13061.5341796875 1588
1751963954897 14137.564453125 1589
1751963955720 15152.1533203125 1590
1751963956366 15774.7099609375 1591
1751963956893 13984.8779296875 1592
1751963957413 14931.0068359375 1593
1751963957972 13333.78125 1594
1751963958598 15376.595703125 1595
1751963959112 16473.037109375 1596
1751963959629 14356.4130859375 1597
1751963960255 14133.728515625 1598
1751963960768 16187.4716796875 1599
1751963961279 17884.08203125 1600
1751963962024 14042.9599609375 1601
1751963962930 15317.2568359375 1602
1751963963626 13072.2021484375 1603
1751963964150 14268.7939453125 1604
1751963964665 15069.0810546875 1605
1751963965168 15197.2216796875 1606
1751963965686 11861.0703125 1607
1751963966272 13839.8466796875 1608
1751963966860 14330.228515625 1609
1751963967379 16960.787109375 1610
1751963967913 13820.978515625 1611
1751963968473 13190.5 1612
1751963969000 13594.5048828125 1613
1751963969516 13951.4443359375 1614
1751963970029 12168.4091796875 1615
1751963970541 13430.6455078125 1616
1751963971060 15985.0224609375 1617
1751963971579 14951.5068359375 1618
1751963972081 15446.8408203125 1619
1751963972599 14142.619140625 1620
1751963973113 17294.234375 1621
1751963973630 14210.1953125 1622
1751963974134 12601.4404296875 1623
1751963974650 15550.0283203125 1624
1751963975164 15376.5625 1625
1751963975681 15169.845703125 1626
1751963976184 12256.59375 1627
1751963976707 17435.525390625 1628
1751963977217 13934.830078125 1629
1751963977731 14841.1279296875 1630
1751963978239 13875.3408203125 1631
1751963978764 12668.6513671875 1632
1751963979277 11774.046875 1633
1751963979782 13315.486328125 1634
1751963980293 17715.57421875 1635
1751963980813 13441.423828125 1636
1751963981326 11493.4345703125 1637
1751963981845 16055.203125 1638
1751963982356 14617.5380859375 1639
1751963982867 13397.751953125 1640
1751963983382 15299.3818359375 1641
1751963983897 12668.7021484375 1642
1751963984417 10982.482421875 1643
1751963984943 14994.640625 1644
1751963985454 15602.705078125 1645
1751963985980 13779.353515625 1646
1751963986492 14391.275390625 1647
1751963987023 14771.5537109375 1648
1751963987561 16290.1298828125 1649
1751963988091 13931.9912109375 1650
1751963988648 15990.8388671875 1651
1751963989210 10383.0322265625 1652
1751963989743 14989.7880859375 1653
1751963990280 15403.3017578125 1654
1751963990831 17198.05078125 1655
1751963991350 10721.2255859375 1656
1751963991871 14635.4990234375 1657
1751963992392 9521.603515625 1658
1751963992945 13172.142578125 1659
1751963993484 14439.6982421875 1660
1751963994005 15077.6064453125 1661
1751963994522 17282.912109375 1662
1751963995030 14392.0126953125 1663
1751963995543 15649.1943359375 1664
1751963996057 12532.3583984375 1665
1751963996575 13068.5654296875 1666
1751963997111 13807.0126953125 1667
1751963997627 11091.0595703125 1668
1751963998140 13721.9833984375 1669
1751963998645 13313.4580078125 1670
1751963999156 15896.6484375 1671
1751963999672 12105.9599609375 1672
1751964000192 10636.06640625 1673
1751964000702 15963.84375 1674
1751964001218 14894.1865234375 1675
1751964001759 15392.556640625 1676
1751964002283 12362.97265625 1677
1751964002792 12885.966796875 1678
1751964003306 14111.9755859375 1679
1751964003816 16435.4375 1680
1751964004327 13217.6796875 1681
1751964004839 19093.974609375 1682
1751964005356 16068.7021484375 1683
1751964005869 13800.5693359375 1684
1751964006372 13603.931640625 1685
1751964006887 16010.8955078125 1686
1751964007399 15422.5380859375 1687
1751964007915 12721.1328125 1688
1751964008418 11318.6875 1689
1751964008937 13476.5341796875 1690
1751964009448 12508.0751953125 1691
1751964009959 13375.65625 1692
1751964010461 13826.1630859375 1693
1751964010980 15750.078125 1694
1751964011491 12314.015625 1695
1751964012000 11398.3935546875 1696
1751964012508 15639.2099609375 1697
1751964013026 15345.7998046875 1698
1751964013543 10770.791015625 1699
1751964014071 11854.2177734375 1700
1751964014599 11015.0595703125 1701
1751964015500 12897.4599609375 1702
1751964016019 14922.03125 1703
1751964016526 9129.9345703125 1704
1751964017075 13302.4912109375 1705
1751964017627 12754.939453125 1706
1751964018176 13459.041015625 1707
1751964018692 12327.96484375 1708
1751964019195 15540.306640625 1709
1751964019751 15091.4765625 1710
1751964020307 14724.6455078125 1711
1751964020889 12822.0537109375 1712
1751964021411 12712.4833984375 1713
1751964021918 12667.5068359375 1714
1751964022496 12296.5458984375 1715
1751964023082 9120.5263671875 1716
1751964023602 13646.962890625 1717
1751964024161 15320.8779296875 1718
1751964024724 10921.6875 1719
1751964025236 12847.5107421875 1720
1751964025768 13290.2158203125 1721
1751964026320 14566.390625 1722
1751964026898 12173.0205078125 1723
1751964027446 13309.484375 1724
1751964027953 12607.75 1725
1751964028523 14172.291015625 1726
1751964029092 11814.8349609375 1727
1751964029604 9981.1533203125 1728
1751964030106 11976.8603515625 1729
1751964030618 14597.5732421875 1730
1751964031134 13544.791015625 1731
1751964031639 16028.5849609375 1732
1751964032216 13803.0654296875 1733
1751964032777 10655.384765625 1734
1751964033376 9613.2548828125 1735
1751964033981 11385.791015625 1736
1751964034560 12215.0546875 1737
1751964035133 16529.068359375 1738
1751964035664 12050.1220703125 1739
1751964036256 14218.4501953125 1740
1751964036794 12624.3154296875 1741
1751964037358 12409.751953125 1742
1751964037865 12161.2783203125 1743
1751964038380 9971.33984375 1744
1751964038916 10218.556640625 1745
1751964039526 8459.2333984375 1746
1751964040086 13761.166015625 1747
1751964040636 13428.2705078125 1748
1751964042160 12422.876953125 1749
1751964044766 13500.5 1750
1751964045483 11972.642578125 1751
1751964046158 14571.8818359375 1752
1751964046677 12192.416015625 1753
1751964047197 13223.6171875 1754
1751964047776 12500.71875 1755
1751964048401 12713.9521484375 1756
1751964048916 13950.9501953125 1757
1751964049445 12795.9169921875 1758
1751964050065 12784.5390625 1759
1751964050759 13456.720703125 1760
1751964051400 14764.9599609375 1761
1751964052030 12577.5146484375 1762
1751964052540 12695.1357421875 1763
1751964053048 13486.8662109375 1764
1751964053712 12695.0078125 1765
1751964054365 13780.6630859375 1766
1751964055129 12638.634765625 1767
1751964055647 15451.7470703125 1768
1751964056161 14567.671875 1769
1751964056758 14059.767578125 1770
1751964057589 12894.5126953125 1771
1751964058295 14695.822265625 1772
1751964058904 13757.6044921875 1773
1751964059613 10289.8740234375 1774
1751964060326 13888.2861328125 1775
1751964061028 13296.634765625 1776
1751964061579 10993.5908203125 1777
1751964062097 10767.53515625 1778
1751964062621 13352.6943359375 1779
1751964063125 15259.4091796875 1780
1751964063628 12471.6796875 1781
1751964064131 13032.724609375 1782
1751964064668 12603.0986328125 1783
1751964065232 12461.875 1784
1751964065770 12281.865234375 1785
1751964066352 11573.7548828125 1786
1751964066923 14717.8828125 1787
1751964067501 13219.2939453125 1788
1751964068073 15090.353515625 1789
1751964068585 14406.892578125 1790
1751964069140 11902.5029296875 1791
1751964069710 13196.2060546875 1792
1751964070248 12094.3349609375 1793
1751964070828 10903.484375 1794
1751964071415 13496.3662109375 1795
1751964071951 9378.3515625 1796
1751964072503 14334.6591796875 1797
1751964073024 13841.7158203125 1798
1751964073572 12655.8935546875 1799
1751964074082 13755.697265625 1800
1751964074602 12098.0517578125 1801
1751964075561 12974.7822265625 1802
1751964076116 12321.96875 1803
1751964076687 13840.869140625 1804
1751964077207 10947.7060546875 1805
1751964077783 10769.7685546875 1806
1751964078295 12196.1552734375 1807
1751964078796 12057.3935546875 1808
1751964079322 9048.3193359375 1809
1751964079841 11065.6044921875 1810
1751964080369 9901.8193359375 1811
1751964080876 12501.2626953125 1812
1751964081436 10730.03515625 1813
1751964082013 12000.3974609375 1814
1751964082595 15208.6201171875 1815
1751964083164 10930.4794921875 1816
1751964083735 15151.9404296875 1817
1751964084302 11343.390625 1818
1751964084814 11941.384765625 1819
1751964085323 11123.81640625 1820
1751964085908 10510.4404296875 1821
1751964086506 12194.5556640625 1822
1751964087045 12242.2958984375 1823
1751964087582 11000.9970703125 1824
1751964088164 14756.2099609375 1825
1751964088749 9440.5849609375 1826
1751964089323 13231.7333984375 1827
1751964089908 11794.0380859375 1828
1751964090494 10903.7177734375 1829
1751964091061 14112.1923828125 1830
1751964091613 12055.4365234375 1831
1751964092121 13186.2890625 1832
1751964092630 13056.720703125 1833
1751964093179 13920.6640625 1834
1751964093748 13159.1875 1835
1751964094325 9930.4267578125 1836
1751964094896 12352.8046875 1837
1751964095476 10144.1826171875 1838
1751964096055 10407.98828125 1839
1751964096591 10585.8974609375 1840
1751964097124 12230.8154296875 1841
1751964097674 12954.9521484375 1842
1751964098241 12278.9677734375 1843
1751964098792 11867.8515625 1844
1751964099297 11158.5068359375 1845
1751964099852 15823.5 1846
1751964100357 10558.431640625 1847
1751964100935 11025.2607421875 1848
1751964101496 10318.947265625 1849
1751964102010 10496.384765625 1850
1751964102560 11913.1982421875 1851
1751964103095 12000.1640625 1852
1751964103608 12103.548828125 1853
1751964104152 12556.3759765625 1854
1751964104701 12019.9375 1855
1751964105268 11451.53125 1856
1751964105772 11695.046875 1857
1751964106341 11180.126953125 1858
1751964106844 12859.0556640625 1859
1751964107361 12515.048828125 1860
1751964107903 10517.4248046875 1861
1751964108410 14604.759765625 1862
1751964108930 12419.5703125 1863
1751964109451 14618.5068359375 1864
1751964109964 10772.53125 1865
1751964110493 11979.8330078125 1866
1751964111004 12510.2314453125 1867
1751964111536 10807.0068359375 1868
1751964112082 10702.3671875 1869
1751964112635 9758.0107421875 1870
1751964113173 13053.138671875 1871
1751964113701 9838.7998046875 1872
1751964114240 15024.265625 1873
1751964114782 12524.03515625 1874
1751964115372 12613.4912109375 1875
1751964115898 15107.595703125 1876
1751964116434 13168.9921875 1877
1751964116948 11503.5263671875 1878
1751964117477 12426.658203125 1879
1751964117990 9814.4013671875 1880
1751964118506 12028.1611328125 1881
1751964119007 11378.78515625 1882
1751964119561 10222.8056640625 1883
1751964120097 12002.48828125 1884
1751964120618 11448.755859375 1885
1751964121130 11923.9365234375 1886
1751964121643 11121.439453125 1887
1751964122158 15215.1513671875 1888
1751964122689 13062.2138671875 1889
1751964123268 11034.2998046875 1890
1751964123787 9009.61328125 1891
1751964124290 13403.171875 1892
1751964124802 13463.931640625 1893
1751964125326 13682.3115234375 1894
1751964125829 8300.8271484375 1895
1751964126346 11506.458984375 1896
1751964126958 11941.9853515625 1897
1751964127477 12575.7626953125 1898
1751964128018 11583.380859375 1899
1751964128596 15752.626953125 1900
1751964129174 11087.9423828125 1901
1751964130133 13176.4404296875 1902
1751964130681 12173.2177734375 1903
1751964131221 8267.947265625 1904
1751964131768 13042.287109375 1905
1751964132272 9429.576171875 1906
1751964132777 10605.1787109375 1907
1751964133288 8680.4091796875 1908
1751964133790 9066.072265625 1909
1751964134336 9617.9560546875 1910
1751964134921 11213.8046875 1911
1751964135479 10810.1474609375 1912
1751964136045 11806.2607421875 1913
1751964136588 12328.7421875 1914
1751964137135 10896.64453125 1915
1751964137671 9962.8671875 1916
1751964138222 9954.0263671875 1917
1751964138742 11829.3095703125 1918
1751964139310 12285.1640625 1919
1751964139851 10217.5673828125 1920
1751964140432 9878.142578125 1921
1751964141010 12063.0283203125 1922
1751964141540 11571.4912109375 1923
1751964142073 10845.8017578125 1924
1751964142656 8465.978515625 1925
1751964143261 11664.3701171875 1926
1751964143820 12979.767578125 1927
1751964144382 9476.7138671875 1928
1751964144893 11953.8388671875 1929
1751964145418 9974.0966796875 1930
1751964145927 11354.9921875 1931
1751964146439 11543.6181640625 1932
1751964146955 14164.578125 1933
1751964147462 13005.7294921875 1934
1751964147974 10763.3115234375 1935
1751964148482 10749.6064453125 1936
1751964148986 9802.228515625 1937
1751964149488 13771.9375 1938
1751964149998 11711.5478515625 1939
1751964150516 11085.8583984375 1940
1751964151017 11310.84375 1941
1751964151536 11277.83984375 1942
1751964152043 14171.0830078125 1943
1751964152563 8713.9365234375 1944
1751964153070 8930.0830078125 1945
1751964153575 14055.1044921875 1946
1751964154115 13022.9990234375 1947
1751964154642 13361.4482421875 1948
1751964155162 13192.447265625 1949
1751964155671 11871.1357421875 1950
1751964156226 9565.107421875 1951
1751964156779 7813.5 1952
1751964157311 10370.8740234375 1953
1751964157872 11170.4697265625 1954
1751964158390 13974.125 1955
1751964158948 11494.1474609375 1956
1751964159518 9417.6767578125 1957
1751964160057 10504.869140625 1958
1751964160583 12324.53125 1959
1751964161097 10062.826171875 1960
1751964161602 11260.333984375 1961
1751964162151 12413.7685546875 1962
1751964162695 9567.2216796875 1963
1751964163198 12837.3544921875 1964
1751964163776 10023.509765625 1965
1751964164350 9413.8779296875 1966
1751964164940 11190.5 1967
1751964165532 11372.0185546875 1968
1751964166132 11996.8017578125 1969
1751964166650 8063.29541015625 1970
1751964167232 11539.765625 1971
1751964167754 10817.0234375 1972
1751964168286 11253.7734375 1973
1751964168819 10658.25 1974
1751964169360 10555.984375 1975
1751964169873 12145.1357421875 1976
1751964170379 11414.51171875 1977
1751964170905 7449.0673828125 1978
1751964171451 11897.1103515625 1979
1751964171970 12264.89453125 1980
1751964172478 13266.5380859375 1981
1751964173053 8390.4345703125 1982
1751964173575 9384.8388671875 1983
1751964174103 12007.275390625 1984
1751964174630 11493.9052734375 1985
1751964175171 10909.771484375 1986
1751964175691 12083.6005859375 1987
1751964176216 8457.1171875 1988
1751964176774 12949.609375 1989
1751964177312 11199.6005859375 1990
1751964177854 10635.7021484375 1991
1751964178379 10061.5029296875 1992
1751964178915 11067.0576171875 1993
1751964179440 11967.5546875 1994
1751964179972 12872.3125 1995
1751964180500 12437.349609375 1996
1751964181049 9021.8896484375 1997
1751964181609 11423.4365234375 1998
1751964182171 13651.244140625 1999
1751964182748 10950.166015625 2000
1751964183324 10330.9013671875 2001
1751964184241 11981.7333984375 2002
1751964184774 11293.8203125 2003
1751964185329 9435.3427734375 2004
1751964185880 10465.345703125 2005
1751964186391 12609.1279296875 2006
1751964186905 9176.5380859375 2007
1751964187443 11031.5673828125 2008
1751964187964 7792.8642578125 2009
1751964188558 7199.2890625 2010
1751964189093 10011.1162109375 2011
1751964189629 9022.0380859375 2012
1751964190141 8921.4482421875 2013
1751964190659 11325.1787109375 2014
1751964191212 9185.873046875 2015
1751964191729 9886.7021484375 2016
1751964192286 10575.431640625 2017
1751964192871 9477.0888671875 2018
1751964194825 10795.0546875 2019
1751964195673 10519.39453125 2020
1751964196484 9699.5732421875 2021
1751964197384 12097.484375 2022
1751964198157 10618.8076171875 2023
1751964199005 11535.265625 2024
1751964199541 10303.5927734375 2025
1751964200182 11512.6845703125 2026
1751964200843 9680.6240234375 2027
1751964201551 13207.0751953125 2028
1751964202346 11464.6533203125 2029
1751964202969 11529.138671875 2030
1751964203696 12489.056640625 2031
1751964204399 11724.7197265625 2032
1751964205273 13000.4560546875 2033
1751964205778 10761.861328125 2034
1751964206326 12890.0703125 2035
1751964206896 9251.158203125 2036
1751964207622 12136.8466796875 2037
1751964208435 10735.9091796875 2038
1751964209298 9354.8974609375 2039
1751964209913 8670.1357421875 2040
1751964210454 13377.923828125 2041
1751964211037 11954.822265625 2042
1751964211613 11490.1083984375 2043
1751964212204 8919.1982421875 2044
1751964216432 10213.4775390625 2045
1751964217260 11461.390625 2046
1751964217998 11116.2529296875 2047
1751964218935 10843.0830078125 2048
1751964219852 11412.7802734375 2049
1751964220566 10720.330078125 2050
1751964221290 13630.7646484375 2051
1751964221915 9311.4755859375 2052
1751964222531 8306.5693359375 2053
1751964223221 9915.3037109375 2054
1751964224170 9558.5693359375 2055
1751964224792 11279.2421875 2056
1751964225390 11423.8427734375 2057
1751964226006 11147.830078125 2058
1751964226651 9994.1591796875 2059
1751964227242 11590.3837890625 2060
1751964227759 8749.7392578125 2061
1751964228358 8166.8486328125 2062
1751964229267 9418.0771484375 2063
1751964229934 11390.0458984375 2064
1751964230456 13602.0927734375 2065
1751964231159 10039.9423828125 2066
1751964231971 10807.9091796875 2067
1751964232482 11367.4326171875 2068
1751964233319 10864.8193359375 2069
1751964234015 11714.8115234375 2070
1751964234730 9926.0439453125 2071
1751964235274 11178.2529296875 2072
1751964235778 12135.2861328125 2073
1751964236279 10625.767578125 2074
1751964236857 13363.7060546875 2075
1751964237505 9971.8095703125 2076
1751964238022 11422.0068359375 2077
1751964238590 9533.5927734375 2078
1751964239109 12693.4521484375 2079
1751964239643 10412.083984375 2080
1751964240164 8862.8134765625 2081
1751964240748 9081.6630859375 2082
1751964241265 8634.3984375 2083
1751964241792 10107.6279296875 2084
1751964242361 9927.4091796875 2085
1751964243001 9955.658203125 2086
1751964243648 8993.5078125 2087
1751964244281 11935.8203125 2088
1751964244925 9588.1162109375 2089
1751964245559 10021.2802734375 2090
1751964246205 8290.982421875 2091
1751964246844 10166.9443359375 2092
1751964247436 8241.2568359375 2093
1751964248072 9824.8818359375 2094
1751964248681 9546.7802734375 2095
1751964249296 11004.54296875 2096
1751964249869 8234.1552734375 2097
1751964250451 10136.931640625 2098
1751964251016 9593.3349609375 2099
1751964251653 9078.1552734375 2100
1751964252237 9402.6884765625 2101
1751964253170 9568.376953125 2102
1751964253745 10908.9287109375 2103
1751964254331 12823.5380859375 2104
1751964254836 7945.19482421875 2105
1751964255384 9719.6875 2106
1751964255899 10128.6767578125 2107
1751964256409 9527.8154296875 2108
1751964256916 13138.6123046875 2109
1751964257423 9699.537109375 2110
1751964257945 12458.5302734375 2111
1751964258457 7584.2001953125 2112
1751964258966 9895.2041015625 2113
1751964259471 12150.8505859375 2114
1751964259988 8580.2041015625 2115
1751964260504 11530.3154296875 2116
1751964261028 9212.3115234375 2117
1751964261543 9743.3447265625 2118
1751964262048 9256.9599609375 2119
1751964262600 9811.283203125 2120
1751964263152 10744.07421875 2121
1751964263663 9405.126953125 2122
1751964264199 10602.5185546875 2123
1751964264738 9069.9873046875 2124
1751964265417 11076.65625 2125
1751964266045 10257.3017578125 2126
1751964266605 10920.359375 2127
1751964267316 9123.7626953125 2128
1751964267959 8805.4443359375 2129
1751964268517 11241.619140625 2130
1751964269059 10692.4130859375 2131
1751964269632 9857.8681640625 2132
1751964270183 10782.7216796875 2133
1751964270750 6470.60888671875 2134
1751964271274 9657.373046875 2135
1751964271862 11121.9677734375 2136
1751964272556 10926.384765625 2137
1751964273172 8332.3740234375 2138
1751964273721 11412.173828125 2139
1751964274331 8572.4521484375 2140
1751964274950 8806.3037109375 2141
1751964275505 8799.1044921875 2142
1751964276077 8352.736328125 2143
1751964276636 10233.7529296875 2144
1751964277205 10385.1640625 2145
1751964277760 8352.9296875 2146
1751964278312 9298.05078125 2147
1751964278855 4467.453125 2148
1751964279454 8850.5341796875 2149
1751964280002 10658.9130859375 2150
1751964280556 12584.623046875 2151
1751964281141 9437.9453125 2152
1751964281773 10851.7890625 2153
1751964282389 8766.701171875 2154
1751964283016 10509.8798828125 2155
1751964283681 11927.6591796875 2156
1751964284296 10582.3037109375 2157
1751964284870 9901.09375 2158
1751964285442 8611.8623046875 2159
1751964286009 10529.0244140625 2160
1751964286560 8875.2255859375 2161
1751964287168 7226.07177734375 2162
1751964287733 11575.267578125 2163
1751964288329 9098.681640625 2164
1751964288923 9376.0625 2165
1751964289584 11012.2763671875 2166
1751964290274 10489.6845703125 2167
1751964290959 7308.89208984375 2168
1751964291642 9289.7373046875 2169
1751964292328 9097.939453125 2170
1751964292991 8657.9130859375 2171
1751964293683 11841.529296875 2172
1751964294390 8768.3388671875 2173
1751964295022 9858.3564453125 2174
1751964295620 9241.5390625 2175
1751964296175 9602.9248046875 2176
1751964296748 9007.9287109375 2177
1751964297306 10145.7470703125 2178
1751964297965 7372.98046875 2179
1751964298584 10947.001953125 2180
1751964299215 10864.5078125 2181
1751964299841 9288.5390625 2182
1751964300454 7565.29638671875 2183
1751964301067 9053.416015625 2184
1751964301683 6616.7626953125 2185
1751964302290 10352.6845703125 2186
1751964302850 11018.7841796875 2187
1751964303428 9711.375 2188
1751964303964 10253.306640625 2189
1751964304541 10157.484375 2190
1751964305138 6974.0322265625 2191
1751964305754 10622.1640625 2192
1751964306326 8972.0615234375 2193
1751964306860 7178.9541015625 2194
1751964307396 10191.7158203125 2195
1751964307932 7047.37841796875 2196
1751964308467 7066.58544921875 2197
1751964309034 6895.14013671875 2198
1751964309657 6206.39599609375 2199
1751964310205 8333.2490234375 2200
1751964310765 9697.7958984375 2201
1751964312064 9830.806640625 2202
1751964312619 9404.7890625 2203
1751964313176 7743.80810546875 2204
1751964313774 9602.80859375 2205
1751964314326 8087.01904296875 2206
1751964314882 11143.681640625 2207
1751964315454 10391.599609375 2208
1751964316018 11865.037109375 2209
1751964316572 9525.345703125 2210
1751964317127 8451.3671875 2211
1751964317686 11443.43359375 2212
1751964318254 7605.34912109375 2213
1751964318810 10186.5283203125 2214
1751964319472 9765.7490234375 2215
1751964320038 8771.869140625 2216
1751964320588 9987.63671875 2217
1751964321182 9706.1923828125 2218
1751964321741 10278.140625 2219
1751964322330 7541.91357421875 2220
1751964322939 8985.17578125 2221
1751964323525 6998.34130859375 2222
1751964324138 5857.73291015625 2223
1751964324738 7909.86669921875 2224
1751964325295 10391.4794921875 2225
1751964325895 10005.7392578125 2226
1751964326508 9125.4423828125 2227
1751964327086 7771.171875 2228
1751964327630 8524.2373046875 2229
1751964328235 10584.943359375 2230
1751964328796 7354.25146484375 2231
1751964329348 7915.2421875 2232
1751964329957 7277.3828125 2233
1751964330520 6570.31591796875 2234
1751964331076 10004.7021484375 2235
1751964331680 10795.3974609375 2236
1751964332317 5000.0830078125 2237
1751964332889 8569.3916015625 2238
1751964333443 8003.50927734375 2239
1751964334000 10257.2958984375 2240
1751964334556 10411.0380859375 2241
1751964335112 7632.05810546875 2242
1751964335670 10071.099609375 2243
1751964336251 8723.25 2244
1751964336835 6698.36279296875 2245
1751964337426 7412.81884765625 2246
1751964337973 9591.6923828125 2247
1751964338536 9662.9755859375 2248
1751964339153 8960.3515625 2249
1751964339736 8891.5048828125 2250
1751964340287 9353.810546875 2251
1751964340842 11594.4736328125 2252
1751964341404 10078.458984375 2253
1751964341961 11631.990234375 2254
1751964342552 10385.1904296875 2255
1751964343117 9073.3388671875 2256
1751964346085 10034.6279296875 2257
1751964347168 9252.3701171875 2258
1751964347743 8764.2763671875 2259
1751964348423 9798.8193359375 2260
1751964349251 7476.8447265625 2261
1751964350118 10421.705078125 2262
1751964350979 8716.3193359375 2263
1751964351744 11303.2841796875 2264
1751964352441 8243.0068359375 2265
1751964353096 13558.1748046875 2266
1751964353769 9435.8994140625 2267
1751964354478 8242.359375 2268
1751964355192 9555.0458984375 2269
1751964355829 10562.92578125 2270
1751964356515 8054.4111328125 2271
1751964357320 7202.55712890625 2272
1751964358444 9806.2314453125 2273
1751964362139 9946.3671875 2274
1751964362950 9471.3857421875 2275
1751964363694 7108.56103515625 2276
1751964364517 8716.4130859375 2277
1751964365256 10857.765625 2278
1751964366001 8898.4580078125 2279
1751964366605 6403.79736328125 2280
1751964367365 9133.4609375 2281
1751964368077 9302.7890625 2282
1751964368743 10217.32421875 2283
1751964369477 8576.5859375 2284
1751964370019 10349.1220703125 2285
1751964370555 7487.70166015625 2286
1751964371230 9076.267578125 2287
1751964371788 10115.2734375 2288
1751964372331 10864.3583984375 2289
1751964372892 9321.6123046875 2290
1751964373431 9429.2373046875 2291
1751964373971 11146.755859375 2292
1751964374530 9380.7587890625 2293
1751964375051 8440.9833984375 2294
1751964375645 8000.828125 2295
1751964376245 10948.5966796875 2296
1751964376839 8438.40625 2297
1751964377414 8092.75146484375 2298
1751964378007 10982.6279296875 2299
1751964378594 8238.658203125 2300
1751964379214 11554.9404296875 2301
1751964380563 9463.7236328125 2302
1751964381117 9956.6142578125 2303
1751964381713 11463.833984375 2304
1751964382280 10343.6201171875 2305
1751964382865 8458.1142578125 2306
1751964383403 8070.66943359375 2307
1751964384005 8095.9033203125 2308
1751964384539 7447.0205078125 2309
1751964385080 9958.521484375 2310
1751964385627 8011.79833984375 2311
1751964386166 10230.3125 2312
1751964386700 7378.56884765625 2313
1751964387260 9034.9736328125 2314
1751964387799 7883.8095703125 2315
1751964388360 9842.212890625 2316
1751964388918 9117.8701171875 2317
1751964389488 9131.9208984375 2318
1751964390031 9887.0361328125 2319
1751964390575 11029.8115234375 2320
1751964391113 8409.50390625 2321
1751964391653 6528.7978515625 2322
1751964392195 6594.49169921875 2323
1751964392744 6379.90771484375 2324
1751964393292 11179.88671875 2325
1751964393845 10783.6533203125 2326
1751964394387 11156.5751953125 2327
1751964394922 7059.37109375 2328
1751964395456 7647.4296875 2329
1751964395998 7355.87451171875 2330
1751964396540 8349.2939453125 2331
1751964397079 7553.3984375 2332
1751964397630 6455.26513671875 2333
1751964398168 8823.9619140625 2334
1751964398708 8503.3125 2335
1751964399250 4887.22998046875 2336
1751964399789 10913.7021484375 2337
1751964400429 9498.9248046875 2338
1751964401026 7222.06884765625 2339
1751964401611 9746.5576171875 2340
1751964402147 7102.88037109375 2341
1751964402703 9284.9404296875 2342
1751964403248 7498.84228515625 2343
1751964403803 10595.1748046875 2344
1751964404366 9425.7998046875 2345
1751964404943 8314.603515625 2346
1751964405497 10688.712890625 2347
1751964406060 8479.978515625 2348
1751964406614 7668.19384765625 2349
1751964407177 7792.68896484375 2350
1751964407745 9520.5107421875 2351
1751964408323 7855.28515625 2352
1751964408875 6901.82177734375 2353
1751964409423 8569.796875 2354
1751964409974 7534.2509765625 2355
1751964410530 7908.0048828125 2356
1751964411074 8109.8994140625 2357
1751964411624 8008.39697265625 2358
1751964412193 6574.16259765625 2359
1751964412781 6398.33984375 2360
1751964413354 7213.15380859375 2361
1751964413959 8004.31494140625 2362
1751964414552 9815.1591796875 2363
1751964415099 10804.3740234375 2364
1751964415651 10479.560546875 2365
1751964416271 8211.474609375 2366
1751964416817 8597.357421875 2367
1751964417379 9441.3486328125 2368
1751964417977 9693.458984375 2369
1751964418590 7269.3125 2370
1751964419147 9014.1083984375 2371
1751964419698 6714.89990234375 2372
1751964420256 9155.7919921875 2373
1751964420811 9234.107421875 2374
1751964421365 7654.40966796875 2375
1751964421919 8611.1767578125 2376
1751964422481 7467.4580078125 2377
1751964423033 7194.74365234375 2378
1751964423589 7938.53466796875 2379
1751964424163 11414.666015625 2380
1751964424747 7348.24365234375 2381
1751964425374 8661.4365234375 2382
1751964426011 8291.7216796875 2383
1751964426585 8668.2470703125 2384
1751964427177 8179.28466796875 2385
1751964430020 9013.2763671875 2386
1751964430614 9518.4619140625 2387
1751964433546 8465.7607421875 2388
1751964434148 9544.8955078125 2389
1751964434908 9273.1630859375 2390
1751964435548 9083.4130859375 2391
1751964436158 8446.4541015625 2392
1751964436898 7912.86865234375 2393
1751964437474 6931.0009765625 2394
1751964438047 8674.3837890625 2395
1751964438647 9775.1015625 2396
1751964439305 7014.35009765625 2397
1751964439913 8420.189453125 2398
1751964440449 7209.14208984375 2399
1751964441005 10300.0458984375 2400
1751964441656 8073.03466796875 2401
1751964442985 9006.8408203125 2402
1751964443585 8331.7646484375 2403
1751964444171 10059.384765625 2404
1751964444753 9529.6220703125 2405
1751964445357 8305.9248046875 2406
1751964445969 7362.04541015625 2407
1751964446588 8544.0361328125 2408
1751964447143 8519.892578125 2409
1751964447710 6445.01708984375 2410
1751964448276 9371.494140625 2411
1751964448892 8463.9130859375 2412
1751964449490 8931.6630859375 2413
1751964450074 10105.7060546875 2414
1751964450690 7850.76953125 2415
1751964451302 9406.486328125 2416
1751964451890 9858.23828125 2417
1751964452484 8113.94873046875 2418
1751964453046 9056.4912109375 2419
1751964453621 7120.37255859375 2420
1751964454233 8810.1474609375 2421
1751964454866 10513.751953125 2422
1751964455426 8196.578125 2423
1751964456012 7509.93115234375 2424
1751964456636 7815.58984375 2425
1751964457236 8338.3037109375 2426
1751964457860 5538.20263671875 2427
1751964460936 6882.6220703125 2428
1751964462398 6162.02001953125 2429
1751964464968 9747.7841796875 2430
1751964466458 6980.8984375 2431
1751964467966 8477.0322265625 2432
1751964468920 8534.1044921875 2433
1751964469851 7262.31640625 2434
1751964470541 9257.41796875 2435
1751964471077 8718.9267578125 2436
1751964471759 6000.6748046875 2437
1751964472600 6438.43212890625 2438
1751964473350 8614.7158203125 2439
1751964474061 9074.6796875 2440
1751964474611 6714.56201171875 2441
1751964475281 9067.2099609375 2442
1751964475835 8844.744140625 2443
1751964476396 8625.474609375 2444
1751964476953 9542.0263671875 2445
1751964477528 7109.3955078125 2446
1751964478204 7047.73583984375 2447
1751964478738 9163.876953125 2448
1751964479279 6384.962890625 2449
1751964479822 7564.04248046875 2450
1751964480405 7375.38671875 2451
1751964481065 9448.6943359375 2452
1751964481647 4859.72802734375 2453
1751964482236 10137.1005859375 2454
1751964482772 8992.5546875 2455
1751964483352 7865.9609375 2456
1751964483946 7326.21728515625 2457
1751964484536 7798.4345703125 2458
1751964485113 8741.5283203125 2459
1751964485697 7776.80712890625 2460
1751964486257 7651.81982421875 2461
1751964486816 7267.82666015625 2462
1751964487420 6080.84228515625 2463
1751964487956 8190.17529296875 2464
1751964488495 10598.1962890625 2465
1751964489037 5137.3681640625 2466
1751964489588 7890.34130859375 2467
1751964490148 5923.734375 2468
1751964490724 9144.265625 2469
1751964491303 6232.17138671875 2470
1751964491841 8561.7001953125 2471
1751964492415 7569.84228515625 2472
1751964493016 9035.6748046875 2473
1751964493561 9167.9033203125 2474
1751964494097 9401.5400390625 2475
1751964494631 8615.3515625 2476
1751964495164 6621.7158203125 2477
1751964495701 7240.16748046875 2478
1751964496234 6488.7587890625 2479
1751964496830 5587.32275390625 2480
1751964497386 8634.3759765625 2481
1751964497981 6108.40185546875 2482
1751964498541 8250.0498046875 2483
1751964499121 5571.66552734375 2484
1751964499724 7603.1064453125 2485
1751964500343 8729.7919921875 2486
1751964500909 8513.8779296875 2487
1751964501448 8791.072265625 2488
1751964501997 8837.9990234375 2489
1751964502535 7354.0087890625 2490
1751964503075 5323.935546875 2491
1751964503673 7798.88916015625 2492
1751964504263 7104.87451171875 2493
1751964504794 8253.220703125 2494
1751964505324 9124.8828125 2495
1751964505867 8349.0732421875 2496
1751964506418 8202.259765625 2497
1751964506949 6618.35302734375 2498
1751964507503 9054.6953125 2499
1751964508039 8796.7763671875 2500
1751964508574 5913.94921875 2501
1751964509975 8502.779296875 2502
1751964510515 8797.5126953125 2503
1751964511059 6669.7626953125 2504
1751964511596 8917.2177734375 2505
1751964512196 8572.380859375 2506
1751964512782 6426.3876953125 2507
1751964513357 9073.4814453125 2508
1751964513905 7072.52197265625 2509
1751964514453 8114.22216796875 2510
1751964515022 6047.56201171875 2511
1751964515615 7891.51708984375 2512
1751964516176 6669.0830078125 2513
1751964516724 7356.51708984375 2514
1751964517268 10384.6279296875 2515
1751964517841 5580.734375 2516
1751964518390 9195.6376953125 2517
1751964518955 6086.75537109375 2518
1751964519492 5998.837890625 2519
1751964520080 9601.7607421875 2520
1751964520640 8444.3955078125 2521
1751964521167 7167.3798828125 2522
1751964521714 7016.54052734375 2523
1751964522292 7330.67724609375 2524
1751964522886 4789.37255859375 2525
1751964523422 8524.8271484375 2526
1751964523976 7899.74072265625 2527
1751964524517 7346.5439453125 2528
1751964525061 7668.83935546875 2529
1751964525609 6424.51025390625 2530
1751964526192 6943.5595703125 2531
1751964526749 6296.57177734375 2532
1751964527305 7075.25244140625 2533
1751964527855 7950.59716796875 2534
1751964528417 7386.11279296875 2535
1751964528977 7030.05029296875 2536
1751964529537 6351.49853515625 2537
1751964530090 7280.5830078125 2538
1751964530645 7178.19775390625 2539
1751964531197 8702.2919921875 2540
1751964531753 7519.4423828125 2541
1751964532311 9182.634765625 2542
1751964532861 8104.46044921875 2543
1751964533463 7755.03857421875 2544
1751964534063 8064.81640625 2545
1751964534620 6071.451171875 2546
1751964535171 8343.064453125 2547
1751964535722 8546.3779296875 2548
1751964536280 6528.50830078125 2549
1751964536836 5890.04248046875 2550
1751964537417 7712.49560546875 2551
1751964537958 7302.71728515625 2552
1751964538528 7363.90869140625 2553
1751964539106 7133.35400390625 2554
1751964539663 6559.0478515625 2555
1751964540234 7425.21484375 2556
1751964540853 6631.70654296875 2557
1751964541475 6906.83056640625 2558
1751964542022 6841.6171875 2559
1751964542596 7138.95654296875 2560
1751964543152 8903.0283203125 2561
1751964543725 8331.474609375 2562
1751964544309 8368.482421875 2563
1751964544883 6184.37841796875 2564
1751964545448 9617.04296875 2565
1751964546018 7353.9580078125 2566
1751964546596 7081.65966796875 2567
1751964547164 6440.30078125 2568
1751964547771 5132.01416015625 2569
1751964548311 5561.31103515625 2570
1751964548877 8340.1806640625 2571
1751964549430 7883.64404296875 2572
1751964549994 6034.59130859375 2573
1751964550566 8634.0458984375 2574
1751964551118 6769.39208984375 2575
1751964551729 7702.61669921875 2576
1751964552312 4673.77294921875 2577
1751964552873 6873.1015625 2578
1751964553426 8358.69921875 2579
1751964553987 7593.0859375 2580
1751964554534 7037.90478515625 2581
1751964555089 7733.9189453125 2582
1751964555647 8041.046875 2583
1751964556191 6593.8564453125 2584
1751964556750 8426.548828125 2585
1751964557302 7975.76708984375 2586
1751964557856 7442.7822265625 2587
1751964558422 5399.60107421875 2588
1751964559055 6908.2578125 2589
1751964559607 7131.13134765625 2590
1751964560171 6956.5517578125 2591
1751964560725 7572.09375 2592
1751964561286 7066.58203125 2593
1751964561866 7656.25927734375 2594
1751964562434 5595.83349609375 2595
1751964562999 6421.94482421875 2596
1751964563562 8134.68603515625 2597
1751964564120 7164.72021484375 2598
1751964564676 7395.67529296875 2599
1751964565238 5857.04833984375 2600
1751964565790 6390.59912109375 2601
1751964567052 7749.06201171875 2602
1751964567586 8145.02978515625 2603
1751964568122 7724.7392578125 2604
1751964568655 6169.9296875 2605
1751964569187 7245.34228515625 2606
1751964569724 5227.15625 2607
1751964570257 7483.13623046875 2608
1751964570844 8482.8955078125 2609
1751964571396 7899.7705078125 2610
1751964571944 7075.24072265625 2611
1751964572501 7514.11572265625 2612
1751964573078 6944.05322265625 2613
1751964573645 7020.13232421875 2614
1751964574260 7608.1875 2615
1751964574799 5769.38623046875 2616
1751964575351 8013.85302734375 2617
1751964575913 5564.55810546875 2618
1751964576477 9566.025390625 2619
1751964577055 7729.60498046875 2620
1751964577605 7496.55712890625 2621
1751964578167 7308.7041015625 2622
1751964578750 7494.2353515625 2623
1751964579283 6495.74755859375 2624
1751964579815 6077.38623046875 2625
1751964580351 8057.49169921875 2626
1751964580886 7606.9296875 2627
1751964581421 7706.5205078125 2628
1751964581956 7280.18701171875 2629
1751964582554 7471.2666015625 2630
1751964583120 6225.84228515625 2631
1751964583747 6182.7685546875 2632
1751964584326 6476.43701171875 2633
1751964584910 6612.62451171875 2634
1751964585471 6974.38427734375 2635
1751964586027 6990.44091796875 2636
1751964586612 7850.2158203125 2637
1751964587170 6853.47119140625 2638
1751964587699 7713.2548828125 2639
1751964588291 7637.12841796875 2640
1751964588925 5873.55419921875 2641
1751964589517 8385.408203125 2642
1751964590103 5978.46533203125 2643
1751964590696 8907.876953125 2644
1751964591243 5664.59521484375 2645
1751964591824 6789.54931640625 2646
1751964592363 5875.53125 2647
1751964592918 5946.2822265625 2648
1751964593456 6480.91015625 2649
1751964594003 7447.17041015625 2650
1751964594543 6141.4775390625 2651
1751964595083 6356.3125 2652
1751964595667 6440.65087890625 2653
1751964596269 5752.06298828125 2654
1751964596806 6539.64306640625 2655
1751964597416 6245.38720703125 2656
1751964598021 5438.38623046875 2657
1751964598620 6230.0078125 2658
1751964599186 7013.1015625 2659
1751964599776 7563.37646484375 2660
1751964600334 8010.17431640625 2661
1751964600882 6620.51416015625 2662
1751964601455 7164.72509765625 2663
1751964601993 4675.74755859375 2664
1751964602541 7403.3212890625 2665
1751964603099 5555.52099609375 2666
1751964603661 6993.546875 2667
1751964604214 5592.53515625 2668
1751964604796 7028.56005859375 2669
1751964605351 7020.62353515625 2670
1751964605884 4984.03466796875 2671
1751964606417 5750.03857421875 2672
1751964607002 6030.0126953125 2673
1751964607546 8570.103515625 2674
1751964608129 7017.80224609375 2675
1751964608679 5231.5830078125 2676
1751964609267 5109.46826171875 2677
1751964609847 5913.04638671875 2678
1751964610426 7099.86572265625 2679
1751964610957 5559.55712890625 2680
1751964611512 7394.88134765625 2681
1751964612071 6388.57958984375 2682
1751964612643 6664.6875 2683
1751964613208 4618.32421875 2684
1751964613753 6346.951171875 2685
1751964614291 7586.453125 2686
1751964614832 5750.16259765625 2687
1751964615390 5538.73876953125 2688
1751964615949 6925.19140625 2689
1751964616492 7567.20703125 2690
1751964617031 3611.48486328125 2691
1751964617561 7296.32421875 2692
1751964618101 3445.289794921875 2693
1751964618675 7345.97119140625 2694
1751964619238 3566.78369140625 2695
1751964619828 6143.9248046875 2696
1751964620490 7326.25732421875 2697
1751964621163 7161.57177734375 2698
1751964621845 6126.435546875 2699
1751964622490 5343.55224609375 2700
1751964623023 7639.47998046875 2701
1751964624374 5612.7236328125 2702
1751964624919 6467.65576171875 2703
1751964625465 5247.05322265625 2704
1751964626014 7604.77978515625 2705
1751964626627 6864.39208984375 2706
1751964627184 6030.77587890625 2707
1751964627731 7528.53466796875 2708
1751964628287 6557.91943359375 2709
1751964628843 7290.4541015625 2710
1751964629393 5639.5400390625 2711
1751964629942 5205.4501953125 2712
1751964630518 7070.67333984375 2713
1751964631379 4650.7666015625 2714
1751964632223 6077.0888671875 2715
1751964632945 7535.11083984375 2716
1751964633811 4679.8984375 2717
1751964634637 4878.9287109375 2718
1751964635323 7326.77587890625 2719
1751964636220 6715.3564453125 2720
1751964636813 7615.421875 2721
1751964637376 6821.0703125 2722
1751964637936 5483.8125 2723
1751964638665 5258.87353515625 2724
1751964639483 6932.00244140625 2725
1751964640128 7126.66357421875 2726
1751964640729 4788.60693359375 2727
1751964641326 6671.828125 2728
1751964641873 6621.54248046875 2729
1751964642466 3964.243896484375 2730
1751964643001 7195.49755859375 2731
1751964643536 5170.00732421875 2732
1751964644071 4485.93310546875 2733
1751964644605 5833.04296875 2734
1751964645187 5887.7470703125 2735
1751964645721 8110.6376953125 2736
1751964646314 4549.65185546875 2737
1751964646846 5398.7158203125 2738
1751964647382 4318.30078125 2739
1751964647915 6177.431640625 2740
1751964648480 5496.5859375 2741
1751964649080 7451.93994140625 2742
1751964649643 5589.76123046875 2743
1751964650247 6857.46875 2744
1751964650858 8725.2861328125 2745
1751964651465 7322.01708984375 2746
1751964652047 4999.6640625 2747
1751964652660 6667.20947265625 2748
1751964653275 6301.666015625 2749
1751964653890 4973.19091796875 2750
1751964654497 5464.615234375 2751
1751964655107 5430.22314453125 2752
1751964655721 7275.35791015625 2753
1751964656298 4869.8212890625 2754
1751964656836 6290.72265625 2755
1751964657392 3605.725830078125 2756
1751964657927 5305.61865234375 2757
1751964658464 6280.89892578125 2758
1751964659007 7871.4765625 2759
1751964659544 7817.7861328125 2760
1751964660083 6759.68603515625 2761
1751964660627 6441.0751953125 2762
1751964661177 5905.37744140625 2763
1751964661722 5578.05908203125 2764
1751964662254 5758.11669921875 2765
1751964662785 6168.99658203125 2766
1751964663318 5399.09228515625 2767
1751964663850 5641.25341796875 2768
1751964664387 4958.3095703125 2769
1751964664924 6395.27880859375 2770
1751964665533 4001.72509765625 2771
1751964666149 7048.01123046875 2772
1751964666769 6451.4892578125 2773
1751964667335 5870.6572265625 2774
1751964667868 8007.5947265625 2775
1751964668401 5732.80908203125 2776
1751964668934 4651.49072265625 2777
1751964669465 3764.00830078125 2778
1751964669999 7664.14697265625 2779
1751964670531 5525.84326171875 2780
1751964671062 6272.1611328125 2781
1751964671592 4994.4619140625 2782
1751964672121 5727.52734375 2783
1751964672678 6752.23583984375 2784
1751964673228 6063.94091796875 2785
1751964673788 5158.36572265625 2786
1751964674356 5175.19873046875 2787
1751964674909 6091.26220703125 2788
1751964675442 5659.4423828125 2789
1751964675975 5756.10693359375 2790
1751964676531 6597.53369140625 2791
1751964677084 5491.09375 2792
1751964677640 5602.6640625 2793
1751964678197 6600.5986328125 2794
1751964678747 5608.52685546875 2795
1751964679300 5396.17724609375 2796
1751964679853 6293.484375 2797
1751964680405 6876.16259765625 2798
1751964680958 5011.60400390625 2799
1751964681506 6451.98193359375 2800
1751964682056 4335.55078125 2801
1751964683375 4077.000732421875 2802
1751964683926 4261.6943359375 2803
1751964684479 5297.5517578125 2804
1751964685063 6285.09619140625 2805
1751964685804 5858.6015625 2806
1751964686395 5388.51806640625 2807
1751964686982 5232.98388671875 2808
1751964687520 6036.86328125 2809
1751964688069 4100.51513671875 2810
1751964688707 5659.85009765625 2811
1751964689310 5472.982421875 2812
1751964690040 5147.67236328125 2813
1751964690727 5297.07177734375 2814
1751964691347 5980.54248046875 2815
1751964691923 6940.0205078125 2816
1751964692533 6508.78271484375 2817
1751964693075 5512.9033203125 2818
1751964693700 7253.89208984375 2819
1751964694287 4704.29248046875 2820
1751964695190 5961.033203125 2821
1751964696065 4421.71728515625 2822
1751964696733 4550.71533203125 2823
1751964697342 6311.17431640625 2824
1751964698202 4949.89013671875 2825
1751964698924 5420.83154296875 2826
1751964699507 5653.95703125 2827
1751964700102 6167.64794921875 2828
1751964700722 5920.7822265625 2829
1751964701585 6791.0048828125 2830
1751964702493 3850.33251953125 2831
1751964703409 8859.2255859375 2832
1751964704174 5886.3974609375 2833
1751964704786 5696.2822265625 2834
1751964705407 6335.5224609375 2835
1751964705966 5147.4599609375 2836
1751964706538 5680.998046875 2837
1751964707163 5587.12255859375 2838
1751964707755 5921.078125 2839
1751964708361 5205.73291015625 2840
1751964708941 7048.35888671875 2841
1751964709553 4125.91162109375 2842
1751964710150 3793.682861328125 2843
1751964710725 5395.10693359375 2844
1751964711258 5129.15087890625 2845
1751964711791 6839.7421875 2846
1751964712329 6310.4716796875 2847
1751964712865 4537.37646484375 2848
1751964713401 4402.90966796875 2849
1751964713955 5600.22802734375 2850
1751964714525 6749.39697265625 2851
1751964715066 4514.68701171875 2852
1751964715602 4887.365234375 2853
1751964716136 5879.93896484375 2854
1751964716676 5620.58740234375 2855
1751964717208 4737.2802734375 2856
1751964717743 6120.7890625 2857
1751964718279 6147.14013671875 2858
1751964718854 6160.765625 2859
1751964719438 4366.12109375 2860
1751964720015 6365.91552734375 2861
1751964720572 5899.1708984375 2862
1751964721146 4864.62060546875 2863
1751964721687 4450.5751953125 2864
1751964722220 4994.81005859375 2865
1751964722753 5037.97607421875 2866
1751964723336 5313.94482421875 2867
1751964723871 4953.86279296875 2868
1751964724412 6024.4208984375 2869
1751964724989 5435.08740234375 2870
1751964725602 5793.13818359375 2871
1751964726210 5396.2138671875 2872
1751964726795 4576.22900390625 2873
1751964727401 4924.11083984375 2874
1751964728013 5417.4072265625 2875
1751964728627 6257.1298828125 2876
1751964729251 4026.365234375 2877
1751964729863 5339.86376953125 2878
1751964730474 6098.47412109375 2879
1751964731080 4912.68212890625 2880
1751964731692 4671.1376953125 2881
1751964732314 5147.65185546875 2882
1751964732918 4096.82275390625 2883
1751964733476 8341.5556640625 2884
1751964734086 5287.33154296875 2885
1751964734704 6202.4560546875 2886
1751964735315 5093.41650390625 2887
1751964735900 5252.25146484375 2888
1751964736508 5123.5322265625 2889
1751964737076 5883.81494140625 2890
1751964737671 5292.005859375 2891
1751964738220 6631.36181640625 2892
1751964738809 4686.4345703125 2893
1751964739420 4936.7919921875 2894
1751964740002 5646.89501953125 2895
1751964740581 4943.46826171875 2896
1751964741131 6909.64306640625 2897
1751964741692 5925.92431640625 2898
1751964742256 6502.00048828125 2899
1751964742808 5688.91357421875 2900
1751964743349 6597.8876953125 2901
1751964746887 5168.72412109375 2902
1751964747461 5486.92333984375 2903
1751964748089 4861.21484375 2904
1751964748697 4595.06103515625 2905
1751964749362 6236.69873046875 2906
1751964749948 5295.01416015625 2907
1751964750536 5464.44482421875 2908
1751964751163 6299.84814453125 2909
1751964751725 4697.71630859375 2910
1751964752302 3616.066162109375 2911
1751964752927 5332.92138671875 2912
1751964753620 3948.59765625 2913
1751964754329 4996.19287109375 2914
1751964754950 5934.12744140625 2915
1751964755516 5492.83837890625 2916
1751964756083 5010.94921875 2917
1751964756670 5656.6298828125 2918
1751964757329 5276.0205078125 2919
1751964757998 3738.298583984375 2920
1751964758693 5167.05322265625 2921
1751964759399 3833.80908203125 2922
1751964760100 5890.81982421875 2923
1751964760765 4817.818359375 2924
1751964761356 4003.270263671875 2925
1751964761945 4667.19140625 2926
1751964762578 5235.94140625 2927
1751964763148 6187.78369140625 2928
1751964763724 6089.43212890625 2929
1751964764419 4759.53076171875 2930
1751964765102 3890.184814453125 2931
1751964765792 5170.8154296875 2932
1751964766510 4989.43310546875 2933
1751964767072 6366.42724609375 2934
1751964767671 4972.19873046875 2935
1751964768256 5529.52734375 2936
1751964768898 5156.55078125 2937
1751964769591 5829.73974609375 2938
1751964770274 5449.15966796875 2939
1751964770959 3995.04150390625 2940
1751964771632 2233.02587890625 2941
1751964772326 4481.7646484375 2942
1751964773015 4793.33740234375 2943
1751964773716 3450.599365234375 2944
1751964774419 4964.24462890625 2945
1751964775092 4490.158203125 2946
1751964775752 4674.44189453125 2947
1751964776410 3921.06494140625 2948
1751964777105 5962.6103515625 2949
1751964777787 5262.72119140625 2950
1751964778471 5160.43701171875 2951
1751964779004 5253.2421875 2952
1751964779690 4838.62646484375 2953
1751964780294 5081.24951171875 2954
1751964781035 4936.33935546875 2955
1751964781664 4808.5625 2956
1751964782284 5847.046875 2957
1751964782887 4767.0087890625 2958
1751964783465 4952.68603515625 2959
1751964784029 6495.8603515625 2960
1751964784619 4317.61767578125 2961
1751964785156 6575.1416015625 2962
1751964785716 5300.12939453125 2963
1751964786307 6180.23388671875 2964
1751964786882 3837.435546875 2965
1751964787448 4344.81884765625 2966
1751964788044 5059.560546875 2967
1751964788610 6762.4462890625 2968
1751964789203 4961.0087890625 2969
1751964789755 5578.30615234375 2970
1751964790347 4047.62353515625 2971
1751964790880 4638.3515625 2972
1751964791416 3592.356201171875 2973
1751964791997 4740.33349609375 2974
1751964792551 5023.47607421875 2975
1751964793137 4244.99072265625 2976
1751964793755 4634.7001953125 2977
1751964794371 3648.779296875 2978
1751964794993 3364.263427734375 2979
1751964795596 4412.0849609375 2980
1751964796187 4759.07275390625 2981
1751964796785 5506.16455078125 2982
1751964797369 4819.81982421875 2983
1751964797965 4314.70166015625 2984
1751964798555 6101.28662109375 2985
1751964799161 5026.6103515625 2986
1751964799770 4794.751953125 2987
1751964800378 4077.84619140625 2988
1751964800959 3397.551513671875 2989
1751964801532 2944.24853515625 2990
1751964802099 4338.9921875 2991
1751964802792 3507.892333984375 2992
1751964803408 4205.64794921875 2993
1751964804025 2878.706787109375 2994
1751964804630 2666.096435546875 2995
1751964805225 4550.7158203125 2996
1751964805792 6471.662109375 2997
1751964806368 4690.85107421875 2998
1751964806922 3598.940185546875 2999
1751964807495 5432.3623046875 3000
1751964808071 4295.0810546875 3001
1751964809290 5230.12060546875 3002
1751964809898 4657.84228515625 3003
1751964810508 3335.72900390625 3004
1751964811082 4037.278076171875 3005
1751964811648 4571.7099609375 3006
1751964812264 3921.36181640625 3007
1751964812879 5480.95361328125 3008
1751964813527 4753.9814453125 3009
1751964814118 4736.02734375 3010
1751964814751 3005.664794921875 3011
1751964815345 4006.930908203125 3012
1751964815945 4528.38134765625 3013
1751964816534 3869.792236328125 3014
1751964817067 4281.42529296875 3015
1751964817667 4837.89599609375 3016
1751964818237 4193.0380859375 3017
1751964818771 4535.81396484375 3018
1751964819350 5382.8828125 3019
1751964819884 4557.25537109375 3020
1751964820471 4374.18115234375 3021
1751964821049 5534.10302734375 3022
1751964821639 4991.46484375 3023
1751964822258 4950.84912109375 3024
1751964822839 4759.86962890625 3025
1751964823386 4679.01513671875 3026
1751964823915 4133.40234375 3027
1751964824482 4991.58203125 3028
1751964825057 3526.872802734375 3029
1751964825617 2480.341796875 3030
1751964826197 3141.34033203125 3031
1751964826774 3832.064453125 3032
1751964827368 6168.14404296875 3033
1751964827957 5462.5673828125 3034
1751964828571 5541.43798828125 3035
1751964829182 3884.070068359375 3036
1751964829779 4587.93310546875 3037
1751964830472 4052.800048828125 3038
1751964831122 3735.196044921875 3039
1751964831756 3946.547607421875 3040
1751964832316 3799.448486328125 3041
1751964832878 5445.201171875 3042
1751964833570 3878.538818359375 3043
1751964834173 4507.48828125 3044
1751964834784 4383.15478515625 3045
1751964835349 3762.77197265625 3046
1751964835924 4475.77587890625 3047
1751964836507 4423.2177734375 3048
1751964837103 3647.404296875 3049
1751964837637 2696.438232421875 3050
1751964838223 5706.63623046875 3051
1751964838771 5536.41748046875 3052
1751964839320 4257.16162109375 3053
1751964839884 2537.60595703125 3054
1751964840427 4001.75 3055
1751964840999 4733.94775390625 3056
1751964841599 4938.6904296875 3057
1751964842138 2880.957275390625 3058
1751964842714 3945.458740234375 3059
1751964843264 3330.229248046875 3060
1751964844113 4289.15771484375 3061
1751964844966 3685.052490234375 3062
1751964845546 3459.919921875 3063
1751964846210 3917.0 3064
1751964846746 4489.20703125 3065
1751964847471 3153.707763671875 3066
1751964848270 3941.1640625 3067
1751964848985 3731.637939453125 3068
1751964849638 4536.95751953125 3069
1751964850494 3881.665283203125 3070
1751964851213 4421.42578125 3071
1751964851827 3699.359375 3072
1751964852644 4190.43994140625 3073
1751964853457 4063.319091796875 3074
1751964854173 3632.746826171875 3075
1751964854909 4319.79638671875 3076
1751964855644 2675.8037109375 3077
1751964856415 5434.130859375 3078
1751964857184 5436.01708984375 3079
1751964857972 4443.140625 3080
1751964858679 4725.37841796875 3081
1751964859299 4037.797607421875 3082
1751964859854 4946.349609375 3083
1751964860395 3956.700927734375 3084
1751964860982 3385.59228515625 3085
1751964861563 4225.8984375 3086
1751964862175 3033.479248046875 3087
1751964862750 4090.820068359375 3088
1751964863326 4615.46533203125 3089
1751964863936 5090.65625 3090
1751964864476 4616.81005859375 3091
1751964865085 2581.35791015625 3092
1751964865665 4295.25244140625 3093
1751964866220 4413.10888671875 3094
1751964866753 4396.7470703125 3095
1751964867308 3589.86572265625 3096
1751964867846 4043.817138671875 3097
1751964868409 4426.9072265625 3098
1751964868950 3432.377685546875 3099
1751964869516 3279.378662109375 3100
1751964870079 3804.822021484375 3101
1751964871321 4540.484375 3102
1751964871858 3701.01025390625 3103
1751964872419 3090.494873046875 3104
1751964872954 5068.91943359375 3105
1751964873519 3707.821533203125 3106
1751964874079 5146.4150390625 3107
1751964874619 3925.57666015625 3108
1751964875186 4815.56640625 3109
1751964875724 3427.047607421875 3110
1751964876286 3711.517333984375 3111
1751964876823 3790.16259765625 3112
1751964877384 4429.9365234375 3113
1751964877933 4811.56591796875 3114
1751964878507 4241.65771484375 3115
1751964879062 4357.54931640625 3116
1751964879610 4469.6279296875 3117
1751964880169 4734.44287109375 3118
1751964880714 3264.973388671875 3119
1751964881271 4278.5126953125 3120
1751964881805 2184.591064453125 3121
1751964882365 3717.111328125 3122
1751964882899 3200.48291015625 3123
1751964883460 3819.9921875 3124
1751964884002 4831.4150390625 3125
1751964884545 3851.61328125 3126
1751964885086 3845.67431640625 3127
1751964885622 3540.689453125 3128
1751964886163 3444.641357421875 3129
1751964886698 4963.25732421875 3130
1751964887245 3879.56494140625 3131
1751964887778 3079.08642578125 3132
1751964888324 4063.766357421875 3133
1751964888858 4069.734375 3134
1751964889407 3547.02978515625 3135
1751964889943 6043.52099609375 3136
1751964890489 4511.341796875 3137
1751964891026 4415.98974609375 3138
1751964891562 4226.88525390625 3139
1751964892104 3787.029052734375 3140
1751964892638 4183.24951171875 3141
1751964893177 2658.639404296875 3142
1751964893715 4566.5087890625 3143
1751964894257 4259.94287109375 3144
1751964894792 4318.03759765625 3145
1751964895340 3754.195068359375 3146
1751964895875 3681.56640625 3147
1751964896412 3956.325439453125 3148
1751964896947 4158.626953125 3149
1751964897480 4958.6953125 3150
1751964898014 4106.73828125 3151
1751964898549 5073.66162109375 3152
1751964899081 3996.708740234375 3153
1751964899618 3778.866455078125 3154
1751964900163 4096.52734375 3155
1751964900703 4042.169921875 3156
1751964901239 3194.229248046875 3157
1751964901775 3144.197509765625 3158
1751964902308 4027.544921875 3159
1751964902841 3523.763427734375 3160
1751964903374 3737.614501953125 3161
1751964903908 3362.08447265625 3162
1751964904447 2531.665283203125 3163
1751964904981 3071.274169921875 3164
1751964905514 3830.815673828125 3165
1751964906049 2644.84423828125 3166
1751964906582 2717.798095703125 3167
1751964907115 3831.296875 3168
1751964907650 4211.4248046875 3169
1751964908185 3692.411376953125 3170
1751964908719 2639.70166015625 3171
1751964909256 3560.74853515625 3172
1751964909792 2045.780517578125 3173
1751964910326 4473.734375 3174
1751964910860 3202.110595703125 3175
1751964911392 2790.492919921875 3176
1751964911925 3820.97265625 3177
1751964912459 2688.69921875 3178
1751964913001 4125.71728515625 3179
1751964913553 5103.03564453125 3180
1751964914102 4327.95849609375 3181
1751964914659 3815.769287109375 3182
1751964915191 3383.18994140625 3183
1751964915724 4234.14599609375 3184
1751964916262 2601.7080078125 3185
1751964916800 2667.287841796875 3186
1751964917335 4024.154052734375 3187
1751964917871 4038.977294921875 3188
1751964918404 3999.042724609375 3189
1751964918937 3398.658203125 3190
1751964919476 2668.119140625 3191
1751964920010 3492.42578125 3192
1751964920543 4679.34521484375 3193
1751964921078 5065.60009765625 3194
1751964921612 3360.568115234375 3195
1751964922147 3841.588623046875 3196
1751964922680 2867.554443359375 3197
1751964923211 3451.310546875 3198
1751964923745 3232.817138671875 3199
1751964924280 4059.09228515625 3200
1751964924815 4992.16357421875 3201
1751964926037 3014.5439453125 3202
1751964926570 2494.650146484375 3203
1751964927104 3989.52978515625 3204
1751964927636 3608.330078125 3205
1751964928170 4065.157958984375 3206
1751964928702 2480.00537109375 3207
1751964929238 4746.5654296875 3208
1751964929779 3594.96533203125 3209
1751964930311 4442.89990234375 3210
1751964930843 3927.614013671875 3211
1751964931376 3233.380859375 3212
1751964931910 2682.688232421875 3213
1751964932446 2795.265380859375 3214
1751964932980 3659.888427734375 3215
1751964933514 3918.0625 3216
1751964934049 4117.73583984375 3217
1751964934584 2490.565185546875 3218
1751964935117 4233.12060546875 3219
1751964935650 4170.68310546875 3220
1751964936186 3234.150634765625 3221
1751964936719 2955.522705078125 3222
1751964937253 3055.822021484375 3223
1751964937787 3403.28125 3224
1751964938323 3297.13330078125 3225
1751964938855 2228.125 3226
1751964939387 4030.588623046875 3227
1751964939924 3239.9326171875 3228
1751964940462 3260.750732421875 3229
1751964940998 4022.15869140625 3230
1751964941534 3574.205078125 3231
1751964942068 3838.225830078125 3232
1751964942602 3673.643310546875 3233
1751964943137 3083.509033203125 3234
1751964943669 3752.714111328125 3235
1751964944205 3388.211669921875 3236
1751964944747 2378.58251953125 3237
1751964945283 3484.16015625 3238
1751964945815 2274.635498046875 3239
1751964946339 3032.36376953125 3240
1751964946885 3947.300537109375 3241
1751964947437 2444.06982421875 3242
1751964947972 2282.635498046875 3243
1751964948528 2804.995849609375 3244
1751964949060 3799.99658203125 3245
1751964949598 3028.311279296875 3246
1751964950131 4232.67724609375 3247
1751964950664 3580.166015625 3248
1751964951199 2254.903076171875 3249
1751964951733 4507.60498046875 3250
1751964952269 3220.074951171875 3251
1751964952805 4075.80322265625 3252
1751964953340 2878.811767578125 3253
1751964953876 2826.626220703125 3254
1751964954410 3639.29931640625 3255
1751964954947 2656.544677734375 3256
1751964955483 3763.16650390625 3257
1751964956018 3576.50390625 3258
1751964956555 4207.21826171875 3259
1751964957090 2789.1201171875 3260
1751964957627 1849.7708740234375 3261
1751964958161 2727.48193359375 3262
1751964958694 3552.79931640625 3263
1751964959229 3258.58203125 3264
1751964959768 2760.865478515625 3265
1751964960309 4020.554443359375 3266
1751964960848 2522.893310546875 3267
1751964961383 2013.1416015625 3268
1751964961917 3103.901123046875 3269
1751964962452 3064.900146484375 3270
1751964962986 3598.989990234375 3271
1751964963523 3766.531982421875 3272
1751964964061 3578.944580078125 3273
1751964964599 3535.23046875 3274
1751964965135 3764.503662109375 3275
1751964965669 2708.842529296875 3276
1751964966204 3714.55126953125 3277
1751964966737 2367.203125 3278
1751964967270 3943.22509765625 3279
1751964967804 2839.94580078125 3280
1751964968338 2621.00048828125 3281
1751964968873 2796.329833984375 3282
1751964969406 3344.651123046875 3283
1751964969946 2748.90576171875 3284
1751964970480 3950.951171875 3285
1751964971014 2523.101318359375 3286
1751964971547 4357.45166015625 3287
1751964972081 2239.47119140625 3288
1751964972616 3160.436279296875 3289
1751964973150 3340.380615234375 3290
1751964973684 3439.803466796875 3291
1751964974221 3245.4892578125 3292
1751964974763 3390.727783203125 3293
1751964975301 3082.820068359375 3294
1751964975835 3463.565185546875 3295
1751964976371 3108.21875 3296
1751964976906 3283.427001953125 3297
1751964977443 2585.119384765625 3298
1751964977976 3243.554443359375 3299
1751964978511 4305.51708984375 3300
1751964979045 2599.24169921875 3301
1751964980255 3353.542236328125 3302
1751964980792 2730.416748046875 3303
1751964981328 3525.43359375 3304
1751964981862 2851.745361328125 3305
1751964982394 2089.13720703125 3306
1751964982928 1774.4056396484375 3307
1751964983461 2296.418701171875 3308
1751964983994 3883.724365234375 3309
1751964984529 3787.082763671875 3310
1751964985062 3872.165771484375 3311
1751964985599 3522.92431640625 3312
1751964986134 2485.95166015625 3313
1751964986668 3420.48046875 3314
1751964987203 3593.412109375 3315
1751964987737 3455.168701171875 3316
1751964988270 4418.4609375 3317
1751964988805 1913.3541259765625 3318
1751964989339 2855.740966796875 3319
1751964989876 3265.91064453125 3320
1751964990412 2537.814697265625 3321
1751964990946 3369.17431640625 3322
1751964991480 5387.61572265625 3323
1751964992013 3431.040771484375 3324
1751964992547 2289.115478515625 3325
1751964993081 2522.451416015625 3326
1751964993615 3733.06640625 3327
1751964994149 2764.27197265625 3328
1751964994685 2715.088623046875 3329
1751964995219 2389.469970703125 3330
1751964995755 3019.939208984375 3331
1751964996289 3208.436279296875 3332
1751964996826 3290.39453125 3333
1751964997360 2769.203857421875 3334
1751964997895 2340.731689453125 3335
1751964998429 3009.69970703125 3336
1751964998963 2719.1123046875 3337
1751964999495 2031.6328125 3338
1751965000032 2689.921875 3339
1751965000593 2790.111083984375 3340
1751965001129 2836.97900390625 3341
1751965001664 2698.796142578125 3342
1751965002198 3157.329345703125 3343
1751965002731 3210.640625 3344
1751965003264 1934.6585693359375 3345
1751965003799 2234.87890625 3346
1751965004332 2757.53466796875 3347
1751965004869 2658.42236328125 3348
1751965005405 2251.3671875 3349
1751965005941 3230.76220703125 3350
1751965006474 3091.586669921875 3351
1751965007006 2626.10302734375 3352
1751965007539 2883.89794921875 3353
1751965008084 2639.70947265625 3354
1751965008626 3701.68359375 3355
1751965009162 3987.561767578125 3356
1751965009718 1991.0692138671875 3357
1751965010251 2265.308349609375 3358
1751965010789 1564.58544921875 3359
1751965011323 2959.629638671875 3360
1751965011857 2698.134765625 3361
1751965012394 2471.09521484375 3362
1751965012928 2926.246337890625 3363
1751965013465 2135.576904296875 3364
1751965014001 3455.311767578125 3365
1751965014533 3167.952392578125 3366
1751965015069 2076.784912109375 3367
1751965015609 3631.543701171875 3368
1751965016141 1654.1297607421875 3369
1751965016678 2074.87353515625 3370
1751965017213 2539.002685546875 3371
1751965017749 1759.7427978515625 3372
1751965018283 1755.9293212890625 3373
1751965018818 2655.203369140625 3374
1751965019352 3164.739990234375 3375
1751965019886 2390.113037109375 3376
1751965020436 3593.544677734375 3377
1751965020978 2840.17626953125 3378
1751965021515 3032.448974609375 3379
1751965022048 2087.437255859375 3380
1751965022580 2630.830078125 3381
1751965023115 5270.45849609375 3382
1751965023646 2150.622314453125 3383
1751965024179 2578.541015625 3384
1751965024712 3632.297607421875 3385
1751965025244 1946.2965087890625 3386
1751965025782 2642.30517578125 3387
1751965026315 2774.196044921875 3388
1751965026848 3186.072998046875 3389
1751965027381 4066.33447265625 3390
1751965027915 2852.70703125 3391
1751965028450 3825.061767578125 3392
1751965028986 2693.140380859375 3393
1751965029522 2941.302001953125 3394
1751965030055 2858.189208984375 3395
1751965030596 2431.21240234375 3396
1751965031130 3103.973876953125 3397
1751965031664 2646.493408203125 3398
1751965032199 3052.079833984375 3399
1751965032733 3608.710205078125 3400
1751965033269 2001.2476806640625 3401
1751965034471 1983.3267822265625 3402
1751965035004 3280.046630859375 3403
1751965035541 3580.355224609375 3404
1751965036215 5397.896484375 3405
1751965036749 2941.390380859375 3406
1751965037284 2479.021484375 3407
1751965037818 2810.204833984375 3408
1751965038351 2840.935302734375 3409
1751965038884 1601.6937255859375 3410
1751965039417 3130.366943359375 3411
1751965039950 3352.456787109375 3412
1751965040489 4817.21240234375 3413
1751965041025 2724.329345703125 3414
1751965041560 2813.035888671875 3415
1751965042095 2471.86279296875 3416
1751965042628 3227.201904296875 3417
1751965043162 1969.2808837890625 3418
1751965043696 2838.130859375 3419
1751965044233 3256.76025390625 3420
1751965044769 3047.119873046875 3421
1751965045303 4006.524169921875 3422
1751965045839 3805.56640625 3423
1751965046372 2349.384033203125 3424
1751965046906 3841.251708984375 3425
1751965047438 1089.332275390625 3426
1751965047972 3722.975830078125 3427
1751965048505 2492.900390625 3428
1751965049041 3188.920654296875 3429
1751965049574 2177.69482421875 3430
1751965050112 1531.7030029296875 3431
1751965050655 3227.69921875 3432
1751965051188 2542.615478515625 3433
1751965051722 2300.278076171875 3434
1751965052257 1786.994140625 3435
1751965052793 2487.150390625 3436
1751965053324 3301.22119140625 3437
1751965053860 2849.8056640625 3438
1751965054393 3470.81884765625 3439
1751965054926 2604.989990234375 3440
1751965055463 2624.954345703125 3441
1751965055995 2449.141357421875 3442
1751965056532 2399.671142578125 3443
1751965057065 2833.688232421875 3444
1751965057600 2798.394287109375 3445
1751965058135 1740.270751953125 3446
1751965058669 3367.146240234375 3447
1751965059203 3035.267578125 3448
1751965059737 2646.213623046875 3449
1751965060271 2294.14453125 3450
1751965060812 2210.96826171875 3451
1751965061346 2886.305908203125 3452
1751965061880 2538.072021484375 3453
1751965062415 3281.286376953125 3454
1751965062951 2540.714111328125 3455
1751965063484 2707.669677734375 3456
1751965064018 3428.112548828125 3457
1751965064551 2984.46875 3458
1751965065088 2373.584228515625 3459
1751965065626 2089.352294921875 3460
1751965066190 2520.422607421875 3461
1751965066847 2334.760498046875 3462
1751965067577 3066.517333984375 3463
1751965068311 1984.5853271484375 3464
1751965068851 4325.73779296875 3465
1751965069404 2178.218505859375 3466
1751965069964 2058.58056640625 3467
1751965070573 2841.328857421875 3468
1751965071114 2608.88330078125 3469
1751965071694 3152.729248046875 3470
1751965072238 2631.802490234375 3471
1751965072797 2252.254638671875 3472
1751965073636 2548.54833984375 3473
1751965074311 2599.323974609375 3474
1751965075167 2758.524169921875 3475
1751965075716 1965.9429931640625 3476
1751965076466 2677.568115234375 3477
1751965077299 2033.8836669921875 3478
1751965078124 3816.84228515625 3479
1751965078727 2508.414794921875 3480
1751965079262 3186.851318359375 3481
1751965079797 2453.78564453125 3482
1751965080367 1875.9105224609375 3483
1751965080982 2544.306640625 3484
1751965081516 2340.26953125 3485
1751965082051 2063.818115234375 3486
1751965082585 2175.51318359375 3487
1751965083166 2281.077392578125 3488
1751965083728 2724.238037109375 3489
1751965084297 2667.806396484375 3490
1751965084894 1654.3846435546875 3491
1751965085429 2214.293701171875 3492
1751965085973 4238.0244140625 3493
1751965086507 3979.93408203125 3494
1751965087110 2514.800537109375 3495
1751965087708 2113.830810546875 3496
1751965088278 1800.0035400390625 3497
1751965088870 2982.38232421875 3498
1751965089456 2366.967529296875 3499
1751965089991 1803.8472900390625 3500
1751965090527 2004.892822265625 3501
1751965091772 2095.08251953125 3502
1751965092306 2767.0625 3503
1751965092886 1940.123046875 3504
1751965093586 1850.3095703125 3505
1751965094222 1928.000244140625 3506
1751965094886 2903.936279296875 3507
1751965095428 2217.060546875 3508
1751965096003 2844.467041015625 3509
1751965096591 2099.528076171875 3510
1751965097277 2514.942138671875 3511
1751965097847 2404.24853515625 3512
1751965098388 2677.94189453125 3513
1751965098925 3259.97412109375 3514
1751965099459 1955.6884765625 3515
1751965099994 1629.0638427734375 3516
1751965100533 3576.266357421875 3517
1751965101071 2761.6171875 3518
1751965101616 2697.28955078125 3519
1751965102155 2447.318115234375 3520
1751965102689 2268.784912109375 3521
1751965103431 1564.553955078125 3522
1751965104011 1423.479736328125 3523
1751965104666 1885.9066162109375 3524
1751965105302 2187.04931640625 3525
1751965105836 2451.16455078125 3526
1751965106377 2129.776123046875 3527
1751965107020 2546.020751953125 3528
1751965107810 2064.18994140625 3529
1751965108402 1401.2783203125 3530
1751965109032 3720.12353515625 3531
1751965109661 2287.76513671875 3532
1751965110506 2598.298828125 3533
1751965111240 2161.778076171875 3534
1751965111815 2292.352294921875 3535
1751965112364 1927.3782958984375 3536
1751965112930 1902.0562744140625 3537
1751965113489 2426.548095703125 3538
1751965114095 2343.64013671875 3539
1751965114700 1858.2271728515625 3540
1751965115297 2342.69970703125 3541
1751965115904 1795.2342529296875 3542
1751965116450 2188.9599609375 3543
1751965117026 2687.59765625 3544
1751965117596 2695.4921875 3545
1751965118207 2376.111083984375 3546
1751965118816 1582.4876708984375 3547
1751965119423 2161.248779296875 3548
1751965119992 2013.0386962890625 3549
1751965120596 2255.435791015625 3550
1751965121200 2363.728515625 3551
1751965121781 1898.7808837890625 3552
1751965122344 2330.891357421875 3553
1751965122895 1804.259765625 3554
1751965123432 2746.77294921875 3555
1751965123974 2189.973876953125 3556
1751965124510 1857.511962890625 3557
1751965125044 2680.704345703125 3558
1751965125630 2534.00537109375 3559
1751965126249 2003.307861328125 3560
1751965126841 2424.416748046875 3561
1751965127427 2141.768310546875 3562
1751965128027 1814.6412353515625 3563
1751965128635 1545.0751953125 3564
1751965129235 2119.975341796875 3565
1751965129812 2594.104248046875 3566
1751965130366 1833.7406005859375 3567
1751965132131 1933.54296875 3568
1751965132930 2799.4853515625 3569
1751965133923 1648.7626953125 3570
1751965134788 3232.588623046875 3571
1751965135754 1518.9722900390625 3572
1751965136554 1805.3797607421875 3573
1751965137188 1947.4619140625 3574
1751965137757 2285.404052734375 3575
1751965143810 1921.6793212890625 3576
1751965144478 2070.248046875 3577
1751965145103 1871.298095703125 3578
1751965145615 2047.7708740234375 3579
1751965146132 2229.802978515625 3580
1751965154153 2494.208251953125 3581
1751965154757 4487.40869140625 3582
1751965158472 2666.58203125 3583
1751965159630 1440.109619140625 3584
1751965165921 2367.83837890625 3585
1751965166767 2311.566162109375 3586
1751965167497 1940.0406494140625 3587
1751965174733 1770.502197265625 3588
1751965175353 1516.0462646484375 3589
1751965180940 2170.18798828125 3590
1751965181543 1046.6239013671875 3591
1751965188463 1282.110595703125 3592
1751965189227 2623.34423828125 3593
1751965197653 3055.852783203125 3594
1751965198311 1682.7801513671875 3595
1751965200541 2596.94677734375 3596
1751965204490 2279.2724609375 3597
1751965205195 1756.0888671875 3598
1751965205950 2418.052978515625 3599
1751965209027 1980.4215087890625 3600
1751965209591 2117.077392578125 3601
1751965210540 2883.044677734375 3602
1751965211068 2701.770263671875 3603
1751965211609 2048.667236328125 3604
1751965212140 1639.328125 3605
1751965212898 1757.971923828125 3606
1751965213768 1737.1004638671875 3607
1751965214607 2538.505615234375 3608
1751965215119 2531.610107421875 3609
1751965215625 2698.5849609375 3610
1751965216131 2072.849365234375 3611
1751965216639 1720.146484375 3612
1751965217146 1909.9244384765625 3613
1751965217678 1519.904296875 3614
1751965218191 2452.10400390625 3615
1751965218703 1998.2945556640625 3616
1751965219216 2228.946533203125 3617
1751965219729 2343.845458984375 3618
1751965220240 2011.0625 3619
1751965220748 1682.452392578125 3620
1751965221254 2457.64599609375 3621
1751965222582 2099.579345703125 3622
1751965227212 3043.766357421875 3623
1751965228053 1708.9840087890625 3624
1751965228811 2006.5819091796875 3625
1751965229547 1594.6829833984375 3626
1751965230301 2542.91259765625 3627
1751965231027 2280.321533203125 3628
1751965231799 2002.5816650390625 3629
1751965236844 2432.66259765625 3630
1751965238039 1728.2425537109375 3631
1751965238675 1786.2220458984375 3632
1751965239420 2240.831298828125 3633
1751965240057 2328.566162109375 3634
1751965240712 2184.01953125 3635
1751965242909 1474.154541015625 3636
1751965246941 2721.048095703125 3637
1751965247585 1803.7978515625 3638
1751965252998 2625.436767578125 3639
1751965255775 2510.922119140625 3640
1751965256643 2214.777099609375 3641
1751965257516 2094.068115234375 3642
1751965258420 2089.506103515625 3643
1751965266023 1314.322509765625 3644
1751965282351 1512.755615234375 3645
1751965282916 2077.326904296875 3646
1751965283447 1601.9366455078125 3647
1751965284133 1895.4403076171875 3648
1751965284721 1867.1356201171875 3649
1751965285532 1980.0101318359375 3650
1751965286273 2209.37890625 3651
1751965287163 2034.839111328125 3652
1751965287864 2467.325927734375 3653
1751965288368 1682.2679443359375 3654
1751965289190 1796.978759765625 3655
1751965289726 2147.255859375 3656
1751965290424 1466.3709716796875 3657
1751965291294 1473.5751953125 3658
1751965292071 1238.3221435546875 3659
1751965292904 3259.0283203125 3660
1751965293608 1586.743408203125 3661
1751965294164 2844.891357421875 3662
1751965294845 2159.932861328125 3663
1751965295500 1985.9453125 3664
1751965296365 3257.094970703125 3665
1751965297008 2013.5582275390625 3666
1751965297546 2745.572265625 3667
1751965298052 2191.73193359375 3668
1751965298561 1888.4852294921875 3669
1751965299065 1971.4508056640625 3670
1751965299618 1099.0478515625 3671
1751965300120 2440.679443359375 3672
1751965300625 2410.005126953125 3673
1751965301128 3052.952880859375 3674
1751965301634 1883.237548828125 3675
1751965302144 2795.040283203125 3676
1751965302675 2092.816650390625 3677
1751965303178 1861.348876953125 3678
1751965303738 1792.7718505859375 3679
1751965304320 1788.3935546875 3680
1751965304880 1892.4305419921875 3681
1751965305391 4140.75341796875 3682
1751965305901 2194.352294921875 3683
1751965306425 2039.8922119140625 3684
1751965306992 2009.1929931640625 3685
1751965307497 2266.502685546875 3686
1751965308001 1680.7572021484375 3687
1751965308507 2485.307861328125 3688
1751965309023 1194.569580078125 3689
1751965309611 1760.2515869140625 3690
1751965310146 4111.38623046875 3691
1751965310665 2419.630859375 3692
1751965311194 3750.473388671875 3693
1751965311716 1140.1529541015625 3694
1751965312271 2913.745849609375 3695
1751965312818 1493.5625 3696
1751965313439 2356.357421875 3697
1751965314036 1638.7164306640625 3698
1751965314653 2131.153076171875 3699
1751965315270 2241.178466796875 3700
1751965315783 2906.458740234375 3701
1751965316778 1467.4293212890625 3702
1751965317353 1836.8831787109375 3703
1751965317935 1400.2633056640625 3704
1751965318565 1510.33984375 3705
1751965319152 2067.601318359375 3706
1751965319747 1964.65625 3707
1751965320303 1646.3267822265625 3708
1751965320882 1696.9456787109375 3709
1751965321451 3506.08984375 3710
1751965321972 2709.377685546875 3711
1751965322489 2445.646728515625 3712
1751965323028 2402.12890625 3713
1751965323584 2374.641357421875 3714
1751965324134 1807.1986083984375 3715
1751965324715 1450.7418212890625 3716
1751965325273 2123.792724609375 3717
1751965325845 1874.0706787109375 3718
1751965326351 1463.5340576171875 3719
1751965326904 2061.02197265625 3720
1751965327412 1745.5660400390625 3721
1751965327921 2371.839111328125 3722
1751965328431 1655.8597412109375 3723
1751965328937 1019.3859252929688 3724
1751965329525 1416.6270751953125 3725
1751965330027 1723.4482421875 3726
1751965330532 2023.9622802734375 3727
1751965331034 1915.1363525390625 3728
1751965331540 1518.427490234375 3729
1751965332047 2421.688232421875 3730
1751965332608 2003.8388671875 3731
1751965333152 3362.231201171875 3732
1751965333679 1828.310791015625 3733
1751965334184 1621.0538330078125 3734
1751965334691 1734.9019775390625 3735
1751965335195 2737.2890625 3736
1751965335697 2131.423095703125 3737
1751965336198 1553.946533203125 3738
1751965336702 1242.46923828125 3739
1751965337210 1873.6968994140625 3740
1751965337764 2258.764892578125 3741
1751965338290 1961.982421875 3742
1751965338881 1718.239501953125 3743
1751965339430 1960.369140625 3744
1751965339957 2142.667236328125 3745
1751965340589 2312.630859375 3746
1751965341193 1412.001953125 3747
1751965341764 4921.73046875 3748
1751965342346 1494.81787109375 3749
1751965342860 1195.414306640625 3750
1751965343422 2301.428466796875 3751
1751965343939 2527.330078125 3752
1751965344494 1963.46484375 3753
1751965345068 1911.651611328125 3754
1751965345589 1853.9521484375 3755
1751965346094 1774.1578369140625 3756
1751965346648 1912.5291748046875 3757
1751965347166 1974.6014404296875 3758
1751965347724 2494.069091796875 3759
1751965348229 3517.669677734375 3760
1751965348805 1366.45654296875 3761
1751965349351 2006.8677978515625 3762
1751965349895 2088.681884765625 3763
1751965350411 2247.107177734375 3764
1751965350963 2273.321533203125 3765
1751965351466 1339.9803466796875 3766
1751965351972 1440.773193359375 3767
1751965352474 1779.5008544921875 3768
1751965352977 1789.9664306640625 3769
1751965353481 1570.6644287109375 3770
1751965353983 1522.838134765625 3771
1751965354484 2751.548583984375 3772
1751965354990 2587.30908203125 3773
1751965355490 2162.441162109375 3774
1751965356006 1754.915283203125 3775
1751965356507 1508.4085693359375 3776
1751965357014 1793.0262451171875 3777
1751965357518 1320.590087890625 3778
1751965358025 1305.0 3779
1751965358533 1620.923583984375 3780
1751965359041 1891.154296875 3781
1751965359546 1606.580322265625 3782
1751965360051 1359.0633544921875 3783
1751965360559 1984.4625244140625 3784
1751965361061 1818.5625 3785
1751965361574 1802.4420166015625 3786
1751965362090 1565.845703125 3787
1751965362615 3077.818115234375 3788
1751965363184 1232.69189453125 3789
1751965363696 1281.8466796875 3790
1751965364203 916.1539306640625 3791
1751965364711 1770.8768310546875 3792
1751965365225 1598.4940185546875 3793
1751965365732 1427.7978515625 3794
1751965366260 1916.8460693359375 3795
1751965366815 1971.739501953125 3796
1751965367353 1966.8055419921875 3797
1751965367936 1562.540283203125 3798
1751965368495 1563.8265380859375 3799
1751965369012 1865.677734375 3800
1751965369531 1649.8941650390625 3801
1751965370510 1663.7708740234375 3802
1751965371027 1796.2327880859375 3803
1751965371545 1710.0181884765625 3804
1751965372069 2990.302490234375 3805
1751965372595 1371.6617431640625 3806
1751965373127 1371.7178955078125 3807
1751965373656 1868.0517578125 3808
1751965374228 2487.583251953125 3809
1751965374761 1823.8199462890625 3810
1751965375296 1484.82373046875 3811
1751965375819 2088.023193359375 3812
1751965376344 893.2095947265625 3813
1751965376878 1991.8310546875 3814
1751965377408 1535.9012451171875 3815
1751965377929 1978.2298583984375 3816
1751965378456 1816.3612060546875 3817
1751965386966 2303.660888671875 3818
1751965387768 1512.44921875 3819
1751965388394 1986.1800537109375 3820
1751965388931 1336.4547119140625 3821
1751965389540 2324.15966796875 3822
1751965390152 2034.2073974609375 3823
1751965390689 2539.161865234375 3824
1751965391355 2146.290283203125 3825
1751965391895 1441.7518310546875 3826
1751965392413 2612.29443359375 3827
1751965392930 1164.847900390625 3828
1751965393448 2423.439697265625 3829
1751965393965 1099.4407958984375 3830
1751965394472 1499.1578369140625 3831
1751965394988 1487.0909423828125 3832
1751965395509 1601.590087890625 3833
1751965396027 2069.045654296875 3834
1751965396548 1569.03271484375 3835
1751965397090 1511.4334716796875 3836
1751965397601 1908.9671630859375 3837
1751965398125 1174.4488525390625 3838
1751965398641 1532.072265625 3839
1751965399167 965.8358764648438 3840
1751965399687 1503.4779052734375 3841
1751965400201 1326.661376953125 3842
1751965400730 1493.62451171875 3843
1751965401241 1040.7774658203125 3844
1751965401753 1009.3865356445312 3845
1751965402272 3229.946533203125 3846
1751965402786 1994.4212646484375 3847
1751965403297 1306.64111328125 3848
1751965403805 1538.4886474609375 3849
1751965404324 1985.0477294921875 3850
1751965404849 1737.5543212890625 3851
1751965405358 1399.0794677734375 3852
1751965405869 2354.61669921875 3853
1751965406380 2096.163818359375 3854
1751965406885 1691.1900634765625 3855
1751965407395 1085.8421630859375 3856
1751965407922 2124.62939453125 3857
1751965408430 1626.9637451171875 3858
1751965408931 1524.6728515625 3859
1751965409461 1159.298828125 3860
1751965409972 1568.2281494140625 3861
1751965410492 1948.192626953125 3862
1751965411030 1509.22216796875 3863
1751965411533 1642.3421630859375 3864
1751965412036 1942.649658203125 3865
1751965412583 1865.438720703125 3866
1751965413105 1413.544189453125 3867
1751965413664 1035.1558837890625 3868
1751965414241 1966.6041259765625 3869
1751965414879 1580.5615234375 3870
1751965415393 1124.1441650390625 3871
1751965415912 1535.3270263671875 3872
1751965416733 2148.294677734375 3873
1751965417361 1583.0228271484375 3874
1751965420103 1985.5594482421875 3875
1751965420613 1975.1500244140625 3876
1751965421134 1182.6348876953125 3877
1751965421638 1154.1370849609375 3878
1751965422144 1171.2137451171875 3879
1751965422645 1441.9132080078125 3880
1751965423148 1668.8883056640625 3881
1751965423652 1571.7454833984375 3882
1751965424162 1754.367431640625 3883
1751965424669 1214.671142578125 3884
1751965425185 1121.4605712890625 3885
1751965425787 1419.474853515625 3886
1751965426303 1371.1256103515625 3887
1751965426807 1864.1282958984375 3888
1751965427311 1902.5758056640625 3889
1751965427816 1565.1790771484375 3890
1751965428323 1383.490234375 3891
1751965428829 1230.1746826171875 3892
1751965429336 1216.603271484375 3893
1751965429842 2142.248291015625 3894
1751965430353 1542.843505859375 3895
1751965430857 1448.6846923828125 3896
1751965431360 1403.7552490234375 3897
1751965431865 1199.707763671875 3898
1751965432368 1327.8236083984375 3899
1751965432869 1931.5809326171875 3900
1751965433374 1640.2694091796875 3901
1751965434273 1227.4388427734375 3902
1751965434789 1838.9722900390625 3903
1751965435331 1478.6673583984375 3904
1751965435855 1058.013916015625 3905
1751965436360 1376.481201171875 3906
1751965436865 1314.8992919921875 3907
1751965437377 1138.740234375 3908
1751965437886 1554.3062744140625 3909
1751965438388 1352.2384033203125 3910
1751965438891 1877.8148193359375 3911
1751965439420 1533.42236328125 3912
1751965439963 1767.8309326171875 3913
1751965440526 2086.671875 3914
1751965441109 1286.2152099609375 3915
1751965441684 1343.923095703125 3916
1751965442223 1369.3021240234375 3917
1751965442728 1442.218017578125 3918
1751965443309 2772.483154296875 3919
1751965443886 1282.0286865234375 3920
1751965444468 2227.826904296875 3921
1751965445073 1660.80859375 3922
1751965445837 2046.745361328125 3923
1751965446429 1100.615234375 3924
1751965446945 1421.7255859375 3925
1751965447450 1728.3238525390625 3926
1751965447953 1956.292236328125 3927
1751965448488 1398.197509765625 3928
1751965449155 1134.8035888671875 3929
1751965449725 1524.4415283203125 3930
1751965450277 1054.878662109375 3931
1751965450847 1025.6717529296875 3932
1751965451636 2058.81884765625 3933
1751965452378 1512.5745849609375 3934
1751965453027 1803.559814453125 3935
1751965453539 1520.1888427734375 3936
1751965454047 1358.891357421875 3937
1751965454576 857.7328491210938 3938
1751965455212 1419.234619140625 3939
1751965455794 1503.0513916015625 3940
1751965456438 2478.867919921875 3941
1751965457292 1287.187744140625 3942
1751965457928 1651.985595703125 3943
1751965458434 1156.4169921875 3944
1751965458990 2002.0926513671875 3945
1751965459523 1346.732421875 3946
1751965460038 1471.6944580078125 3947
1751965460570 1537.2015380859375 3948
1751965461086 1465.1790771484375 3949
1751965461747 1453.8514404296875 3950
1751965462262 1448.8988037109375 3951
1751965462772 1006.0816650390625 3952
1751965463539 1111.9691162109375 3953
1751965464041 2269.430419921875 3954
1751965464554 1172.5125732421875 3955
1751965465248 1946.7056884765625 3956
1751965465763 1799.9061279296875 3957
1751965466276 1809.4945068359375 3958
1751965466787 1286.8037109375 3959
1751965467299 1045.052734375 3960
1751965467815 1388.423095703125 3961
1751965468321 927.1063842773438 3962
1751965468967 1342.49609375 3963
1751965469471 1348.614990234375 3964
1751965469985 1212.2166748046875 3965
1751965470504 1364.8079833984375 3966
1751965471009 1015.3478393554688 3967
1751965471515 1409.4222412109375 3968
1751965472019 1591.6990966796875 3969
1751965472532 1420.3299560546875 3970
1751965473041 1671.263671875 3971
1751965473672 2379.32275390625 3972
1751965474435 1289.4237060546875 3973
1751965475175 906.4873046875 3974
1751965475691 2434.51611328125 3975
1751965476388 1145.6375732421875 3976
1751965477163 2806.914794921875 3977
1751965478039 1617.830322265625 3978
1751965478713 1621.911376953125 3979
1751965479649 1506.011474609375 3980
1751965480418 1876.3699951171875 3981
1751965480985 2553.39404296875 3982
1751965481622 1653.0145263671875 3983
1751965482323 2354.10205078125 3984
1751965483200 1220.5123291015625 3985
1751965483929 1412.1031494140625 3986
1751965484593 2487.65234375 3987
1751965485101 1500.0135498046875 3988
1751965485746 1939.3082275390625 3989
1751965486316 1548.516845703125 3990
1751965486873 1378.8240966796875 3991
1751965487381 1025.266357421875 3992
1751965487885 1236.569091796875 3993
1751965488389 2038.5111083984375 3994
1751965489095 1486.5789794921875 3995
1751965489760 2020.6783447265625 3996
1751965490276 2105.095458984375 3997
1751965490797 1743.884033203125 3998
1751965491301 2093.0546875 3999
1751965491805 1523.6712646484375 4000
1751965492312 1611.8453369140625 4001
1751965493406 1707.306640625 4002
1751965494013 1798.958251953125 4003
1751965494523 1102.1031494140625 4004
1751965495093 1276.2581787109375 4005
1751965495808 1445.497802734375 4006
1751965496405 1524.595458984375 4007
1751965497074 1107.7164306640625 4008
1751965497878 1647.84375 4009
1751965498685 1920.2083740234375 4010
1751965499472 1279.3509521484375 4011
1751965500198 1289.410400390625 4012
1751965500900 709.2724609375 4013
1751965501476 1269.0955810546875 4014
1751965502050 1364.5673828125 4015
1751965502606 1698.1512451171875 4016
1751965503148 1253.7490234375 4017
1751965503691 1415.28564453125 4018
1751965504199 2194.078125 4019
1751965504705 1559.5135498046875 4020
1751965505235 1264.497802734375 4021
1751965505784 1376.7137451171875 4022
1751965506325 2766.236572265625 4023
1751965506830 1669.9451904296875 4024
1751965507341 1620.2781982421875 4025
1751965507843 981.7123413085938 4026
1751965508351 1568.1552734375 4027
1751965508884 1493.6968994140625 4028
1751965509457 1935.448486328125 4029
1751965510002 2250.393310546875 4030
1751965510560 2225.337646484375 4031
1751965511119 1101.5740966796875 4032
1751965511676 1039.2928466796875 4033
1751965512211 1916.382080078125 4034
1751965512716 1414.437744140625 4035
1751965513218 1222.9058837890625 4036
1751965513721 2806.979736328125 4037
1751965514225 1073.1219482421875 4038
1751965514739 1488.5421142578125 4039
1751965515293 1930.4010009765625 4040
1751965515824 1138.7789306640625 4041
1751965516342 1833.8074951171875 4042
1751965516870 1008.7238159179688 4043
1751965517431 1586.6123046875 4044
1751965517974 1071.7523193359375 4045
1751965518571 1012.1740112304688 4046
1751965519165 1438.0682373046875 4047
1751965519681 3085.235107421875 4048
1751965520239 1067.54345703125 4049
1751965520812 1213.79248046875 4050
1751965521350 1198.927978515625 4051
1751965521928 1258.4599609375 4052
1751965522507 1186.2188720703125 4053
1751965523058 1446.1275634765625 4054
1751965523737 1887.6898193359375 4055
1751965524483 941.4654541015625 4056
1751965525121 1349.8687744140625 4057
1751965525841 963.6857299804688 4058
1751965526475 750.7662963867188 4059
1751965527045 1647.369140625 4060
1751965527699 1190.189697265625 4061
1751965528269 1277.6683349609375 4062
1751965528805 967.0380249023438 4063
1751965529343 1146.017333984375 4064
1751965529871 996.1420288085938 4065
1751965530386 1546.6715087890625 4066
1751965531057 1529.1129150390625 4067
1751965531759 1690.7728271484375 4068
1751965532494 1422.0408935546875 4069
1751965533213 1558.2069091796875 4070
1751965533800 2393.84814453125 4071
1751965534334 1238.9630126953125 4072
1751965534838 1328.144775390625 4073
1751965535340 1183.375 4074
1751965535846 1213.6334228515625 4075
1751965536411 1102.4219970703125 4076
1751965537235 1172.4517822265625 4077
1751965537796 1462.7967529296875 4078
1751965538364 1438.3956298828125 4079
1751965539028 2239.105224609375 4080
1751965539543 955.1257934570312 4081
1751965540257 1193.5933837890625 4082
1751965540805 927.02734375 4083
1751965541349 1751.4345703125 4084
1751965541885 949.4265747070312 4085
1751965542418 1126.1630859375 4086
1751965542974 1475.471923828125 4087
1751965543544 844.1617431640625 4088
1751965544046 2006.0654296875 4089
1751965544571 2915.38427734375 4090
1751965545109 1325.644287109375 4091
1751965545618 1183.4444580078125 4092
1751965546122 1404.8880615234375 4093
1751965546627 873.9563598632812 4094
1751965547144 1293.7371826171875 4095
1751965547659 1460.732177734375 4096
1751965548169 1158.754150390625 4097
1751965548685 810.8724975585938 4098
1751965549203 1302.52294921875 4099
1751965549713 4392.45166015625 4100
1751965550229 1630.2047119140625 4101
1751965551155 900.7797241210938 4102
1751965551657 1370.0074462890625 4103
1751965552158 1717.6590576171875 4104
1751965552660 2293.093994140625 4105
1751965553173 1067.322509765625 4106
1751965553714 1605.9395751953125 4107
1751965554252 1409.6361083984375 4108
1751965554764 2353.963134765625 4109
1751965555303 1368.3465576171875 4110
1751965555834 2501.089599609375 4111
1751965556334 1164.4906005859375 4112
1751965556865 1627.2720947265625 4113
1751965557386 1049.148193359375 4114
1751965557890 1117.7574462890625 4115
1751965558426 1810.5545654296875 4116
1751965558930 1303.7457275390625 4117
1751965559450 1047.4359130859375 4118
1751965559976 990.6989135742188 4119
1751965560540 1837.772705078125 4120
1751965561078 2046.8895263671875 4121
1751965561634 1350.146484375 4122
1751965562167 1363.203369140625 4123
1751965562689 822.7257080078125 4124
1751965563191 1616.306884765625 4125
1751965563732 1616.143798828125 4126
1751965564274 1283.1090087890625 4127
1751965564792 2142.83154296875 4128
1751965565309 1763.0638427734375 4129
1751965565813 1771.9227294921875 4130
1751965566323 1590.0537109375 4131
1751965566835 1245.9124755859375 4132
1751965567384 1502.3746337890625 4133
1751965567908 1286.1328125 4134
1751965568442 1495.9163818359375 4135
1751965568982 876.8670043945312 4136
1751965569532 1205.7398681640625 4137
1751965570074 1326.7164306640625 4138
1751965570598 1549.4642333984375 4139
1751965571120 986.1185913085938 4140
1751965571667 957.6882934570312 4141
1751965572223 1465.7979736328125 4142
1751965572748 1147.3287353515625 4143
1751965573304 1015.8793334960938 4144
1751965573808 1195.978759765625 4145
1751965574370 2901.22900390625 4146
1751965574952 940.0470581054688 4147
1751965575531 1397.262939453125 4148
1751965576106 1346.0941162109375 4149
1751965576663 1897.4013671875 4150
1751965577183 956.2337036132812 4151
1751965577727 1817.439697265625 4152
1751965578344 881.0299072265625 4153
1751965578907 1326.8065185546875 4154
1751965579448 1015.8886108398438 4155
1751965579960 1646.1483154296875 4156
1751965580461 1234.799072265625 4157
1751965580975 1058.4033203125 4158
1751965581497 1256.3961181640625 4159
1751965582016 1537.403076171875 4160
1751965582529 2376.06640625 4161
1751965583030 1430.6170654296875 4162
1751965583531 1230.890869140625 4163
1751965584039 1793.3740234375 4164
1751965584547 1254.233642578125 4165
1751965585063 1165.0703125 4166
1751965585573 1129.4693603515625 4167
1751965586079 1044.3709716796875 4168
1751965586592 740.0746459960938 4169
1751965587096 1589.5113525390625 4170
1751965587606 851.7960205078125 4171
1751965588109 1023.8151245117188 4172
1751965588611 882.5651245117188 4173
1751965589116 1106.9320068359375 4174
1751965589619 1913.053955078125 4175
1751965590122 1711.186767578125 4176
1751965590633 1074.8106689453125 4177
1751965591138 1821.650390625 4178
1751965591652 3341.70361328125 4179
1751965592153 1409.8201904296875 4180
1751965592672 1987.2398681640625 4181
1751965593182 2132.358642578125 4182
1751965593691 1062.7347412109375 4183
1751965594209 2306.606201171875 4184
1751965594713 754.837890625 4185
1751965595229 1202.4425048828125 4186
1751965595731 1037.2799072265625 4187
1751965596232 1911.454345703125 4188
1751965596741 1633.8778076171875 4189
1751965597244 1145.029296875 4190
1751965597746 1968.2265625 4191
1751965598254 1219.810302734375 4192
1751965598760 884.6788940429688 4193
1751965599262 1958.498291015625 4194
1751965599765 727.8795166015625 4195
1751965600267 1003.0182495117188 4196
1751965600773 2205.39892578125 4197
1751965601276 1077.612548828125 4198
1751965601790 1314.635498046875 4199
1751965602294 1083.2982177734375 4200
1751965602808 2005.3968505859375 4201
1751965603811 1405.517822265625 4202
1751965604319 1179.13427734375 4203
1751965604824 1532.0601806640625 4204
1751965605329 1274.1036376953125 4205
1751965605832 902.1168212890625 4206
1751965606335 1916.9951171875 4207
1751965606851 1356.33544921875 4208
1751965607358 1373.8919677734375 4209
1751965607863 1416.7122802734375 4210
1751965608369 1728.4520263671875 4211
1751965608872 1213.0626220703125 4212
1751965609384 887.7447509765625 4213
1751965609887 1711.66796875 4214
1751965610398 4417.9541015625 4215
1751965610905 1406.6473388671875 4216
1751965611413 1103.9173583984375 4217
1751965611920 1340.08154296875 4218
1751965612423 1132.293212890625 4219
1751965612928 1476.9925537109375 4220
1751965613442 2722.988525390625 4221
1751965613953 1011.1754760742188 4222
1751965614459 2037.8616943359375 4223
1751965614965 1109.96435546875 4224
1751965615477 1337.98486328125 4225
1751965615978 1216.4478759765625 4226
1751965616479 1780.5355224609375 4227
1751965616985 1689.1292724609375 4228
1751965617495 1862.893798828125 4229
1751965618008 1529.350341796875 4230
1751965618525 1466.1734619140625 4231
1751965619031 1328.982666015625 4232
1751965619542 2383.810302734375 4233
1751965620046 1731.4136962890625 4234
1751965620570 1847.2386474609375 4235
1751965621085 1411.1375732421875 4236
1751965621594 1453.2786865234375 4237
1751965622111 1414.85498046875 4238
1751965622619 1268.3363037109375 4239
1751965623122 1130.300048828125 4240
1751965623632 1202.7841796875 4241
1751965624145 2195.013916015625 4242
1751965624648 2018.0875244140625 4243
1751965625162 1051.6771240234375 4244
1751965625673 902.5230712890625 4245
1751965626174 1182.2364501953125 4246
1751965626679 1138.8382568359375 4247
1751965627183 1238.117431640625 4248
1751965627689 1253.0074462890625 4249
1751965628198 809.4692993164062 4250
1751965628701 1174.5418701171875 4251
1751965629209 1157.6568603515625 4252
1751965629713 946.0367431640625 4253
1751965630216 1826.0972900390625 4254
1751965630720 1164.9696044921875 4255
1751965631223 723.18701171875 4256
1751965631728 1200.2069091796875 4257
1751965632229 931.5001220703125 4258
1751965632731 1338.249755859375 4259
1751965633234 1943.9547119140625 4260
1751965633738 1208.5321044921875 4261
1751965634243 1096.0819091796875 4262
1751965634748 1670.650390625 4263
1751965635250 868.6043090820312 4264
1751965635752 1439.575927734375 4265
1751965636255 1614.479736328125 4266
1751965636771 1013.7902221679688 4267
1751965637276 1107.6683349609375 4268
1751965637781 1721.0028076171875 4269
1751965638289 890.6019897460938 4270
1751965638796 1516.7174072265625 4271
1751965639303 941.47607421875 4272
1751965639818 1661.341064453125 4273
1751965640322 1645.0848388671875 4274
1751965640828 1062.3798828125 4275
1751965641332 1332.488525390625 4276
1751965641840 1214.9986572265625 4277
1751965642355 1419.5416259765625 4278
1751965642861 1294.9609375 4279
1751965643366 1117.39501953125 4280
1751965643870 1061.2332763671875 4281
1751965644389 1612.2135009765625 4282
1751965644891 1284.0771484375 4283
1751965645395 1145.5982666015625 4284
1751965645912 858.2564697265625 4285
1751965646420 1355.6048583984375 4286
1751965646938 632.5538330078125 4287
1751965647445 1974.5203857421875 4288
1751965647950 1983.671142578125 4289
1751965648454 2325.565673828125 4290
1751965648972 1428.67578125 4291
1751965649487 638.714599609375 4292
1751965649994 1062.663330078125 4293
1751965650503 1323.4984130859375 4294
1751965651008 1398.42236328125 4295
1751965651524 1241.4320068359375 4296
1751965652037 1505.9827880859375 4297
1751965652547 1186.2117919921875 4298
1751965653052 2682.181396484375 4299
1751965653557 1413.9603271484375 4300
1751965654067 2402.965087890625 4301
1751965654991 1664.6829833984375 4302
1751965655496 1125.9569091796875 4303
1751965656001 1485.12548828125 4304
1751965656503 1207.0126953125 4305
1751965657012 1245.818359375 4306
1751965657517 2607.01611328125 4307
1751965658021 2209.341796875 4308
1751965658529 875.2990112304688 4309
1751965659042 980.0653686523438 4310
1751965659552 806.8508911132812 4311
1751965660069 2233.691650390625 4312
1751965660582 1785.240234375 4313
1751965661089 1177.1815185546875 4314
1751965661591 1794.0579833984375 4315
1751965662110 1033.626953125 4316
1751965662618 1243.4246826171875 4317
1751965663130 1094.801025390625 4318
1751965663634 870.9488525390625 4319
1751965664141 1183.00927734375 4320
1751965664647 1751.5921630859375 4321
1751965665153 1103.8316650390625 4322
1751965665657 1294.4891357421875 4323
1751965666158 1257.5574951171875 4324
1751965666661 1603.7886962890625 4325
1751965667165 1323.9771728515625 4326
1751965667668 1054.20458984375 4327
1751965668170 1321.1336669921875 4328
1751965668674 1428.2393798828125 4329
1751965669178 1023.9352416992188 4330
1751965669681 1281.6263427734375 4331
1751965670184 1220.158203125 4332
1751965670686 959.6921997070312 4333
1751965671188 1328.47509765625 4334
1751965671693 1733.8597412109375 4335
1751965672196 1391.829345703125 4336
1751965672700 953.4111328125 4337
1751965673204 1414.2069091796875 4338
1751965673707 879.5321655273438 4339
1751965674215 830.1160278320312 4340
1751965674717 1124.3558349609375 4341
1751965675221 2035.3941650390625 4342
1751965675723 1305.531494140625 4343
1751965676227 983.4639892578125 4344
1751965676736 1081.382568359375 4345
1751965677237 1056.899658203125 4346
1751965677741 1121.1689453125 4347
1751965678246 804.9866333007812 4348
1751965678750 2759.245849609375 4349
1751965679255 1324.154296875 4350
1751965679757 3303.390625 4351
1751965680266 1113.080078125 4352
1751965680775 1408.478759765625 4353
1751965681282 2058.531005859375 4354
1751965681793 1295.9827880859375 4355
1751965682298 865.6119384765625 4356
1751965682801 1105.748046875 4357
1751965683305 1763.8076171875 4358
1751965683809 819.8914184570312 4359
1751965684311 1729.5848388671875 4360
1751965684814 1208.861328125 4361
1751965685317 1215.1805419921875 4362
1751965685823 1194.7513427734375 4363
1751965686327 784.5526733398438 4364
1751965686839 1067.8165283203125 4365
1751965687342 1231.701171875 4366
1751965687853 983.2273559570312 4367
1751965688355 945.533203125 4368
1751965688859 1213.6676025390625 4369
1751965689367 1624.0322265625 4370
1751965689870 2974.748779296875 4371
1751965690374 1279.7330322265625 4372
1751965690877 706.13330078125 4373
1751965691379 1000.8245239257812 4374
1751965691887 1251.2789306640625 4375
1751965692398 1042.590087890625 4376
1751965692904 1098.5 4377
1751965693407 752.6526489257812 4378
1751965693909 1455.8963623046875 4379
1751965694413 783.506591796875 4380
1751965694917 922.6511840820312 4381
1751965695424 2241.099365234375 4382
1751965695927 1146.5780029296875 4383
1751965696428 1054.6488037109375 4384
1751965696938 1529.771484375 4385
1751965697448 1103.9715576171875 4386
1751965697952 1234.8504638671875 4387
1751965698460 1812.7508544921875 4388
1751965698964 930.9781494140625 4389
1751965699472 1244.1102294921875 4390
1751965699979 1168.75 4391
1751965700483 1272.927734375 4392
1751965700989 1196.875 4393
1751965701496 1962.7587890625 4394
1751965702005 1492.4796142578125 4395
1751965702511 1013.2107543945312 4396
1751965703023 1352.824951171875 4397
1751965703532 1382.2760009765625 4398
1751965704036 1663.9871826171875 4399
1751965704538 1701.1854248046875 4400
1751965705045 1994.5640869140625 4401
1751965705936 1313.0533447265625 4402
1751965706443 2464.59521484375 4403
1751965706953 2035.0159912109375 4404
1751965707462 1071.194580078125 4405
1751965707968 1177.6956787109375 4406
1751965708482 1259.6488037109375 4407
1751965708983 1235.0892333984375 4408
1751965709486 1110.4984130859375 4409
1751965709990 960.2384643554688 4410
1751965710499 1147.5135498046875 4411
1751965711002 1817.46484375 4412
1751965711503 1071.353759765625 4413
1751965712014 1442.3958740234375 4414
1751965712518 1693.5699462890625 4415
1751965713035 916.2835083007812 4416
1751965713539 1108.30322265625 4417
1751965714045 1902.5360107421875 4418
1751965714551 1047.693603515625 4419
1751965715056 1130.9464111328125 4420
1751965715560 1404.9583740234375 4421
1751965716062 1274.9544677734375 4422
1751965716568 1693.1512451171875 4423
1751965717087 1536.8524169921875 4424
1751965717595 1151.1622314453125 4425
1751965718112 897.8020629882812 4426
1751965718618 895.52783203125 4427
1751965719119 1003.6689453125 4428
1751965719638 817.8150024414062 4429
1751965720144 1572.597900390625 4430
1751965720654 842.658203125 4431
1751965721162 901.0274658203125 4432
1751965721666 1095.7850341796875 4433
1751965722179 1141.4456787109375 4434
1751965722688 2177.347900390625 4435
1751965723198 1353.3543701171875 4436
1751965723698 2666.217529296875 4437
1751965724207 1144.9024658203125 4438
1751965724717 3464.31103515625 4439
1751965725226 806.0490112304688 4440
1751965725737 908.8082885742188 4441
1751965726242 1254.064453125 4442
1751965726750 1390.1260986328125 4443
1751965727256 1644.8758544921875 4444
1751965727765 1693.837890625 4445
1751965728271 1004.0133056640625 4446
1751965728777 1024.823486328125 4447
1751965729280 876.99462890625 4448
1751965729789 2013.3017578125 4449
1751965730297 1004.1038208007812 4450
1751965730798 1208.6912841796875 4451
1751965731306 885.4680786132812 4452
1751965731823 1196.0103759765625 4453
1751965732330 1140.895751953125 4454
1751965732838 958.6915283203125 4455
1751965733341 791.516845703125 4456
1751965733844 899.3228759765625 4457
1751965734348 1892.193359375 4458
1751965734858 907.8170166015625 4459
1751965735364 1554.9822998046875 4460
1751965735880 1396.4285888671875 4461
1751965736384 749.7948608398438 4462
1751965736896 1096.39013671875 4463
1751965737411 876.7830200195312 4464
1751965737915 670.1401977539062 4465
1751965738421 1011.1921997070312 4466
1751965738932 2073.339111328125 4467
1751965739434 1179.68408203125 4468
1751965739937 1314.0694580078125 4469
1751965740449 968.0999145507812 4470
1751965740961 1131.594970703125 4471
1751965741465 1332.6903076171875 4472
1751965741976 1109.9136962890625 4473
1751965742480 2417.454833984375 4474
1751965742982 909.1588134765625 4475
1751965743485 2030.5869140625 4476
1751965743989 1224.8494873046875 4477
1751965744491 1791.0390625 4478
1751965744995 912.2245483398438 4479
1751965745499 2238.328125 4480
1751965746002 699.0956420898438 4481
1751965746508 780.9169921875 4482
1751965747010 1852.856689453125 4483
1751965747514 1600.87109375 4484
1751965748021 2072.270263671875 4485
1751965748532 943.2338256835938 4486
1751965749035 2092.708251953125 4487
1751965749546 1424.3690185546875 4488
1751965750052 1141.5118408203125 4489
1751965750556 1983.8489990234375 4490
1751965751066 887.1261596679688 4491
1751965751569 941.4658203125 4492
1751965752080 992.5636596679688 4493
1751965752583 825.7662353515625 4494
1751965753089 2465.617919921875 4495
1751965753594 1186.8533935546875 4496
1751965754099 1350.2987060546875 4497
1751965754604 789.7929077148438 4498
1751965755109 2184.572998046875 4499
1751965755618 1036.5123291015625 4500
1751965756125 937.5519409179688 4501
1751965757034 1489.5445556640625 4502
1751965757548 2298.343017578125 4503
1751965758052 857.2142944335938 4504
1751965758559 1979.3414306640625 4505
1751965759065 1462.2523193359375 4506
1751965759566 819.2748413085938 4507
1751965760075 932.5216674804688 4508
1751965760577 976.2033081054688 4509
1751965761084 1108.335205078125 4510
1751965761586 738.8175659179688 4511
1751965762099 1399.3802490234375 4512
1751965762604 875.9103393554688 4513
1751965763104 1406.6566162109375 4514
1751965763608 1061.1119384765625 4515
1751965764111 822.1495971679688 4516
1751965764617 776.9075927734375 4517
1751965765128 985.9998168945312 4518
1751965765629 898.3358764648438 4519
1751965766135 1992.199462890625 4520
1751965766639 1554.5789794921875 4521
1751965767154 816.3219604492188 4522
1751965767657 1297.4705810546875 4523
1751965768162 1415.5074462890625 4524
1751965768668 815.109375 4525
1751965769173 1163.2154541015625 4526
1751965769683 1030.911376953125 4527
1751965770193 1526.2847900390625 4528
1751965770708 1882.3414306640625 4529
1751965771219 1725.4801025390625 4530
1751965771730 1040.446044921875 4531
1751965772245 1235.773681640625 4532
1751965772755 709.4396362304688 4533
1751965773257 1225.7303466796875 4534
1751965773762 770.7897338867188 4535
1751965774274 2715.73046875 4536
1751965774783 1363.591552734375 4537
1751965775288 771.1953125 4538
1751965775805 1004.564453125 4539
1751965776311 1743.9671630859375 4540
1751965776816 1384.453369140625 4541
1751965777330 1712.2978515625 4542
1751965777844 1179.0828857421875 4543
1751965778352 1290.9139404296875 4544
1751965778854 1320.6712646484375 4545
1751965779369 764.3031616210938 4546
1751965779870 836.6044921875 4547
1751965780373 1297.5703125 4548
1751965780878 1668.1722412109375 4549
1751965781380 763.5309448242188 4550
1751965781901 1362.032958984375 4551
1751965782406 1179.9310302734375 4552
1751965782913 2163.57470703125 4553
1751965783423 1615.7454833984375 4554
1751965783925 1348.6693115234375 4555
1751965784444 1237.7392578125 4556
1751965784956 1260.9197998046875 4557
1751965785465 1517.9515380859375 4558
1751965785969 1247.2193603515625 4559
1751965786472 952.4580078125 4560
1751965786977 1187.1009521484375 4561
1751965787481 4276.72021484375 4562
1751965787984 783.1148681640625 4563
1751965788486 1417.752685546875 4564
1751965788993 2789.880615234375 4565
1751965789496 1223.4466552734375 4566
1751965790000 1875.6766357421875 4567
1751965790504 873.8193359375 4568
1751965791006 1715.6546630859375 4569
1751965791511 989.58349609375 4570
1751965792014 2325.693603515625 4571
1751965792517 1297.0025634765625 4572
1751965793022 1612.4788818359375 4573
1751965793525 1355.7928466796875 4574
1751965794030 1764.9136962890625 4575
1751965794532 1146.6522216796875 4576
1751965795036 1752.3551025390625 4577
1751965795542 1317.0867919921875 4578
1751965796046 1128.1624755859375 4579
1751965796549 1217.047607421875 4580
1751965797058 2056.757080078125 4581
1751965797563 1906.830078125 4582
1751965798069 1117.2401123046875 4583
1751965798575 1506.7132568359375 4584
1751965799080 2249.003662109375 4585
1751965799584 977.2649536132812 4586
1751965800090 894.3619995117188 4587
1751965800601 1035.038330078125 4588
1751965801112 1207.6636962890625 4589
1751965801617 1303.2186279296875 4590
1751965802128 1147.3189697265625 4591
1751965802634 1089.5230712890625 4592
1751965803137 730.9921264648438 4593
1751965803640 991.6422119140625 4594
1751965804144 1412.616455078125 4595
1751965804648 889.3245239257812 4596
1751965805149 1214.5771484375 4597
1751965805652 2147.939697265625 4598
1751965806156 1505.4439697265625 4599
1751965806658 1263.753173828125 4600
1751965807169 1355.3643798828125 4601
1751965808066 1066.489013671875 4602
1751965808568 2041.434814453125 4603
1751965809070 1278.1876220703125 4604
1751965809574 888.4584350585938 4605
1751965810083 1267.183837890625 4606
1751965810587 1001.7289428710938 4607
1751965811090 875.5084838867188 4608
1751965811591 735.2728881835938 4609
1751965812096 1105.2017822265625 4610
1751965812605 885.0631103515625 4611
1751965813122 921.8683471679688 4612
1751965813628 973.9989624023438 4613
1751965814173 1055.7088623046875 4614
1751965814675 1182.1942138671875 4615
1751965815206 1732.50390625 4616
1751965815752 1424.4141845703125 4617
1751965816286 1236.0980224609375 4618
1751965816833 1715.427734375 4619
1751965817403 1286.5179443359375 4620
1751965817917 1256.552734375 4621
1751965818423 1282.357177734375 4622
1751965818931 936.1178588867188 4623
1751965819433 750.8466796875 4624
1751965819935 1001.6119995117188 4625
1751965820453 815.7401733398438 4626
1751965820962 788.4712524414062 4627
1751965821468 812.6604614257812 4628
1751965821971 1397.603515625 4629
1751965822483 1230.3385009765625 4630
1751965823036 1513.5599365234375 4631
1751965823584 1092.7510986328125 4632
1751965824137 1109.9508056640625 4633
1751965824698 781.8492431640625 4634
1751965825209 941.5398559570312 4635
1751965825735 1281.254150390625 4636
1751965826258 739.2913208007812 4637
1751965826791 1458.121826171875 4638
1751965827306 1064.5203857421875 4639
1751965827810 875.3173828125 4640
1751965828314 1251.3494873046875 4641
1751965828886 960.0715942382812 4642
1751965829403 829.7870483398438 4643
1751965829925 1882.4613037109375 4644
1751965830492 958.61962890625 4645
1751965830999 1409.3392333984375 4646
1751965831509 1741.3271484375 4647
1751965832025 896.5355834960938 4648
1751965832533 1300.580078125 4649
1751965833042 1233.483642578125 4650
1751965833548 1001.9544067382812 4651
1751965834072 1169.9453125 4652
1751965834599 657.2868041992188 4653
1751965835198 770.9314575195312 4654
1751965835735 917.8015747070312 4655
1751965836307 791.1364135742188 4656
1751965836834 812.2465209960938 4657
1751965837393 976.4218139648438 4658
1751965842028 827.6896362304688 4659
1751965842532 910.8916015625 4660
1751965843459 877.9080200195312 4661
1751965844327 1186.205078125 4662
1751965845076 844.1668090820312 4663
1751965845848 902.1951293945312 4664
1751965846703 1483.7781982421875 4665
1751965847409 1040.2230224609375 4666
1751965847921 798.50634765625 4667
1751965848423 959.8095703125 4668
1751965849130 1164.697265625 4669
1751965849635 1283.7916259765625 4670
1751965850365 811.5790405273438 4671
1751965851076 1132.3663330078125 4672
1751965851757 776.8920288085938 4673
1751965852309 683.2040405273438 4674
1751965852992 1045.336669921875 4675
1751965853561 768.3168334960938 4676
1751965854109 1305.5504150390625 4677
1751965854809 1657.161376953125 4678
1751965855447 791.6900024414062 4679
1751965856040 1107.1834716796875 4680
1751965856619 952.5338134765625 4681
1751965857148 1034.3604736328125 4682
1751965857722 730.4122924804688 4683
1751965858257 952.7794799804688 4684
1751965858818 1371.0865478515625 4685
1751965859395 1152.3455810546875 4686
1751965859924 840.3605346679688 4687
1751965860451 871.3666381835938 4688
1751965860979 1304.1265869140625 4689
1751965861500 798.5626831054688 4690
1751965862032 865.0519409179688 4691
1751965862559 1156.336669921875 4692
1751965863091 1149.8560791015625 4693
1751965863595 796.3380126953125 4694
1751965864109 1170.8043212890625 4695
1751965864654 832.6779174804688 4696
1751965865228 838.3211059570312 4697
1751965865811 2259.467041015625 4698
1751965866389 2232.38525390625 4699
1751965866956 1502.9483642578125 4700
1751965867463 1250.4871826171875 4701
1751965868597 1859.202392578125 4702
1751965869159 714.421875 4703
1751965869669 892.6939697265625 4704
1751965870184 1166.2584228515625 4705
1751965870692 977.72998046875 4706
1751965871334 1105.0584716796875 4707
1751965871872 1348.9205322265625 4708
1751965872531 1414.5361328125 4709
1751965873071 1202.6070556640625 4710
1751965873617 1907.7366943359375 4711
1751965874369 1384.4293212890625 4712
1751965875048 783.46533203125 4713
1751965875696 930.3917846679688 4714
1751965876202 684.7207641601562 4715
1751965876704 1156.406005859375 4716
1751965877338 753.2736206054688 4717
1751965878080 581.5324096679688 4718
1751965878587 1329.878662109375 4719
1751965879320 1210.0987548828125 4720
1751965879824 1613.2960205078125 4721
1751965880399 659.8932495117188 4722
1751965880948 1025.1937255859375 4723
1751965881455 1022.5330200195312 4724
1751965882088 1611.3099365234375 4725
1751965882914 904.9432983398438 4726
1751965883721 822.1728515625 4727
1751965884519 1192.1444091796875 4728
1751965885346 2608.346435546875 4729
1751965885997 1045.86962890625 4730
1751965886514 2273.54736328125 4731
1751965887201 1035.25732421875 4732
1751965887900 1009.1882934570312 4733
1751965888645 653.2582397460938 4734
1751965889419 1298.34765625 4735
1751965890025 1237.0863037109375 4736
1751965890558 1652.4287109375 4737
1751965891072 882.08056640625 4738
1751965891750 1165.2369384765625 4739
1751965892423 1806.106689453125 4740
1751965892980 963.8697509765625 4741
1751965893514 1374.423095703125 4742
1751965894197 1406.0067138671875 4743
1751965894979 807.9005737304688 4744
1751965895716 1476.6392822265625 4745
1751965896282 975.8112182617188 4746
1751965896783 1233.027587890625 4747
1751965897611 1875.231689453125 4748
1751965898438 2461.48046875 4749
1751965899126 885.4274291992188 4750
1751965899907 915.0863647460938 4751
1751965900709 1597.8121337890625 4752
1751965901317 867.0303955078125 4753
1751965902129 1258.7938232421875 4754
1751965902879 1045.3173828125 4755
1751965903460 1081.1624755859375 4756
1751965904235 1304.0413818359375 4757
1751965905008 1796.1875 4758
1751965905894 1223.3265380859375 4759
1751965906446 1184.597900390625 4760
1751965907197 1584.5911865234375 4761
1751965907700 1127.680908203125 4762
1751965908238 893.6901245117188 4763
1751965909145 957.3805541992188 4764
1751965909783 755.0696411132812 4765
1751965910588 886.1593627929688 4766
1751965911101 900.14453125 4767
1751965911609 1656.2047119140625 4768
1751965912113 878.009765625 4769
1751965912616 1849.1273193359375 4770
1751965913128 721.4472045898438 4771
1751965913834 864.1949462890625 4772
1751965914559 1208.1248779296875 4773
1751965915257 1578.7947998046875 4774
1751965915954 1507.8812255859375 4775
1751965916650 697.63916015625 4776
1751965917340 635.101318359375 4777
1751965918202 1242.9927978515625 4778
1751965919069 682.8623046875 4779
1751965919603 1777.7391357421875 4780
1751965920162 2006.8172607421875 4781
1751965920672 1064.5806884765625 4782
1751965921197 914.6985473632812 4783
1751965921708 933.9308471679688 4784
1751965922275 1354.4063720703125 4785
1751965922835 829.6316528320312 4786
1751965923339 1053.3504638671875 4787
1751965923852 952.6879272460938 4788
1751965924361 874.5307006835938 4789
1751965924880 864.1420288085938 4790
1751965925383 812.7379150390625 4791
1751965925900 1656.0906982421875 4792
1751965926428 888.2849731445312 4793
1751965927046 2508.788818359375 4794
1751965927582 849.5379028320312 4795
1751965928154 1147.2344970703125 4796
1751965928662 1051.7152099609375 4797
1751965929182 1555.0400390625 4798
1751965929686 1146.99951171875 4799
1751965930198 1592.7154541015625 4800
1751965930702 870.7111206054688 4801
1751965931605 1323.545166015625 4802
1751965932121 1104.0213623046875 4803
1751965932623 1747.8289794921875 4804
1751965933164 1129.6435546875 4805
1751965933739 1025.1483154296875 4806
1751965934258 912.8807983398438 4807
1751965934762 2264.8623046875 4808
1751965935280 723.665771484375 4809
1751965935783 703.9334106445312 4810
1751965936297 1350.1292724609375 4811
1751965936830 2549.360107421875 4812
1751965937400 1029.0145263671875 4813
1751965937942 732.8184814453125 4814
1751965938469 1122.419921875 4815
1751965939007 797.8507690429688 4816
1751965939515 1010.2216796875 4817
1751965940060 1100.4874267578125 4818
1751965940567 1953.114501953125 4819
1751965941087 1852.279541015625 4820
1751965941671 981.8742065429688 4821
1751965942272 761.7054443359375 4822
1751965942795 2280.6064453125 4823
1751965943339 1024.5672607421875 4824
1751965943894 963.4888916015625 4825
1751965944483 1625.301025390625 4826
1751965945165 817.9525756835938 4827
1751965946009 1109.8485107421875 4828
1751965946522 567.3182983398438 4829
1751965947054 608.2593994140625 4830
1751965947580 989.4865112304688 4831
1751965948320 963.6448364257812 4832
1751965948931 908.8897705078125 4833
1751965949582 1041.9398193359375 4834
1751965950090 679.192626953125 4835
1751965950684 1075.8507080078125 4836
1751965951249 898.4310913085938 4837
1751965951821 2006.521484375 4838
1751965952511 693.2250366210938 4839
1751965953031 818.0150756835938 4840
1751965953725 683.5112915039062 4841
1751965954297 2492.701171875 4842
1751965954857 1352.4947509765625 4843
1751965955365 1583.8570556640625 4844
1751965955874 1297.3284912109375 4845
1751965956376 949.9713745117188 4846
1751965956895 1277.5562744140625 4847
1751965957444 1451.1014404296875 4848
1751965958017 786.7939453125 4849
1751965958596 1223.5953369140625 4850
1751965959329 996.4109497070312 4851
1751965960172 1306.9697265625 4852
1751965960751 1074.1046142578125 4853
1751965961385 1086.6142578125 4854
1751965961963 893.1041870117188 4855
1751965962641 655.8682861328125 4856
1751965963154 919.2498168945312 4857
1751965963798 1104.5433349609375 4858
1751965964394 1096.9254150390625 4859
1751965966013 1045.6187744140625 4860
1751965972400 854.7766723632812 4861
1751965973089 1324.175048828125 4862
1751965973737 1339.2281494140625 4863
1751965974241 806.3875122070312 4864
1751965974751 968.7688598632812 4865
1751965975262 1232.918212890625 4866
1751965975929 1144.6043701171875 4867
1751965976568 692.8536987304688 4868
1751965977357 1669.964111328125 4869
1751965978071 861.7892456054688 4870
1751965978593 990.3639526367188 4871
1751965979144 686.3016357421875 4872
1751965979650 1224.1297607421875 4873
1751965980189 821.87158203125 4874
1751965980834 693.1195678710938 4875
1751965981358 1440.9808349609375 4876
1751965982037 866.1480712890625 4877
1751965982730 824.1405639648438 4878
1751965983464 1190.378662109375 4879
1751965984138 935.9226684570312 4880
1751965984836 821.4287109375 4881
1751965985359 1049.517822265625 4882
1751965985864 1499.956787109375 4883
1751965986370 1613.7086181640625 4884
1751965986875 872.4537963867188 4885
1751965987404 853.1282348632812 4886
1751965987907 1111.8411865234375 4887
1751965988436 1075.093994140625 4888
1751965988941 949.4533081054688 4889
1751965989449 1049.958984375 4890
1751965989952 752.1757202148438 4891
1751965990455 844.2570190429688 4892
1751965990958 2369.103515625 4893
1751965991463 922.8639526367188 4894
1751965992015 1821.835205078125 4895
1751965992532 745.7564697265625 4896
1751965993034 1094.167236328125 4897
1751965993539 1380.1512451171875 4898
1751965994049 749.8038330078125 4899
1751965994554 1488.84765625 4900
1751965995071 685.3346557617188 4901
1751965995996 1132.9072265625 4902
1751965996510 731.9893188476562 4903
1751965997017 981.8344116210938 4904
1751965997531 672.8390502929688 4905
1751965998037 1259.8594970703125 4906
1751965998554 1136.1845703125 4907
1751965999085 728.5486450195312 4908
1751965999618 799.9977416992188 4909
1751966000122 984.2867431640625 4910
1751966000628 1199.633056640625 4911
1751966001129 836.830078125 4912
1751966001636 1006.29150390625 4913
1751966002143 912.8663940429688 4914
1751966002647 954.5147705078125 4915
1751966003167 1004.1049194335938 4916
1751966003675 1042.2994384765625 4917
1751966004177 732.6754150390625 4918
1751966004682 1199.5721435546875 4919
1751966005196 1872.2386474609375 4920
1751966005699 1161.928466796875 4921
1751966006201 2115.515380859375 4922
1751966006712 976.9645385742188 4923
1751966007225 2242.391845703125 4924
1751966007733 1485.8406982421875 4925
1751966008241 964.9298706054688 4926
1751966008756 970.8781127929688 4927
1751966009261 945.5963745117188 4928
1751966009775 1265.1109619140625 4929
1751966010291 794.1181640625 4930
1751966010814 897.3976440429688 4931
1751966011317 1472.6448974609375 4932
1751966011837 714.8609008789062 4933
1751966012347 713.8059692382812 4934
1751966012856 1246.7554931640625 4935
1751966013367 1113.001220703125 4936
1751966013875 790.0944213867188 4937
1751966014378 813.7816772460938 4938
1751966014888 741.9016723632812 4939
1751966015392 1189.327880859375 4940
1751966015895 851.6437377929688 4941
1751966016410 853.17138671875 4942
1751966016909 977.83642578125 4943
1751966017418 765.1671142578125 4944
1751966017924 1312.2601318359375 4945
1751966018428 998.6951293945312 4946
1751966018937 606.9269409179688 4947
1751966019438 1187.4056396484375 4948
1751966019946 2048.092529296875 4949
1751966020449 1670.2857666015625 4950
1751966020954 1038.3013916015625 4951
1751966021459 1084.6951904296875 4952
1751966021970 1020.6721801757812 4953
1751966022474 972.5346069335938 4954
1751966022976 1367.3837890625 4955
1751966023484 1927.52734375 4956
1751966023986 878.0079345703125 4957
1751966024492 929.6615600585938 4958
1751966024999 2225.909912109375 4959
1751966025522 1167.6488037109375 4960
1751966026062 860.1583862304688 4961
1751966026568 1061.6318359375 4962
1751966027070 1089.8651123046875 4963
1751966027576 1127.75390625 4964
1751966028078 635.8176879882812 4965
1751966028579 752.5227661132812 4966
1751966029081 1541.2913818359375 4967
1751966029584 1251.2054443359375 4968
1751966030094 1432.8270263671875 4969
1751966030598 1266.6175537109375 4970
1751966031100 922.2468872070312 4971
1751966031607 1402.810546875 4972
1751966032151 762.766357421875 4973
1751966032699 936.4375 4974
1751966033205 1626.188720703125 4975
1751966033705 1087.3944091796875 4976
1751966034214 1065.2451171875 4977
1751966034716 1935.6265869140625 4978
1751966035224 1401.1358642578125 4979
1751966035726 938.8258056640625 4980
1751966036228 1019.5484619140625 4981
1751966036758 897.06591796875 4982
1751966037291 813.3453979492188 4983
1751966037795 1345.908447265625 4984
1751966038303 917.4821166992188 4985
1751966038807 938.8630981445312 4986
1751966039309 879.8357543945312 4987
1751966039878 905.1627197265625 4988
1751966040460 1333.2646484375 4989
1751966041029 1002.5808715820312 4990
1751966041566 807.6499633789062 4991
1751966042073 1124.505126953125 4992
1751966042575 869.9965209960938 4993
1751966043078 1147.3043212890625 4994
1751966043582 1442.0780029296875 4995
1751966044083 1059.3502197265625 4996
1751966044582 1031.5164794921875 4997
1751966045095 828.2081298828125 4998
1751966045600 921.6980590820312 4999
1751966046104 2112.98681640625 5000
1751966046607 1024.7015380859375 5001
1751966047497 805.517822265625 5002
1751966048002 1140.42578125 5003
1751966048502 1233.3734130859375 5004
1751966049005 795.4176635742188 5005
1751966049506 1594.0709228515625 5006
1751966050012 919.7738647460938 5007
1751966050520 954.8327026367188 5008
1751966051058 1873.1185302734375 5009
1751966051567 692.1650390625 5010
1751966052070 926.3139038085938 5011
1751966052572 1203.2291259765625 5012
1751966053217 819.8041381835938 5013
1751966053732 863.8209228515625 5014
1751966054252 923.4599609375 5015
1751966054768 916.3912353515625 5016
1751966055290 1047.3038330078125 5017
1751966055805 1195.65283203125 5018
1751966056318 771.4811401367188 5019
1751966056829 1239.9036865234375 5020
1751966057347 1372.4735107421875 5021
1751966057865 1352.112548828125 5022
1751966058385 1755.5799560546875 5023
1751966059027 1961.8140869140625 5024
1751966059533 947.9389038085938 5025
1751966060034 1028.71875 5026
1751966060827 2693.142333984375 5027
1751966061365 1170.3951416015625 5028
1751966061893 971.9472045898438 5029
1751966062430 1520.0648193359375 5030
1751966063135 1285.9879150390625 5031
1751966063653 710.8082885742188 5032
1751966064441 1312.3172607421875 5033
1751966064965 802.8622436523438 5034
1751966065614 989.9342651367188 5035
1751966066277 1010.1826171875 5036
1751966066802 1023.7330322265625 5037
1751966067340 1051.7470703125 5038
1751966067843 670.6834106445312 5039
1751966068381 1791.2982177734375 5040
1751966068930 967.4035034179688 5041
1751966069462 660.8072509765625 5042
1751966069993 1066.431884765625 5043
1751966070544 870.3402709960938 5044
1751966071069 1383.157958984375 5045
1751966071585 994.6441650390625 5046
1751966072096 775.0677490234375 5047
1751966072614 1385.3125 5048
1751966073130 1466.0518798828125 5049
1751966073653 676.849609375 5050
1751966074164 1274.0457763671875 5051
1751966074686 720.0751342773438 5052
1751966075213 893.9901733398438 5053
1751966075741 1353.7376708984375 5054
1751966076249 836.6591186523438 5055
1751966076773 810.3054809570312 5056
1751966077295 1154.5361328125 5057
1751966077809 1957.064453125 5058
1751966078321 1728.418212890625 5059
1751966078840 1728.3590087890625 5060
1751966079361 1759.1689453125 5061
1751966079869 960.302734375 5062
1751966080392 1355.8997802734375 5063
1751966080909 3007.920654296875 5064
1751966081418 1737.247314453125 5065
1751966081937 885.1910400390625 5066
1751966082459 732.0157470703125 5067
1751966082973 1292.3236083984375 5068
1751966083482 642.358154296875 5069
1751966084002 859.525390625 5070
1751966084516 1005.1558837890625 5071
1751966085039 1908.5523681640625 5072
1751966085566 1094.2117919921875 5073
1751966086078 767.2120971679688 5074
1751966086590 1392.4400634765625 5075
1751966087115 1889.325439453125 5076
1751966087632 1385.6094970703125 5077
1751966088138 841.6137084960938 5078
1751966088651 1173.6580810546875 5079
1751966089162 1395.6229248046875 5080
1751966089687 2323.28662109375 5081
1751966090236 1184.996337890625 5082
1751966090743 1405.3427734375 5083
1751966091379 1896.818359375 5084
1751966092004 1246.6490478515625 5085
1751966092511 1144.5731201171875 5086
1751966093016 2241.455078125 5087
1751966093684 886.9789428710938 5088
1751966094327 1861.727783203125 5089
1751966094839 2873.96630859375 5090
1751966095363 1353.5821533203125 5091
1751966095871 2074.255859375 5092
1751966096375 808.7548828125 5093
1751966096883 1125.3250732421875 5094
1751966097389 1897.0386962890625 5095
1751966097897 878.923828125 5096
1751966098401 1679.7578125 5097
1751966098986 1389.841064453125 5098
1751966099639 1437.299072265625 5099
1751966100314 916.4832153320312 5100
1751966100873 886.6179809570312 5101
1751966101849 1444.6832275390625 5102
1751966102458 1878.5213623046875 5103
1751966103129 1758.153564453125 5104
1751966103713 962.7686767578125 5105
1751966104273 1114.726806640625 5106
1751966104779 872.7281494140625 5107
1751966105295 1382.760009765625 5108
1751966105821 1399.324951171875 5109
1751966106343 1084.2835693359375 5110
1751966106851 1193.487060546875 5111
1751966107437 969.9280395507812 5112
1751966107976 716.5162353515625 5113
1751966108704 667.4376220703125 5114
1751966109261 975.0552978515625 5115
1751966109816 1526.500244140625 5116
1751966110603 890.9119262695312 5117
1751966111222 2638.28955078125 5118
1751966111853 851.8513793945312 5119
1751966112370 1346.5355224609375 5120
1751966112899 1486.2962646484375 5121
1751966113432 941.9052734375 5122
1751966113959 925.0338134765625 5123
1751966114478 1189.2117919921875 5124
1751966115004 1059.4876708984375 5125
1751966115579 1187.552734375 5126
1751966116082 1157.6676025390625 5127
1751966116665 1827.4996337890625 5128
1751966117189 1202.5679931640625 5129
1751966117705 1218.327880859375 5130
1751966118235 798.413330078125 5131
1751966118832 1392.2958984375 5132
1751966119357 1042.0018310546875 5133
1751966119944 947.1213989257812 5134
1751966120485 1761.3619384765625 5135
1751966121035 861.72705078125 5136
1751966121555 1113.3582763671875 5137
1751966122082 1057.623046875 5138
1751966122597 928.6143798828125 5139
1751966123235 1135.4622802734375 5140
1751966123833 863.28369140625 5141
1751966124451 1031.128662109375 5142
1751966125018 817.4160766601562 5143
1751966125598 1223.7158203125 5144
1751966126189 946.4620971679688 5145
1751966126740 791.8416137695312 5146
1751966127295 930.8126220703125 5147
1751966127837 1180.9998779296875 5148
1751966128397 1881.2913818359375 5149
1751966128984 3229.459228515625 5150
1751966129551 862.9757080078125 5151
1751966130103 1401.7152099609375 5152
1751966130669 1255.9986572265625 5153
1751966131223 1121.3326416015625 5154
1751966131774 1224.537353515625 5155
1751966132316 896.0385131835938 5156
1751966132860 1087.1082763671875 5157
1751966133401 1079.8018798828125 5158
1751966133944 1580.2420654296875 5159
1751966134490 642.5372924804688 5160
1751966135032 678.7803955078125 5161
1751966135593 1258.401611328125 5162
1751966136149 1420.6400146484375 5163
1751966136704 1348.2293701171875 5164
1751966137242 840.697265625 5165
1751966137779 876.2293090820312 5166
1751966138315 1148.091796875 5167
1751966138869 771.4602661132812 5168
1751966139415 1119.0084228515625 5169
1751966139957 707.64404296875 5170
1751966140509 1103.3382568359375 5171
1751966141061 869.0673828125 5172
1751966141625 1794.6160888671875 5173
1751966142169 843.2974853515625 5174
1751966142713 1389.0455322265625 5175
1751966143269 1551.9432373046875 5176
1751966143821 789.0899047851562 5177
1751966144362 943.8262939453125 5178
1751966144896 1906.6025390625 5179
1751966145442 802.2658081054688 5180
1751966145987 1236.639404296875 5181
1751966146528 965.7362670898438 5182
1751966147069 1542.6705322265625 5183
1751966147610 1005.9396362304688 5184
1751966148156 1017.9635009765625 5185
1751966148705 1076.814208984375 5186
1751966149254 736.7018432617188 5187
1751966149788 1390.5670166015625 5188
1751966150345 1159.2791748046875 5189
1751966150882 1083.662109375 5190
1751966151436 997.5567626953125 5191
1751966151974 2134.166015625 5192
1751966152519 667.96728515625 5193
1751966153053 710.2958984375 5194
1751966153587 958.4949340820312 5195
1751966154165 812.8115844726562 5196
1751966154670 913.9871215820312 5197
1751966155220 1235.3505859375 5198
1751966155810 927.1494140625 5199
1751966156359 1151.4263916015625 5200
1751966157002 751.0791625976562 5201
1751966157937 2080.47021484375 5202
1751966158480 892.2724609375 5203
1751966159011 1147.1258544921875 5204
1751966159544 751.96044921875 5205
1751966160059 1381.5699462890625 5206
1751966160612 880.1820678710938 5207
1751966161122 827.9506225585938 5208
1751966161628 953.9817504882812 5209
1751966162164 957.81201171875 5210
1751966162763 936.0419921875 5211
1751966163326 1051.011962890625 5212
1751966163891 1308.9664306640625 5213
1751966164416 776.5487670898438 5214
1751966165166 924.2943725585938 5215
1751966165861 733.2491455078125 5216
1751966166540 1074.9266357421875 5217
1751966167083 683.9860229492188 5218
1751966167675 984.7130126953125 5219
1751966168394 1529.6951904296875 5220
1751966168912 931.4135131835938 5221
1751966169515 950.6698608398438 5222
1751966170799 1017.6340942382812 5223
1751966171973 1236.8377685546875 5224
1751966172760 802.0480346679688 5225
1751966173487 797.675048828125 5226
1751966174900 1030.9066162109375 5227
1751966175706 1361.3138427734375 5228
1751966176659 578.6915893554688 5229
1751966177588 854.8817749023438 5230
1751966178126 884.3697509765625 5231
1751966178834 1525.8795166015625 5232
1751966179797 680.1864624023438 5233
1751966180513 1178.395263671875 5234
1751966181017 871.6508178710938 5235
1751966181630 998.7682495117188 5236
1751966182274 988.923828125 5237
1751966182942 1014.1171264648438 5238
1751966183526 1795.19921875 5239
1751966184081 1417.53125 5240
1751966184678 882.0838012695312 5241
1751966185222 950.6383056640625 5242
1751966185735 1016.3328247070312 5243
1751966186242 1228.3785400390625 5244
1751966186746 748.6669921875 5245
1751966187250 1600.6927490234375 5246
1751966187874 886.9783325195312 5247
1751966188381 642.4187622070312 5248
1751966188889 838.4080200195312 5249
1751966189402 680.4290161132812 5250
1751966189911 4195.57421875 5251
1751966190417 1211.8934326171875 5252
1751966190931 1887.321533203125 5253
1751966191432 1772.0106201171875 5254
1751966191936 830.451171875 5255
1751966192498 1014.4845581054688 5256
1751966193010 1857.206298828125 5257
1751966193532 952.4699096679688 5258
1751966194061 1201.62841796875 5259
1751966194584 905.0889892578125 5260
1751966195105 1467.385498046875 5261
1751966195639 1041.012939453125 5262
1751966196158 742.5693969726562 5263
1751966196660 2068.037109375 5264
1751966197163 1337.2420654296875 5265
1751966197667 1329.2705078125 5266
1751966198169 631.900146484375 5267
1751966198697 704.0875244140625 5268
1751966199276 1114.4468994140625 5269
1751966199857 1360.5916748046875 5270
1751966200395 1803.503173828125 5271
1751966200923 632.0541381835938 5272
1751966201476 805.5873413085938 5273
1751966202008 1942.391845703125 5274
1751966202555 1821.5076904296875 5275
1751966203163 810.7027587890625 5276
1751966203721 1629.8310546875 5277
1751966204278 777.543212890625 5278
1751966204824 947.6535034179688 5279
1751966205427 872.7263793945312 5280
1751966206005 1611.9559326171875 5281
1751966206509 930.3274536132812 5282
1751966207010 1143.2288818359375 5283
1751966207564 1648.395751953125 5284
1751966208123 825.9013061523438 5285
1751966208627 1063.3460693359375 5286
1751966209146 974.3322143554688 5287
1751966209648 702.584716796875 5288
1751966210261 2192.06396484375 5289
1751966210769 1074.849609375 5290
1751966211372 1167.9281005859375 5291
1751966211936 1348.987548828125 5292
1751966215946 1129.58837890625 5293
1751966216450 632.0955810546875 5294
1751966217140 725.7523803710938 5295
1751966217985 1789.0113525390625 5296
1751966218648 1283.2896728515625 5297
1751966219400 1351.1365966796875 5298
1751966220041 1068.009033203125 5299
1751966220688 935.162109375 5300
1751966221263 735.19921875 5301
1751966222660 1375.7979736328125 5302
1751966223335 738.3438720703125 5303
1751966224039 721.8885498046875 5304
1751966225184 2701.728759765625 5305
1751966226276 993.9248046875 5306
1751966226965 1087.8441162109375 5307
1751966227848 1110.7918701171875 5308
1751966228651 1024.0667724609375 5309
1751966229226 765.728759765625 5310
1751966229965 1706.5875244140625 5311
1751966230646 1611.9364013671875 5312
1751966231318 856.4324340820312 5313
1751966231953 1052.9578857421875 5314
1751966232547 1393.417236328125 5315
1751966233293 1182.7318115234375 5316
1751966233927 750.5118408203125 5317
1751966234455 696.7147827148438 5318
1751966235316 951.5693359375 5319
1751966235949 719.6091918945312 5320
1751966236600 1086.3228759765625 5321
1751966237211 858.6994018554688 5322
1751966237815 1118.42529296875 5323
1751966238476 739.8484497070312 5324
1751966239094 1769.5789794921875 5325
1751966239670 990.1220703125 5326
1751966240222 2489.557861328125 5327
1751966240786 1041.0350341796875 5328
1751966241308 936.8350830078125 5329
1751966241837 1424.549072265625 5330
1751966242355 1607.215087890625 5331
1751966242895 1015.3326416015625 5332
1751966243410 1110.14453125 5333
1751966243976 2635.364990234375 5334
1751966244481 1348.938720703125 5335
1751966244982 1065.9459228515625 5336
1751966245526 1216.611328125 5337
1751966246164 1247.9537353515625 5338
1751966246674 873.5007934570312 5339
1751966247177 1578.8973388671875 5340
1751966247733 952.3179931640625 5341
1751966248281 1544.4473876953125 5342
1751966248829 891.8621215820312 5343
1751966249380 1521.6832275390625 5344
1751966249931 2198.94580078125 5345
1751966250442 799.9476928710938 5346
1751966251025 1306.091064453125 5347
1751966251633 1114.5526123046875 5348
1751966252199 1063.3070068359375 5349
1751966252808 1475.931884765625 5350
1751966253390 1316.890380859375 5351
1751966253989 1259.429931640625 5352
1751966254573 1418.129150390625 5353
1751966255209 2106.06689453125 5354
1751966255794 851.09228515625 5355
1751966256371 770.8290405273438 5356
1751966256966 947.1295776367188 5357
1751966257563 1053.1922607421875 5358
1751966258150 1173.4022216796875 5359
1751966258754 850.7274780273438 5360
1751966259380 775.4598999023438 5361
1751966260033 1239.8526611328125 5362
1751966260665 952.1625366210938 5363
1751966261301 1116.377685546875 5364
1751966261900 1060.139892578125 5365
1751966262499 2621.352294921875 5366
1751966263093 1110.6248779296875 5367
1751966263746 1424.2938232421875 5368
1751966264281 704.953125 5369
1751966264838 1053.1478271484375 5370
1751966265375 673.8217163085938 5371
1751966265920 1036.8443603515625 5372
1751966266463 831.6295166015625 5373
1751966267017 2355.45703125 5374
1751966267594 904.3345947265625 5375
1751966268171 1361.1553955078125 5376
1751966268694 1394.3333740234375 5377
1751966269249 1462.548583984375 5378
1751966269820 776.9646606445312 5379
1751966270344 750.4586791992188 5380
1751966270907 882.8359375 5381
1751966271410 822.4905395507812 5382
1751966271920 757.7018432617188 5383
1751966272496 1131.354248046875 5384
1751966273048 854.5027465820312 5385
1751966273626 1031.15380859375 5386
1751966274196 895.5939331054688 5387
1751966274778 1491.0457763671875 5388
1751966275316 1028.4189453125 5389
1751966275819 813.528076171875 5390
1751966276323 810.4199829101562 5391
1751966276827 856.9164428710938 5392
1751966277333 869.30078125 5393
1751966277836 2523.356689453125 5394
1751966278340 1633.1826171875 5395
1751966278842 1219.0511474609375 5396
1751966279349 1417.012939453125 5397
1751966279973 934.33447265625 5398
1751966280648 1595.137939453125 5399
1751966281329 1529.646484375 5400
1751966281960 978.1056518554688 5401
1751966282939 1020.1004028320312 5402
1751966283473 1756.4879150390625 5403
1751966283991 2189.39404296875 5404
1751966284576 1244.05859375 5405
1751966285142 1535.2060546875 5406
1751966285696 900.4069213867188 5407
1751966286283 1094.077392578125 5408
1751966286883 1556.7060546875 5409
1751966287477 1763.212890625 5410
1751966288022 1046.2508544921875 5411
1751966288603 1677.124267578125 5412
1751966289194 859.3659057617188 5413
1751966289821 1004.7377319335938 5414
1751966290410 1558.886962890625 5415
1751966290997 1047.85546875 5416
1751966291543 906.7882080078125 5417
1751966292100 3280.09228515625 5418
1751966292646 738.098876953125 5419
1751966293205 2454.927001953125 5420
1751966293765 829.98046875 5421
1751966294311 788.9345092773438 5422
1751966294869 992.9987182617188 5423
1751966295516 1610.3543701171875 5424
1751966296113 1268.508056640625 5425
1751966296649 851.1845703125 5426
1751966297188 1728.2008056640625 5427
1751966297768 1573.3480224609375 5428
1751966298321 1076.9107666015625 5429
1751966298871 1251.7894287109375 5430
1751966299426 1172.4793701171875 5431
1751966299980 1516.430908203125 5432
1751966300560 547.02734375 5433
1751966301094 745.7984619140625 5434
1751966301628 698.4798583984375 5435
1751966302167 1405.897705078125 5436
1751966302704 719.0270385742188 5437
1751966303240 883.0479736328125 5438
1751966303773 1481.8243408203125 5439
1751966304305 1176.306640625 5440
1751966304827 1086.234619140625 5441
1751966305360 1209.2237548828125 5442
1751966305898 1214.2935791015625 5443
1751966306434 1428.6143798828125 5444
1751966306975 876.1525268554688 5445
1751966307509 878.7763061523438 5446
1751966308040 1268.7874755859375 5447
1751966308574 966.1715087890625 5448
1751966309110 764.96875 5449
1751966309642 1077.9598388671875 5450
1751966310175 1610.1302490234375 5451
1751966310709 1009.5155639648438 5452
1751966311240 1116.1680908203125 5453
1751966311776 1974.8902587890625 5454
1751966312328 673.9285278320312 5455
1751966312861 1962.7415771484375 5456
1751966313416 1738.2205810546875 5457
1751966313949 1166.1419677734375 5458
1751966314482 1058.862548828125 5459
1751966315063 1117.791015625 5460
1751966315641 1373.53515625 5461
1751966316203 744.3155517578125 5462
1751966316756 1276.836181640625 5463
1751966317302 1837.180908203125 5464
1751966317840 672.7969970703125 5465
1751966318375 1075.41064453125 5466
1751966318907 941.41748046875 5467
1751966319441 1206.5985107421875 5468
1751966320008 969.5565795898438 5469
1751966320552 1274.4130859375 5470
1751966321122 983.5736694335938 5471
1751966321656 1629.156005859375 5472
1751966322198 1103.5379638671875 5473
1751966322732 1428.810791015625 5474
1751966323269 1422.1087646484375 5475
1751966323814 2261.967041015625 5476
1751966324378 730.1972045898438 5477
1751966324917 818.4810180664062 5478
1751966325563 1014.6277465820312 5479
1751966326174 1049.06005859375 5480
1751966326737 817.8040771484375 5481
1751966327282 765.1829833984375 5482
1751966327896 759.8612670898438 5483
1751966328493 773.2620849609375 5484
1751966329129 838.8905639648438 5485
1751966329718 887.4740600585938 5486
1751966330329 799.157958984375 5487
1751966330911 1032.356201171875 5488
1751966331523 657.134765625 5489
1751966332144 2003.0328369140625 5490
1751966332722 1145.6322021484375 5491
1751966333375 803.0624389648438 5492
1751966333918 1251.5941162109375 5493
1751966334487 937.0318603515625 5494
1751966335103 629.6362915039062 5495
1751966335690 637.1644897460938 5496
1751966336291 1227.0811767578125 5497
1751966336848 727.1106567382812 5498
1751966337400 1014.8385009765625 5499
1751966339107 1447.9658203125 5500
1751966340012 683.1765747070312 5501
1751966341165 957.6744995117188 5502
1751966341838 1262.709716796875 5503
1751966342678 955.4921264648438 5504
1751966343584 1527.272705078125 5505
1751966344259 893.958984375 5506
1751966344840 781.4274291992188 5507
1751966345650 635.888671875 5508
1751966346724 1628.983642578125 5509
1751966347421 1170.7467041015625 5510
1751966348634 956.2017822265625 5511
1751966349263 985.2882080078125 5512
1751966349845 951.6658325195312 5513
1751966350542 1327.935546875 5514
1751966351113 1779.2652587890625 5515
1751966352052 916.0177001953125 5516
1751966352770 1049.2703857421875 5517
1751966353602 1170.2972412109375 5518
1751966354151 1003.6002197265625 5519
1751966354758 1287.696533203125 5520
1751966355503 1324.1810302734375 5521
1751966356156 1417.0533447265625 5522
1751966356668 881.0545043945312 5523
1751966357197 1346.5931396484375 5524
1751966357713 1102.70068359375 5525
1751966358221 1097.016845703125 5526
1751966358773 1295.1268310546875 5527
1751966359406 1096.5384521484375 5528
1751966360090 1564.9273681640625 5529
1751966360826 888.14697265625 5530
1751966361331 2272.142578125 5531
1751966361931 1194.5831298828125 5532
1751966362588 1500.6943359375 5533
1751966363114 946.9945678710938 5534
1751966363614 771.1019287109375 5535
1751966364122 814.7548217773438 5536
1751966364623 1501.002197265625 5537
1751966365129 851.6115112304688 5538
1751966365639 1070.763671875 5539
1751966366149 820.5040893554688 5540
1751966366660 672.8194580078125 5541
1751966367272 1314.6761474609375 5542
1751966367813 1061.123291015625 5543
1751966368328 895.7156372070312 5544
1751966368835 1636.5565185546875 5545
1751966369381 857.3330078125 5546
1751966369915 830.8294067382812 5547
1751966370428 1118.4345703125 5548
1751966370935 919.2014770507812 5549
1751966371438 1374.1685791015625 5550
1751966371940 871.9820556640625 5551
1751966372499 825.0764770507812 5552
1751966373081 2586.15673828125 5553
1751966373639 1836.4266357421875 5554
1751966374174 933.5608520507812 5555
1751966374755 724.96826171875 5556
1751966375274 707.5848388671875 5557
1751966375782 896.4840087890625 5558
1751966376294 962.34326171875 5559
1751966376797 664.1886596679688 5560
1751966377309 543.9644165039062 5561
1751966377811 917.76416015625 5562
1751966378317 902.6329956054688 5563
1751966378826 1146.616455078125 5564
1751966379335 2410.251708984375 5565
1751966379851 1177.1383056640625 5566
1751966380354 761.0265502929688 5567
1751966380859 1720.40625 5568
1751966381361 1001.3756103515625 5569
1751966381864 865.92724609375 5570
1751966382365 797.7488403320312 5571
1751966382867 2028.8170166015625 5572
1751966383369 1392.2772216796875 5573
1751966383880 1207.1392822265625 5574
1751966384382 2104.982421875 5575
1751966384888 931.0484619140625 5576
1751966385391 1529.5205078125 5577
1751966385894 562.8558959960938 5578
1751966386399 1158.8033447265625 5579
1751966386907 1124.4888916015625 5580
1751966387418 812.5410766601562 5581
1751966387920 1520.28857421875 5582
1751966388422 1065.1239013671875 5583
1751966388926 1315.1553955078125 5584
1751966389432 1506.2413330078125 5585
1751966389934 990.0730590820312 5586
1751966390437 1042.7760009765625 5587
1751966390941 1435.8587646484375 5588
1751966391441 1274.9462890625 5589
1751966391943 1211.7041015625 5590
1751966392445 690.59521484375 5591
1751966392947 1706.628173828125 5592
1751966393450 1211.477783203125 5593
1751966393954 719.517822265625 5594
1751966394461 1595.5316162109375 5595
1751966394962 1574.1640625 5596
1751966395465 1392.1512451171875 5597
1751966395966 634.559326171875 5598
1751966396469 997.85107421875 5599
1751966396971 711.8139038085938 5600
1751966397476 1348.9052734375 5601
1751966398392 632.6148681640625 5602
1751966398901 1698.3896484375 5603
1751966399404 981.8980712890625 5604
1751966399908 1055.63916015625 5605
1751966400423 858.7478637695312 5606
1751966400943 1084.400390625 5607
1751966401447 828.8935546875 5608
1751966401953 687.3917846679688 5609
1751966402457 777.5927124023438 5610
1751966402958 789.7677001953125 5611
1751966403460 969.5304565429688 5612
1751966403964 555.555908203125 5613
1751966404467 864.6957397460938 5614
1751966404971 1196.7806396484375 5615
1751966405475 651.7952270507812 5616
1751966405975 2641.242431640625 5617
1751966406478 1202.3358154296875 5618
1751966406980 1404.444580078125 5619
1751966407485 557.0223999023438 5620
1751966407990 1109.641845703125 5621
1751966408492 1095.9337158203125 5622
1751966408999 815.2968139648438 5623
1751966409501 1137.697509765625 5624
1751966410002 632.3056030273438 5625
1751966410507 1020.9242553710938 5626
1751966411011 1062.3546142578125 5627
1751966411513 1441.376953125 5628
1751966412014 1324.7152099609375 5629
1751966412515 829.7853393554688 5630
1751966413019 950.9091796875 5631
1751966413521 1734.4820556640625 5632
1751966414024 902.4376831054688 5633
1751966414526 634.1202392578125 5634
1751966415029 726.692138671875 5635
1751966415533 855.6826171875 5636
1751966416038 1029.2406005859375 5637
1751966416540 877.1593627929688 5638
1751966417042 741.1249389648438 5639
1751966417546 1213.2235107421875 5640
1751966418051 1328.6334228515625 5641
1751966418552 1104.2476806640625 5642
1751966419061 2100.486328125 5643
1751966419564 876.4080200195312 5644
1751966420073 765.4183959960938 5645
1751966420588 1172.7994384765625 5646
1751966421095 631.7771606445312 5647
1751966421600 1092.9451904296875 5648
1751966422115 1195.7940673828125 5649
1751966422628 660.6519165039062 5650
1751966423129 802.1197509765625 5651
1751966423630 750.6820678710938 5652
1751966424145 1340.461181640625 5653
1751966424660 1143.623291015625 5654
1751966425166 744.353515625 5655
1751966425676 998.7239379882812 5656
1751966426181 758.56201171875 5657
1751966426687 771.0062255859375 5658
1751966427202 1308.1207275390625 5659
1751966427706 569.4225463867188 5660
1751966428208 882.5875244140625 5661
1751966428707 1329.2396240234375 5662
1751966429220 951.3488159179688 5663
1751966429724 686.5729370117188 5664
1751966430226 1067.1707763671875 5665
1751966430731 1017.76220703125 5666
1751966431241 759.1748046875 5667
1751966431744 612.8344116210938 5668
1751966432246 1061.6051025390625 5669
1751966432747 687.9606323242188 5670
1751966433257 665.1005249023438 5671
1751966433767 1091.680908203125 5672
1751966434276 900.9070434570312 5673
1751966434784 1266.294921875 5674
1751966435294 1492.5130615234375 5675
1751966435800 1066.6435546875 5676
1751966436309 688.4078369140625 5677
1751966436812 1082.6446533203125 5678
1751966437316 617.5665893554688 5679
1751966437825 1100.6143798828125 5680
1751966438342 766.0027465820312 5681
1751966438847 658.5631713867188 5682
1751966439353 1392.258544921875 5683
1751966439856 1595.402099609375 5684
1751966440365 1495.9263916015625 5685
1751966440871 738.7730102539062 5686
1751966441376 1788.982421875 5687
1751966441879 827.2875366210938 5688
1751966442392 1274.0057373046875 5689
1751966442906 700.7579345703125 5690
1751966443410 747.208984375 5691
1751966443913 795.8723754882812 5692
1751966444420 1268.303955078125 5693
1751966444923 1234.3616943359375 5694
1751966445427 1205.6435546875 5695
1751966445932 1940.0267333984375 5696
1751966446441 1469.8477783203125 5697
1751966446951 1266.8739013671875 5698
1751966447459 999.7816772460938 5699
1751966447966 1960.7261962890625 5700
1751966448471 751.6285400390625 5701
1751966449381 950.2474975585938 5702
1751966449883 929.353515625 5703
1751966450386 2222.100830078125 5704
1751966450889 749.795654296875 5705
1751966451391 1121.4749755859375 5706
1751966451896 1610.3890380859375 5707
1751966452399 893.5443725585938 5708
1751966452904 1402.6136474609375 5709
1751966453409 999.2760009765625 5710
1751966453924 699.1575317382812 5711
1751966454430 2235.2666015625 5712
1751966454944 976.2703247070312 5713
1751966455444 1331.6165771484375 5714
1751966455959 991.0510864257812 5715
1751966456474 799.8616333007812 5716
1751966456978 904.7898559570312 5717
1751966457483 1016.8297119140625 5718
1751966457988 1135.962158203125 5719
1751966458501 577.6884155273438 5720
1751966459009 823.0383911132812 5721
1751966459515 813.9712524414062 5722
1751966460025 1966.9071044921875 5723
1751966460553 861.5517578125 5724
1751966461070 803.2825317382812 5725
1751966461576 1865.5211181640625 5726
1751966462082 1021.8488159179688 5727
1751966462590 1120.69970703125 5728
1751966463101 1089.4127197265625 5729
1751966463604 1116.521240234375 5730
1751966464112 786.4000244140625 5731
1751966464613 1183.8529052734375 5732
1751966465120 1017.3607788085938 5733
1751966465626 1102.3724365234375 5734
1751966466131 1454.6611328125 5735
1751966466636 1091.4747314453125 5736
1751966467140 1213.3692626953125 5737
1751966467657 2020.6273193359375 5738
1751966468165 1188.552978515625 5739
1751966468671 1439.349853515625 5740
1751966469184 1122.177490234375 5741
1751966469692 1044.1824951171875 5742
1751966470198 2205.496826171875 5743
1751966470701 1061.7344970703125 5744
1751966471205 871.6962280273438 5745
1751966471723 736.6112670898438 5746
1751966472230 1331.488525390625 5747
1751966472736 725.8388671875 5748
1751966473244 1142.0697021484375 5749
1751966473754 2116.884033203125 5750
1751966474266 1243.6829833984375 5751
1751966474772 674.4198608398438 5752
1751966475281 831.3135986328125 5753
1751966475787 1592.7586669921875 5754
1751966476290 955.6949462890625 5755
1751966476792 806.2393188476562 5756
1751966477300 2434.95458984375 5757
1751966477806 1942.94140625 5758
1751966478309 2179.266845703125 5759
1751966478817 1182.506103515625 5760
1751966479335 942.3368530273438 5761
1751966479850 1447.0496826171875 5762
1751966480364 1382.377685546875 5763
1751966480878 1108.7291259765625 5764
1751966481388 1632.8653564453125 5765
1751966481890 1466.6434326171875 5766
1751966482397 1635.4915771484375 5767
1751966482900 1689.0946044921875 5768
1751966483404 987.9675903320312 5769
1751966483908 1023.83251953125 5770
1751966484421 2017.8299560546875 5771
1751966484924 948.9142456054688 5772
1751966485426 871.6170043945312 5773
1751966485930 1272.6649169921875 5774
1751966486432 791.38720703125 5775
1751966486937 1185.6422119140625 5776
1751966487443 1246.7626953125 5777
1751966487952 737.7609252929688 5778
1751966488462 1342.0858154296875 5779
1751966488963 680.5320434570312 5780
1751966489479 975.3489379882812 5781
1751966489986 1147.341064453125 5782
1751966490491 1376.1083984375 5783
1751966490994 994.7742309570312 5784
1751966491499 747.529052734375 5785
1751966492008 1232.4124755859375 5786
1751966492515 988.7273559570312 5787
1751966493025 703.1622314453125 5788
1751966493545 765.8563842773438 5789
1751966494052 1300.75390625 5790
1751966494564 991.30224609375 5791
1751966495066 1758.791015625 5792
1751966495573 633.9713745117188 5793
1751966496081 1021.3359375 5794
1751966496587 1592.173095703125 5795
1751966497098 1116.384765625 5796
1751966497609 1170.1180419921875 5797
1751966498122 566.51123046875 5798
1751966498630 1201.4705810546875 5799
1751966499136 850.9894409179688 5800
1751966499642 626.1585693359375 5801
1751966500562 619.6622924804688 5802
1751966501075 1339.0438232421875 5803
1751966501590 1059.9739990234375 5804
1751966502099 1156.4508056640625 5805
1751966502612 1283.0625 5806
1751966503119 1490.948486328125 5807
1751966503624 1069.5830078125 5808
1751966504125 1383.9749755859375 5809
1751966504628 1075.1138916015625 5810
1751966505138 768.4447631835938 5811
1751966505641 995.9266967773438 5812
1751966506142 904.0765991210938 5813
1751966506645 827.6332397460938 5814
1751966507149 817.9075317382812 5815
1751966507652 805.6919555664062 5816
1751966508154 1211.9837646484375 5817
1751966508657 1041.3511962890625 5818
1751966509158 1078.1368408203125 5819
1751966509664 1247.65673828125 5820
1751966510166 1265.7901611328125 5821
1751966510670 1213.8590087890625 5822
1751966511175 1024.2982177734375 5823
1751966511678 1438.2056884765625 5824
1751966512178 1020.0491333007812 5825
1751966512679 979.2097778320312 5826
1751966513182 1257.9892578125 5827
1751966513686 914.4161376953125 5828
1751966514190 1575.7783203125 5829
1751966514698 1295.0318603515625 5830
1751966515200 1219.8297119140625 5831
1751966515706 977.7244262695312 5832
1751966516212 1178.037353515625 5833
1751966516714 1942.9915771484375 5834
1751966517219 1190.80419921875 5835
1751966517722 797.6484375 5836
1751966518227 1333.4638671875 5837
1751966518733 1256.364013671875 5838
1751966519235 1698.9080810546875 5839
1751966519739 844.6307983398438 5840
1751966520245 1300.3138427734375 5841
1751966520756 950.3468627929688 5842
1751966521267 790.6334838867188 5843
1751966521770 752.6637573242188 5844
1751966522275 1010.8298950195312 5845
1751966522778 1593.3128662109375 5846
1751966523280 766.5167846679688 5847
1751966523783 782.0521850585938 5848
1751966524285 806.5040283203125 5849
1751966524794 1538.0872802734375 5850
1751966525298 628.4910278320312 5851
1751966525803 1099.3236083984375 5852
1751966526305 867.6912231445312 5853
1751966526809 654.7600708007812 5854
1751966527312 803.8829345703125 5855
1751966527817 789.2078247070312 5856
1751966528319 1368.430908203125 5857
1751966528822 974.33984375 5858
1751966529327 910.5565795898438 5859
1751966529838 580.6439819335938 5860
1751966530345 863.2133178710938 5861
1751966530848 1217.78955078125 5862
1751966531352 965.6098022460938 5863
1751966531854 1180.252197265625 5864
1751966532360 1341.8809814453125 5865
1751966532864 780.0655517578125 5866
1751966533368 2424.802490234375 5867
1751966533870 1030.5260009765625 5868
1751966534375 1003.7852783203125 5869
1751966534883 1265.8465576171875 5870
1751966535386 1292.388427734375 5871
1751966535889 656.74462890625 5872
1751966536390 850.337890625 5873
1751966536894 686.6170043945312 5874
1751966537402 970.3562622070312 5875
1751966537909 990.0408325195312 5876
1751966538416 986.3640747070312 5877
1751966538920 1282.851806640625 5878
1751966539424 623.9574584960938 5879
1751966539938 1208.6904296875 5880
1751966540441 722.5806884765625 5881
1751966540942 1158.5250244140625 5882
1751966541447 1266.1864013671875 5883
1751966541954 642.5346069335938 5884
1751966542461 877.6488647460938 5885
1751966542970 882.0504150390625 5886
1751966543473 1005.9103393554688 5887
1751966543984 900.998046875 5888
1751966544494 1059.6351318359375 5889
1751966545012 1789.0164794921875 5890
1751966545521 782.7006225585938 5891
1751966546035 1390.5797119140625 5892
1751966546542 1158.7420654296875 5893
1751966547047 1904.42578125 5894
1751966547553 1527.4906005859375 5895
1751966548071 1282.119384765625 5896
1751966548579 618.998291015625 5897
1751966549084 634.77783203125 5898
1751966549595 597.2381591796875 5899
1751966550113 655.1170043945312 5900
1751966550618 1303.8265380859375 5901
1751966551538 826.54638671875 5902
1751966552040 995.1920776367188 5903
1751966552544 789.0932006835938 5904
1751966553044 1277.41015625 5905
1751966553546 635.4963989257812 5906
1751966554048 1757.413330078125 5907
1751966554551 888.7908325195312 5908
1751966555152 1073.4471435546875 5909
1751966555667 989.60888671875 5910
1751966556177 675.4155883789062 5911
1751966556685 1125.062744140625 5912
1751966557191 1880.4410400390625 5913
1751966557700 977.8469848632812 5914
1751966558217 762.9134521484375 5915
1751966558722 1031.892822265625 5916
1751966559226 903.2306518554688 5917
1751966559730 869.1103515625 5918
1751966560249 898.3525390625 5919
1751966560756 893.6166381835938 5920
1751966561272 827.2506103515625 5921
1751966561784 930.5534057617188 5922
1751966562300 791.9354248046875 5923
1751966562805 735.0637817382812 5924
1751966563309 850.3943481445312 5925
1751966563818 887.7159423828125 5926
1751966564321 1275.6971435546875 5927
1751966564829 1426.3726806640625 5928
1751966565335 1292.0621337890625 5929
1751966565845 939.9164428710938 5930
1751966566350 807.470947265625 5931
1751966566853 1256.855712890625 5932
1751966567357 2548.53955078125 5933
1751966567860 865.0499877929688 5934
1751966568363 622.194091796875 5935
1751966568869 702.0703125 5936
1751966569376 706.1786499023438 5937
1751966569894 630.34716796875 5938
1751966570404 923.5240478515625 5939
1751966570921 930.0714721679688 5940
1751966571424 1432.7818603515625 5941
1751966571936 893.4693603515625 5942
1751966572438 703.3363647460938 5943
1751966572941 1352.46484375 5944
1751966573456 586.0947265625 5945
1751966573970 1053.3590087890625 5946
1751966574481 931.8023681640625 5947
1751966574989 1369.348388671875 5948
1751966575496 761.0641479492188 5949
1751966575998 608.7836303710938 5950
1751966576500 690.3778076171875 5951
1751966577006 784.5430908203125 5952
1751966577510 586.4835815429688 5953
1751966578015 813.2756958007812 5954
1751966578521 788.8936767578125 5955
1751966579023 916.3651733398438 5956
1751966579529 1109.130126953125 5957
1751966580034 1461.9256591796875 5958
1751966580550 1279.6446533203125 5959
1751966581066 806.6546020507812 5960
1751966581584 936.8118286132812 5961
1751966582088 1313.889892578125 5962
1751966582592 1111.1787109375 5963
1751966583096 614.3786010742188 5964
1751966583604 1874.843017578125 5965
1751966584119 1277.4052734375 5966
1751966584621 762.2296142578125 5967
1751966585131 1248.51611328125 5968
1751966585633 743.3024291992188 5969
1751966586136 948.7150268554688 5970
1751966586639 912.5445556640625 5971
1751966587143 914.3497314453125 5972
1751966587649 913.5355834960938 5973
1751966588150 1088.8154296875 5974
1751966588661 964.4953002929688 5975
1751966589165 1215.5506591796875 5976
1751966589669 845.4791870117188 5977
1751966590182 796.7393188476562 5978
1751966590686 562.8515014648438 5979
1751966591193 1078.8846435546875 5980
1751966591696 893.6862182617188 5981
1751966592206 1699.185791015625 5982
1751966592717 918.1004028320312 5983
1751966593219 1373.548828125 5984
1751966593725 789.4215698242188 5985
1751966594232 671.4439697265625 5986
1751966594738 1767.947509765625 5987
1751966595241 1651.6669921875 5988
1751966595756 832.4865112304688 5989
1751966596261 1783.968017578125 5990
1751966596773 997.0302734375 5991
1751966597280 1118.984619140625 5992
1751966597787 1246.6932373046875 5993
1751966598295 833.3602905273438 5994
1751966598798 1425.4459228515625 5995
1751966599304 962.6891479492188 5996
1751966599805 2306.645263671875 5997
1751966600320 845.6932983398438 5998
1751966600825 1308.8179931640625 5999
1751966601331 1951.9683837890625 6000
1751966601838 979.85107421875 6001
1751966602745 1055.5203857421875 6002
1751966603259 1506.1617431640625 6003
1751966603762 1189.1121826171875 6004
1751966604266 1547.9776611328125 6005
1751966604771 750.6095581054688 6006
1751966605285 617.8262939453125 6007
1751966605792 843.2924194335938 6008
1751966606301 1028.3115234375 6009
1751966606811 1217.1236572265625 6010
1751966607323 1133.7098388671875 6011
1751966607825 1252.805419921875 6012
1751966608333 962.2488403320312 6013
1751966608842 1120.4505615234375 6014
1751966609351 875.4232788085938 6015
1751966609858 822.6261596679688 6016
1751966610373 880.6779174804688 6017
1751966610880 1405.8843994140625 6018
1751966611395 963.7926025390625 6019
1751966611902 988.4699096679688 6020
1751966612410 1240.8414306640625 6021
1751966612916 758.6965942382812 6022
1751966613420 1065.4622802734375 6023
1751966613921 2448.12646484375 6024
1751966614436 2117.15673828125 6025
1751966614940 1363.0443115234375 6026
1751966615447 791.2680053710938 6027
1751966615950 2244.379638671875 6028
1751966616451 954.1812744140625 6029
1751966616959 725.2689819335938 6030
1751966617466 1871.030517578125 6031
1751966617976 1496.75439453125 6032
1751966618484 1454.993408203125 6033
1751966618989 821.083984375 6034
1751966619491 773.6749267578125 6035
1751966619996 2189.823974609375 6036
1751966620500 676.9620361328125 6037
1751966621004 1265.3126220703125 6038
1751966621506 1491.7799072265625 6039
1751966622009 741.3738403320312 6040
1751966622514 1028.866455078125 6041
1751966623023 1030.2376708984375 6042
1751966623527 1081.0208740234375 6043
1751966624034 784.1718139648438 6044
1751966624537 1337.2362060546875 6045
1751966625049 1193.1522216796875 6046
1751966625551 713.6019897460938 6047
1751966626054 1674.6044921875 6048
1751966626558 975.7398681640625 6049
1751966627061 835.0805053710938 6050
1751966627565 1092.3587646484375 6051
1751966628067 1086.8798828125 6052
1751966628570 1049.207763671875 6053
1751966629074 802.2702026367188 6054
1751966629576 981.5186767578125 6055
1751966630082 702.8549194335938 6056
1751966630585 829.7875366210938 6057
1751966631090 862.6939697265625 6058
1751966631594 937.3353881835938 6059
1751966632096 894.4542846679688 6060
1751966632598 979.646484375 6061
1751966633100 1144.843505859375 6062
1751966633604 655.6198120117188 6063
1751966634107 1012.9003295898438 6064
1751966634612 867.6759033203125 6065
1751966635119 643.8278198242188 6066
1751966635622 1049.310302734375 6067
1751966636125 1887.6005859375 6068
1751966636628 668.0339965820312 6069
1751966637132 993.59423828125 6070
1751966637636 858.6404418945312 6071
1751966638139 1310.4365234375 6072
1751966638643 2462.19384765625 6073
1751966639149 628.7900390625 6074
1751966639651 1433.3001708984375 6075
1751966640157 1057.9244384765625 6076
1751966640669 723.8890991210938 6077
1751966641181 872.4591674804688 6078
1751966641684 1143.402587890625 6079
1751966642190 862.8380126953125 6080
1751966642695 948.46630859375 6081
1751966643200 624.0846557617188 6082
1751966643704 1100.6927490234375 6083
1751966644209 1660.5633544921875 6084
1751966644712 1297.9798583984375 6085
1751966645223 1050.1400146484375 6086
1751966645728 1032.6346435546875 6087
1751966646232 994.7904663085938 6088
1751966646734 1018.4237670898438 6089
1751966647238 1055.068359375 6090
1751966647742 1081.1258544921875 6091
1751966648248 1192.39697265625 6092
1751966648748 872.5722045898438 6093
1751966649249 1814.5855712890625 6094
1751966649755 1005.0621337890625 6095
1751966650263 818.0540771484375 6096
1751966650766 1081.0335693359375 6097
1751966651270 904.8922119140625 6098
1751966651772 955.12890625 6099
1751966652276 1277.929931640625 6100
1751966652778 1357.2125244140625 6101
1751966653665 1233.4906005859375 6102
1751966654169 1002.6729736328125 6103
1751966654673 1090.0323486328125 6104
1751966655184 1614.2486572265625 6105
1751966655686 735.222900390625 6106
1751966656187 2007.3568115234375 6107
1751966656701 1373.56494140625 6108
1751966657204 1120.1534423828125 6109
1751966657705 2524.17138671875 6110
1751966658210 845.9734497070312 6111
1751966658723 798.6298828125 6112
1751966659224 748.0554809570312 6113
1751966659729 1042.726806640625 6114
1751966660253 1046.5107421875 6115
1751966660763 1086.2105712890625 6116
1751966661271 1011.8564453125 6117
1751966661776 1458.1505126953125 6118
1751966662284 764.2124633789062 6119
1751966662792 864.5072631835938 6120
1751966663299 1031.78857421875 6121
1751966663808 569.2011108398438 6122
1751966664320 516.2372436523438 6123
1751966664832 984.8720703125 6124
1751966665351 762.193603515625 6125
1751966665860 839.6961059570312 6126
1751966666367 1178.62255859375 6127
1751966666874 866.4148559570312 6128
1751966667382 847.3117065429688 6129
1751966667889 612.0114135742188 6130
1751966668397 642.1708374023438 6131
1751966668898 2289.6484375 6132
1751966669409 1542.627197265625 6133
1751966669921 640.781005859375 6134
1751966670437 758.0978393554688 6135
1751966670949 971.2448120117188 6136
1751966671452 705.2057495117188 6137
1751966671966 1205.5277099609375 6138
1751966672478 889.8551025390625 6139
1751966672982 907.9513549804688 6140
1751966673493 1530.0462646484375 6141
1751966673997 734.31591796875 6142
1751966674509 621.9615478515625 6143
1751966675013 941.9213256835938 6144
1751966675527 645.3048706054688 6145
1751966676043 1564.59765625 6146
1751966676554 1013.9607543945312 6147
1751966677058 1289.4544677734375 6148
1751966677568 925.6278686523438 6149
1751966678071 575.8046875 6150
1751966678577 1326.9091796875 6151
1751966679086 1494.0723876953125 6152
1751966679589 1113.4798583984375 6153
1751966680105 1236.494140625 6154
1751966680619 632.5704956054688 6155
1751966681126 1112.295166015625 6156
1751966681634 908.9542236328125 6157
1751966682142 1822.462890625 6158
1751966682648 1206.1707763671875 6159
1751966683157 1195.9588623046875 6160
1751966683662 910.8937377929688 6161
1751966684173 1772.7340087890625 6162
1751966684683 944.7000122070312 6163
1751966685185 1140.0283203125 6164
1751966685689 657.7357788085938 6165
1751966686198 2400.76904296875 6166
1751966686702 903.6856689453125 6167
1751966687218 681.5259399414062 6168
1751966687727 2796.941162109375 6169
1751966688234 784.870849609375 6170
1751966688735 1227.6055908203125 6171
1751966689239 1613.5296630859375 6172
1751966689747 1166.39990234375 6173
1751966690254 736.2966918945312 6174
1751966690758 703.7819213867188 6175
1751966691278 1034.6868896484375 6176
1751966691785 721.1661987304688 6177
1751966692299 1237.3702392578125 6178
1751966692805 896.3052978515625 6179
1751966693308 751.66748046875 6180
1751966693812 1107.046142578125 6181
1751966694312 1083.596435546875 6182
1751966694819 1409.50537109375 6183
1751966695322 1173.220947265625 6184
1751966695829 1478.2711181640625 6185
1751966696342 703.0550537109375 6186
1751966696843 1154.8367919921875 6187
1751966697353 1538.5592041015625 6188
1751966697855 1434.423828125 6189
1751966698359 3432.01806640625 6190
1751966698870 1036.7703857421875 6191
1751966699373 1778.361572265625 6192
1751966699876 1384.072021484375 6193
1751966700393 1232.9276123046875 6194
1751966700908 829.8424072265625 6195
1751966701416 1012.8951416015625 6196
1751966701929 1096.736572265625 6197
1751966702431 1053.149169921875 6198
1751966702940 1194.7984619140625 6199
1751966703447 887.4314575195312 6200
1751966703953 828.8757934570312 6201
1751966704840 694.4649658203125 6202
1751966705341 890.5442504882812 6203
1751966705845 1245.2132568359375 6204
1751966706350 874.6964111328125 6205
1751966706851 1277.51708984375 6206
1751966707353 1195.5804443359375 6207
1751966707860 2081.13134765625 6208
1751966708368 1162.0400390625 6209
1751966708883 1010.7501831054688 6210
1751966709389 1285.289306640625 6211
1751966709893 782.5451049804688 6212
1751966710396 1137.6785888671875 6213
1751966710905 862.0003051757812 6214
1751966711418 2177.272216796875 6215
1751966711920 658.2402954101562 6216
1751966712424 615.4592895507812 6217
1751966712928 727.9927978515625 6218
1751966713441 916.80859375 6219
1751966713945 1247.1556396484375 6220
1751966714455 1078.640625 6221
1751966714965 626.8131103515625 6222
1751966715471 2167.064453125 6223
1751966715975 559.4215698242188 6224
1751966716485 989.6561889648438 6225
1751966716992 738.6712036132812 6226
1751966717502 996.4685668945312 6227
1751966718010 944.5105590820312 6228
1751966718522 939.9745483398438 6229
1751966719039 993.3541870117188 6230
1751966719551 880.1879272460938 6231
1751966720055 801.6320190429688 6232
1751966720569 1184.1571044921875 6233
1751966721075 908.0146484375 6234
1751966721584 1380.0003662109375 6235
1751966722090 1407.3048095703125 6236
1751966722598 833.6228637695312 6237
1751966723103 1166.9339599609375 6238
1751966723609 791.181640625 6239
1751966724115 1429.7890625 6240
1751966724619 1047.6898193359375 6241
1751966725125 1140.0423583984375 6242
1751966725636 965.8795166015625 6243
1751966726140 839.0678100585938 6244
1751966726649 969.6394653320312 6245
1751966727157 915.9384765625 6246
1751966727661 1046.9500732421875 6247
1751966728165 791.9010620117188 6248
1751966728673 1148.430908203125 6249
1751966729181 697.8358154296875 6250
1751966729688 1217.1953125 6251
1751966730200 1021.0873413085938 6252
1751966730710 780.64990234375 6253
1751966731222 1422.0631103515625 6254
1751966731730 818.6925659179688 6255
1751966732238 870.87255859375 6256
1751966732740 894.7060546875 6257
1751966733240 1412.6363525390625 6258
1751966733748 1383.9029541015625 6259
1751966734256 1083.767333984375 6260
1751966734767 636.5211791992188 6261
1751966735271 613.8795776367188 6262
1751966735786 1137.169921875 6263
1751966736292 823.30224609375 6264
1751966736799 1487.592529296875 6265
1751966737305 750.9299926757812 6266
1751966737809 1030.74365234375 6267
1751966738314 610.3318481445312 6268
1751966738819 810.7501831054688 6269
1751966739323 1070.1326904296875 6270
1751966739829 1000.3677978515625 6271
1751966740391 1724.4879150390625 6272
1751966740922 1853.1148681640625 6273
1751966741483 806.7288208007812 6274
1751966742072 1678.6488037109375 6275
1751966742634 883.5758056640625 6276
1751966743140 881.5640869140625 6277
1751966743697 697.7826538085938 6278
1751966744267 1185.204345703125 6279
1751966746285 1298.2786865234375 6280
1751966746792 770.0316162109375 6281
1751966747302 916.65234375 6282
1751966747808 872.9696655273438 6283
1751966748311 1071.0899658203125 6284
1751966748815 818.4888916015625 6285
1751966749323 561.7557373046875 6286
1751966749829 1284.1396484375 6287
1751966750338 800.70263671875 6288
1751966750845 911.1067504882812 6289
1751966751359 851.4387817382812 6290
1751966751864 1600.4307861328125 6291
1751966752369 1132.3526611328125 6292
1751966752873 794.03125 6293
1751966753382 928.8644409179688 6294
1751966753888 947.00390625 6295
1751966754399 1210.0416259765625 6296
1751966754908 1012.5093994140625 6297
1751966755423 1312.8109130859375 6298
1751966755927 871.5427856445312 6299
1751966756440 793.1419067382812 6300
1751966756953 653.9322509765625 6301
1751966757867 2060.914794921875 6302
1751966758370 1396.1505126953125 6303
1751966758872 1435.2630615234375 6304
1751966759376 1417.9764404296875 6305
1751966759877 723.5128784179688 6306
1751966760406 1051.6092529296875 6307
1751966760937 1405.50390625 6308
1751966761450 854.2882690429688 6309
1751966761951 2408.22119140625 6310
1751966762454 686.669189453125 6311
1751966762958 999.2113647460938 6312
1751966763459 2277.198974609375 6313
1751966763961 870.6209106445312 6314
1751966764464 1080.3123779296875 6315
1751966764967 843.56640625 6316
1751966765470 1086.992431640625 6317
1751966765973 979.873046875 6318
1751966766492 631.3095092773438 6319
1751966767005 1164.2757568359375 6320
1751966767512 1200.9593505859375 6321
1751966768020 1676.8411865234375 6322
1751966768524 768.0026245117188 6323
1751966769024 867.55615234375 6324
1751966769529 1361.337158203125 6325
1751966770032 1114.6717529296875 6326
1751966770533 1995.451416015625 6327
1751966771037 674.5513916015625 6328
1751966771542 1358.7987060546875 6329
1751966772044 977.142578125 6330
1751966772547 1158.69384765625 6331
1751966773049 756.6425170898438 6332
1751966773552 1294.3421630859375 6333
1751966774055 1327.1072998046875 6334
1751966774561 2818.321044921875 6335
1751966775064 941.38134765625 6336
1751966775568 611.8140869140625 6337
1751966776070 933.9659423828125 6338
1751966776573 662.6547241210938 6339
1751966777075 668.4176025390625 6340
1751966777585 1252.0780029296875 6341
1751966778090 806.6571655273438 6342
1751966778594 792.27783203125 6343
1751966779097 965.5311889648438 6344
1751966779599 610.7744140625 6345
1751966780103 487.0078125 6346
1751966780603 1684.575439453125 6347
1751966781103 1037.9349365234375 6348
1751966781607 1325.9453125 6349
1751966782111 887.2875366210938 6350
1751966782622 1296.248046875 6351
1751966783127 1879.3583984375 6352
1751966783632 1755.087158203125 6353
1751966784136 863.3583984375 6354
1751966784645 2457.612548828125 6355
1751966785152 1009.2824096679688 6356
1751966785657 1376.975830078125 6357
1751966786170 608.8786010742188 6358
1751966786673 1095.146728515625 6359
1751966787187 2098.02685546875 6360
1751966787700 904.9435424804688 6361
1751966788201 2840.39306640625 6362
1751966788708 828.0626831054688 6363
1751966789211 962.8956909179688 6364
1751966789721 593.7800903320312 6365
1751966790226 747.8387451171875 6366
1751966790731 1121.3427734375 6367
1751966791239 790.9835205078125 6368
1751966791742 1473.9808349609375 6369
1751966792258 889.2433471679688 6370
1751966792767 1514.1474609375 6371
1751966793276 700.1402587890625 6372
1751966793788 1937.802734375 6373
1751966794298 1195.021484375 6374
1751966794802 916.2487182617188 6375
1751966795317 1372.5482177734375 6376
1751966795817 1067.0067138671875 6377
1751966796328 1291.4986572265625 6378
1751966796845 938.501953125 6379
1751966797352 1136.9302978515625 6380
1751966797868 834.3388671875 6381
1751966798387 2419.8828125 6382
1751966798904 822.7852783203125 6383
1751966799413 935.6695556640625 6384
1751966799916 1607.7811279296875 6385
1751966800425 848.8988647460938 6386
1751966800931 939.6433715820312 6387
1751966801446 966.7732543945312 6388
1751966801952 1149.6103515625 6389
1751966802460 1531.6959228515625 6390
1751966802978 1240.9080810546875 6391
1751966803492 1579.6005859375 6392
1751966804004 1398.4217529296875 6393
1751966804511 954.00048828125 6394
1751966805025 983.3310546875 6395
1751966805532 683.2683715820312 6396
1751966806040 1377.5762939453125 6397
1751966806546 1000.3551025390625 6398
1751966807052 626.2513427734375 6399
1751966807560 1503.4375 6400
1751966808064 1308.531005859375 6401
1751966808987 654.0245971679688 6402
1751966809498 978.3978881835938 6403
1751966810001 733.2036743164062 6404
1751966810504 1243.0267333984375 6405
1751966811011 783.4613647460938 6406
1751966811521 612.42919921875 6407
1751966812032 581.4345092773438 6408
1751966812538 590.548828125 6409
1751966813049 691.7066040039062 6410
1751966813555 1198.2626953125 6411
1751966814072 693.8746337890625 6412
1751966814576 876.7831420898438 6413
1751966815082 927.1574096679688 6414
1751966815588 692.3878173828125 6415
1751966816092 811.3733520507812 6416
1751966816594 819.9782104492188 6417
1751966817099 544.9158325195312 6418
1751966817609 1694.974609375 6419
1751966818124 802.01806640625 6420
1751966818634 1322.859375 6421
1751966819142 1466.11962890625 6422
1751966819650 939.61181640625 6423
1751966820165 786.2340087890625 6424
1751966820679 787.7349853515625 6425
1751966821196 1100.2708740234375 6426
1751966821703 911.8701171875 6427
1751966822205 765.7084350585938 6428
1751966822718 918.4771728515625 6429
1751966823228 715.9931030273438 6430
1751966823737 1626.1588134765625 6431
1751966824251 1513.318115234375 6432
1751966824764 1695.935546875 6433
1751966825270 704.9759521484375 6434
1751966825780 1150.75390625 6435
1751966826288 763.6062622070312 6436
1751966826795 1542.5565185546875 6437
1751966827304 889.4797973632812 6438
1751966827811 643.4304809570312 6439
1751966828314 1828.7242431640625 6440
1751966828817 999.99462890625 6441
1751966829319 823.8734741210938 6442
1751966829825 575.6192016601562 6443
1751966830333 784.0888671875 6444
1751966830845 947.2182006835938 6445
1751966831366 918.4168090820312 6446
1751966831869 934.8800048828125 6447
1751966832372 1112.4102783203125 6448
1751966832876 787.4022827148438 6449
1751966833378 674.9076538085938 6450
1751966833884 1749.4476318359375 6451
1751966834391 1021.9889526367188 6452
1751966834901 620.9520874023438 6453
1751966835408 980.2398681640625 6454
1751966835914 629.9473876953125 6455
1751966836418 1537.7901611328125 6456
1751966836925 967.8191528320312 6457
1751966837437 1010.203125 6458
1751966837949 634.6192626953125 6459
1751966838454 1096.5810546875 6460
1751966838971 1364.549560546875 6461
1751966839475 580.8563232421875 6462
1751966839980 2452.877685546875 6463
1751966840491 924.0712890625 6464
1751966840999 1218.109375 6465
1751966841507 714.6060180664062 6466
1751966842012 973.9249877929688 6467
1751966842519 522.6534423828125 6468
1751966843027 1083.9813232421875 6469
1751966843535 1045.12939453125 6470
1751966844041 954.98291015625 6471
1751966844543 1112.7880859375 6472
1751966845049 999.7448120117188 6473
1751966845562 1141.065673828125 6474
1751966846069 1040.438720703125 6475
1751966846573 784.31103515625 6476
1751966847080 1624.0987548828125 6477
1751966847582 1650.995361328125 6478
1751966848088 1366.8121337890625 6479
1751966848593 1722.29296875 6480
1751966849097 749.5602416992188 6481
1751966849599 1055.71923828125 6482
1751966850104 2547.834716796875 6483
1751966850611 1733.0111083984375 6484
1751966851119 869.1051025390625 6485
1751966851622 849.4675903320312 6486
1751966852128 962.9220581054688 6487
1751966852633 731.1070556640625 6488
1751966853145 683.897705078125 6489
1751966853657 631.30419921875 6490
1751966854171 1317.1409912109375 6491
1751966854684 1235.2122802734375 6492
1751966855195 902.1407470703125 6493
1751966855702 2149.119873046875 6494
1751966856206 1046.3504638671875 6495
1751966856715 1068.2310791015625 6496
1751966857227 659.1822509765625 6497
1751966857735 1048.08203125 6498
1751966858241 827.0066528320312 6499
1751966858751 1223.5164794921875 6500
1751966859253 1155.1207275390625 6501
1751966860174 985.9568481445312 6502
1751966860684 1129.013916015625 6503
1751966861193 636.99560546875 6504
1751966861695 772.8021240234375 6505
1751966862213 956.3103637695312 6506
1751966862715 1300.692626953125 6507
1751966863218 637.0621948242188 6508
1751966863726 934.4860229492188 6509
1751966864229 930.7849731445312 6510
1751966864733 688.5529174804688 6511
1751966865243 550.3746948242188 6512
1751966865758 1497.0794677734375 6513
1751966866270 1220.9158935546875 6514
1751966866773 1351.0794677734375 6515
1751966867276 897.2892456054688 6516
1751966867779 1180.976318359375 6517
1751966868282 1343.921875 6518
1751966868787 986.1041259765625 6519
1751966869289 861.3123168945312 6520
1751966869793 830.51220703125 6521
1751966870299 1098.2119140625 6522
1751966870803 869.3726806640625 6523
1751966871307 1523.5731201171875 6524
1751966871810 984.9742431640625 6525
1751966872314 856.8556518554688 6526
1751966872817 1667.314697265625 6527
1751966873319 1243.7308349609375 6528
1751966873824 1068.01171875 6529
1751966874329 1168.77685546875 6530
1751966874830 656.7968139648438 6531
1751966875333 666.0155639648438 6532
1751966875837 547.3203125 6533
1751966876341 1342.1827392578125 6534
1751966876845 1412.995361328125 6535
1751966877347 1847.7427978515625 6536
1751966877851 1536.200439453125 6537
1751966878355 884.869140625 6538
1751966878864 736.3951416015625 6539
1751966879367 642.6139526367188 6540
1751966879870 1146.94091796875 6541
1751966880380 747.5665283203125 6542
1751966880894 981.7750854492188 6543
1751966881398 822.1686401367188 6544
1751966881904 906.056640625 6545
1751966882407 1083.7928466796875 6546
1751966882910 857.4517822265625 6547
1751966883414 1491.9564208984375 6548
1751966883920 719.1171264648438 6549
1751966884422 695.1394653320312 6550
1751966884924 1650.5335693359375 6551
1751966885429 966.5687866210938 6552
1751966885933 1228.6566162109375 6553
1751966886438 1018.2822265625 6554
1751966886941 2928.901611328125 6555
1751966887445 2632.783935546875 6556
1751966887949 1452.2086181640625 6557
1751966888451 1504.4208984375 6558
1751966888958 1523.513427734375 6559
1751966889460 1247.7333984375 6560
1751966889966 1241.7135009765625 6561
1751966890469 843.9814453125 6562
1751966890974 904.3822631835938 6563
1751966891476 2008.698486328125 6564
1751966891980 2325.268310546875 6565
1751966892483 1304.4271240234375 6566
1751966892987 921.1686401367188 6567
1751966893490 885.02001953125 6568
1751966893999 807.43798828125 6569
1751966894503 925.34814453125 6570
1751966895007 1377.7386474609375 6571
1751966895514 1353.23779296875 6572
1751966896018 2434.734375 6573
1751966896521 1270.2899169921875 6574
1751966897023 1737.14453125 6575
1751966897528 1094.105712890625 6576
1751966898038 978.6317749023438 6577
1751966898552 1174.7138671875 6578
1751966899064 2052.515380859375 6579
1751966899571 914.6652221679688 6580
1751966900078 1111.9539794921875 6581
1751966900584 843.9242553710938 6582
1751966901087 765.82177734375 6583
1751966901598 2788.829833984375 6584
1751966902109 994.2179565429688 6585
1751966902623 2124.37548828125 6586
1751966903138 1001.1615600585938 6587
1751966903641 3440.272705078125 6588
1751966904144 1571.6954345703125 6589
1751966904654 2229.6640625 6590
1751966905162 1639.459228515625 6591
1751966905668 1009.9177856445312 6592
1751966906175 848.5919799804688 6593
1751966906679 1257.307373046875 6594
1751966907182 870.7398681640625 6595
1751966907691 1268.3394775390625 6596
1751966908203 1174.431884765625 6597
1751966908712 740.8455200195312 6598
1751966909215 1162.3489990234375 6599
1751966909720 1093.490234375 6600
1751966910228 1149.6009521484375 6601
1751966911137 1517.0570068359375 6602
1751966911641 603.9346923828125 6603
1751966912143 966.1060791015625 6604
1751966912646 602.0021362304688 6605
1751966913146 719.1954345703125 6606
1751966913650 1712.7244873046875 6607
1751966914156 1557.7828369140625 6608
1751966914661 1080.0672607421875 6609
1751966915165 820.8097534179688 6610
1751966915666 1895.387939453125 6611
1751966916181 1881.6793212890625 6612
1751966916685 964.1740112304688 6613
1751966917189 983.8590087890625 6614
1751966917693 1347.00439453125 6615
1751966918211 1085.3648681640625 6616
1751966918715 1057.71240234375 6617
1751966919219 721.060546875 6618
1751966919722 882.6148681640625 6619
1751966920230 1439.8092041015625 6620
1751966920738 1521.776611328125 6621
1751966921244 1185.708984375 6622
1751966921748 649.8157348632812 6623
1751966922259 965.2471923828125 6624
1751966922766 1017.658203125 6625
1751966923272 732.0402221679688 6626
1751966923781 953.9854736328125 6627
1751966924285 1745.9085693359375 6628
1751966924788 1288.506591796875 6629
1751966925290 1024.98681640625 6630
1751966925801 945.0956420898438 6631
1751966926306 1192.0679931640625 6632
1751966926816 1607.6322021484375 6633
1751966927320 1260.6929931640625 6634
1751966927823 2687.206298828125 6635
1751966928332 735.0623168945312 6636
1751966928834 813.1998901367188 6637
1751966929338 849.7982788085938 6638
1751966929840 746.5156860351562 6639
1751966930350 962.0919799804688 6640
1751966930854 1098.0081787109375 6641
1751966931369 1460.599365234375 6642
1751966931879 1363.4339599609375 6643
1751966932383 903.3886108398438 6644
1751966932894 1315.010009765625 6645
1751966933397 1543.324951171875 6646
1751966933908 2207.689208984375 6647
1751966934411 1908.767822265625 6648
1751966934927 1355.6170654296875 6649
1751966935438 1012.4236450195312 6650
1751966935945 924.9649658203125 6651
1751966936451 951.0258178710938 6652
1751966936960 729.4450073242188 6653
1751966937471 681.3363647460938 6654
1751966937977 724.8004150390625 6655
1751966938482 1310.74658203125 6656
1751966938994 952.0613403320312 6657
1751966939502 1061.1614990234375 6658
1751966940008 739.6986083984375 6659
1751966940530 991.7431030273438 6660
1751966941038 728.5380249023438 6661
1751966941544 893.3859252929688 6662
1751966942047 960.8840942382812 6663
1751966942555 633.5097045898438 6664
1751966943061 1134.863525390625 6665
1751966943569 1030.3033447265625 6666
1751966944081 746.4774780273438 6667
1751966944582 833.3572387695312 6668
1751966945084 876.5382690429688 6669
1751966945584 1202.74658203125 6670
1751966946091 1172.43896484375 6671
1751966946593 652.3544311523438 6672
1751966947097 819.7443237304688 6673
1751966947600 759.589599609375 6674
1751966948102 748.3963012695312 6675
1751966948602 1074.05126953125 6676
1751966949103 1050.7947998046875 6677
1751966949608 1614.6141357421875 6678
1751966950123 817.6746215820312 6679
1751966950631 591.2584228515625 6680
1751966951138 1883.1761474609375 6681
1751966951641 791.5209350585938 6682
1751966952147 1122.943359375 6683
1751966952658 1179.4996337890625 6684
1751966953167 661.2252197265625 6685
1751966953671 816.9216918945312 6686
1751966954180 1455.4149169921875 6687
1751966954688 1148.9044189453125 6688
1751966955190 933.1642456054688 6689
1751966955698 843.51806640625 6690
1751966956201 1140.9859619140625 6691
1751966956702 1542.7557373046875 6692
1751966957220 555.1073608398438 6693
1751966957725 751.4091796875 6694
1751966958229 1361.712890625 6695
1751966958738 784.2734985351562 6696
1751966959250 1423.6708984375 6697
1751966959752 1453.6785888671875 6698
1751966960257 593.9117431640625 6699
1751966960765 1003.1759643554688 6700
1751966961271 1064.0191650390625 6701
1751966962179 1319.3389892578125 6702
1751966962681 630.5584716796875 6703
1751966963197 676.3718872070312 6704
1751966963710 874.8414916992188 6705
1751966964221 1103.1290283203125 6706
1751966964727 781.509765625 6707
1751966965228 623.2932739257812 6708
1751966965736 867.4342041015625 6709
1751966966242 512.48388671875 6710
1751966966747 1282.517822265625 6711
1751966967251 1087.7479248046875 6712
1751966967759 946.3828125 6713
1751966968264 1421.8363037109375 6714
1751966968779 874.4923706054688 6715
1751966969284 1000.8663940429688 6716
1751966969788 709.8043212890625 6717
1751966970292 724.4322509765625 6718
1751966970794 879.3156127929688 6719
1751966971305 890.5029296875 6720
1751966971807 1375.4404296875 6721
1751966972317 572.3451538085938 6722
1751966972820 890.7633056640625 6723
1751966973326 1556.059814453125 6724
1751966973836 825.1469116210938 6725
1751966974338 765.0831298828125 6726
1751966974844 630.9585571289062 6727
1751966975349 3029.826171875 6728
1751966975851 598.8085327148438 6729
1751966976356 1605.8319091796875 6730
1751966976858 1320.3607177734375 6731
1751966977360 718.570556640625 6732
1751966977864 835.0611572265625 6733
1751966978377 776.0262451171875 6734
1751966978885 663.4932861328125 6735
1751966979389 1489.2178955078125 6736
1751966979896 897.8959350585938 6737
1751966980400 717.1572265625 6738
1751966980903 2134.170654296875 6739
1751966981407 1972.308837890625 6740
1751966981909 1640.0150146484375 6741
1751966982411 1392.6376953125 6742
1751966982915 1053.7427978515625 6743
1751966983418 820.6712036132812 6744
1751966983933 806.3125610351562 6745
1751966984439 747.8982543945312 6746
1751966984941 1445.15234375 6747
1751966985453 955.5217895507812 6748
1751966985961 1235.0950927734375 6749
1751966986467 582.8768920898438 6750
1751966986977 904.0330200195312 6751
1751966987480 1224.68994140625 6752
1751966987984 785.7780151367188 6753
1751966988486 742.8538208007812 6754
1751966988998 1057.0316162109375 6755
1751966989502 782.8250122070312 6756
1751966990007 720.1851806640625 6757
1751966990508 1849.658203125 6758
1751966991011 1081.3382568359375 6759
1751966991513 1186.1890869140625 6760
1751966992016 1158.005126953125 6761
1751966992519 2384.315673828125 6762
1751966993022 1984.174072265625 6763
1751966993524 916.3739624023438 6764
1751966994031 632.632568359375 6765
1751966994535 786.0285034179688 6766
1751966995038 1566.0556640625 6767
1751966995541 1233.5347900390625 6768
1751966996045 1195.9598388671875 6769
1751966996549 718.43994140625 6770
1751966997051 646.18212890625 6771
1751966997555 1108.0704345703125 6772
1751966998058 1424.1617431640625 6773
1751966998565 1776.7242431640625 6774
1751966999070 1399.708984375 6775
1751966999573 603.9108276367188 6776
1751967000081 696.7883911132812 6777
1751967000594 1092.59326171875 6778
1751967001103 606.1349487304688 6779
1751967001606 1289.2508544921875 6780
1751967002108 972.7581176757812 6781
1751967002612 988.5114135742188 6782
1751967003115 945.7562866210938 6783
1751967003616 1128.66552734375 6784
1751967004125 605.85302734375 6785
1751967004630 1075.93798828125 6786
1751967005133 961.15283203125 6787
1751967005636 1340.431884765625 6788
1751967006140 1300.721923828125 6789
1751967006643 748.4237060546875 6790
1751967007145 686.0771484375 6791
1751967007648 1338.8677978515625 6792
1751967008150 1202.29736328125 6793
1751967008651 706.9902954101562 6794
1751967009171 702.4186401367188 6795
1751967009672 1798.01171875 6796
1751967010178 822.78857421875 6797
1751967010681 910.8790283203125 6798
1751967011183 1787.8046875 6799
1751967011685 827.0559692382812 6800
1751967012188 676.0281372070312 6801
1751967013092 853.1476440429688 6802
1751967013596 763.5720825195312 6803
1751967014101 1404.6859130859375 6804
1751967014604 1058.1234130859375 6805
1751967015108 890.0787353515625 6806
1751967015610 1684.249267578125 6807
1751967016112 2304.46337890625 6808
1751967016617 909.2800903320312 6809
1751967017119 1498.2010498046875 6810
1751967017628 820.2423706054688 6811
1751967018131 934.47265625 6812
1751967018634 964.97607421875 6813
1751967019157 1144.0164794921875 6814
1751967019659 1133.125244140625 6815
1751967020160 1065.9822998046875 6816
1751967020676 656.4017944335938 6817
1751967021182 1459.353515625 6818
1751967021689 1508.7291259765625 6819
1751967022201 624.3191528320312 6820
1751967022715 682.2042846679688 6821
1751967023222 1579.4903564453125 6822
1751967023728 1166.5513916015625 6823
1751967024235 724.7167358398438 6824
1751967024739 629.169921875 6825
1751967025254 685.8767700195312 6826
1751967025757 987.3834838867188 6827
1751967026261 1124.60009765625 6828
1751967026764 852.0439453125 6829
1751967027276 1506.9443359375 6830
1751967027779 1331.431884765625 6831
1751967028290 776.3219604492188 6832
1751967028795 684.5808715820312 6833
1751967029302 1391.452392578125 6834
1751967029806 793.6085815429688 6835
1751967030314 909.9449462890625 6836
1751967030823 801.317138671875 6837
1751967031332 2136.907958984375 6838
1751967031836 875.7201538085938 6839
1751967032338 790.1890258789062 6840
1751967032841 831.91015625 6841
1751967033352 712.8444213867188 6842
1751967033868 1079.6903076171875 6843
1751967034373 1818.7685546875 6844
1751967034883 735.1923217773438 6845
1751967035392 560.9739990234375 6846
1751967035895 844.9830322265625 6847
1751967036399 1240.1551513671875 6848
1751967036904 1094.1920166015625 6849
1751967037408 901.5170288085938 6850
1751967037910 1238.689697265625 6851
1751967038428 2414.787109375 6852
1751967038936 938.4000854492188 6853
1751967039448 722.9439697265625 6854
1751967039953 1555.6826171875 6855
1751967040458 677.330322265625 6856
1751967040962 2391.209716796875 6857
1751967041473 603.3607788085938 6858
1751967041983 912.7765502929688 6859
1751967042485 1275.61767578125 6860
1751967042988 1069.3013916015625 6861
1751967043491 970.6261596679688 6862
1751967043997 819.9129028320312 6863
1751967044514 1102.4246826171875 6864
1751967045017 788.6307373046875 6865
1751967045518 885.0818481445312 6866
1751967046030 974.3662109375 6867
1751967046533 1002.7689819335938 6868
1751967047040 1245.4842529296875 6869
1751967047545 1473.2593994140625 6870
1751967048051 813.8250732421875 6871
1751967048553 695.4933471679688 6872
1751967049062 703.5845947265625 6873
1751967049565 1013.9127197265625 6874
1751967050068 901.2267456054688 6875
1751967050572 799.2159423828125 6876
1751967051081 1563.980712890625 6877
1751967051592 1128.35888671875 6878
1751967052103 997.0361328125 6879
1751967052604 1232.553955078125 6880
1751967053106 748.5372924804688 6881
1751967053613 931.5451049804688 6882
1751967054125 532.7883911132812 6883
1751967054629 1616.21630859375 6884
1751967055134 2121.186279296875 6885
1751967055644 1250.9830322265625 6886
1751967056153 741.3787231445312 6887
1751967056664 731.6805419921875 6888
1751967057164 1145.697265625 6889
1751967057668 1066.9224853515625 6890
1751967058175 1213.579345703125 6891
1751967058691 633.9169311523438 6892
1751967059208 1539.586181640625 6893
1751967059710 822.3504028320312 6894
1751967060218 1280.3441162109375 6895
1751967060744 1131.52734375 6896
1751967061256 775.0796508789062 6897
1751967061770 720.9993286132812 6898
1751967062272 1149.9007568359375 6899
1751967062781 747.8179931640625 6900
1751967063287 827.8994140625 6901
1751967064207 1912.4674072265625 6902
1751967064709 1880.100830078125 6903
1751967065211 594.2352905273438 6904
1751967065717 761.3211669921875 6905
1751967066226 1679.4859619140625 6906
1751967066730 1024.6988525390625 6907
1751967067238 588.4331665039062 6908
1751967067750 989.9552612304688 6909
1751967068257 945.2701416015625 6910
1751967068767 929.5138549804688 6911
1751967069282 590.9514770507812 6912
1751967069788 499.45001220703125 6913
1751967070298 1073.725830078125 6914
1751967070813 1147.46826171875 6915
1751967071329 875.6390991210938 6916
1751967071834 2118.59130859375 6917
1751967072339 755.6885986328125 6918
1751967072840 553.2823486328125 6919
1751967073342 734.2335205078125 6920
1751967073846 791.0203247070312 6921
1751967074349 679.4088745117188 6922
1751967074856 2343.946044921875 6923
1751967075357 1060.0938720703125 6924
1751967075867 1147.372802734375 6925
1751967076378 1956.9195556640625 6926
1751967076881 2475.9580078125 6927
1751967077385 1244.5245361328125 6928
1751967077896 1238.9111328125 6929
1751967078403 1031.7742919921875 6930
1751967078908 863.8101806640625 6931
1751967079413 1569.0501708984375 6932
1751967079914 1007.0687866210938 6933
1751967080416 1220.8470458984375 6934
1751967080917 1467.6195068359375 6935
1751967081427 1166.5616455078125 6936
1751967081930 578.15625 6937
1751967082436 866.6689453125 6938
1751967082941 526.6583862304688 6939
1751967083455 1257.12451171875 6940
1751967083968 1488.0560302734375 6941
1751967084481 1663.017578125 6942
1751967084983 1363.7078857421875 6943
1751967085491 1416.3509521484375 6944
1751967085999 1271.3094482421875 6945
1751967086504 1411.5184326171875 6946
1751967087009 1410.4705810546875 6947
1751967087517 1931.935791015625 6948
1751967088024 1321.5538330078125 6949
1751967088526 1482.612548828125 6950
1751967089039 730.5781860351562 6951
1751967089543 1111.9578857421875 6952
1751967090052 983.8267822265625 6953
1751967090564 1428.7742919921875 6954
1751967091071 1351.0560302734375 6955
1751967091571 964.3705444335938 6956
1751967092083 835.97900390625 6957
1751967092586 876.7853393554688 6958
1751967093092 806.56494140625 6959
1751967093594 1430.8525390625 6960
1751967094099 1013.1857299804688 6961
1751967094604 735.0885009765625 6962
1751967095123 1563.4114990234375 6963
1751967095636 1333.1756591796875 6964
1751967096144 609.76220703125 6965
1751967096656 1027.9842529296875 6966
1751967097159 1040.5430908203125 6967
1751967097677 855.8424682617188 6968
1751967098181 1922.6038818359375 6969
1751967098685 991.2933959960938 6970
1751967099189 1091.6015625 6971
1751967099706 1371.0361328125 6972
1751967100208 637.1515502929688 6973
1751967100719 498.9443359375 6974
1751967101223 1209.3046875 6975
1751967101726 709.38134765625 6976
1751967102230 1055.9603271484375 6977
1751967102741 975.3014526367188 6978
1751967103257 774.2105712890625 6979
1751967103761 962.3313598632812 6980
1751967104268 942.0554809570312 6981
1751967104778 1517.9803466796875 6982
1751967105285 700.1049194335938 6983
1751967105792 1172.3489990234375 6984
1751967106295 985.8972778320312 6985
1751967106796 1111.9573974609375 6986
1751967107298 791.1400146484375 6987
1751967107804 679.6578369140625 6988
1751967108308 688.2755126953125 6989
1751967108809 1575.2969970703125 6990
1751967109317 1782.2535400390625 6991
1751967109821 1046.1767578125 6992
1751967110324 869.8831176757812 6993
1751967110831 875.03076171875 6994
1751967111334 841.1607666015625 6995
1751967111836 1104.7008056640625 6996
1751967112340 637.2587280273438 6997
1751967112843 442.9444274902344 6998
1751967113345 880.19482421875 6999
1751967113847 916.1907348632812 7000
1751967114351 827.7713012695312 7001
1751967115252 1813.4373779296875 7002
1751967115761 1175.5869140625 7003
1751967116261 618.4120483398438 7004
1751967116763 1167.2230224609375 7005
1751967117268 1430.2830810546875 7006
1751967117771 1505.58203125 7007
1751967118284 889.0595703125 7008
1751967118785 1823.052978515625 7009
1751967119378 1333.1025390625 7010
1751967119884 1016.5856323242188 7011
1751967120395 797.134033203125 7012
1751967120909 673.2232666015625 7013
1751967121412 1347.783203125 7014
1751967121914 1405.1802978515625 7015
1751967122417 753.0204467773438 7016
1751967122920 821.1160278320312 7017
1751967123421 662.4281616210938 7018
1751967123925 1048.7431640625 7019
1751967124428 1620.171875 7020
1751967124933 1201.1246337890625 7021
1751967125434 1132.7320556640625 7022
1751967125941 805.53369140625 7023
1751967126444 948.0455322265625 7024
1751967126948 2123.6845703125 7025
1751967127451 1408.9373779296875 7026
1751967127954 1369.9912109375 7027
1751967128457 983.8036499023438 7028
1751967128961 930.859375 7029
1751967129464 1483.8817138671875 7030
1751967129969 698.3212280273438 7031
1751967130474 774.3179321289062 7032
1751967130982 1436.7265625 7033
1751967131483 1148.9488525390625 7034
1751967131986 952.8432006835938 7035
1751967132487 1061.8992919921875 7036
1751967132988 922.9290161132812 7037
1751967133493 1260.4373779296875 7038
1751967133995 690.7240600585938 7039
1751967134498 1114.136474609375 7040
1751967135001 1870.8782958984375 7041
1751967135503 898.7416381835938 7042
1751967136017 1141.101806640625 7043
1751967136520 1616.824951171875 7044
1751967137025 1165.7113037109375 7045
1751967137530 1474.35498046875 7046
1751967138035 913.6903686523438 7047
1751967138544 973.6990356445312 7048
1751967139052 975.7088012695312 7049
1751967139565 615.08837890625 7050
1751967140066 561.6144409179688 7051
1751967140568 539.5897827148438 7052
1751967141072 732.9750366210938 7053
1751967141574 681.6782836914062 7054
1751967142086 1030.4739990234375 7055
1751967142587 1163.0535888671875 7056
1751967143097 663.6165161132812 7057
1751967143606 876.3416137695312 7058
1751967144113 1093.8607177734375 7059
1751967144622 1068.494873046875 7060
1751967145126 959.9929809570312 7061
1751967145636 465.4611511230469 7062
1751967146144 932.7119140625 7063
1751967146648 874.423828125 7064
1751967147148 844.0961303710938 7065
1751967147651 1116.2862548828125 7066
1751967148153 1396.9920654296875 7067
1751967148662 1102.6199951171875 7068
1751967149169 1007.7640991210938 7069
1751967149681 670.8689575195312 7070
1751967150189 946.1027221679688 7071
1751967150696 858.24755859375 7072
1751967151206 775.8212280273438 7073
1751967151720 547.8801879882812 7074
1751967152223 1221.1717529296875 7075
1751967152725 624.1527709960938 7076
1751967153228 728.58544921875 7077
1751967153734 1105.8321533203125 7078
1751967154239 830.7066650390625 7079
1751967154751 867.8920288085938 7080
1751967155263 1312.400390625 7081
1751967155771 555.0358276367188 7082
1751967156284 607.2783813476562 7083
1751967156788 747.7443237304688 7084
1751967157290 2820.743896484375 7085
1751967157793 1547.9786376953125 7086
1751967158299 633.11767578125 7087
1751967158809 1019.8385009765625 7088
1751967159317 889.5911254882812 7089
1751967159820 1445.2203369140625 7090
1751967160329 531.2183227539062 7091
1751967160837 1025.6732177734375 7092
1751967161343 1578.6890869140625 7093
1751967161849 961.0482788085938 7094
1751967162353 1504.44921875 7095
1751967162859 549.8489990234375 7096
1751967163369 988.7312622070312 7097
1751967163875 1167.9290771484375 7098
1751967164385 1679.289306640625 7099
1751967164900 601.739990234375 7100
1751967165405 1287.0745849609375 7101
1751967166325 1359.5384521484375 7102
1751967166829 821.4752197265625 7103
1751967167332 1449.30419921875 7104
1751967167838 1911.4730224609375 7105
1751967168356 1769.271728515625 7106
1751967168861 1017.9718627929688 7107
1751967169369 1142.10986328125 7108
1751967169881 799.303955078125 7109
1751967170395 916.6876220703125 7110
1751967170905 1639.513916015625 7111
1751967171413 913.4898681640625 7112
1751967171921 1716.4781494140625 7113
1751967172422 787.7393798828125 7114
1751967172925 1356.7708740234375 7115
1751967173426 1703.4410400390625 7116
1751967173930 1324.12060546875 7117
1751967174434 914.841796875 7118
1751967174936 619.3551635742188 7119
1751967175442 922.3556518554688 7120
1751967175945 1679.6416015625 7121
1751967176449 607.2266235351562 7122
1751967176949 709.514404296875 7123
1751967177461 1015.3125 7124
1751967177979 853.6130981445312 7125
1751967178485 1696.6890869140625 7126
1751967178991 841.7919921875 7127
1751967179498 1138.5240478515625 7128
1751967180004 826.7291259765625 7129
1751967180521 943.5320434570312 7130
1751967181034 611.8515014648438 7131
1751967181540 2433.872802734375 7132
1751967182044 1195.9989013671875 7133
1751967182551 641.81396484375 7134
1751967183063 2206.042236328125 7135
1751967183576 599.5109252929688 7136
1751967184079 961.1641845703125 7137
1751967184587 677.3450317382812 7138
1751967185090 1447.5897216796875 7139
1751967185598 609.11328125 7140
1751967186110 1049.27685546875 7141
1751967186618 613.2094116210938 7142
1751967187135 2289.298583984375 7143
1751967187644 705.9207153320312 7144
1751967188157 1202.3516845703125 7145
1751967188675 1158.884521484375 7146
1751967189188 1179.3719482421875 7147
1751967189699 1071.9613037109375 7148
1751967190201 617.9054565429688 7149
1751967190711 1451.9066162109375 7150
1751967191220 836.8488159179688 7151
1751967191721 1276.7401123046875 7152
1751967192239 785.9158325195312 7153
1751967192741 838.42578125 7154
1751967193248 1625.208740234375 7155
1751967193750 988.5177612304688 7156
1751967194254 1610.9755859375 7157
1751967194764 596.1241455078125 7158
1751967195276 1198.5916748046875 7159
1751967195785 928.8604736328125 7160
1751967196300 1153.8709716796875 7161
1751967196809 848.9512939453125 7162
1751967197319 1571.3453369140625 7163
1751967197831 716.2117309570312 7164
1751967198335 1233.5782470703125 7165
1751967198843 1067.5955810546875 7166
1751967199353 837.6934814453125 7167
1751967199856 598.2506103515625 7168
1751967200357 1217.4896240234375 7169
1751967200865 1189.1092529296875 7170
1751967201375 1297.8831787109375 7171
1751967201881 607.4200439453125 7172
1751967202385 1004.6510009765625 7173
1751967202889 1065.2947998046875 7174
1751967203397 1971.480712890625 7175
1751967203901 657.7965087890625 7176
1751967204407 857.0870971679688 7177
1751967204911 805.0228881835938 7178
1751967205419 759.8038330078125 7179
1751967205923 1693.088134765625 7180
1751967206439 869.2460327148438 7181
1751967206942 739.453857421875 7182
1751967207445 869.96484375 7183
1751967207948 1484.8138427734375 7184
1751967208449 1117.98486328125 7185
1751967208950 959.1910400390625 7186
1751967209449 1577.0804443359375 7187
1751967209954 2181.100341796875 7188
1751967210457 1095.6514892578125 7189
1751967210965 752.744384765625 7190
1751967211471 945.7692260742188 7191
1751967211979 634.9331665039062 7192
1751967212488 698.2041625976562 7193
1751967212994 1206.0169677734375 7194
1751967213498 1726.4691162109375 7195
1751967214009 858.3967895507812 7196
1751967214520 1478.5140380859375 7197
1751967215031 839.4716796875 7198
1751967215540 683.9052124023438 7199
1751967216047 713.2933959960938 7200
1751967216552 1241.1414794921875 7201
1751967217466 1183.7005615234375 7202
1751967217974 700.2646484375 7203
1751967218482 672.3729248046875 7204
1751967218989 742.4841918945312 7205
1751967219494 1240.546630859375 7206
1751967220007 1175.167236328125 7207
1751967220509 2597.49609375 7208
1751967221017 1045.80908203125 7209
1751967221520 990.6861572265625 7210
1751967222032 1442.378173828125 7211
1751967222547 744.9049682617188 7212
1751967223054 811.0693359375 7213
1751967223559 1119.5386962890625 7214
1751967224069 643.6539306640625 7215
1751967224583 715.3441772460938 7216
1751967225082 959.0902709960938 7217
1751967225585 765.30078125 7218
1751967226095 1924.2156982421875 7219
1751967226599 678.7052001953125 7220
1751967227104 667.5297241210938 7221
1751967227608 720.0706176757812 7222
1751967228111 1060.4818115234375 7223
1751967228614 923.134765625 7224
1751967229118 870.2044067382812 7225
1751967229623 973.6199340820312 7226
1751967230126 1078.6824951171875 7227
1751967230629 581.7971801757812 7228
1751967231137 743.6969604492188 7229
1751967231641 658.1298828125 7230
1751967232142 901.1078491210938 7231
1751967232645 549.6151733398438 7232
1751967233147 618.7659301757812 7233
1751967233651 744.0372314453125 7234
1751967234154 1915.207275390625 7235
1751967234658 701.6835327148438 7236
1751967235159 1131.5618896484375 7237
1751967235666 939.8280639648438 7238
1751967236178 1070.3004150390625 7239
1751967236679 796.332275390625 7240
1751967237182 649.9898681640625 7241
1751967237688 574.0794067382812 7242
1751967238189 862.9682006835938 7243
1751967238694 650.6867065429688 7244
1751967239199 959.2709350585938 7245
1751967239701 1189.290283203125 7246
1751967240210 1532.59619140625 7247
1751967240721 509.0828552246094 7248
1751967241227 1045.6756591796875 7249
1751967241728 779.512939453125 7250
1751967242230 641.4061889648438 7251
1751967242746 1107.8714599609375 7252
1751967243247 753.7357788085938 7253
1751967243749 1028.15283203125 7254
1751967244252 1328.0338134765625 7255
1751967244755 796.59814453125 7256
1751967245256 868.6248168945312 7257
1751967245758 987.4976806640625 7258
1751967246267 648.0772094726562 7259
1751967246772 805.3840942382812 7260
1751967247275 1067.579833984375 7261
1751967247781 837.0517578125 7262
1751967248284 751.7836303710938 7263
1751967248788 645.7418823242188 7264
1751967249289 647.9769897460938 7265
1751967249794 705.4159545898438 7266
1751967250295 705.4501953125 7267
1751967250796 644.93701171875 7268
1751967251305 1046.7254638671875 7269
1751967251808 1027.9854736328125 7270
1751967252311 673.5286254882812 7271
1751967252812 603.31982421875 7272
1751967253315 1261.5408935546875 7273
1751967253817 1053.3192138671875 7274
1751967254322 1076.226806640625 7275
1751967254825 1809.9320068359375 7276
1751967255328 915.2445678710938 7277
1751967255832 730.302978515625 7278
1751967256339 1136.6859130859375 7279
1751967256845 1372.3114013671875 7280
1751967257351 1101.3416748046875 7281
1751967257858 720.8058471679688 7282
1751967258370 851.5895385742188 7283
1751967258875 778.7196655273438 7284
1751967259381 1221.9764404296875 7285
1751967259886 872.7611694335938 7286
1751967260390 944.1946411132812 7287
1751967260900 597.4498901367188 7288
1751967261415 1250.1702880859375 7289
1751967261921 1202.2156982421875 7290
1751967262431 681.2361450195312 7291
1751967262935 809.6686401367188 7292
1751967263443 640.03076171875 7293
1751967263949 911.9039916992188 7294
1751967264453 629.0424194335938 7295
1751967264955 972.3671264648438 7296
1751967265465 646.4223022460938 7297
1751967265971 992.4841918945312 7298
1751967266478 571.9140625 7299
1751967266983 1213.4984130859375 7300
1751967267489 1218.3333740234375 7301
1751967268402 1399.528076171875 7302
1751967268906 915.50927734375 7303
1751967269416 1752.6177978515625 7304
1751967269925 838.259765625 7305
1751967270434 1106.9154052734375 7306
1751967270944 1842.109375 7307
1751967271459 1130.027587890625 7308
1751967271967 1330.9681396484375 7309
1751967272474 793.6127319335938 7310
1751967272977 1185.6834716796875 7311
1751967273482 964.4906616210938 7312
1751967273989 1180.2923583984375 7313
1751967274495 1201.104248046875 7314
1751967275000 829.3118286132812 7315
1751967275504 1271.7926025390625 7316
1751967276005 1157.6416015625 7317
1751967276509 1258.65771484375 7318
1751967277010 850.2748413085938 7319
1751967277513 1592.7698974609375 7320
1751967278017 837.1088256835938 7321
1751967278519 967.1439819335938 7322
1751967279035 979.7966918945312 7323
1751967279543 922.9664306640625 7324
1751967280043 1537.6729736328125 7325
1751967280558 696.3700561523438 7326
1751967281067 791.28369140625 7327
1751967281581 809.0118408203125 7328
1751967282096 662.184326171875 7329
1751967282610 2539.93798828125 7330
1751967283120 971.5281372070312 7331
1751967283632 916.8954467773438 7332
1751967284133 1128.80078125 7333
1751967284638 718.1747436523438 7334
1751967285148 849.869140625 7335
1751967285652 721.3239135742188 7336
1751967286161 657.8181762695312 7337
1751967286665 1471.6297607421875 7338
1751967287170 626.0044555664062 7339
1751967287684 887.7948608398438 7340
1751967288196 936.0012817382812 7341
1751967288701 1094.0992431640625 7342
1751967289209 1007.7236328125 7343
1751967289712 788.9844360351562 7344
1751967290214 1023.62060546875 7345
1751967290726 840.34423828125 7346
1751967291238 1173.0806884765625 7347
1751967291750 728.031005859375 7348
1751967292256 1426.8095703125 7349
1751967292764 2566.856201171875 7350
1751967293273 1543.5533447265625 7351
1751967293779 1165.3980712890625 7352
1751967294282 1151.885009765625 7353
1751967294785 2325.978271484375 7354
1751967295287 1764.3212890625 7355
1751967295793 740.4864501953125 7356
1751967296306 1365.1673583984375 7357
1751967296814 885.8941650390625 7358
1751967297327 616.2645874023438 7359
1751967297834 1545.0809326171875 7360
1751967298338 738.3663330078125 7361
1751967298843 1819.5640869140625 7362
1751967299352 719.0133056640625 7363
1751967299869 1274.818359375 7364
1751967300391 976.9537353515625 7365
1751967300908 659.3562622070312 7366
1751967301417 1066.144287109375 7367
1751967301931 779.7276000976562 7368
1751967302435 1021.7631225585938 7369
1751967302938 1169.9910888671875 7370
1751967303441 712.1212768554688 7371
1751967303944 767.9955444335938 7372
1751967304444 1456.6112060546875 7373
1751967304952 887.7125244140625 7374
1751967305458 1005.7078247070312 7375
1751967305961 1830.7825927734375 7376
1751967306470 779.2400512695312 7377
1751967306977 1114.6468505859375 7378
1751967307479 1058.44482421875 7379
1751967307993 1522.6376953125 7380
1751967308499 1140.7127685546875 7381
1751967309005 1337.3199462890625 7382
1751967309507 1783.1890869140625 7383
1751967310013 1128.9310302734375 7384
1751967310517 2097.273193359375 7385
1751967311019 759.7128295898438 7386
1751967311524 697.1082153320312 7387
1751967312026 1245.3773193359375 7388
1751967312531 1231.3740234375 7389
1751967313033 1018.2074584960938 7390
1751967313535 593.6181030273438 7391
1751967314038 1656.996337890625 7392
1751967314543 1341.378173828125 7393
1751967315047 1129.643310546875 7394
1751967315552 1162.2774658203125 7395
1751967316057 2015.185546875 7396
1751967316561 926.40185546875 7397
1751967317068 855.478515625 7398
1751967317577 1604.6072998046875 7399
1751967318083 687.2416381835938 7400
1751967318583 1153.583740234375 7401
1751967319522 1027.0804443359375 7402
1751967320032 1056.9041748046875 7403
1751967320540 708.5217895507812 7404
1751967321051 943.9678955078125 7405
1751967321563 2089.197265625 7406
1751967322065 991.6210327148438 7407
1751967322568 1541.9500732421875 7408
1751967323071 1212.7386474609375 7409
1751967323573 641.2728271484375 7410
1751967324080 1093.7532958984375 7411
1751967324581 781.2760620117188 7412
1751967325084 908.1748046875 7413
1751967325602 746.9132080078125 7414
1751967326122 911.3392944335938 7415
1751967326626 728.8397827148438 7416
1751967327139 883.9601440429688 7417
1751967327641 1105.1185302734375 7418
1751967328150 652.2467651367188 7419
1751967328659 1124.8153076171875 7420
1751967329165 723.0133666992188 7421
1751967329669 1067.23583984375 7422
1751967330172 1134.101318359375 7423
1751967330675 1396.523681640625 7424
1751967331184 936.5932006835938 7425
1751967331686 825.68359375 7426
1751967332190 1187.2073974609375 7427
1751967332693 2631.311279296875 7428
1751967333196 957.2902221679688 7429
1751967333698 961.8544921875 7430
1751967334212 949.9017944335938 7431
1751967334715 793.6200561523438 7432
1751967335223 1052.140625 7433
1751967335731 1212.307373046875 7434
1751967336236 1065.1781005859375 7435
1751967336742 880.7849731445312 7436
1751967337247 1043.1358642578125 7437
1751967337752 492.4689636230469 7438
1751967338265 938.8935546875 7439
1751967338783 1105.6585693359375 7440
1751967339288 1081.1385498046875 7441
1751967339792 2133.04150390625 7442
1751967340300 900.2437744140625 7443
1751967340803 669.2636108398438 7444
1751967341320 1259.754638671875 7445
1751967341830 696.0164794921875 7446
1751967342335 1648.031494140625 7447
1751967342847 1077.874755859375 7448
1751967343355 541.849609375 7449
1751967343862 1325.2542724609375 7450
1751967344367 731.6508178710938 7451
1751967344878 1019.5070190429688 7452
1751967345392 533.273193359375 7453
1751967345896 1120.1251220703125 7454
1751967346413 537.4056396484375 7455
1751967346918 954.60986328125 7456
1751967347420 939.6249389648438 7457
1751967347922 2137.72705078125 7458
1751967348426 1172.2156982421875 7459
1751967348929 755.5414428710938 7460
1751967349431 672.1246948242188 7461
1751967349932 816.3541259765625 7462
1751967350437 2164.952392578125 7463
1751967350941 1345.7913818359375 7464
1751967351451 830.1099853515625 7465
1751967351959 753.2108764648438 7466
1751967352462 941.1988525390625 7467
1751967352964 1562.9095458984375 7468
1751967353469 1864.020751953125 7469
1751967353974 2134.580078125 7470
1751967354476 1042.986328125 7471
1751967354977 1099.7947998046875 7472
1751967355479 631.0504150390625 7473
1751967355983 627.0836791992188 7474
1751967356494 714.1000366210938 7475
1751967357001 757.3297119140625 7476
1751967357503 584.0238647460938 7477
1751967358009 837.7667236328125 7478
1751967358513 1420.461181640625 7479
1751967359015 1036.2503662109375 7480
1751967359516 1179.7242431640625 7481
1751967360021 999.84033203125 7482
1751967360537 774.1182861328125 7483
1751967361046 1487.135009765625 7484
1751967361555 841.5416259765625 7485
1751967362058 2206.90966796875 7486
1751967362560 854.6363525390625 7487
1751967363062 799.8323974609375 7488
1751967363565 928.04833984375 7489
1751967364067 782.2870483398438 7490
1751967364570 2310.232421875 7491
1751967365073 1092.7449951171875 7492
1751967365575 910.9552001953125 7493
1751967366079 1129.4337158203125 7494
1751967366588 1366.2105712890625 7495
1751967367092 1677.8460693359375 7496
1751967367593 663.7131958007812 7497
1751967368096 932.8302001953125 7498
1751967368598 773.4561767578125 7499
1751967369100 596.9078369140625 7500
1751967369603 914.2621459960938 7501
1751967370642 2207.281494140625 7502
1751967371147 860.9461059570312 7503
1751967371657 716.2474365234375 7504
1751967372160 810.595703125 7505
1751967372662 1704.8892822265625 7506
1751967373168 976.2692260742188 7507
1751967373670 807.5844116210938 7508
1751967374175 2041.3016357421875 7509
1751967374681 1864.680908203125 7510
1751967375185 747.2387084960938 7511
1751967375699 1462.9766845703125 7512
1751967376203 1211.3623046875 7513
1751967376712 1185.8006591796875 7514
1751967377214 799.3681030273438 7515
1751967377727 1547.9559326171875 7516
1751967378235 849.5159301757812 7517
1751967378735 625.0205078125 7518
1751967379243 1375.981689453125 7519
1751967379746 814.7816162109375 7520
1751967380266 846.44189453125 7521
1751967380784 761.0220947265625 7522
1751967381301 715.0875854492188 7523
1751967381820 1142.5784912109375 7524
1751967382332 1224.4019775390625 7525
1751967382835 1413.5487060546875 7526
1751967383337 690.5704956054688 7527
1751967383839 697.292236328125 7528
1751967384358 1447.6629638671875 7529
1751967384867 1277.02783203125 7530
1751967385381 720.143798828125 7531
1751967385897 732.0042724609375 7532
1751967386407 1484.0911865234375 7533
1751967386913 1114.7283935546875 7534
1751967387429 497.07159423828125 7535
1751967387938 521.568115234375 7536
1751967388450 1001.1279296875 7537
1751967388966 894.3733520507812 7538
1751967389474 1043.781005859375 7539
1751967389979 813.3847045898438 7540
1751967390490 1037.6766357421875 7541
1751967390997 1070.4642333984375 7542
1751967391509 900.3029174804688 7543
1751967392015 1132.9417724609375 7544
1751967392523 1670.8553466796875 7545
1751967393030 1211.8709716796875 7546
1751967393534 1229.4732666015625 7547
1751967394036 1315.7109375 7548
1751967394544 1334.5284423828125 7549
1751967395045 936.8812866210938 7550
1751967395553 600.0800170898438 7551
1751967396055 792.8609619140625 7552
1751967396568 1074.6705322265625 7553
1751967397073 576.6342163085938 7554
1751967397586 694.3186645507812 7555
1751967398092 866.1204223632812 7556
1751967398606 827.4105834960938 7557
1751967399113 817.96484375 7558
1751967399617 1146.5572509765625 7559
1751967400125 673.1014404296875 7560
1751967400627 650.4635620117188 7561
1751967401135 774.9599609375 7562
1751967401652 622.9633178710938 7563
1751967402162 834.6602783203125 7564
1751967402669 1123.3616943359375 7565
1751967403176 1198.2821044921875 7566
1751967403685 877.1261596679688 7567
1751967404197 689.5718994140625 7568
1751967404702 747.812744140625 7569
1751967405208 788.0233154296875 7570
1751967405722 1457.500732421875 7571
1751967406226 1040.824462890625 7572
1751967406738 2335.655517578125 7573
1751967407243 1026.276123046875 7574
1751967407749 2019.1737060546875 7575
1751967408252 1068.4388427734375 7576
1751967408758 1224.0111083984375 7577
1751967409267 890.30126953125 7578
1751967409770 959.1332397460938 7579
1751967410273 550.5636596679688 7580
1751967410780 1985.576171875 7581
1751967411291 595.1725463867188 7582
1751967411806 839.8507080078125 7583
1751967412308 968.0912475585938 7584
1751967412815 740.2177734375 7585
1751967413315 933.5768432617188 7586
1751967413821 727.579345703125 7587
1751967414326 622.3917236328125 7588
1751967414830 1378.5301513671875 7589
1751967415347 628.1347045898438 7590
1751967415849 1067.344970703125 7591
1751967416359 1043.010009765625 7592
1751967416868 1602.806884765625 7593
1751967417374 947.9760131835938 7594
1751967417878 698.9266967773438 7595
1751967418381 1473.3116455078125 7596
1751967418888 997.1090087890625 7597
1751967419394 866.0465087890625 7598
1751967419901 1624.206298828125 7599
1751967420412 600.8502807617188 7600
1751967420922 1830.6734619140625 7601
1751967421823 1588.662109375 7602
1751967422329 679.3501586914062 7603
1751967422838 918.1046142578125 7604
1751967423346 674.8851928710938 7605
1751967423859 877.6201171875 7606
1751967424365 1242.8345947265625 7607
1751967424877 718.7595825195312 7608
1751967425379 888.6654663085938 7609
1751967425888 1074.600830078125 7610
1751967426394 912.3765869140625 7611
1751967426899 1632.9765625 7612
1751967427401 1558.873779296875 7613
1751967427911 1105.6025390625 7614
1751967428414 852.0576171875 7615
1751967428918 1205.7197265625 7616
1751967429426 947.3388061523438 7617
1751967429930 779.7826538085938 7618
1751967430432 858.7359619140625 7619
1751967430940 1014.3424072265625 7620
1751967431441 822.3485717773438 7621
1751967431946 1163.7095947265625 7622
1751967432450 1059.5084228515625 7623
1751967432952 736.2329711914062 7624
1751967433452 1762.1859130859375 7625
1751967433962 549.0142211914062 7626
1751967434464 1884.079345703125 7627
1751967434969 1445.4495849609375 7628
1751967435474 1007.1802978515625 7629
1751967435980 971.4240112304688 7630
1751967436493 1282.745361328125 7631
1751967437000 1315.6199951171875 7632
1751967437515 874.8536987304688 7633
1751967438035 915.7501831054688 7634
1751967438537 527.9125366210938 7635
1751967439046 854.8408203125 7636
1751967439553 729.8934936523438 7637
1751967440055 1141.6529541015625 7638
1751967440557 816.4346313476562 7639
1751967441062 811.98583984375 7640
1751967441566 1307.692626953125 7641
1751967442067 713.8842163085938 7642
1751967442573 682.5905151367188 7643
1751967443082 826.4021606445312 7644
1751967443586 657.9166870117188 7645
1751967444086 1073.775634765625 7646
1751967444589 856.9802856445312 7647
1751967445092 956.2123413085938 7648
1751967445597 621.2208862304688 7649
1751967446106 708.4841918945312 7650
1751967446609 910.7277221679688 7651
1751967447116 1354.423828125 7652
1751967447625 533.0331420898438 7653
1751967448131 838.7258911132812 7654
1751967448642 756.7764282226562 7655
1751967449145 829.2931518554688 7656
1751967449652 780.1705932617188 7657
1751967450159 838.5830078125 7658
1751967450673 643.0521850585938 7659
1751967451176 811.9304809570312 7660
1751967451682 992.3767700195312 7661
1751967452185 844.5471801757812 7662
1751967452687 557.3193359375 7663
1751967453196 730.8441162109375 7664
1751967453703 2018.9566650390625 7665
1751967454214 796.5517578125 7666
1751967454718 855.7095947265625 7667
1751967455222 814.654296875 7668
1751967455726 681.240234375 7669
1751967456238 901.3228759765625 7670
1751967456752 1016.9627075195312 7671
1751967457255 1502.063720703125 7672
1751967457762 468.8932189941406 7673
1751967458282 647.0077514648438 7674
1751967458785 1086.5093994140625 7675
1751967459295 590.2701416015625 7676
1751967459797 1004.2655639648438 7677
1751967460302 616.8605346679688 7678
1751967460808 1678.8114013671875 7679
1751967461323 648.3876342773438 7680
1751967461834 959.1541137695312 7681
1751967462338 1228.734130859375 7682
1751967462842 661.8707885742188 7683
1751967463345 761.9215087890625 7684
1751967463850 1382.2008056640625 7685
1751967464359 1019.0675659179688 7686
1751967464868 906.2379150390625 7687
1751967465386 1366.108154296875 7688
1751967465891 1270.1263427734375 7689
1751967466393 1067.0189208984375 7690
1751967466904 667.4454345703125 7691
1751967467407 724.6583862304688 7692
1751967467911 1511.583984375 7693
1751967468414 867.0209350585938 7694
1751967468917 801.7157592773438 7695
1751967469419 624.6641845703125 7696
1751967469924 843.7996215820312 7697
1751967470426 1408.7664794921875 7698
1751967470932 1097.2957763671875 7699
1751967471436 598.9264526367188 7700
1751967471937 995.6070556640625 7701
1751967472892 705.2655639648438 7702
1751967473395 600.5162963867188 7703
1751967473897 540.2234497070312 7704
1751967474399 1104.9210205078125 7705
1751967474903 1057.9296875 7706
1751967475408 1148.0093994140625 7707
1751967475909 831.884765625 7708
1751967476412 949.3255004882812 7709
1751967476914 995.09326171875 7710
1751967477416 1270.4664306640625 7711
1751967477927 1411.7083740234375 7712
1751967478433 845.8326416015625 7713
1751967478936 1271.23486328125 7714
1751967479439 738.9708862304688 7715
1751967479943 890.3760986328125 7716
1751967480453 1033.5931396484375 7717
1751967480963 822.5621948242188 7718
1751967481466 1336.3743896484375 7719
1751967481968 1080.0670166015625 7720
1751967482471 780.4457397460938 7721
1751967482980 1033.255859375 7722
1751967483486 790.8052978515625 7723
1751967483991 1243.3807373046875 7724
1751967484494 644.411376953125 7725
1751967484997 826.9740600585938 7726
1751967485501 1199.623291015625 7727
1751967486005 2361.856201171875 7728
1751967486507 607.4284057617188 7729
1751967487010 767.5411376953125 7730
1751967487514 878.8587036132812 7731
1751967488021 954.6404418945312 7732
1751967488523 844.4677124023438 7733
1751967489026 813.0416870117188 7734
1751967489530 1005.1983642578125 7735
1751967490034 481.987060546875 7736
1751967490547 1489.7786865234375 7737
1751967491049 869.8154296875 7738
1751967491550 744.8035888671875 7739
1751967492050 1583.6842041015625 7740
1751967492551 499.3049011230469 7741
1751967493056 1496.1732177734375 7742
1751967493560 813.4429931640625 7743
1751967494065 668.9231567382812 7744
1751967494568 1228.6810302734375 7745
1751967495071 620.9940795898438 7746
1751967495574 740.719970703125 7747
1751967496078 1263.865478515625 7748
1751967496591 999.8017578125 7749
1751967497097 1113.8577880859375 7750
1751967497603 878.4213256835938 7751
1751967498121 1729.279541015625 7752
1751967498633 1125.380859375 7753
1751967499140 1828.9732666015625 7754
1751967499651 1244.2799072265625 7755
1751967500162 1063.783203125 7756
1751967500680 1285.573486328125 7757
1751967501188 997.8192749023438 7758
1751967501692 809.876953125 7759
1751967502198 1083.7655029296875 7760
1751967502704 1106.8038330078125 7761
1751967503210 746.5675659179688 7762
1751967503719 1177.994384765625 7763
1751967504226 1255.1351318359375 7764
1751967504729 3418.741455078125 7765
1751967505232 1634.5155029296875 7766
1751967505741 1460.9456787109375 7767
1751967506248 752.3017578125 7768
1751967506753 1244.0849609375 7769
1751967507260 1693.8359375 7770
1751967507763 1142.2811279296875 7771
1751967508269 977.2412109375 7772
1751967508774 1266.2926025390625 7773
1751967509282 674.8136596679688 7774
1751967509785 555.4027709960938 7775
1751967510288 1291.0189208984375 7776
1751967510793 625.8124389648438 7777
1751967511299 781.2901611328125 7778
1751967511800 1082.440185546875 7779
1751967512303 794.9345703125 7780
1751967512804 1296.3685302734375 7781
1751967513310 632.450439453125 7782
1751967513815 642.9013061523438 7783
1751967514326 1779.6171875 7784
1751967514837 586.4596557617188 7785
1751967515355 765.9269409179688 7786
1751967515859 670.51171875 7787
1751967516367 941.4042358398438 7788
1751967516870 937.3517456054688 7789
1751967517372 840.4244384765625 7790
1751967517878 1183.854736328125 7791
1751967518381 1417.00048828125 7792
1751967518897 964.7919921875 7793
1751967519403 1283.7396240234375 7794
1751967519913 1447.83984375 7795
1751967520425 901.0607299804688 7796
1751967520928 567.9915161132812 7797
1751967521441 1532.950439453125 7798
1751967521943 1500.130859375 7799
1751967522458 1205.740478515625 7800
1751967522968 876.2240600585938 7801
1751967523890 649.6248779296875 7802
1751967524400 2197.56298828125 7803
1751967524902 739.9987182617188 7804
1751967525408 972.5458984375 7805
1751967525913 1288.463623046875 7806
1751967526421 1337.486328125 7807
1751967526926 1167.3802490234375 7808
1751967527429 869.6857299804688 7809
1751967527935 654.14306640625 7810
1751967528436 725.2078247070312 7811
1751967528946 667.2825317382812 7812
1751967529452 1159.0927734375 7813
1751967529960 1045.126220703125 7814
1751967530474 956.1991577148438 7815
1751967530984 750.3084106445312 7816
1751967531489 910.1015014648438 7817
1751967531993 634.836669921875 7818
1751967532500 848.5468139648438 7819
1751967533002 784.2752075195312 7820
1751967533504 968.5167846679688 7821
1751967534020 1114.6243896484375 7822
1751967534523 739.2371826171875 7823
1751967535029 1162.3621826171875 7824
1751967535539 812.5365600585938 7825
1751967536051 765.3312377929688 7826
1751967536557 644.9436645507812 7827
1751967537060 771.0441284179688 7828
1751967537562 563.1158447265625 7829
1751967538067 596.5652465820312 7830
1751967538572 684.9957275390625 7831
1751967539090 629.51513671875 7832
1751967539597 1743.0211181640625 7833
1751967540101 1143.474609375 7834
1751967540627 1159.5955810546875 7835
1751967541137 828.333984375 7836
1751967541642 1375.5926513671875 7837
1751967542150 1443.2197265625 7838
1751967542668 649.9208984375 7839
1751967543173 1304.1414794921875 7840
1751967543687 861.0856323242188 7841
1751967544195 1092.7723388671875 7842
1751967544706 1408.185791015625 7843
1751967545212 1188.7027587890625 7844
1751967545720 1125.380126953125 7845
1751967546226 1372.3045654296875 7846
1751967546731 1252.9764404296875 7847
1751967547238 510.2474670410156 7848
1751967547750 1193.9349365234375 7849
1751967548254 1547.17578125 7850
1751967548769 1486.7120361328125 7851
1751967549278 586.4408569335938 7852
1751967549778 703.3222045898438 7853
1751967550282 1068.950927734375 7854
1751967550785 774.8286743164062 7855
1751967551293 694.0774536132812 7856
1751967551797 1125.8671875 7857
1751967552302 582.8029174804688 7858
1751967552805 1038.5943603515625 7859
1751967553323 996.6502075195312 7860
1751967553833 762.9425048828125 7861
1751967554343 756.0877075195312 7862
1751967554862 1038.2626953125 7863
1751967555372 2274.961669921875 7864
1751967555881 1513.3197021484375 7865
1751967556385 1637.380859375 7866
1751967556885 1440.695556640625 7867
1751967557417 983.4905395507812 7868
1751967557918 805.4436645507812 7869
1751967558427 961.6329956054688 7870
1751967558941 1101.6219482421875 7871
1751967559444 756.7808837890625 7872
1751967559952 654.3710327148438 7873
1751967560455 619.1332397460938 7874
1751967560965 1173.83203125 7875
1751967561470 688.5050659179688 7876
1751967561975 680.3600463867188 7877
1751967562479 1963.125 7878
1751967562984 608.3178100585938 7879
1751967563491 1164.8758544921875 7880
1751967564000 721.5537109375 7881
1751967564502 703.0350952148438 7882
1751967565003 1352.1259765625 7883
1751967565504 903.3549194335938 7884
1751967566025 1813.559814453125 7885
1751967566533 968.6414184570312 7886
1751967567044 793.9497680664062 7887
1751967567552 1458.5845947265625 7888
1751967568054 1004.0201416015625 7889
1751967568564 1826.4957275390625 7890
1751967569073 852.6264038085938 7891
1751967569580 596.0607299804688 7892
1751967570087 1084.802001953125 7893
1751967570596 757.5427856445312 7894
1751967571108 758.490478515625 7895
1751967571611 2213.761962890625 7896
1751967572112 720.3723754882812 7897
1751967572615 1219.4417724609375 7898
1751967573124 1117.5013427734375 7899
1751967573634 1035.885009765625 7900
1751967574135 1609.70849609375 7901
1751967575062 990.0847778320312 7902
1751967575563 1018.6953125 7903
1751967576074 606.5006713867188 7904
1751967576576 1021.7590942382812 7905
1751967577086 938.4581909179688 7906
1751967577588 1765.9305419921875 7907
1751967578092 1579.6884765625 7908
1751967578603 924.763671875 7909
1751967579109 1193.7763671875 7910
1751967579611 1354.351806640625 7911
1751967580119 664.6902465820312 7912
1751967580621 634.8274536132812 7913
1751967581128 785.0653686523438 7914
1751967581629 1637.8990478515625 7915
1751967582132 789.3976440429688 7916
1751967582642 806.878662109375 7917
1751967583151 1554.976806640625 7918
1751967583653 797.740478515625 7919
1751967584157 818.8032836914062 7920
1751967584657 940.3889770507812 7921
1751967585156 999.2059936523438 7922
1751967585656 1689.6708984375 7923
1751967586160 753.452392578125 7924
1751967586661 1045.5037841796875 7925
1751967587164 810.5645141601562 7926
1751967587672 868.9725952148438 7927
1751967588174 1798.6375732421875 7928
1751967588680 560.7606811523438 7929
1751967589181 860.810546875 7930
1751967589685 991.3161010742188 7931
1751967590189 1472.3768310546875 7932
1751967590693 1398.4873046875 7933
1751967591198 1086.4091796875 7934
1751967591700 1277.450927734375 7935
1751967592202 1059.4320068359375 7936
1751967592706 889.9476928710938 7937
1751967593212 777.2311401367188 7938
1751967593713 1649.110595703125 7939
1751967594216 850.2198486328125 7940
1751967594720 1277.88525390625 7941
1751967595225 707.9442749023438 7942
1751967595729 1297.69140625 7943
1751967596241 781.4208984375 7944
1751967596743 1067.9791259765625 7945
1751967597248 2547.443359375 7946
1751967597751 917.3217163085938 7947
1751967598253 1017.0167846679688 7948
1751967598759 1019.8928833007812 7949
1751967599261 2216.271484375 7950
1751967599765 1206.7733154296875 7951
1751967600279 2383.406494140625 7952
1751967600790 984.2509765625 7953
1751967601302 1450.754150390625 7954
1751967601805 956.1832275390625 7955
1751967602309 2419.535888671875 7956
1751967602813 1047.78173828125 7957
1751967603315 1210.0814208984375 7958
1751967603819 1486.3408203125 7959
1751967604321 1434.6014404296875 7960
1751967604827 1051.094970703125 7961
1751967605329 1036.1141357421875 7962
1751967605832 1109.2747802734375 7963
1751967606343 1560.9755859375 7964
1751967606847 1193.6107177734375 7965
1751967607349 592.94677734375 7966
1751967607854 2618.0380859375 7967
1751967608356 1281.2991943359375 7968
1751967608860 1494.171142578125 7969
1751967609364 1303.819580078125 7970
1751967609870 1005.1212158203125 7971
1751967610375 672.6327514648438 7972
1751967610876 985.2294921875 7973
1751967611382 845.201171875 7974
1751967611886 1212.10498046875 7975
1751967612391 1492.5970458984375 7976
1751967612895 1524.7532958984375 7977
1751967613397 1321.2176513671875 7978
1751967613900 1385.6883544921875 7979
1751967614404 695.2579956054688 7980
1751967614905 641.2454833984375 7981
1751967615408 988.1228637695312 7982
1751967615910 706.8895874023438 7983
1751967616417 781.8358764648438 7984
1751967616935 928.8759765625 7985
1751967617440 729.08544921875 7986
1751967617941 665.5236206054688 7987
1751967618447 1047.5074462890625 7988
1751967618952 1357.2962646484375 7989
1751967619456 1003.96875 7990
1751967619959 1873.4852294921875 7991
1751967620458 824.3395385742188 7992
1751967620960 1259.768798828125 7993
1751967621472 849.0126953125 7994
1751967621977 833.86474609375 7995
1751967622489 1588.567138671875 7996
1751967622996 845.9527587890625 7997
1751967623503 1525.276611328125 7998
1751967624011 1045.1177978515625 7999
1751967624517 788.4307861328125 8000
1751967625021 717.9156494140625 8001
1751967626043 624.5243530273438 8002
1751967626554 1198.8846435546875 8003
1751967627069 1052.3045654296875 8004
1751967627580 1688.8446044921875 8005
1751967628080 1089.8760986328125 8006
1751967628590 867.9230346679688 8007
1751967629096 1094.9586181640625 8008
1751967629599 832.7506713867188 8009
1751967630105 1369.359619140625 8010
1751967630610 718.4328002929688 8011
1751967631122 873.3326416015625 8012
1751967631626 1059.9959716796875 8013
1751967632129 1100.401123046875 8014
1751967632636 909.78857421875 8015
1751967633139 693.2332153320312 8016
1751967633646 1175.7862548828125 8017
1751967634155 895.9541015625 8018
1751967634658 538.5089721679688 8019
1751967635170 1613.9251708984375 8020
1751967635681 581.22119140625 8021
1751967636194 1276.0452880859375 8022
1751967636697 652.2579345703125 8023
1751967637202 865.7418823242188 8024
1751967637710 1237.9417724609375 8025
1751967638218 673.2748413085938 8026
1751967638722 1474.6385498046875 8027
1751967639227 1171.1572265625 8028
1751967639736 1205.96044921875 8029
1751967640239 669.0621337890625 8030
1751967640753 543.4938354492188 8031
1751967641265 1424.038330078125 8032
1751967641769 721.3187866210938 8033
1751967642276 789.712646484375 8034
1751967642787 1087.1331787109375 8035
1751967643297 677.3738403320312 8036
1751967643800 886.4169921875 8037
1751967644307 897.6106567382812 8038
1751967644808 702.6769409179688 8039
1751967645314 726.708740234375 8040
1751967645818 1814.793212890625 8041
1751967646326 552.6550903320312 8042
1751967646841 2143.589111328125 8043
1751967647354 1130.506591796875 8044
1751967647858 1107.009521484375 8045
1751967648366 887.3203125 8046
1751967648872 1072.0164794921875 8047
1751967649381 682.2821655273438 8048
1751967649889 920.2338256835938 8049
1751967650392 778.0804443359375 8050
1751967650895 704.1232299804688 8051
1751967651408 849.7741088867188 8052
1751967651913 2677.083984375 8053
1751967652414 1046.8253173828125 8054
1751967652917 1425.4051513671875 8055
1751967653425 800.1630859375 8056
1751967653930 993.3738403320312 8057
1751967654439 973.8362426757812 8058
1751967654949 1004.7824096679688 8059
1751967655452 1626.2529296875 8060
1751967655954 529.8837280273438 8061
1751967656459 1271.642822265625 8062
1751967656964 815.72412109375 8063
1751967657465 1215.6949462890625 8064
1751967657968 1167.6756591796875 8065
1751967658475 1153.6484375 8066
1751967658979 996.2691650390625 8067
1751967659481 687.7802734375 8068
1751967659983 2280.159423828125 8069
1751967660509 764.5595703125 8070
1751967661020 847.0974731445312 8071
1751967661526 1962.4007568359375 8072
1751967662027 1056.000244140625 8073
1751967662535 2270.682861328125 8074
1751967663041 606.4500122070312 8075
1751967663546 741.06787109375 8076
1751967664048 837.8240356445312 8077
1751967664552 757.8409423828125 8078
1751967665055 977.3336181640625 8079
1751967665564 1350.0721435546875 8080
1751967666072 898.93212890625 8081
1751967666575 997.2377319335938 8082
1751967667077 882.0277709960938 8083
1751967667580 690.9600830078125 8084
1751967668084 953.3598022460938 8085
1751967668595 2018.5101318359375 8086
1751967669104 762.3045043945312 8087
1751967669605 1733.4078369140625 8088
1751967670109 617.5971069335938 8089
1751967670622 1754.8797607421875 8090
1751967671125 576.7900390625 8091
1751967671625 684.5665283203125 8092
1751967672127 1941.2470703125 8093
1751967672631 603.1690063476562 8094
1751967673133 656.6471557617188 8095
1751967673636 610.8180541992188 8096
1751967674139 772.2481079101562 8097
1751967674643 1031.3358154296875 8098
1751967675144 673.0280151367188 8099
1751967675655 685.6174926757812 8100
1751967676164 1096.1929931640625 8101
1751967677087 895.9088745117188 8102
1751967677597 914.7394409179688 8103
1751967678103 1099.5311279296875 8104
1751967678611 688.7011108398438 8105
1751967679115 596.5856323242188 8106
1751967679622 1594.1180419921875 8107
1751967680127 1928.76171875 8108
1751967680629 761.517333984375 8109
1751967681135 1724.5992431640625 8110
1751967681637 1577.0877685546875 8111
1751967682142 560.1599731445312 8112
1751967682650 776.7892456054688 8113
1751967683152 1147.045654296875 8114
1751967683657 1146.5113525390625 8115
1751967684159 1351.3388671875 8116
1751967684663 1464.18310546875 8117
1751967685168 1026.4136962890625 8118
1751967685671 1842.9700927734375 8119
1751967686186 1182.6243896484375 8120
1751967686690 1005.8402709960938 8121
1751967687200 461.779052734375 8122
1751967687703 698.8419189453125 8123
1751967688207 712.3397827148438 8124
1751967688716 1635.5029296875 8125
1751967689221 614.7252807617188 8126
1751967689727 830.8922119140625 8127
1751967690233 1095.076416015625 8128
1751967690743 904.1162109375 8129
1751967691254 1004.8517456054688 8130
1751967691770 1332.048095703125 8131
1751967692275 1255.2122802734375 8132
1751967692777 1115.8455810546875 8133
1751967693286 611.74951171875 8134
1751967693792 2161.345703125 8135
1751967694298 578.5597534179688 8136
1751967694799 1854.912109375 8137
1751967695315 958.9058837890625 8138
1751967695826 629.9600830078125 8139
1751967696341 1319.5316162109375 8140
1751967696848 883.7180786132812 8141
1751967697355 685.8587036132812 8142
1751967697866 602.2819213867188 8143
1751967698375 714.5572509765625 8144
1751967698890 625.66064453125 8145
1751967699397 843.3959350585938 8146
1751967699899 1400.45849609375 8147
1751967700403 620.4800415039062 8148
1751967700908 769.7706909179688 8149
1751967701415 633.7439575195312 8150
1751967701920 705.0441284179688 8151
1751967702428 790.7389526367188 8152
1751967702933 1134.4517822265625 8153
1751967703447 1308.7606201171875 8154
1751967703952 910.2701416015625 8155
1751967704461 1416.563232421875 8156
1751967704963 1030.225830078125 8157
1751967705476 1293.739013671875 8158
1751967705984 1115.6181640625 8159
1751967706494 719.5418090820312 8160
1751967706993 1196.5130615234375 8161
1751967707498 858.5275268554688 8162
1751967708000 600.6613159179688 8163
1751967708503 1117.656982421875 8164
1751967709006 670.0382080078125 8165
1751967709509 905.2279663085938 8166
1751967710013 631.862060546875 8167
1751967710515 1360.8109130859375 8168
1751967711016 610.50439453125 8169
1751967711527 1456.669677734375 8170
1751967712030 779.1296997070312 8171
1751967712531 1283.2713623046875 8172
1751967713032 1037.4202880859375 8173
1751967713534 568.3819580078125 8174
1751967714036 691.267578125 8175
1751967714541 519.6071166992188 8176
1751967715046 604.1406860351562 8177
1751967715551 1053.239501953125 8178
1751967716053 927.4963989257812 8179
1751967716559 866.7664184570312 8180
1751967717061 1158.412841796875 8181
1751967717565 1173.4517822265625 8182
1751967718067 754.90478515625 8183
1751967718569 1070.158203125 8184
1751967719070 491.6457214355469 8185
1751967719574 1251.5986328125 8186
1751967720082 967.4073486328125 8187
1751967720597 715.6112670898438 8188
1751967721104 725.1717529296875 8189
1751967721611 818.7745361328125 8190
1751967722114 652.6119384765625 8191
1751967722618 1044.4261474609375 8192
1751967723122 720.9186401367188 8193
1751967723627 869.0331420898438 8194
1751967724129 531.7659912109375 8195
1751967724630 756.9560546875 8196
1751967725133 610.935546875 8197
1751967725635 880.2086791992188 8198
1751967726140 1553.285888671875 8199
1751967726642 903.0792846679688 8200
1751967727146 550.2854614257812 8201
1751967728055 931.4947509765625 8202
1751967728559 554.9632568359375 8203
1751967729064 1018.4939575195312 8204
1751967729566 1048.1214599609375 8205
1751967730068 736.7168579101562 8206
1751967730572 801.1956176757812 8207
1751967731074 628.0313720703125 8208
1751967731581 1334.8367919921875 8209
1751967732083 986.9192504882812 8210
1751967732587 635.32421875 8211
1751967733089 1156.1351318359375 8212
1751967733593 1449.766357421875 8213
1751967734097 1002.64013671875 8214
1751967734603 1298.6702880859375 8215
1751967735107 1275.0806884765625 8216
1751967735610 807.3919067382812 8217
1751967736115 724.1630249023438 8218
1751967736624 1171.3765869140625 8219
1751967737132 944.8135986328125 8220
1751967737642 919.1583251953125 8221
1751967738145 836.4933471679688 8222
1751967738658 727.2965698242188 8223
1751967739161 730.4999389648438 8224
1751967739664 719.4452514648438 8225
1751967740165 558.8204956054688 8226
1751967740670 464.6108093261719 8227
1751967741182 1535.1845703125 8228
1751967741686 1270.220947265625 8229
1751967742190 818.9386596679688 8230
1751967742695 646.29638671875 8231
1751967743200 1388.78955078125 8232
1751967743710 820.6893920898438 8233
1751967744213 788.7509155273438 8234
1751967744718 867.55322265625 8235
1751967745229 1184.401123046875 8236
1751967745747 1223.7730712890625 8237
1751967746265 1185.882080078125 8238
1751967746769 573.8012084960938 8239
1751967747273 781.9310302734375 8240
1751967747777 965.5894775390625 8241
1751967748291 527.6876831054688 8242
1751967748805 1003.44873046875 8243
1751967749313 1387.5023193359375 8244
1751967749817 735.4867553710938 8245
1751967750318 1433.40478515625 8246
1751967750819 2025.4007568359375 8247
1751967751329 958.0125122070312 8248
1751967751836 1217.0592041015625 8249
1751967752339 929.4647827148438 8250
1751967752841 1240.4217529296875 8251
1751967753343 1359.3779296875 8252
1751967753850 959.7784423828125 8253
1751967754354 870.5437622070312 8254
1751967754862 554.8812866210938 8255
1751967755365 1350.739501953125 8256
1751967755866 1536.576416015625 8257
1751967756379 999.4113159179688 8258
1751967756882 1054.7904052734375 8259
1751967757392 511.66827392578125 8260
1751967757897 1653.1282958984375 8261
1751967758412 795.9091796875 8262
1751967758924 1025.1507568359375 8263
1751967759441 579.72705078125 8264
1751967759949 833.3412475585938 8265
1751967760459 946.0173950195312 8266
1751967760965 2613.463134765625 8267
1751967761477 923.8857421875 8268
1751967761994 775.1006469726562 8269
1751967762499 1612.2303466796875 8270
1751967763003 750.8161010742188 8271
1751967763522 1630.9244384765625 8272
1751967764037 777.4688720703125 8273
1751967764539 1181.8792724609375 8274
1751967765053 771.18310546875 8275
1751967765557 2447.250732421875 8276
1751967766062 2067.91064453125 8277
1751967766576 761.9216918945312 8278
1751967767087 938.703125 8279
1751967767590 1316.04931640625 8280
1751967768091 1417.99462890625 8281
1751967768596 654.4479370117188 8282
1751967769099 1880.8472900390625 8283
1751967769609 1014.7559814453125 8284
1751967770127 749.7992553710938 8285
1751967770639 1338.0972900390625 8286
1751967771147 684.7943725585938 8287
1751967771657 673.7278442382812 8288
1751967772162 858.7769775390625 8289
1751967772678 868.9314575195312 8290
1751967773181 894.3604736328125 8291
1751967773688 1393.3553466796875 8292
1751967774197 924.7864379882812 8293
1751967774704 1152.183837890625 8294
1751967775209 1515.5882568359375 8295
1751967775718 1724.428955078125 8296
1751967776227 1141.1668701171875 8297
1751967776729 990.4713134765625 8298
1751967777247 818.5087280273438 8299
1751967777752 2844.904296875 8300
1751967778262 1342.775146484375 8301
1751967779188 1241.5172119140625 8302
1751967779688 1290.7996826171875 8303
1751967780202 1402.6787109375 8304
1751967780715 1473.203125 8305
1751967781221 770.627685546875 8306
1751967781731 626.6520385742188 8307
1751967782242 525.8466186523438 8308
1751967782750 1096.066650390625 8309
1751967783263 936.4740600585938 8310
1751967783769 732.8290405273438 8311
1751967784277 866.9114379882812 8312
1751967784784 1574.1004638671875 8313
1751967785284 758.3155517578125 8314
1751967785786 943.5020751953125 8315
1751967786293 895.6173095703125 8316
1751967786795 1303.852294921875 8317
1751967787304 991.7395629882812 8318
1751967787809 672.0165405273438 8319
1751967788326 654.9384155273438 8320
1751967788834 469.03326416015625 8321
1751967789339 1330.565185546875 8322
1751967789841 1079.158447265625 8323
1751967790350 834.7344970703125 8324
1751967790859 952.4428100585938 8325
1751967791362 733.353515625 8326
1751967791881 1075.02978515625 8327
1751967792385 811.9173583984375 8328
1751967792895 533.0536499023438 8329
1751967793398 1370.1900634765625 8330
1751967793903 779.6173706054688 8331
1751967794405 626.8163452148438 8332
1751967794906 1587.9554443359375 8333
1751967795408 1938.7705078125 8334
1751967795911 3236.94970703125 8335
1751967796419 1122.5162353515625 8336
1751967796920 1323.896484375 8337
1751967797420 809.2234497070312 8338
1751967797923 2054.731689453125 8339
1751967798429 550.0015869140625 8340
1751967798943 758.107421875 8341
1751967799446 774.4369506835938 8342
1751967799950 537.9182739257812 8343
1751967800452 735.5986938476562 8344
1751967800958 996.0592041015625 8345
1751967801462 1000.8051147460938 8346
1751967801968 872.4638671875 8347
1751967802478 707.0695190429688 8348
1751967802984 1101.0120849609375 8349
1751967803501 871.5818481445312 8350
1751967804005 973.1488647460938 8351
1751967804511 1049.299560546875 8352
1751967805022 1416.049072265625 8353
1751967805525 574.44482421875 8354
1751967806029 872.2721557617188 8355
1751967806537 871.1624145507812 8356
1751967807045 706.1161499023438 8357
1751967807555 785.9537963867188 8358
1751967808070 753.435791015625 8359
1751967808575 985.5831909179688 8360
1751967809088 2058.787109375 8361
1751967809592 1116.4539794921875 8362
1751967810096 1175.2841796875 8363
1751967810599 821.0277709960938 8364
1751967811104 693.9810791015625 8365
1751967811610 1073.4287109375 8366
1751967812122 1048.91552734375 8367
1751967812631 946.0353393554688 8368
1751967813142 921.4039306640625 8369
1751967813644 658.1724853515625 8370
1751967814146 806.2796020507812 8371
1751967814647 946.8607788085938 8372
1751967815154 768.8964233398438 8373
1751967815661 1570.1693115234375 8374
1751967816170 577.3776245117188 8375
1751967816683 949.2013549804688 8376
1751967817193 1442.7841796875 8377
1751967817695 743.8357543945312 8378
1751967818217 1273.2283935546875 8379
1751967818737 1532.205322265625 8380
1751967819256 824.6469116210938 8381
1751967819768 1020.3653564453125 8382
1751967820285 1052.5023193359375 8383
1751967820789 1556.8048095703125 8384
1751967821298 1062.8126220703125 8385
1751967821803 1007.6359252929688 8386
1751967822314 2937.07421875 8387
1751967822818 930.5180053710938 8388
1751967823332 1150.08740234375 8389
1751967823838 1121.0364990234375 8390
1751967824341 1080.0938720703125 8391
1751967824850 1243.1466064453125 8392
1751967825356 1121.2249755859375 8393
1751967825861 1393.883056640625 8394
1751967826366 792.5629272460938 8395
1751967826870 1000.6459350585938 8396
1751967827373 671.9443359375 8397
1751967827878 825.1205444335938 8398
1751967828386 841.6654663085938 8399
1751967828888 691.354736328125 8400
1751967829389 747.1775512695312 8401
1751967830309 569.4019775390625 8402
1751967830809 770.6944580078125 8403
1751967831312 1113.3499755859375 8404
1751967831814 1104.3507080078125 8405
1751967832317 1650.595947265625 8406
1751967832821 1086.185302734375 8407
1751967833324 801.1666870117188 8408
1751967833827 716.3410034179688 8409
1751967834329 682.2440795898438 8410
1751967834833 1140.1416015625 8411
1751967835338 1058.6661376953125 8412
1751967835840 555.6053466796875 8413
1751967836344 932.91796875 8414
1751967836847 743.0546264648438 8415
1751967837348 783.5888671875 8416
1751967837851 909.3824462890625 8417
1751967838358 1270.062255859375 8418
1751967838863 893.5004272460938 8419
1751967839364 2478.989990234375 8420
1751967839865 1031.498291015625 8421
1751967840373 1315.4241943359375 8422
1751967840892 494.7752990722656 8423
1751967841397 803.2734985351562 8424
1751967841902 2080.813232421875 8425
1751967842404 576.8374633789062 8426
1751967842914 873.6090698242188 8427
1751967843422 608.4151611328125 8428
1751967843923 933.0673828125 8429
1751967844424 710.4439086914062 8430
1751967844924 1000.8349609375 8431
1751967845427 506.9226989746094 8432
1751967845934 791.3892822265625 8433
1751967846436 666.8191528320312 8434
1751967846941 1036.7275390625 8435
1751967847443 454.90216064453125 8436
1751967847944 671.3668823242188 8437
1751967848449 792.3362426757812 8438
1751967848952 739.7973022460938 8439
1751967849453 965.0255126953125 8440
1751967849958 869.9784545898438 8441
1751967850460 754.0733032226562 8442
1751967850962 999.7927856445312 8443
1751967851463 761.4242553710938 8444
1751967851965 518.87451171875 8445
1751967852466 1153.7890625 8446
1751967852969 672.8048706054688 8447
1751967853473 609.9434204101562 8448
1751967853981 1090.273193359375 8449
1751967854482 1223.215087890625 8450
1751967854984 965.1056518554688 8451
1751967855488 621.1884155273438 8452
1751967855991 679.7113647460938 8453
1751967856498 803.4244995117188 8454
1751967856999 789.4584350585938 8455
1751967857508 1503.1016845703125 8456
1751967858018 1065.0286865234375 8457
1751967858525 1602.2254638671875 8458
1751967859040 1090.7322998046875 8459
1751967859544 1461.65771484375 8460
1751967860056 1907.0701904296875 8461
1751967860571 777.96484375 8462
1751967861074 682.4547119140625 8463
1751967861578 1420.831787109375 8464
1751967862081 862.5979614257812 8465
1751967862583 501.8107604980469 8466
1751967863093 1882.6512451171875 8467
1751967863604 831.0403442382812 8468
1751967864111 768.8260498046875 8469
1751967864614 591.3595581054688 8470
1751967865116 637.5755615234375 8471
1751967865616 801.1452026367188 8472
1751967866119 2009.09375 8473
1751967866623 596.6646728515625 8474
1751967867126 743.8428344726562 8475
1751967867627 1069.1285400390625 8476
1751967868128 852.5175170898438 8477
1751967868641 855.5101928710938 8478
1751967869147 860.8570556640625 8479
1751967869656 1373.5269775390625 8480
1751967870160 460.5979919433594 8481
1751967870670 588.4104614257812 8482
1751967871172 1252.333984375 8483
1751967871677 1328.331298828125 8484
1751967872182 1654.908203125 8485
1751967872686 969.8125 8486
1751967873192 1482.0855712890625 8487
1751967873696 870.8390502929688 8488
1751967874208 1419.5853271484375 8489
1751967874713 763.2406005859375 8490
1751967875217 883.0947265625 8491
1751967875726 1007.1090087890625 8492
1751967876230 852.8507080078125 8493
1751967876734 934.7658081054688 8494
1751967877235 1142.2470703125 8495
1751967877737 867.9130249023438 8496
1751967878241 2902.44970703125 8497
1751967878746 977.8809814453125 8498
1751967879256 846.2250366210938 8499
1751967879768 773.3768920898438 8500
1751967880271 884.9369506835938 8501
1751967881216 1022.4755859375 8502
1751967881722 897.5580444335938 8503
1751967882230 890.9493408203125 8504
1751967882734 876.4239501953125 8505
1751967883237 1053.6126708984375 8506
1751967883744 901.3463134765625 8507
1751967884257 798.3541259765625 8508
1751967884759 856.9285278320312 8509
1751967885261 847.42724609375 8510
1751967885766 791.313232421875 8511
1751967886279 1257.741455078125 8512
1751967886785 856.2182006835938 8513
1751967887295 815.9959106445312 8514
1751967887798 1154.9539794921875 8515
1751967888300 738.5228881835938 8516
1751967888805 478.2582092285156 8517
1751967889313 487.00958251953125 8518
1751967889822 704.5386962890625 8519
1751967890339 857.51171875 8520
1751967890843 1000.8258666992188 8521
1751967891362 792.5232543945312 8522
1751967891871 673.3302612304688 8523
1751967892374 656.1227416992188 8524
1751967892878 691.7271728515625 8525
1751967893389 1063.936767578125 8526
1751967893901 545.6824340820312 8527
1751967894418 982.51171875 8528
1751967894929 1252.945068359375 8529
1751967895431 477.2022399902344 8530
1751967895943 781.9278564453125 8531
1751967896444 479.55743408203125 8532
1751967896960 1023.33984375 8533
1751967897467 1030.4373779296875 8534
1751967897972 891.54248046875 8535
1751967898478 879.4103393554688 8536
1751967898987 1090.7998046875 8537
1751967899495 589.1868286132812 8538
1751967900003 972.71875 8539
1751967900519 795.3366088867188 8540
1751967901039 567.7642822265625 8541
1751967901548 1220.5257568359375 8542
1751967902054 870.7297973632812 8543
1751967902565 705.8046875 8544
1751967903070 853.1044311523438 8545
1751967903583 649.5060424804688 8546
1751967904096 627.0243530273438 8547
1751967904605 1209.3182373046875 8548
1751967905112 928.3952026367188 8549
1751967905620 1399.9058837890625 8550
1751967906124 1206.8377685546875 8551
1751967906631 903.5012817382812 8552
1751967907143 1311.8009033203125 8553
1751967907654 1121.3695068359375 8554
1751967908162 829.90234375 8555
1751967908670 1264.3531494140625 8556
1751967909184 716.3405151367188 8557
1751967909687 538.63525390625 8558
1751967910197 724.6246948242188 8559
1751967910704 722.2633666992188 8560
1751967911210 635.9852905273438 8561
1751967911713 778.1976318359375 8562
1751967912218 1410.5897216796875 8563
1751967912719 839.8693237304688 8564
1751967913220 1264.753662109375 8565
1751967913721 512.0452270507812 8566
1751967914226 1376.3955078125 8567
1751967914729 1142.3260498046875 8568
1751967915233 834.9976806640625 8569
1751967915748 453.030029296875 8570
1751967916255 742.5872802734375 8571
1751967916769 1221.913330078125 8572
1751967917279 801.8676147460938 8573
1751967917795 1492.9422607421875 8574
1751967918302 628.8985595703125 8575
1751967918813 802.7069702148438 8576
1751967919324 785.3143920898438 8577
1751967919833 1176.8177490234375 8578
1751967920339 1401.1717529296875 8579
1751967920842 475.3160095214844 8580
1751967921345 679.150390625 8581
1751967921853 486.5137634277344 8582
1751967922354 649.5845336914062 8583
1751967922866 1550.2137451171875 8584
1751967923369 812.8767700195312 8585
1751967923872 1280.4100341796875 8586
1751967924380 1131.3494873046875 8587
1751967924890 1021.4191284179688 8588
1751967925394 844.2081909179688 8589
1751967925894 621.5139770507812 8590
1751967926404 662.7827758789062 8591
1751967926916 1167.110595703125 8592
1751967927419 610.41552734375 8593
1751967927929 2283.25634765625 8594
1751967928434 614.6220092773438 8595
1751967928939 1637.8450927734375 8596
1751967929444 414.5755920410156 8597
1751967929952 752.8888549804688 8598
1751967930457 889.2411499023438 8599
1751967930966 716.9107666015625 8600
1751967931472 638.6785888671875 8601
1751967932414 1655.782470703125 8602
1751967932917 2465.36572265625 8603
1751967933420 1326.9715576171875 8604
1751967933925 2258.058837890625 8605
1751967934442 771.1497192382812 8606
1751967934960 1678.594970703125 8607
1751967935464 694.9689331054688 8608
1751967935970 1594.421875 8609
1751967936476 1995.916259765625 8610
1751967936982 1747.0325927734375 8611
1751967937491 1007.5377807617188 8612
1751967937995 1346.3009033203125 8613
1751967938508 795.0999145507812 8614
1751967939018 926.9976806640625 8615
1751967939533 1627.2591552734375 8616
1751967940039 1623.984375 8617
1751967940550 637.9178466796875 8618
1751967941054 744.255859375 8619
1751967941571 1786.3226318359375 8620
1751967942085 663.4627075195312 8621
1751967942596 795.9705810546875 8622
1751967943107 906.3489379882812 8623
1751967943618 820.8458862304688 8624
1751967944125 1074.672119140625 8625
1751967944631 1126.0257568359375 8626
1751967945136 559.15771484375 8627
1751967945641 743.25341796875 8628
1751967946146 764.1146850585938 8629
1751967946650 666.0845947265625 8630
1751967947152 682.7737426757812 8631
1751967947654 793.2808227539062 8632
1751967948160 719.2106323242188 8633
1751967948664 559.8324584960938 8634
1751967949173 1075.373291015625 8635
1751967949678 1324.3846435546875 8636
1751967950184 926.5148315429688 8637
1751967950689 949.6213989257812 8638
1751967951196 1278.4764404296875 8639
1751967951702 583.0062255859375 8640
1751967952204 1325.2005615234375 8641
1751967952710 903.3740234375 8642
1751967953213 800.0391845703125 8643
1751967953716 699.72265625 8644
1751967954226 1353.1170654296875 8645
1751967954727 1300.7640380859375 8646
1751967955233 748.9662475585938 8647
1751967955735 801.5192260742188 8648
1751967956242 890.8837890625 8649
1751967956743 2370.95361328125 8650
1751967957246 746.7937622070312 8651
1751967957748 1002.6076049804688 8652
1751967958253 1093.3924560546875 8653
1751967958760 820.4352416992188 8654
1751967959270 1000.4226684570312 8655
1751967959774 703.4400634765625 8656
1751967960287 628.031494140625 8657
1751967960803 715.1874389648438 8658
1751967961308 690.1383666992188 8659
1751967961813 1037.5732421875 8660
1751967962319 654.560302734375 8661
1751967962822 559.7720947265625 8662
1751967963327 802.8772583007812 8663
1751967963830 1058.45458984375 8664
1751967964340 551.3002319335938 8665
1751967964841 641.6663208007812 8666
1751967965343 880.5027465820312 8667
1751967965849 957.9833374023438 8668
1751967966353 914.2205200195312 8669
1751967966855 1177.6004638671875 8670
1751967967357 546.43115234375 8671
1751967967860 1150.50732421875 8672
1751967968363 882.20947265625 8673
1751967968865 763.9453125 8674
1751967969376 524.8997802734375 8675
1751967969882 1602.1500244140625 8676
1751967970387 1065.9034423828125 8677
1751967970892 630.8340454101562 8678
1751967971397 788.391845703125 8679
1751967971899 2932.813232421875 8680
1751967972402 770.4564819335938 8681
1751967972904 1175.7579345703125 8682
1751967973406 1130.7152099609375 8683
1751967973910 1085.9478759765625 8684
1751967974419 1898.4632568359375 8685
1751967974924 1429.5048828125 8686
1751967975427 800.3259887695312 8687
1751967975931 608.3148803710938 8688
1751967976434 1052.6685791015625 8689
1751967976952 1928.4261474609375 8690
1751967977455 1009.5855712890625 8691
1751967977961 1426.699951171875 8692
1751967978472 863.9896850585938 8693
1751967978977 616.7841186523438 8694
1751967979486 868.1828002929688 8695
1751967979988 1776.4954833984375 8696
1751967980491 720.409423828125 8697
1751967980993 905.4003295898438 8698
1751967981494 951.46923828125 8699
1751967981996 700.4149780273438 8700
1751967982499 1525.87451171875 8701
1751967983425 1277.2030029296875 8702
1751967983933 1184.0828857421875 8703
1751967984442 919.6510009765625 8704
1751967984945 1468.2508544921875 8705
1751967985448 787.5775756835938 8706
1751967985956 734.23974609375 8707
1751967986466 1255.833251953125 8708
1751967986980 1346.4456787109375 8709
1751967987483 1303.3045654296875 8710
1751967987988 929.4132690429688 8711
1751967988493 825.0556640625 8712
1751967988997 547.2996215820312 8713
1751967989503 968.5123291015625 8714
1751967990014 784.5810546875 8715
1751967990520 451.2247009277344 8716
1751967991022 1669.0439453125 8717
1751967991532 550.8529052734375 8718
1751967992033 1656.7587890625 8719
1751967992537 1012.3812866210938 8720
1751967993042 530.4469604492188 8721
1751967993544 1595.8935546875 8722
1751967994050 794.8314819335938 8723
1751967994558 986.7454223632812 8724
1751967995077 1721.4691162109375 8725
1751967995589 1307.4527587890625 8726
1751967996092 1603.339599609375 8727
1751967996595 1023.7771606445312 8728
1751967997099 1451.094482421875 8729
1751967997601 1177.0604248046875 8730
1751967998106 1031.894287109375 8731
1751967998616 1216.8515625 8732
1751967999120 722.8161010742188 8733
1751967999629 882.6558837890625 8734
1751968000133 1533.204345703125 8735
1751968000639 1253.8365478515625 8736
1751968001147 887.3051147460938 8737
1751968001659 947.4998168945312 8738
1751968002166 584.2858276367188 8739
1751968002673 1097.6854248046875 8740
1751968003179 1095.191650390625 8741
1751968003684 484.13677978515625 8742
1751968004187 500.8901062011719 8743
1751968004701 1844.1722412109375 8744
1751968005207 598.3133544921875 8745
1751968005706 996.7255859375 8746
1751968006211 1182.5296630859375 8747
1751968006723 1413.8568115234375 8748
1751968007225 602.1685791015625 8749
1751968007729 1069.2628173828125 8750
1751968008239 1479.2030029296875 8751
1751968008747 1447.532470703125 8752
1751968009255 1395.6796875 8753
1751968009762 998.3624267578125 8754
1751968010268 564.3740234375 8755
1751968010775 882.80859375 8756
1751968011277 820.3178100585938 8757
1751968011786 1070.8743896484375 8758
1751968012287 909.3207397460938 8759
1751968012803 874.0104370117188 8760
1751968013303 1080.5054931640625 8761
1751968013811 1788.0341796875 8762
1751968014318 718.2488403320312 8763
1751968014824 2087.817626953125 8764
1751968015326 609.0664672851562 8765
1751968015829 760.4635620117188 8766
1751968016332 862.9102783203125 8767
1751968016835 1271.2730712890625 8768
1751968017339 526.5317993164062 8769
1751968017846 827.2734375 8770
1751968018349 800.080078125 8771
1751968018856 595.4457397460938 8772
1751968019360 1111.7503662109375 8773
1751968019864 900.7316284179688 8774
1751968020383 1599.937744140625 8775
1751968020894 1191.238037109375 8776
1751968021404 724.8777465820312 8777
1751968021919 1810.698486328125 8778
1751968022429 805.2538452148438 8779
1751968022931 692.5301513671875 8780
1751968023446 903.6361694335938 8781
1751968023951 865.4398803710938 8782
1751968024462 1215.8209228515625 8783
1751968024967 1130.5880126953125 8784
1751968025474 1670.9859619140625 8785
1751968025981 801.14990234375 8786
1751968026497 833.3136596679688 8787
1751968027014 865.9754028320312 8788
1751968027523 954.6142578125 8789
1751968028034 778.5551147460938 8790
1751968028537 1218.3182373046875 8791
1751968029038 1350.2581787109375 8792
1751968029544 1899.3074951171875 8793
1751968030049 772.83544921875 8794
1751968030560 1063.9095458984375 8795
1751968031067 703.0134887695312 8796
1751968031571 2656.142333984375 8797
1751968032073 828.1769409179688 8798
1751968032581 585.69189453125 8799
1751968033082 1151.3585205078125 8800
1751968033599 492.95806884765625 8801
1751968034548 712.754150390625 8802
1751968035055 459.4081115722656 8803
1751968035569 696.6490478515625 8804
1751968036074 743.6757202148438 8805
1751968036579 1063.1990966796875 8806
1751968037089 899.34326171875 8807
1751968037592 771.4251098632812 8808
1751968038093 1524.3480224609375 8809
1751968038600 1271.452392578125 8810
1751968039109 1677.5975341796875 8811
1751968039614 1103.6373291015625 8812
1751968040123 872.0408325195312 8813
1751968040630 1507.4490966796875 8814
1751968041142 902.8037109375 8815
1751968041644 1567.533447265625 8816
1751968042151 1097.2412109375 8817
1751968042653 1422.5516357421875 8818
1751968043157 632.8994140625 8819
1751968043660 649.9396362304688 8820
1751968044171 986.6705932617188 8821
1751968044675 894.5326538085938 8822
1751968045181 869.8212890625 8823
1751968045685 1446.597900390625 8824
1751968046190 1087.6168212890625 8825
1751968046698 1033.0843505859375 8826
1751968047200 1385.6463623046875 8827
1751968047702 947.2689819335938 8828
1751968048206 1342.817138671875 8829
1751968048710 1589.5537109375 8830
1751968049210 811.8854370117188 8831
1751968049713 1723.3619384765625 8832
1751968050214 1898.568359375 8833
1751968050723 1832.331298828125 8834
1751968051225 645.4109497070312 8835
1751968051729 907.7916870117188 8836
1751968052237 710.4082641601562 8837
1751968052750 2152.262939453125 8838
1751968053250 1587.21728515625 8839
1751968053750 900.8783569335938 8840
1751968054257 1498.2119140625 8841
1751968054762 973.3305053710938 8842
1751968055264 949.6535034179688 8843
1751968055767 816.8387451171875 8844
1751968056269 1155.9217529296875 8845
1751968056770 947.1482543945312 8846
1751968057274 1076.2279052734375 8847
1751968057784 1550.21240234375 8848
1751968058289 882.4816284179688 8849
1751968058797 555.9229736328125 8850
1751968059299 866.8312377929688 8851
1751968059817 895.7525634765625 8852
1751968060329 1017.1863403320312 8853
1751968060835 1521.0574951171875 8854
1751968061337 1094.271240234375 8855
1751968061843 1084.010009765625 8856
1751968062349 723.9791259765625 8857
1751968062855 1063.6607666015625 8858
1751968063364 901.3949584960938 8859
1751968063866 755.0266723632812 8860
1751968064367 838.1544799804688 8861
1751968064879 2150.353759765625 8862
1751968065384 1223.2454833984375 8863
1751968065893 1005.1095581054688 8864
1751968066394 599.76904296875 8865
1751968066898 792.6510620117188 8866
1751968067402 597.9264526367188 8867
1751968067904 1313.3978271484375 8868
1751968068405 776.602783203125 8869
1751968068908 1525.6588134765625 8870
1751968069411 891.9938354492188 8871
1751968069918 916.0702514648438 8872
1751968070422 700.9846801757812 8873
1751968070924 676.7296752929688 8874
1751968071423 1179.120849609375 8875
1751968071926 807.1478881835938 8876
1751968072428 605.9275512695312 8877
1751968072931 1375.8797607421875 8878
1751968073433 877.2203369140625 8879
1751968073936 809.3528442382812 8880
1751968074440 711.2090454101562 8881
1751968074950 649.69921875 8882
1751968075454 1352.6273193359375 8883
1751968075959 1588.8460693359375 8884
1751968076462 1664.2789306640625 8885
1751968076962 1511.3460693359375 8886
1751968077464 1196.542236328125 8887
1751968077970 1090.4361572265625 8888
1751968078473 648.3843994140625 8889
1751968078976 734.579833984375 8890
1751968079481 967.6282348632812 8891
1751968079988 1057.351806640625 8892
1751968080503 859.1941528320312 8893
1751968081013 1446.693115234375 8894
1751968081518 1012.9219970703125 8895
1751968082019 1067.8271484375 8896
1751968082519 754.1332397460938 8897
1751968083025 1594.8973388671875 8898
1751968083530 838.2805786132812 8899
1751968084029 820.5126953125 8900
1751968084531 666.4013671875 8901
1751968085483 692.7169799804688 8902
1751968085985 776.955078125 8903
1751968086488 852.25048828125 8904
1751968086989 894.7999877929688 8905
1751968087494 1225.0704345703125 8906
1751968087997 860.0869140625 8907
1751968088498 930.7741088867188 8908
1751968089000 592.3632202148438 8909
1751968089502 794.7703247070312 8910
1751968090007 766.2786254882812 8911
1751968090514 827.3971557617188 8912
1751968091017 3131.846435546875 8913
1751968091519 707.22509765625 8914
1751968092020 904.7390747070312 8915
1751968092523 723.1568603515625 8916
1751968093101 724.9190673828125 8917
1751968093604 854.2978515625 8918
1751968094108 912.7400512695312 8919
1751968094611 1487.8260498046875 8920
1751968095122 587.6492309570312 8921
1751968095625 739.7570190429688 8922
1751968096129 612.3463745117188 8923
1751968096634 747.5294189453125 8924
1751968097140 998.7941284179688 8925
1751968097646 861.82666015625 8926
1751968098154 1065.0985107421875 8927
1751968098656 1599.2412109375 8928
1751968099161 687.5159301757812 8929
1751968099665 2215.838623046875 8930
1751968100183 1437.109619140625 8931
1751968100687 1033.1888427734375 8932
1751968101200 1619.27001953125 8933
1751968101711 479.965087890625 8934
1751968102221 1676.5672607421875 8935
1751968102722 723.8822631835938 8936
1751968103232 3919.260986328125 8937
1751968103735 1014.8662109375 8938
1751968104246 1282.600830078125 8939
1751968104754 1183.9404296875 8940
1751968105271 1258.1141357421875 8941
1751968105773 928.3967895507812 8942
1751968106278 974.5675659179688 8943
1751968106785 2156.3046875 8944
1751968107296 1412.421142578125 8945
1751968107808 1394.2652587890625 8946
1751968108310 1156.776611328125 8947
1751968108820 1839.049072265625 8948
1751968109325 871.5537109375 8949
1751968109832 759.4682006835938 8950
1751968110348 1220.6810302734375 8951
1751968110858 1213.0552978515625 8952
1751968111360 928.1635131835938 8953
1751968111868 1858.6884765625 8954
1751968112368 816.3646240234375 8955
1751968112869 514.755859375 8956
1751968113372 1089.907470703125 8957
1751968113876 635.25341796875 8958
1751968114386 838.9618530273438 8959
1751968114890 508.1293029785156 8960
1751968115397 2774.671630859375 8961
1751968115907 1296.729248046875 8962
1751968116413 719.06884765625 8963
1751968116917 1122.470947265625 8964
1751968117430 751.2749633789062 8965
1751968117945 1038.69677734375 8966
1751968118464 1020.8004150390625 8967
1751968118966 1352.5599365234375 8968
1751968119475 743.845458984375 8969
1751968119981 823.4319458007812 8970
1751968120483 1165.217041015625 8971
1751968120985 727.7291870117188 8972
1751968121489 1151.3203125 8973
1751968121995 542.6318359375 8974
1751968122505 1176.160400390625 8975
1751968123009 524.0678100585938 8976
1751968123513 1083.7425537109375 8977
1751968124015 1424.701171875 8978
1751968124521 648.5543823242188 8979
1751968125026 805.2191772460938 8980
1751968125539 944.3630981445312 8981
1751968126043 743.0924682617188 8982
1751968126543 682.52783203125 8983
1751968127046 1600.7161865234375 8984
1751968127553 739.6801147460938 8985
1751968128055 1009.1890869140625 8986
1751968128564 650.4718627929688 8987
1751968129082 1503.1268310546875 8988
1751968129584 1329.8052978515625 8989
1751968130101 1226.31201171875 8990
1751968130605 1741.140625 8991
1751968131111 743.3340454101562 8992
1751968131613 1319.8504638671875 8993
1751968132113 1614.5028076171875 8994
1751968132615 1065.7786865234375 8995
1751968133118 942.7818603515625 8996
1751968133621 1207.31494140625 8997
1751968134122 1082.2926025390625 8998
1751968134630 1185.7139892578125 8999
1751968135149 1819.9886474609375 9000
1751968135662 716.2593994140625 9001
1751968136575 860.7562866210938 9002
1751968137082 746.5767822265625 9003
1751968137582 1597.3021240234375 9004
1751968138084 659.926025390625 9005
1751968138590 789.9015502929688 9006
1751968139093 728.7044067382812 9007
1751968139610 889.734375 9008
1751968140122 894.9094848632812 9009
1751968140633 609.5703125 9010
1751968141142 1022.8851928710938 9011
1751968141648 1011.58447265625 9012
1751968142159 831.7084350585938 9013
1751968142669 861.4226684570312 9014
1751968143173 1127.1009521484375 9015
1751968143679 1425.5819091796875 9016
1751968144183 1401.328857421875 9017
1751968144685 1158.7733154296875 9018
1751968145197 1790.157470703125 9019
1751968145698 983.8245239257812 9020
1751968146202 967.6224975585938 9021
1751968146712 1287.6527099609375 9022
1751968147219 485.1925964355469 9023
1751968147724 1020.9701538085938 9024
1751968148226 788.2597045898438 9025
1751968148731 1163.234619140625 9026
1751968149235 1128.2645263671875 9027
1751968149736 641.6392822265625 9028
1751968150248 1092.7138671875 9029
1751968150753 681.1797485351562 9030
1751968151259 1101.968994140625 9031
1751968151760 875.0056762695312 9032
1751968152261 1463.2919921875 9033
1751968152763 1618.8197021484375 9034
1751968153264 979.7185668945312 9035
1751968153767 784.8505249023438 9036
1751968154272 538.9376220703125 9037
1751968154778 486.3916015625 9038
1751968155284 651.7736206054688 9039
1751968155791 625.77734375 9040
1751968156296 844.4603881835938 9041
1751968156798 832.0626220703125 9042
1751968157307 857.3939819335938 9043
1751968157811 1258.6121826171875 9044
1751968158318 1494.3765869140625 9045
1751968158828 594.3143920898438 9046
1751968159343 1689.642822265625 9047
1751968159847 677.1339721679688 9048
1751968160362 810.93017578125 9049
1751968160870 851.2230834960938 9050
1751968161376 550.8137817382812 9051
1751968161879 809.8394775390625 9052
1751968162382 1296.3603515625 9053
1751968162890 2363.740966796875 9054
1751968163394 925.33349609375 9055
1751968163901 1004.4879760742188 9056
1751968164402 1133.4813232421875 9057
1751968164904 860.4266967773438 9058
1751968165420 905.2996215820312 9059
1751968165924 914.2900390625 9060
1751968166430 1562.156982421875 9061
1751968166933 1933.2489013671875 9062
1751968167434 788.97314453125 9063
1751968167940 964.7857666015625 9064
1751968168444 709.354736328125 9065
1751968168950 1722.9344482421875 9066
1751968169453 2402.542724609375 9067
1751968169956 749.9093017578125 9068
1751968170468 1373.469970703125 9069
1751968170970 1228.919921875 9070
1751968171474 1121.8504638671875 9071
1751968171978 945.6373291015625 9072
1751968172481 1052.8502197265625 9073
1751968172984 1328.1683349609375 9074
1751968173489 1347.900146484375 9075
1751968173999 1499.2376708984375 9076
1751968174504 1783.2298583984375 9077
1751968175008 876.6012573242188 9078
1751968175517 1498.5570068359375 9079
1751968176020 932.4108276367188 9080
1751968176525 936.1558837890625 9081
1751968177041 2354.889404296875 9082
1751968177547 1220.80859375 9083
1751968178049 635.5637817382812 9084
1751968178555 804.9196166992188 9085
1751968179059 621.2576293945312 9086
1751968179565 1820.4578857421875 9087
1751968180072 1192.4669189453125 9088
1751968180583 1113.944580078125 9089
1751968181085 1096.5096435546875 9090
1751968181600 837.3533325195312 9091
1751968182102 1090.2205810546875 9092
1751968182609 717.278564453125 9093
1751968183117 866.7367553710938 9094
1751968183633 1001.8518676757812 9095
1751968184138 2071.063232421875 9096
1751968184642 1337.658935546875 9097
1751968185151 1541.091064453125 9098
1751968185651 888.7001953125 9099
1751968186153 785.8965454101562 9100
1751968186658 942.6027221679688 9101
1751968187552 969.7063598632812 9102
1751968188056 637.76611328125 9103
1751968188557 1742.7586669921875 9104
1751968189058 755.8485107421875 9105
1751968189561 510.556640625 9106
1751968190061 1151.4345703125 9107
1751968190563 853.9816284179688 9108
1751968191065 643.9596557617188 9109
1751968191573 689.5562744140625 9110
1751968192077 603.5496215820312 9111
1751968192579 971.9562377929688 9112
1751968193082 840.7538452148438 9113
1751968193583 553.5741577148438 9114
1751968194086 2193.7958984375 9115
1751968194588 770.4710083007812 9116
1751968195090 1291.7213134765625 9117
1751968195593 1467.9068603515625 9118
1751968196098 840.4557495117188 9119
1751968196605 576.7144775390625 9120
1751968197108 970.0797119140625 9121
1751968197610 786.0075073242188 9122
1751968198112 641.8982543945312 9123
1751968198620 958.9450073242188 9124
1751968199123 1377.2821044921875 9125
1751968199626 1870.1060791015625 9126
1751968200131 1244.361572265625 9127
1751968200651 990.5271606445312 9128
1751968201160 1686.6527099609375 9129
1751968201669 1444.3636474609375 9130
1751968202171 1173.8536376953125 9131
1751968202676 836.6943359375 9132
1751968203177 1230.2091064453125 9133
1751968203679 1603.302734375 9134
1751968204182 995.7800903320312 9135
1751968204685 1181.3404541015625 9136
1751968205187 824.6403198242188 9137
1751968205691 923.96533203125 9138
1751968206194 577.5452880859375 9139
1751968206703 754.7455444335938 9140
1751968207206 897.6220703125 9141
1751968207709 556.673828125 9142
1751968208214 1340.94091796875 9143
1751968208717 995.4910278320312 9144
1751968209220 2056.66796875 9145
1751968209722 837.2527465820312 9146
1751968210226 1443.7117919921875 9147
1751968210729 1053.844970703125 9148
1751968211232 599.2703247070312 9149
1751968211742 1102.4439697265625 9150
1751968212245 1167.8031005859375 9151
1751968212748 617.59521484375 9152
1751968213251 743.2440795898438 9153
1751968213755 1134.3719482421875 9154
1751968214258 653.0977172851562 9155
1751968214763 1420.3916015625 9156
1751968215265 1159.476806640625 9157
1751968215768 997.1828002929688 9158
1751968216272 713.6322631835938 9159
1751968216792 1017.5404663085938 9160
1751968217296 1780.257080078125 9161
1751968217802 560.0389404296875 9162
1751968218310 797.3175659179688 9163
1751968218813 551.5869140625 9164
1751968219319 859.9908447265625 9165
1751968219825 1645.0531005859375 9166
1751968220330 1246.5357666015625 9167
1751968220831 580.630859375 9168
1751968221332 598.3897705078125 9169
1751968221840 1620.32421875 9170
1751968222341 540.1227416992188 9171
1751968222844 786.0042114257812 9172
1751968223362 707.5726318359375 9173
1751968223865 854.029296875 9174
1751968224370 1267.739990234375 9175
1751968224874 1740.3851318359375 9176
1751968225384 677.80859375 9177
1751968225892 1836.033203125 9178
1751968226397 757.3280639648438 9179
1751968226908 857.5771484375 9180
1751968227419 1214.0633544921875 9181
1751968227931 2463.13427734375 9182
1751968228439 500.55419921875 9183
1751968228944 1204.1864013671875 9184
1751968229446 676.7514038085938 9185
1751968229947 801.4015502929688 9186
1751968230452 1550.2786865234375 9187
1751968230956 1197.7548828125 9188
1751968231464 585.50341796875 9189
1751968231973 669.2235717773438 9190
1751968232476 1228.4781494140625 9191
1751968232989 786.2750854492188 9192
1751968233492 704.1536254882812 9193
1751968233999 435.97564697265625 9194
1751968234508 1403.06787109375 9195
1751968235011 1020.3591918945312 9196
1751968235518 1254.2291259765625 9197
1751968236033 710.72607421875 9198
1751968236544 628.59375 9199
1751968237052 1061.8201904296875 9200
1751968237554 1773.1365966796875 9201
1751968238460 1172.2181396484375 9202
1751968238970 1130.392578125 9203
1751968239479 1214.0433349609375 9204
1751968239988 971.8189697265625 9205
1751968240501 1830.2421875 9206
1751968241004 1086.0018310546875 9207
1751968241512 885.4203491210938 9208
1751968242020 794.8641967773438 9209
1751968242521 642.1864624023438 9210
1751968243027 762.6251220703125 9211
1751968243531 1084.1025390625 9212
1751968244039 816.01220703125 9213
1751968244541 796.5464477539062 9214
1751968245054 1230.488525390625 9215
1751968245559 689.9612426757812 9216
1751968246073 627.1495971679688 9217
1751968246585 1301.9208984375 9218
1751968247090 1318.5408935546875 9219
1751968247599 776.8629760742188 9220
1751968248108 1026.2132568359375 9221
1751968248612 549.7185668945312 9222
1751968249117 547.5051879882812 9223
1751968249619 1234.2310791015625 9224
1751968250124 776.861328125 9225
1751968250630 787.4996948242188 9226
1751968251137 1783.6434326171875 9227
1751968251643 1774.7060546875 9228
1751968252150 701.9284057617188 9229
1751968252667 1126.9029541015625 9230
1751968253183 649.1600952148438 9231
1751968253685 656.0465698242188 9232
1751968254190 660.5402221679688 9233
1751968254693 547.1764526367188 9234
1751968255196 1523.685791015625 9235
1751968255700 1114.4305419921875 9236
1751968256202 637.3339233398438 9237
1751968256720 1274.3914794921875 9238
1751968257228 726.26025390625 9239
1751968257732 379.5397644042969 9240
1751968258245 796.5460205078125 9241
1751968258747 614.7864379882812 9242
1751968259259 748.2681274414062 9243
1751968259772 1781.2279052734375 9244
1751968260284 942.8341064453125 9245
1751968260797 1338.9349365234375 9246
1751968261313 993.14404296875 9247
1751968261827 859.7320556640625 9248
1751968262330 1259.624755859375 9249
1751968262830 479.5326232910156 9250
1751968263339 1399.6402587890625 9251
1751968263840 645.8773803710938 9252
1751968264355 1111.9886474609375 9253
1751968264859 1501.2655029296875 9254
1751968265368 1225.637451171875 9255
1751968265870 1381.702880859375 9256
1751968266376 919.2376098632812 9257
1751968266888 609.9647827148438 9258
1751968267393 1105.9208984375 9259
1751968267898 776.0602416992188 9260
1751968268402 971.1564331054688 9261
1751968268906 1406.9764404296875 9262
1751968269409 1564.5736083984375 9263
1751968269916 1507.606201171875 9264
1751968270428 1600.6361083984375 9265
1751968270944 559.1553344726562 9266
1751968271450 617.0389404296875 9267
1751968271960 1311.1966552734375 9268
1751968272462 1019.3450317382812 9269
1751968272965 492.27032470703125 9270
1751968273465 691.5172729492188 9271
1751968273972 892.4164428710938 9272
1751968274475 2459.27294921875 9273
1751968274985 586.3473510742188 9274
1751968275488 983.9955444335938 9275
1751968276003 583.794677734375 9276
1751968276510 538.7737426757812 9277
1751968277025 520.3715209960938 9278
1751968277530 674.6478881835938 9279
1751968278042 1088.6474609375 9280
1751968278552 812.2695922851562 9281
1751968279058 714.7815551757812 9282
1751968279569 827.6417236328125 9283
1751968280078 1169.1011962890625 9284
1751968280587 675.2894287109375 9285
1751968281096 932.9652709960938 9286
1751968281605 494.1890563964844 9287
1751968282114 700.8107299804688 9288
1751968282616 777.5160522460938 9289
1751968283120 1145.375244140625 9290
1751968283624 2530.156982421875 9291
1751968284129 1078.6318359375 9292
1751968284633 669.85693359375 9293
1751968285145 763.2811279296875 9294
1751968285654 623.4623413085938 9295
1751968286166 829.1715087890625 9296
1751968286673 1102.4671630859375 9297
1751968287175 974.9122314453125 9298
1751968287678 1017.6209106445312 9299
1751968288182 969.4747924804688 9300
1751968288684 552.0519409179688 9301
1751968289578 610.2477416992188 9302
1751968290079 1479.26025390625 9303
1751968290583 1205.9168701171875 9304
1751968291087 1524.1728515625 9305
1751968291592 1069.904296875 9306
1751968292099 783.0133666992188 9307
1751968292606 1499.668212890625 9308
1751968293106 1326.1796875 9309
1751968293608 860.7367553710938 9310
1751968294109 2262.54248046875 9311
1751968294614 1093.385498046875 9312
1751968295124 677.2905883789062 9313
1751968295626 757.8551635742188 9314
1751968296131 871.7976684570312 9315
1751968296632 462.0690612792969 9316
1751968297146 1394.55615234375 9317
1751968297657 401.6722106933594 9318
1751968298162 496.833251953125 9319
1751968298671 1007.8461303710938 9320
1751968299180 1151.6322021484375 9321
1751968299682 1135.2596435546875 9322
1751968300190 1149.51904296875 9323
1751968300704 648.2151489257812 9324
1751968301206 825.2267456054688 9325
1751968301720 647.3311767578125 9326
1751968302236 640.9161987304688 9327
1751968302745 787.0607299804688 9328
1751968303251 661.1847534179688 9329
1751968303768 485.9313049316406 9330
1751968304279 1656.913330078125 9331
1751968304781 526.0787963867188 9332
1751968305286 1609.0880126953125 9333
1751968305794 612.885009765625 9334
1751968306296 506.9499206542969 9335
1751968306799 1707.9886474609375 9336
1751968307307 786.8573608398438 9337
1751968307809 1550.3404541015625 9338
1751968308310 741.4195556640625 9339
1751968308814 1102.0823974609375 9340
1751968309317 1798.4508056640625 9341
1751968309818 830.4635009765625 9342
1751968310322 998.3087768554688 9343
1751968310825 1147.819091796875 9344
1751968311328 668.1942138671875 9345
1751968311830 511.0269470214844 9346
1751968312338 733.3739013671875 9347
1751968312841 972.3278198242188 9348
1751968313342 587.5158081054688 9349
1751968313844 730.3753051757812 9350
1751968314347 1712.9637451171875 9351
1751968314853 793.5067749023438 9352
1751968315356 619.1258544921875 9353
1751968315860 809.6138305664062 9354
1751968316363 368.36138916015625 9355
1751968316865 454.62646484375 9356
1751968317375 944.5574340820312 9357
1751968317875 1745.6197509765625 9358
1751968318377 682.4435424804688 9359
1751968318880 1070.6605224609375 9360
1751968319385 1249.226318359375 9361
1751968319888 706.2211303710938 9362
1751968320400 476.7328186035156 9363
1751968320912 1524.8388671875 9364
1751968321421 516.10302734375 9365
1751968321924 848.1062622070312 9366
1751968322432 1386.9017333984375 9367
1751968322941 927.9967041015625 9368
1751968323445 2703.037109375 9369
1751968323949 733.4879150390625 9370
1751968324461 1032.6793212890625 9371
1751968324963 814.60693359375 9372
1751968325469 739.1859741210938 9373
1751968325971 1413.3074951171875 9374
1751968326474 944.2693481445312 9375
1751968326976 743.0587158203125 9376
1751968327483 3263.248779296875 9377
1751968327986 2226.728515625 9378
1751968328490 1478.5223388671875 9379
1751968328992 1133.6893310546875 9380
1751968329494 980.7157592773438 9381
1751968329995 812.7353515625 9382
1751968330501 1408.432861328125 9383
1751968331005 1022.7395629882812 9384
1751968331511 724.1276245117188 9385
1751968332015 993.7366333007812 9386
1751968332520 1407.8070068359375 9387
1751968333023 1414.49267578125 9388
1751968333526 753.498046875 9389
1751968334030 604.1500854492188 9390
1751968334531 1151.828125 9391
1751968335034 834.0802612304688 9392
1751968335536 1644.874267578125 9393
1751968336039 1013.6339721679688 9394
1751968336544 729.06591796875 9395
1751968337059 1205.448974609375 9396
1751968337575 923.8839721679688 9397
1751968338083 622.5526733398438 9398
1751968338592 456.9667053222656 9399
1751968339106 1290.743896484375 9400
1751968339615 830.0324096679688 9401
1751968340520 1649.7376708984375 9402
1751968341029 911.4382934570312 9403
1751968341536 1372.335205078125 9404
1751968342047 581.771484375 9405
1751968342552 936.3738403320312 9406
1751968343056 909.14599609375 9407
1751968343564 1073.65234375 9408
1751968344070 1405.9443359375 9409
1751968344572 1538.2786865234375 9410
1751968345078 1304.0693359375 9411
1751968345585 1782.1370849609375 9412
1751968346094 1713.5086669921875 9413
1751968346600 1335.7249755859375 9414
1751968347105 858.0068359375 9415
1751968347611 1208.4578857421875 9416
1751968348115 519.4326782226562 9417
1751968348623 573.5451049804688 9418
1751968349129 842.6275634765625 9419
1751968349635 1280.304931640625 9420
1751968350139 1094.3355712890625 9421
1751968350646 863.4625244140625 9422
1751968351150 597.1448364257812 9423
1751968351653 597.1205444335938 9424
1751968352156 477.68170166015625 9425
1751968352665 1108.3463134765625 9426
1751968353180 1085.2611083984375 9427
1751968353689 1112.8885498046875 9428
1751968354201 999.68359375 9429
1751968354708 1409.3114013671875 9430
1751968355211 1076.6517333984375 9431
1751968355715 1117.9661865234375 9432
1751968356222 511.3200378417969 9433
1751968356723 1481.7154541015625 9434
1751968357224 1129.7967529296875 9435
1751968357725 1131.874755859375 9436
1751968358228 2872.534912109375 9437
1751968358732 1802.2972412109375 9438
1751968359240 902.0849609375 9439
1751968359746 2293.432861328125 9440
1751968360248 691.24609375 9441
1751968360755 754.2697143554688 9442
1751968361261 1217.5858154296875 9443
1751968361776 2371.0390625 9444
1751968362288 922.8697509765625 9445
1751968362795 862.009765625 9446
1751968363300 1795.0335693359375 9447
1751968363804 1033.3402099609375 9448
1751968364310 1531.1351318359375 9449
1751968364818 1101.5487060546875 9450
1751968365331 828.5496215820312 9451
1751968365845 991.44091796875 9452
1751968366362 1309.0555419921875 9453
1751968366874 1226.0389404296875 9454
1751968367378 976.5734252929688 9455
1751968367886 1145.828125 9456
1751968368391 825.5424194335938 9457
1751968368900 767.2285766601562 9458
1751968369403 848.3992309570312 9459
1751968369917 952.2909545898438 9460
1751968370423 895.2633056640625 9461
1751968370925 1041.8001708984375 9462
1751968371426 1245.9935302734375 9463
1751968371935 720.0991821289062 9464
1751968372438 987.7222900390625 9465
1751968372945 424.20361328125 9466
1751968373457 1077.387939453125 9467
1751968373964 591.2733764648438 9468
1751968374470 1111.984619140625 9469
1751968374975 501.60009765625 9470
1751968375477 1457.43701171875 9471
1751968375980 977.8742065429688 9472
1751968376486 1260.8890380859375 9473
1751968376990 1087.8963623046875 9474
1751968377498 982.8978881835938 9475
1751968378000 605.236572265625 9476
1751968378514 1011.6066284179688 9477
1751968379020 941.9840087890625 9478
1751968379527 728.2032470703125 9479
1751968380047 1032.8060302734375 9480
1751968380556 1753.2239990234375 9481
1751968381065 517.61181640625 9482
1751968381573 658.7893676757812 9483
1751968382081 786.2506103515625 9484
1751968382590 397.3382263183594 9485
1751968383096 674.1432495117188 9486
1751968383605 697.52880859375 9487
1751968384115 951.4322509765625 9488
1751968384622 1231.366455078125 9489
1751968385125 572.5368041992188 9490
1751968385626 562.0338134765625 9491
1751968386129 813.5098266601562 9492
1751968386641 1064.248046875 9493
1751968387146 733.2738647460938 9494
1751968387653 1330.7750244140625 9495
1751968388158 673.5133056640625 9496
1751968388668 503.0973815917969 9497
1751968389174 784.3281860351562 9498
1751968389680 799.4630737304688 9499
1751968390182 1357.6031494140625 9500
1751968390691 1244.9114990234375 9501
1751968391584 1140.3406982421875 9502
1751968392084 714.1727294921875 9503
1751968392589 813.3526611328125 9504
1751968393090 579.8897094726562 9505
1751968393593 979.28125 9506
1751968394094 1202.721923828125 9507
1751968394595 679.448486328125 9508
1751968395104 708.9397583007812 9509
1751968395611 621.9147338867188 9510
1751968396113 798.7607421875 9511
1751968396628 1710.9820556640625 9512
1751968397142 590.8344116210938 9513
1751968397651 1622.92333984375 9514
1751968398153 860.0439453125 9515
1751968398664 591.9386596679688 9516
1751968399173 932.505859375 9517
1751968399684 827.19091796875 9518
1751968400199 487.4979553222656 9519
1751968400703 621.3239135742188 9520
1751968401213 1272.4207763671875 9521
1751968401727 421.34600830078125 9522
1751968402228 842.109375 9523
1751968402733 589.099609375 9524
1751968403243 652.0968017578125 9525
1751968403754 864.142578125 9526
1751968404260 933.8449096679688 9527
1751968404765 780.4400634765625 9528
1751968405266 587.0208129882812 9529
1751968405768 970.2976684570312 9530
1751968406274 646.06982421875 9531
1751968406779 765.6935424804688 9532
1751968407281 487.9068908691406 9533
1751968407785 390.530029296875 9534
1751968408290 951.7646484375 9535
1751968408794 1066.38671875 9536
1751968409301 1708.6077880859375 9537
1751968409802 1282.0926513671875 9538
1751968410313 1551.1966552734375 9539
1751968410832 460.5425720214844 9540
1751968411335 1072.8699951171875 9541
1751968411845 1370.754638671875 9542
1751968412363 760.3742065429688 9543
1751968412871 693.9813842773438 9544
1751968413382 1373.96875 9545
1751968413885 494.8163757324219 9546
1751968414390 921.1342163085938 9547
1751968414891 784.0794067382812 9548
1751968415399 1726.1473388671875 9549
1751968415904 621.9051513671875 9550
1751968416409 754.0245971679688 9551
1751968416917 1215.6434326171875 9552
1751968417420 918.5671997070312 9553
1751968417922 1272.8438720703125 9554
1751968418435 911.8757934570312 9555
1751968418946 922.8507690429688 9556
1751968419453 1787.6448974609375 9557
1751968419961 640.5250854492188 9558
1751968420470 605.7686767578125 9559
1751968420973 578.697509765625 9560
1751968421481 1939.1180419921875 9561
1751968421983 686.89306640625 9562
1751968422497 1331.302978515625 9563
1751968423005 833.0753784179688 9564
1751968423518 1615.2916259765625 9565
1751968424021 1333.2052001953125 9566
1751968424527 925.90966796875 9567
1751968425028 531.2653198242188 9568
1751968425529 543.71044921875 9569
1751968426032 1112.8338623046875 9570
1751968426538 880.3347778320312 9571
1751968427040 1642.913330078125 9572
1751968427541 687.005859375 9573
1751968428045 762.2850952148438 9574
1751968428554 2108.186279296875 9575
1751968429056 799.9613647460938 9576
1751968429557 588.33056640625 9577
1751968430060 932.6885986328125 9578
1751968430562 1009.5687866210938 9579
1751968431067 773.2174072265625 9580
1751968431571 770.4093627929688 9581
1751968432076 1194.113525390625 9582
1751968432578 1372.396484375 9583
1751968433086 749.9574584960938 9584
1751968433596 850.0626831054688 9585
1751968434098 2999.118408203125 9586
1751968434602 773.6146240234375 9587
1751968435105 1348.846435546875 9588
1751968435609 563.185791015625 9589
1751968436112 1166.1878662109375 9590
1751968436613 1138.0267333984375 9591
1751968437114 2273.755615234375 9592
1751968437615 842.54541015625 9593
1751968438117 705.8360595703125 9594
1751968438627 1115.4544677734375 9595
1751968439132 852.7240600585938 9596
1751968439633 778.06103515625 9597
1751968440139 505.1136779785156 9598
1751968440657 779.2291259765625 9599
1751968441164 669.7453002929688 9600
1751968441668 2021.4359130859375 9601
1751968442570 417.9318542480469 9602
1751968443071 469.3374938964844 9603
1751968443580 753.6428833007812 9604
1751968444083 917.48583984375 9605
1751968444585 780.2882690429688 9606
1751968445089 620.4581909179688 9607
1751968445590 646.5087280273438 9608
1751968446090 641.8025512695312 9609
1751968446591 1261.345947265625 9610
1751968447096 435.7476501464844 9611
1751968447602 648.0415649414062 9612
1751968448105 629.688720703125 9613
1751968448617 1539.6917724609375 9614
1751968449119 1271.991455078125 9615
1751968449621 643.1738891601562 9616
1751968450123 637.5305786132812 9617
1751968450626 516.5042114257812 9618
1751968451131 1224.9002685546875 9619
1751968451632 736.1947631835938 9620
1751968452136 760.5641479492188 9621
1751968452640 871.1703491210938 9622
1751968453144 3134.842041015625 9623
1751968453656 984.7924194335938 9624
1751968454159 1415.1370849609375 9625
1751968454664 1509.078125 9626
1751968455167 720.4364624023438 9627
1751968455670 1566.7431640625 9628
1751968456174 1420.593017578125 9629
1751968456679 923.1951293945312 9630
1751968457186 1270.795166015625 9631
1751968457694 2351.411865234375 9632
1751968458205 650.0750122070312 9633
1751968458728 1395.5836181640625 9634
1751968459234 1042.8289794921875 9635
1751968459754 1054.640869140625 9636
1751968460256 786.4364624023438 9637
1751968460771 3206.50341796875 9638
1751968461286 1845.0584716796875 9639
1751968461804 2000.3121337890625 9640
1751968462308 637.4523315429688 9641
1751968462822 1042.1932373046875 9642
1751968463340 932.3427124023438 9643
1751968463847 2020.995361328125 9644
1751968464351 664.4398803710938 9645
1751968464853 1011.1710205078125 9646
1751968465361 1328.6861572265625 9647
1751968465871 614.8280639648438 9648
1751968466380 826.8474731445312 9649
1751968466886 633.915283203125 9650
1751968467394 505.2941589355469 9651
1751968467900 804.653564453125 9652
1751968468407 484.7837829589844 9653
1751968468911 2109.701904296875 9654
1751968469416 2044.4656982421875 9655
1751968469920 1284.3856201171875 9656
1751968470425 990.6876831054688 9657
1751968470935 2953.088134765625 9658
1751968471447 2725.891357421875 9659
1751968471956 2730.99072265625 9660
1751968472461 957.8990478515625 9661
1751968472965 1131.01416015625 9662
1751968473477 1625.4866943359375 9663
1751968473979 1388.009033203125 9664
1751968474485 2088.238037109375 9665
1751968474991 979.4259643554688 9666
1751968475498 1671.251220703125 9667
1751968476004 1084.2838134765625 9668
1751968476513 1451.7821044921875 9669
1751968477019 1960.7728271484375 9670
1751968477530 1043.265869140625 9671
1751968478035 1067.9632568359375 9672
1751968478545 1038.720947265625 9673
1751968479054 840.1771850585938 9674
1751968479567 1773.936767578125 9675
1751968480083 1499.634521484375 9676
1751968480593 771.2437744140625 9677
1751968481103 955.7081298828125 9678
1751968481607 1261.9178466796875 9679
1751968482109 1033.6116943359375 9680
1751968482611 1223.738525390625 9681
1751968483119 1257.8958740234375 9682
1751968483630 2816.348876953125 9683
1751968484133 1212.823486328125 9684
1751968484638 1473.4556884765625 9685
1751968485140 865.0157470703125 9686
1751968485648 601.114990234375 9687
1751968486151 1037.1484375 9688
1751968486659 873.8781127929688 9689
1751968487164 1440.5240478515625 9690
1751968487672 682.1351318359375 9691
1751968488195 828.427734375 9692
1751968488713 839.5408325195312 9693
1751968489228 628.0534057617188 9694
1751968489738 1277.8074951171875 9695
1751968490239 958.3641967773438 9696
1751968490745 691.8954467773438 9697
1751968491253 796.15673828125 9698
1751968491756 602.6500244140625 9699
1751968492273 866.4302978515625 9700
1751968492772 706.2737426757812 9701
1751968493672 815.5968627929688 9702
1751968494174 722.598388671875 9703
1751968494678 844.52734375 9704
1751968495182 1422.5047607421875 9705
1751968495687 808.7055053710938 9706
1751968496189 1334.4217529296875 9707
1751968496698 1053.5174560546875 9708
1751968497278 715.6871948242188 9709
1751968497781 629.7943725585938 9710
1751968498294 1483.5091552734375 9711
1751968498805 1017.4660034179688 9712
1751968499312 1172.199462890625 9713
1751968499812 996.8796997070312 9714
1751968500328 1015.1115112304688 9715
1751968500840 1200.9461669921875 9716
1751968501346 859.9951171875 9717
1751968501849 1331.86376953125 9718
1751968502356 1575.746826171875 9719
1751968502859 1020.154296875 9720
1751968503370 1119.338134765625 9721
1751968503881 737.8971557617188 9722
1751968504388 714.9750366210938 9723
1751968504896 1098.9029541015625 9724
1751968505398 841.59228515625 9725
1751968505905 1040.437255859375 9726
1751968506413 1182.328857421875 9727
1751968506924 1012.8463134765625 9728
1751968507429 955.8630981445312 9729
1751968507945 654.8556518554688 9730
1751968508450 2121.24072265625 9731
1751968508953 947.970703125 9732
1751968509464 897.4812622070312 9733
1751968509979 776.92333984375 9734
1751968510482 1114.6937255859375 9735
1751968510995 847.5597534179688 9736
1751968511506 2049.113037109375 9737
1751968512008 963.68505859375 9738
1751968512517 969.5936889648438 9739
1751968513017 932.7843627929688 9740
1751968513523 639.2903442382812 9741
1751968514026 1151.5743408203125 9742
1751968514527 639.96435546875 9743
1751968515035 543.629638671875 9744
1751968515551 785.14501953125 9745
1751968516068 939.4845581054688 9746
1751968516574 691.2216796875 9747
1751968517076 842.2604370117188 9748
1751968517590 1143.6741943359375 9749
1751968518104 784.7752075195312 9750
1751968518607 808.7930908203125 9751
1751968519123 647.2813720703125 9752
1751968519628 1343.421875 9753
1751968520141 1123.55712890625 9754
1751968520644 799.5094604492188 9755
1751968521153 1223.9398193359375 9756
1751968521657 2003.4853515625 9757
1751968522168 590.1539916992188 9758
1751968522671 1280.663330078125 9759
1751968523179 866.3528442382812 9760
1751968523695 604.8397216796875 9761
1751968524198 701.1483764648438 9762
1751968524700 1492.13134765625 9763
1751968525206 755.1469116210938 9764
1751968525717 2139.0673828125 9765
1751968526227 1239.521240234375 9766
1751968526746 620.8876342773438 9767
1751968527250 996.1765747070312 9768
1751968527752 919.8187866210938 9769
1751968528255 824.6224975585938 9770
1751968528760 1209.353759765625 9771
1751968529260 779.4765625 9772
1751968529775 1229.1878662109375 9773
1751968530277 1419.0277099609375 9774
1751968530787 1069.5428466796875 9775
1751968531297 1532.548583984375 9776
1751968531804 1107.1015625 9777
1751968532316 1915.1422119140625 9778
1751968532824 503.7601013183594 9779
1751968533330 956.0294799804688 9780
1751968533835 553.1444702148438 9781
1751968534345 704.1632080078125 9782
1751968534850 1319.1304931640625 9783
1751968535359 2107.94775390625 9784
1751968535866 509.0738830566406 9785
1751968536380 856.5065307617188 9786
1751968536890 498.7417907714844 9787
1751968537400 1441.83984375 9788
1751968537906 1345.9864501953125 9789
1751968538418 879.1201171875 9790
1751968538923 778.2875366210938 9791
1751968539430 747.6028442382812 9792
1751968539938 1054.623291015625 9793
1751968540456 806.0966796875 9794
1751968540961 1388.1307373046875 9795
1751968541463 675.948974609375 9796
1751968541965 2134.991943359375 9797
1751968542471 657.14013671875 9798
1751968542987 1022.3661499023438 9799
1751968543506 1267.2679443359375 9800
1751968544017 853.8115234375 9801
1751968544932 488.64141845703125 9802
1751968545438 618.0718994140625 9803
1751968545947 501.8341979980469 9804
1751968546450 949.2752075195312 9805
1751968546954 2086.440185546875 9806
1751968547456 1578.208984375 9807
1751968547958 659.6923828125 9808
1751968548459 792.6635131835938 9809
1751968548960 1234.014892578125 9810
1751968549463 843.5502319335938 9811
1751968549966 606.8771362304688 9812
1751968550470 649.9689331054688 9813
1751968550975 912.3115234375 9814
1751968551477 988.6002197265625 9815
1751968551981 1272.598388671875 9816
1751968552483 711.4899291992188 9817
1751968552985 507.0525817871094 9818
1751968553488 1041.7586669921875 9819
1751968553992 1028.46875 9820
1751968554494 1278.6297607421875 9821
1751968554996 1074.9866943359375 9822
1751968555502 820.2722778320312 9823
1751968556006 898.1809692382812 9824
1751968556510 1289.029296875 9825
1751968557012 714.3228149414062 9826
1751968557516 1336.8968505859375 9827
1751968558020 1116.5059814453125 9828
1751968558522 616.6027221679688 9829
1751968559029 1515.3890380859375 9830
1751968559530 1346.8348388671875 9831
1751968560033 927.6776733398438 9832
1751968560546 1067.4696044921875 9833
1751968561063 1954.505126953125 9834
1751968561566 708.6930541992188 9835
1751968562067 1121.8236083984375 9836
1751968562568 867.7064819335938 9837
1751968563070 559.0362548828125 9838
1751968563572 1374.545166015625 9839
1751968564076 798.3147583007812 9840
1751968564579 842.3497924804688 9841
1751968565083 1449.3035888671875 9842
1751968565586 731.7062377929688 9843
1751968566097 2229.243408203125 9844
1751968566602 650.9523315429688 9845
1751968567109 977.4541015625 9846
1751968567611 637.4080200195312 9847
1751968568117 971.3171997070312 9848
1751968568619 634.2330322265625 9849
1751968569121 1496.388671875 9850
1751968569625 1404.5047607421875 9851
1751968570126 584.9010620117188 9852
1751968570628 596.9042358398438 9853
1751968571136 1035.8934326171875 9854
1751968571643 1266.9410400390625 9855
1751968572145 1029.0413818359375 9856
1751968572646 978.0164184570312 9857
1751968573149 1591.2215576171875 9858
1751968573651 913.3619995117188 9859
1751968574154 1063.5626220703125 9860
1751968574656 829.5640869140625 9861
1751968575159 1196.5706787109375 9862
1751968575662 1119.6944580078125 9863
1751968576167 959.56640625 9864
1751968576676 773.6175537109375 9865
1751968577185 881.8394775390625 9866
1751968577686 1500.8018798828125 9867
1751968578190 1037.6785888671875 9868
1751968578694 798.3611450195312 9869
1751968579197 1159.0882568359375 9870
1751968579701 1063.6123046875 9871
1751968580206 1067.7117919921875 9872
1751968580711 774.7138671875 9873
1751968581214 2457.764892578125 9874
1751968581717 1460.5963134765625 9875
1751968582220 1128.0560302734375 9876
1751968582722 1468.181640625 9877
1751968583224 622.9152221679688 9878
1751968583728 900.24951171875 9879
1751968584231 745.7957763671875 9880
1751968584734 1653.5843505859375 9881
1751968585238 997.3136596679688 9882
1751968585739 919.4044799804688 9883
1751968586254 839.1676025390625 9884
1751968586760 2150.600341796875 9885
1751968587264 735.8076782226562 9886
1751968587768 893.8801879882812 9887
1751968588274 917.2726440429688 9888
1751968588780 849.2478637695312 9889
1751968589289 936.1173706054688 9890
1751968589796 798.364013671875 9891
1751968590300 1139.5714111328125 9892
1751968590804 1260.6907958984375 9893
1751968591316 592.5636596679688 9894
1751968591819 675.9059448242188 9895
1751968592322 482.57061767578125 9896
1751968592823 989.9286499023438 9897
1751968593325 801.9269409179688 9898
1751968593830 1244.9207763671875 9899
1751968594336 1087.4940185546875 9900
1751968594842 1179.439697265625 9901
1751968595754 706.4008178710938 9902
1751968596266 586.7045288085938 9903
1751968596773 946.5068359375 9904
1751968597280 661.85302734375 9905
1751968597780 853.3035278320312 9906
1751968598281 721.99267578125 9907
1751968598789 790.8321533203125 9908
1751968599297 509.5370178222656 9909
1751968599800 821.1310424804688 9910
1751968600303 870.8803100585938 9911
1751968600813 724.0025634765625 9912
1751968601334 747.9005737304688 9913
1751968601838 820.0636596679688 9914
1751968602340 855.2265625 9915
1751968602845 2475.46142578125 9916
1751968603348 821.5001220703125 9917
1751968603852 764.0061645507812 9918
1751968604367 1577.9044189453125 9919
1751968604872 870.947265625 9920
1751968605375 1706.9300537109375 9921
1751968605878 1289.4764404296875 9922
1751968606391 752.8316650390625 9923
1751968606899 1308.4569091796875 9924
1751968607408 1100.986572265625 9925
1751968607913 966.53515625 9926
1751968608416 832.3150634765625 9927
1751968608925 1027.25146484375 9928
1751968609429 780.4247436523438 9929
1751968609930 689.2014770507812 9930
1751968610433 1432.717041015625 9931
1751968610942 632.58056640625 9932
1751968611451 1487.3895263671875 9933
1751968611965 1708.444580078125 9934
1751968612476 1044.8870849609375 9935
1751968612979 569.001708984375 9936
1751968613486 592.2182006835938 9937
1751968613990 1245.0770263671875 9938
1751968614495 918.9431762695312 9939
1751968615006 702.9447631835938 9940
1751968615518 599.6964111328125 9941
1751968616024 1741.7769775390625 9942
1751968616533 1091.7288818359375 9943
1751968617037 881.9987182617188 9944
1751968617547 841.4734497070312 9945
1751968618048 2537.1083984375 9946
1751968618549 737.0352783203125 9947
1751968619049 933.1212768554688 9948
1751968619554 701.0626220703125 9949
1751968620062 699.0145263671875 9950
1751968620588 481.9618835449219 9951
1751968621101 1436.191162109375 9952
1751968621608 1180.1141357421875 9953
1751968622108 911.744140625 9954
1751968622608 552.1073608398438 9955
1751968623112 1078.568603515625 9956
1751968623618 1053.943603515625 9957
1751968624123 3449.89697265625 9958
1751968624629 479.93585205078125 9959
1751968625132 956.7566528320312 9960
1751968625640 744.3434448242188 9961
1751968626146 559.9388427734375 9962
1751968626656 688.3883666992188 9963
1751968627168 1425.050048828125 9964
1751968627674 557.2189331054688 9965
1751968628181 1264.602783203125 9966
1751968628691 1772.4437255859375 9967
1751968629194 1127.7342529296875 9968
1751968629702 543.9218139648438 9969
1751968630215 644.6729736328125 9970
1751968630718 662.5968627929688 9971
1751968631232 1198.3790283203125 9972
1751968631739 1602.858154296875 9973
1751968632242 698.7882080078125 9974
1751968632745 1438.3931884765625 9975
1751968633246 935.4096069335938 9976
1751968633749 1002.7658081054688 9977
1751968634251 1546.826904296875 9978
1751968634753 1504.8748779296875 9979
1751968635258 977.3214721679688 9980
1751968635774 584.37255859375 9981
1751968636287 740.7588500976562 9982
1751968636795 585.0635375976562 9983
1751968637309 616.2630004882812 9984
1751968637819 983.8351440429688 9985
1751968638320 725.5579223632812 9986
1751968638824 771.2823486328125 9987
1751968639339 711.4937744140625 9988
1751968639849 1283.5697021484375 9989
1751968640358 840.5302734375 9990
1751968640863 817.2274780273438 9991
1751968641369 1266.1046142578125 9992
1751968641878 945.7607421875 9993
1751968642394 2104.828857421875 9994
1751968642909 685.1405639648438 9995
1751968643414 1226.6800537109375 9996
1751968643923 560.5222778320312 9997
1751968644429 1021.7816772460938 9998
1751968644945 911.1622314453125 9999
1751968645448 533.6011962890625 10000
1751968645954 1026.8416748046875 10001
1751968646874 1378.9041748046875 10002
1751968647382 902.9403686523438 10003
1751968647887 1288.04296875 10004
1751968648392 836.0944213867188 10005
1751968648900 599.2022705078125 10006
1751968649405 459.70196533203125 10007
1751968649913 529.3475952148438 10008
1751968650424 1149.4295654296875 10009
1751968650932 690.634033203125 10010
1751968651441 764.7228393554688 10011
1751968651950 1880.065673828125 10012
1751968652460 2772.89453125 10013
1751968652965 792.7171630859375 10014
1751968653471 1137.533447265625 10015
1751968653978 1374.6727294921875 10016
1751968654485 1501.934814453125 10017
1751968654991 465.6957092285156 10018
1751968655495 561.3106079101562 10019
1751968656000 590.8903198242188 10020
1751968656508 526.2263793945312 10021
1751968657021 1028.6824951171875 10022
1751968657528 726.79443359375 10023
1751968658034 560.0453491210938 10024
1751968658538 730.9179077148438 10025
1751968659043 721.94482421875 10026
1751968659553 1053.372802734375 10027
1751968660056 2233.93115234375 10028
1751968660568 768.4492797851562 10029
1751968661075 1962.8326416015625 10030
1751968661580 729.8270874023438 10031
1751968662086 1239.906982421875 10032
1751968662593 966.5260009765625 10033
1751968663103 698.7636108398438 10034
1751968663605 910.1261596679688 10035
1751968664116 750.4136962890625 10036
1751968664622 729.210693359375 10037
1751968665127 1043.856689453125 10038
1751968665630 680.1819458007812 10039
1751968666134 951.3312377929688 10040
1751968666637 1297.35546875 10041
1751968667138 1147.0048828125 10042
1751968667640 626.9774780273438 10043
1751968668141 1097.240478515625 10044
1751968668645 1161.08544921875 10045
1751968669148 1514.145751953125 10046
1751968669651 3093.835693359375 10047
1751968670152 877.4418334960938 10048
1751968670656 639.1491088867188 10049
1751968671163 839.6259765625 10050
1751968671667 827.6251220703125 10051
1751968672170 2107.325439453125 10052
1751968672675 649.40283203125 10053
1751968673178 852.6239624023438 10054
1751968673681 1288.5423583984375 10055
1751968674186 955.6467895507812 10056
1751968674687 740.56396484375 10057
1751968675189 542.7059936523438 10058
1751968675693 1005.8756103515625 10059
1751968676203 663.6910400390625 10060
1751968676706 626.7332763671875 10061
1751968677208 830.7672119140625 10062
1751968677711 544.5701293945312 10063
1751968678211 1144.58203125 10064
1751968678715 721.5521850585938 10065
1751968679217 737.2874755859375 10066
1751968679721 1489.199951171875 10067
1751968680229 1765.257080078125 10068
1751968680745 1009.6627807617188 10069
1751968681257 1624.8480224609375 10070
1751968681760 1888.2705078125 10071
1751968682261 1004.4879150390625 10072
1751968682765 679.4508056640625 10073
1751968683266 1102.4295654296875 10074
1751968683769 1052.8656005859375 10075
1751968684271 943.4033203125 10076
1751968684772 563.2415771484375 10077
1751968685273 1336.2789306640625 10078
1751968685776 1409.2271728515625 10079
1751968686286 780.3516845703125 10080
1751968686790 934.7427978515625 10081
1751968687294 1042.6474609375 10082
1751968687796 777.0718994140625 10083
1751968688298 1269.4609375 10084
1751968688803 1298.548095703125 10085
1751968689309 2717.682373046875 10086
1751968689813 946.7728881835938 10087
1751968690315 1264.2392578125 10088
1751968690818 1153.2401123046875 10089
1751968691327 780.1834716796875 10090
1751968691829 847.9228515625 10091
1751968692334 886.7107543945312 10092
1751968692838 742.1878051757812 10093
1751968693341 1484.888671875 10094
1751968693842 766.3378295898438 10095
1751968694342 505.12237548828125 10096
1751968694846 791.791015625 10097
1751968695350 958.3564453125 10098
1751968695855 570.5009765625 10099
1751968696363 719.7696533203125 10100
1751968696865 725.0321044921875 10101
1751968697768 1179.8197021484375 10102
1751968698276 649.2297973632812 10103
1751968698777 714.1863403320312 10104
1751968699281 770.5131225585938 10105
1751968699796 742.9755249023438 10106
1751968700302 907.3019409179688 10107
1751968700804 990.4490356445312 10108
1751968701319 593.0211791992188 10109
1751968701825 1258.1092529296875 10110
1751968702331 1201.7850341796875 10111
1751968702842 1228.5174560546875 10112
1751968703353 1079.93359375 10113
1751968703868 1176.5328369140625 10114
1751968704369 872.3317260742188 10115
1751968704884 559.5438842773438 10116
1751968705397 649.5416870117188 10117
1751968705898 779.3845825195312 10118
1751968706415 974.5629272460938 10119
1751968706925 740.25927734375 10120
1751968707437 632.7362060546875 10121
1751968707942 1577.5343017578125 10122
1751968708454 582.4810791015625 10123
1751968708967 1074.2205810546875 10124
1751968709477 1783.069580078125 10125
1751968709977 598.7908325195312 10126
1751968710484 3487.25634765625 10127
1751968710991 965.353515625 10128
1751968711505 583.9982299804688 10129
1751968712017 1376.3822021484375 10130
1751968712521 812.11328125 10131
1751968713026 922.8449096679688 10132
1751968713533 648.1041870117188 10133
1751968714038 1246.103271484375 10134
1751968714546 663.093505859375 10135
1751968715054 1447.9002685546875 10136
1751968715563 441.2529296875 10137
1751968716070 859.8898315429688 10138
1751968716590 393.3810729980469 10139
1751968717101 1250.3074951171875 10140
1751968717618 744.7548217773438 10141
1751968718122 983.1913452148438 10142
1751968718626 1415.2642822265625 10143
1751968719136 1138.85888671875 10144
1751968719641 1422.623046875 10145
1751968720148 870.1002197265625 10146
1751968720657 1082.4737548828125 10147
1751968721162 686.8998413085938 10148
1751968721673 852.6620483398438 10149
1751968722177 1473.28466796875 10150
1751968722679 1817.36328125 10151
1751968723180 1354.829345703125 10152
1751968723687 1122.0887451171875 10153
1751968724194 999.9931640625 10154
1751968724697 878.0353393554688 10155
1751968725203 859.6058959960938 10156
1751968725708 1024.1141357421875 10157
1751968726211 1497.9505615234375 10158
1751968726719 626.259033203125 10159
1751968727222 1097.02880859375 10160
1751968727737 738.6770629882812 10161
1751968728240 1056.8568115234375 10162
1751968728745 796.7088623046875 10163
1751968729248 841.6236572265625 10164
1751968729752 1077.0291748046875 10165
1751968730256 431.24517822265625 10166
1751968730768 1550.9083251953125 10167
1751968731273 620.02294921875 10168
1751968731782 929.4236450195312 10169
1751968732287 2222.053955078125 10170
1751968732802 1956.1949462890625 10171
1751968733308 1696.9788818359375 10172
1751968733816 946.2312622070312 10173
1751968734317 883.5813598632812 10174
1751968734826 1249.23193359375 10175
1751968735329 729.4581909179688 10176
1751968735831 1117.0770263671875 10177
1751968736340 1376.751953125 10178
1751968736847 533.67431640625 10179
1751968737351 962.2119140625 10180
1751968737861 784.5711059570312 10181
1751968738364 1120.107666015625 10182
1751968738877 554.7634887695312 10183
1751968739384 625.542724609375 10184
1751968739885 1154.8377685546875 10185
1751968740400 893.1138916015625 10186
1751968740914 2339.918701171875 10187
1751968741433 1003.8956909179688 10188
1751968741944 1757.580078125 10189
1751968742446 635.7277221679688 10190
1751968742949 710.7741088867188 10191
1751968743465 1231.120849609375 10192
1751968743970 2134.396728515625 10193
1751968744474 632.2846069335938 10194
1751968744983 670.4755249023438 10195
1751968745493 1409.8729248046875 10196
1751968745994 1131.3736572265625 10197
1751968746512 580.1875 10198
1751968747018 974.3740234375 10199
1751968747523 633.4939575195312 10200
1751968748025 1838.6766357421875 10201
1751968748943 728.0995483398438 10202
1751968749452 749.3475952148438 10203
1751968749961 680.51611328125 10204
1751968750478 530.26220703125 10205
1751968750983 557.1148681640625 10206
1751968751486 837.2252197265625 10207
1751968751989 855.3568725585938 10208
1751968752491 714.0473022460938 10209
1751968752997 844.4169921875 10210
1751968753499 1637.77978515625 10211
1751968754004 1016.6388549804688 10212
1751968754505 1205.852783203125 10213
1751968755019 898.5559692382812 10214
1751968755525 525.2487182617188 10215
1751968756030 1342.9771728515625 10216
1751968756544 1114.5711669921875 10217
1751968757047 1129.758544921875 10218
1751968757548 636.1295166015625 10219
1751968758059 497.503662109375 10220
1751968758574 587.5301513671875 10221
1751968759079 440.2745056152344 10222
1751968759580 588.2274169921875 10223
1751968760082 804.8427124023438 10224
1751968760587 1048.250732421875 10225
1751968761095 698.20556640625 10226
1751968761609 1646.7200927734375 10227
1751968762109 1550.573974609375 10228
1751968762614 854.1842651367188 10229
1751968763121 813.1363525390625 10230
1751968763628 500.5133972167969 10231
1751968764136 1020.1610717773438 10232
1751968764638 650.6998291015625 10233
1751968765140 2563.286865234375 10234
1751968765647 674.1447143554688 10235
1751968766155 2509.47265625 10236
1751968766667 1283.6165771484375 10237
1751968767172 651.8765869140625 10238
1751968767675 1013.0128173828125 10239
1751968768177 801.5549926757812 10240
1751968768678 732.1248168945312 10241
1751968769189 1178.219970703125 10242
1751968769705 1088.5889892578125 10243
1751968770211 1553.642578125 10244
1751968770714 762.5144653320312 10245
1751968771217 845.22607421875 10246
1751968771731 805.2506713867188 10247
1751968772237 550.9846801757812 10248
1751968772747 609.9356689453125 10249
1751968773255 545.9141845703125 10250
1751968773762 973.10595703125 10251
1751968774262 497.015380859375 10252
1751968774764 1865.7449951171875 10253
1751968775271 556.5596313476562 10254
1751968775776 1396.27197265625 10255
1751968776287 865.8160400390625 10256
1751968776795 1164.2137451171875 10257
1751968777299 711.4702758789062 10258
1751968777805 1552.487548828125 10259
1751968778316 821.7581176757812 10260
1751968778818 524.0831909179688 10261
1751968779327 514.2731323242188 10262
1751968779837 1074.7288818359375 10263
1751968780342 1280.5648193359375 10264
1751968780846 800.9982299804688 10265
1751968781352 548.0261840820312 10266
1751968781854 583.5299072265625 10267
1751968782361 729.0076293945312 10268
1751968782865 565.2465209960938 10269
1751968783368 760.3143920898438 10270
1751968783870 1848.134765625 10271
1751968784371 396.45294189453125 10272
1751968784873 1254.623046875 10273
1751968785389 755.0145874023438 10274
1751968785895 1014.7305908203125 10275
1751968786399 651.6339111328125 10276
1751968786900 749.5250244140625 10277
1751968787403 625.03271484375 10278
1751968787907 799.5579223632812 10279
1751968788409 1166.6156005859375 10280
1751968788912 1849.9554443359375 10281
1751968789417 981.1453247070312 10282
1751968789920 1625.14501953125 10283
1751968790423 741.1405639648438 10284
1751968790925 742.8622436523438 10285
1751968791432 773.5230712890625 10286
1751968791934 794.1450805664062 10287
1751968792437 1032.1875 10288
1751968792941 990.27685546875 10289
1751968793443 470.58917236328125 10290
1751968793945 2047.5521240234375 10291
1751968794446 637.4520874023438 10292
1751968794949 762.2225952148438 10293
1751968795451 487.0673828125 10294
1751968795953 450.8697814941406 10295
1751968796462 625.4619750976562 10296
1751968796964 803.2284545898438 10297
1751968797468 627.47607421875 10298
1751968797970 597.5693969726562 10299
1751968798471 461.9476013183594 10300
1751968798974 1476.572509765625 10301
1751968799873 654.7745361328125 10302
1751968800381 489.4504089355469 10303
1751968800896 643.9461059570312 10304
1751968801405 902.3994140625 10305
1751968801908 667.7693481445312 10306
1751968802410 1223.3055419921875 10307
1751968802914 385.37542724609375 10308
1751968803417 600.498779296875 10309
1751968803920 638.7799072265625 10310
1751968804424 1088.721923828125 10311
1751968804926 880.2742309570312 10312
1751968805428 823.658203125 10313
1751968805934 576.376953125 10314
1751968806437 1038.717041015625 10315
1751968806941 606.0338745117188 10316
1751968807443 524.5796508789062 10317
1751968807949 1084.748291015625 10318
1751968808454 1725.8837890625 10319
1751968808958 774.2915649414062 10320
1751968809461 618.288818359375 10321
1751968809962 503.49346923828125 10322
1751968810464 496.5703125 10323
1751968810966 740.3805541992188 10324
1751968811478 497.8285827636719 10325
1751968811983 559.7017822265625 10326
1751968812486 3042.364990234375 10327
1751968812991 843.3963012695312 10328
1751968813494 520.3139038085938 10329
1751968813997 982.6231689453125 10330
1751968814499 544.6231689453125 10331
1751968815002 1544.4285888671875 10332
1751968815506 666.2025756835938 10333
1751968816009 689.0580444335938 10334
1751968816526 744.2171020507812 10335
1751968817034 580.2996215820312 10336
1751968817545 778.3658447265625 10337
1751968818055 733.1272583007812 10338
1751968818558 610.6347045898438 10339
1751968819068 559.1681518554688 10340
1751968819577 552.6422119140625 10341
1751968820081 594.0671997070312 10342
1751968820589 1059.923583984375 10343
1751968821090 886.9568481445312 10344
1751968821599 645.4237670898438 10345
1751968822116 1551.70068359375 10346
1751968822619 1370.6258544921875 10347
1751968823125 1331.348388671875 10348
1751968823644 1271.8795166015625 10349
1751968824153 577.6967163085938 10350
1751968824664 854.25 10351
1751968825171 825.4484252929688 10352
1751968825674 493.77374267578125 10353
1751968826176 447.6066589355469 10354
1751968826684 960.8448486328125 10355
1751968827193 1036.2452392578125 10356
1751968827698 811.7158203125 10357
1751968828201 451.01885986328125 10358
1751968828717 1334.376953125 10359
1751968829224 1070.87158203125 10360
1751968829736 1513.6177978515625 10361
1751968830251 1108.3699951171875 10362
1751968830755 738.1187744140625 10363
1751968831265 624.674072265625 10364
1751968831778 657.4368896484375 10365
1751968832279 1482.8558349609375 10366
1751968832781 1153.205810546875 10367
1751968833289 1202.587890625 10368
1751968833791 497.95654296875 10369
1751968834291 577.4437866210938 10370
1751968834801 968.0810546875 10371
1751968835307 643.2559204101562 10372
1751968835817 935.4666137695312 10373
1751968836322 981.6875 10374
1751968836831 660.3092651367188 10375
1751968837335 1447.046142578125 10376
1751968837839 808.5690307617188 10377
1751968838351 782.5228881835938 10378
1751968838856 368.25421142578125 10379
1751968839369 774.0221557617188 10380
1751968839880 588.6973266601562 10381
1751968840383 986.1929931640625 10382
1751968840888 502.1476745605469 10383
1751968841390 1136.12158203125 10384
1751968841892 738.3233642578125 10385
1751968842397 588.1575927734375 10386
1751968842911 628.2860107421875 10387
1751968843431 839.3302612304688 10388
1751968843949 1079.570556640625 10389
1751968844457 788.607421875 10390
1751968844969 541.6442260742188 10391
1751968845473 953.5465087890625 10392
1751968845979 1483.1656494140625 10393
1751968846497 707.4812622070312 10394
1751968847006 770.8452758789062 10395
1751968847511 719.429443359375 10396
1751968848025 907.7879028320312 10397
1751968848543 685.635986328125 10398
1751968849046 1018.091796875 10399
1751968849547 864.9755859375 10400
1751968850061 847.8088989257812 10401
1751968850972 581.8255004882812 10402
1751968851477 1313.393310546875 10403
1751968851983 1421.4371337890625 10404
1751968852486 659.3458862304688 10405
1751968852996 1093.8250732421875 10406
1751968853515 1895.7340087890625 10407
1751968854021 1547.414306640625 10408
1751968854531 568.3051147460938 10409
1751968855042 574.1566772460938 10410
1751968855545 1029.247314453125 10411
1751968856053 970.9664306640625 10412
1751968856570 937.2877197265625 10413
1751968857088 1625.8902587890625 10414
1751968857593 1396.03662109375 10415
1751968858102 967.9313354492188 10416
1751968858627 853.98193359375 10417
1751968859131 751.9708251953125 10418
1751968859639 607.1333618164062 10419
1751968860146 876.1583862304688 10420
1751968860664 1426.16796875 10421
1751968861170 1232.5257568359375 10422
1751968861672 1108.7952880859375 10423
1751968862173 791.0997924804688 10424
1751968862675 1449.044189453125 10425
1751968863182 822.3004150390625 10426
1751968863683 1231.0408935546875 10427
1751968864191 626.1210327148438 10428
1751968864702 783.2167358398438 10429
1751968865211 724.845703125 10430
1751968865719 844.7107543945312 10431
1751968866222 2342.96728515625 10432
1751968866725 896.5040893554688 10433
1751968867232 798.9213256835938 10434
1751968867746 1889.72265625 10435
1751968868251 713.2704467773438 10436
1751968868756 567.0948486328125 10437
1751968869265 767.3837890625 10438
1751968869775 677.4991455078125 10439
1751968870278 1277.7952880859375 10440
1751968870778 1669.0418701171875 10441
1751968871280 1067.189453125 10442
1751968871782 1935.0814208984375 10443
1751968872285 3276.50390625 10444
1751968872790 615.50830078125 10445
1751968873293 795.81787109375 10446
1751968873799 1639.8865966796875 10447
1751968874306 1024.85791015625 10448
1751968874812 1442.172607421875 10449
1751968875319 1498.9127197265625 10450
1751968875820 1261.5128173828125 10451
1751968876322 684.4332885742188 10452
1751968876837 1007.0144653320312 10453
1751968877341 1086.071044921875 10454
1751968877856 582.4010009765625 10455
1751968878371 719.304443359375 10456
1751968878886 800.9743041992188 10457
1751968879389 518.9421997070312 10458
1751968879905 1229.5498046875 10459
1751968880423 999.8480834960938 10460
1751968880926 864.1911010742188 10461
1751968881429 692.6051025390625 10462
1751968881936 1184.837890625 10463
1751968882438 490.322021484375 10464
1751968882952 706.62646484375 10465
1751968883465 641.6038208007812 10466
1751968883978 415.7843322753906 10467
1751968884493 1186.22265625 10468
1751968884998 673.56591796875 10469
1751968885513 440.9312438964844 10470
1751968886018 409.4381408691406 10471
1751968886521 1419.90771484375 10472
1751968887023 1299.0975341796875 10473
1751968887525 455.9264831542969 10474
1751968888032 1422.224609375 10475
1751968888541 739.9265747070312 10476
1751968889043 713.4938354492188 10477
1751968889547 817.8134765625 10478
1751968890052 1460.3619384765625 10479
1751968890558 486.3939514160156 10480
1751968891062 759.3300170898438 10481
1751968891567 904.87939453125 10482
1751968892072 698.43505859375 10483
1751968892574 430.5129089355469 10484
1751968893082 1182.5579833984375 10485
1751968893591 638.1968994140625 10486
1751968894095 662.76611328125 10487
1751968894595 1545.16064453125 10488
1751968895101 1060.0009765625 10489
1751968895615 653.4890747070312 10490
1751968896121 1121.4368896484375 10491
1751968896623 472.52398681640625 10492
1751968897131 792.9617309570312 10493
1751968897634 3137.51513671875 10494
1751968898140 1295.20703125 10495
1751968898646 2318.67236328125 10496
1751968899148 934.5087890625 10497
1751968899661 1022.3953247070312 10498
1751968900167 720.0352172851562 10499
1751968900676 905.84228515625 10500
1751968901193 1092.413330078125 10501
1751968902098 942.7067260742188 10502
1751968902606 1914.5068359375 10503
1751968903118 937.5411987304688 10504
1751968903627 575.6243896484375 10505
1751968904142 557.1598510742188 10506
1751968904645 609.2858276367188 10507
1751968905147 718.4577026367188 10508
1751968905648 1310.9439697265625 10509
1751968906149 509.3050231933594 10510
1751968906650 817.9550170898438 10511
1751968907153 993.4845581054688 10512
1751968907655 1912.7039794921875 10513
1751968908156 886.9404296875 10514
1751968908664 961.6508178710938 10515
1751968909166 1502.896728515625 10516
1751968909667 519.11181640625 10517
1751968910169 1503.344482421875 10518
1751968910671 1878.8740234375 10519
1751968911175 1079.780517578125 10520
1751968911686 1403.7967529296875 10521
1751968912189 2569.366943359375 10522
1751968912692 1806.7044677734375 10523
1751968913195 1056.87255859375 10524
1751968913700 477.72265625 10525
1751968914203 1820.6695556640625 10526
1751968914706 1024.5953369140625 10527
1751968915207 990.8113403320312 10528
1751968915711 1330.1231689453125 10529
1751968916214 1472.4437255859375 10530
1751968916718 1131.3702392578125 10531
1751968917222 890.43359375 10532
1751968917724 448.11456298828125 10533
1751968918226 1702.5390625 10534
1751968918729 710.3375854492188 10535
1751968919232 716.55419921875 10536
1751968919742 503.4041442871094 10537
1751968920245 703.0142211914062 10538
1751968920765 576.42724609375 10539
1751968921272 761.4624633789062 10540
1751968921775 482.5430603027344 10541
1751968922276 1007.70751953125 10542
1751968922779 1391.53173828125 10543
1751968923279 481.9248962402344 10544
1751968923783 495.923095703125 10545
1751968924285 574.6243286132812 10546
1751968924794 1015.6893920898438 10547
1751968925297 543.3033447265625 10548
1751968925799 507.517822265625 10549
1751968926298 548.654052734375 10550
1751968926799 748.8389892578125 10551
1751968927300 711.6388549804688 10552
1751968927803 1399.7867431640625 10553
1751968928307 1519.66357421875 10554
1751968928809 1976.271484375 10555
1751968929314 559.9594116210938 10556
1751968929823 1619.7264404296875 10557
1751968930324 682.9911499023438 10558
1751968930826 1685.262939453125 10559
1751968931328 443.1569519042969 10560
1751968931830 1177.1220703125 10561
1751968932344 1069.55859375 10562
1751968932845 856.9921875 10563
1751968933349 2097.166015625 10564
1751968933852 1106.7857666015625 10565
1751968934354 864.6428833007812 10566
1751968934863 1194.6212158203125 10567
1751968935368 1084.88720703125 10568
1751968935871 706.1116333007812 10569
1751968936374 757.7239379882812 10570
1751968936883 519.8798828125 10571
1751968937397 826.1939697265625 10572
1751968937904 605.6838989257812 10573
1751968938407 889.5445556640625 10574
1751968938910 919.8683471679688 10575
1751968939414 768.0337524414062 10576
1751968939921 534.9445190429688 10577
1751968940423 2543.386474609375 10578
1751968940926 547.3019409179688 10579
1751968941431 436.85650634765625 10580
1751968941934 708.7775268554688 10581
1751968942437 899.37109375 10582
1751968942947 813.3427124023438 10583
1751968943465 348.615966796875 10584
1751968943973 618.6309814453125 10585
1751968944478 1008.8883666992188 10586
1751968944985 882.6348876953125 10587
1751968945489 1183.653076171875 10588
1751968945997 825.6361694335938 10589
1751968946503 1162.1180419921875 10590
1751968947008 954.8328247070312 10591
1751968947517 1296.741455078125 10592
1751968948027 542.7540893554688 10593
1751968948533 1100.5440673828125 10594
1751968949040 617.4829711914062 10595
1751968949546 699.8798828125 10596
1751968950059 1007.2332153320312 10597
1751968950568 1056.1715087890625 10598
1751968951074 715.4254760742188 10599
1751968951579 614.643798828125 10600
1751968952081 1434.7449951171875 10601
1751968952979 521.1011962890625 10602
1751968953483 1229.0013427734375 10603
1751968953991 1100.3660888671875 10604
1751968954492 1607.34423828125 10605
1751968955001 1167.7786865234375 10606
1751968955507 662.2887573242188 10607
1751968956021 1143.7403564453125 10608
1751968956529 1147.3836669921875 10609
1751968957038 1154.6512451171875 10610
1751968957546 831.3170166015625 10611
1751968958046 1029.703125 10612
1751968958557 1333.7171630859375 10613
1751968959059 958.4799194335938 10614
1751968959567 1030.9012451171875 10615
1751968960079 2029.3218994140625 10616
1751968960586 650.4300537109375 10617
1751968961091 1093.0472412109375 10618
1751968961601 1038.4364013671875 10619
1751968962104 711.8121948242188 10620
1751968962610 585.33349609375 10621
1751968963116 713.735107421875 10622
1751968963635 1470.443603515625 10623
1751968964139 526.032958984375 10624
1751968964645 1795.7430419921875 10625
1751968965162 1148.4095458984375 10626
1751968965665 779.2335205078125 10627
1751968966170 865.1591186523438 10628
1751968966675 808.2913208007812 10629
1751968967188 1628.236328125 10630
1751968967702 483.30572509765625 10631
1751968968207 465.5508728027344 10632
1751968968724 1055.2454833984375 10633
1751968969226 703.34912109375 10634
1751968969736 1518.1630859375 10635
1751968970242 1552.5570068359375 10636
1751968970743 863.1935424804688 10637
1751968971259 1230.72705078125 10638
1751968971764 1118.72509765625 10639
1751968972268 615.345703125 10640
1751968972773 714.4999389648438 10641
1751968973291 765.1956176757812 10642
1751968973794 1123.7796630859375 10643
1751968974309 852.6137084960938 10644
1751968974831 623.152587890625 10645
1751968975344 530.0258178710938 10646
1751968975853 1436.02099609375 10647
1751968976357 1092.381591796875 10648
1751968976862 703.6190795898438 10649
1751968977362 611.2115478515625 10650
1751968977874 585.0 10651
1751968978378 1288.5826416015625 10652
1751968978885 1334.9560546875 10653
1751968979388 596.81689453125 10654
1751968979904 488.7813415527344 10655
1751968980416 722.8598022460938 10656
1751968980937 465.0270690917969 10657
1751968981445 536.3212280273438 10658
1751968981944 387.3209533691406 10659
1751968982446 1178.7850341796875 10660
1751968982947 1532.592529296875 10661
1751968983465 988.2239379882812 10662
1751968983971 633.88330078125 10663
1751968984477 855.4066772460938 10664
1751968984984 956.3121948242188 10665
1751968985487 624.3193359375 10666
1751968985996 1131.401123046875 10667
1751968986501 551.3507690429688 10668
1751968987010 840.0007934570312 10669
1751968987513 842.0934448242188 10670
1751968988017 637.6524658203125 10671
1751968988524 1647.2391357421875 10672
1751968989032 1207.4857177734375 10673
1751968989541 990.4501953125 10674
1751968990047 1420.9202880859375 10675
1751968990562 527.3809814453125 10676
1751968991065 990.9874877929688 10677
1751968991568 968.9296875 10678
1751968992072 940.2598876953125 10679
1751968992575 1127.2923583984375 10680
1751968993076 1151.0955810546875 10681
1751968993577 921.4860229492188 10682
1751968994081 641.4566650390625 10683
1751968994583 517.4849853515625 10684
1751968995094 2119.48828125 10685
1751968995605 607.5971069335938 10686
1751968996108 514.4843139648438 10687
1751968996624 512.4918823242188 10688
1751968997126 1386.734130859375 10689
1751968997633 1088.7679443359375 10690
1751968998137 1510.4261474609375 10691
1751968998644 934.8759155273438 10692
1751968999153 3281.060546875 10693
1751968999662 1399.983642578125 10694
1751969000168 725.4065551757812 10695
1751969000677 2013.3153076171875 10696
1751969001181 1005.5549926757812 10697
1751969001688 495.6923828125 10698
1751969002199 438.8232421875 10699
1751969002708 459.8627014160156 10700
1751969003216 687.7734375 10701
1751969004133 561.1798095703125 10702
1751969004637 753.6415405273438 10703
1751969005143 563.1216430664062 10704
1751969005654 583.4393920898438 10705
1751969006160 1438.135986328125 10706
1751969006664 814.9287109375 10707
1751969007173 780.0486450195312 10708
1751969007688 931.5838012695312 10709
1751969008194 845.3687744140625 10710
1751969008699 670.2758178710938 10711
1751969009210 832.9506225585938 10712
1751969009711 558.2744140625 10713
1751969010218 682.27490234375 10714
1751969010729 738.0079956054688 10715
1751969011231 1095.5579833984375 10716
1751969011736 958.4793090820312 10717
1751969012249 1002.1051635742188 10718
1751969012752 1171.694580078125 10719
1751969013263 1076.1666259765625 10720
1751969013768 550.7308959960938 10721
1751969014270 521.6351928710938 10722
1751969014776 787.3930053710938 10723
1751969015283 1693.8961181640625 10724
1751969015788 674.9243774414062 10725
1751969016295 673.4982299804688 10726
1751969016799 1299.5301513671875 10727
1751969017306 842.2005004882812 10728
1751969017811 1425.414306640625 10729
1751969018325 1183.312255859375 10730
1751969018828 1003.59375 10731
1751969019334 869.861328125 10732
1751969019846 1246.7169189453125 10733
1751969020349 1058.9241943359375 10734
1751969020859 739.1610717773438 10735
1751969021363 1425.606689453125 10736
1751969021873 561.7112426757812 10737
1751969022384 886.787109375 10738
1751969022887 665.5811767578125 10739
1751969023394 738.94189453125 10740
1751969023899 1449.366943359375 10741
1751969024403 507.19439697265625 10742
1751969024915 1027.0472412109375 10743
1751969025418 973.2288208007812 10744
1751969025921 1011.3837890625 10745
1751969026422 1154.5308837890625 10746
1751969026923 987.91845703125 10747
1751969027423 1111.4296875 10748
1751969027929 1670.841064453125 10749
1751969028434 440.5783386230469 10750
1751969028938 1798.8472900390625 10751
1751969029442 960.1034545898438 10752
1751969029951 914.6842041015625 10753
1751969030456 925.9054565429688 10754
1751969030958 788.3107299804688 10755
1751969031462 639.416259765625 10756
1751969031967 807.0032348632812 10757
1751969032470 655.4682006835938 10758
1751969032974 526.8888549804688 10759
1751969033479 663.4513549804688 10760
1751969033981 1020.3824462890625 10761
1751969034484 961.7361450195312 10762
1751969034991 1212.9033203125 10763
1751969035493 787.6942749023438 10764
1751969035998 1348.399658203125 10765
1751969036499 623.5596313476562 10766
1751969037003 780.0089111328125 10767
1751969037509 669.4856567382812 10768
1751969038012 1225.2271728515625 10769
1751969038516 1065.158935546875 10770
1751969039019 527.4614868164062 10771
1751969039520 595.9423828125 10772
1751969040028 737.1985473632812 10773
1751969040544 579.9921264648438 10774
1751969041052 734.95947265625 10775
1751969041558 485.257568359375 10776
1751969042059 2711.260986328125 10777
1751969042562 735.2159423828125 10778
1751969043065 485.4775390625 10779
1751969043567 617.89990234375 10780
1751969044071 1190.789306640625 10781
1751969044576 775.9955444335938 10782
1751969045086 1632.0867919921875 10783
1751969045591 472.3466796875 10784
1751969046094 735.2568359375 10785
1751969046599 509.56817626953125 10786
1751969047100 758.3624877929688 10787
1751969047603 980.1754150390625 10788
1751969048106 855.8038940429688 10789
1751969048614 1653.5023193359375 10790
1751969049119 1274.282958984375 10791
1751969049623 614.1362915039062 10792
1751969050131 522.3867797851562 10793
1751969050634 480.2035217285156 10794
1751969051136 2080.595703125 10795
1751969051638 799.6241455078125 10796
1751969052143 608.42529296875 10797
1751969052649 554.6212158203125 10798
1751969053154 1109.06103515625 10799
1751969053657 906.77099609375 10800
1751969054159 1568.600830078125 10801
1751969055057 522.3876953125 10802
1751969055558 1153.0950927734375 10803
1751969056060 589.4182739257812 10804
1751969056574 1175.6229248046875 10805
1751969057079 526.4584350585938 10806
1751969057583 1396.631103515625 10807
1751969058090 1137.755859375 10808
1751969058597 1098.6748046875 10809
1751969059181 1559.0223388671875 10810
1751969059682 793.3661499023438 10811
1751969060188 1062.7161865234375 10812
1751969060689 965.9228515625 10813
1751969061193 1587.34765625 10814
1751969061696 1652.863525390625 10815
1751969062199 2599.3427734375 10816
1751969062706 946.38818359375 10817
1751969063206 660.9739379882812 10818
1751969063710 513.9423217773438 10819
1751969064213 1424.853515625 10820
1751969064721 620.8958740234375 10821
1751969065230 440.6142272949219 10822
1751969065740 718.6712036132812 10823
1751969066249 1446.1766357421875 10824
1751969066750 990.9031372070312 10825
1751969067252 965.30126953125 10826
1751969067755 798.9227294921875 10827
1751969068259 643.6689453125 10828
1751969068768 3050.516357421875 10829
1751969069276 431.2402038574219 10830
1751969069778 1467.6275634765625 10831
1751969070284 1127.4608154296875 10832
1751969070787 759.5183715820312 10833
1751969071291 996.5667114257812 10834
1751969071797 1271.7388916015625 10835
1751969072305 1540.2344970703125 10836
1751969072811 910.2066650390625 10837
1751969073315 506.5091247558594 10838
1751969073823 729.7562866210938 10839
1751969074327 858.8822631835938 10840
1751969074830 469.0772399902344 10841
1751969075336 690.1043090820312 10842
1751969075844 1780.7769775390625 10843
1751969076350 858.4037475585938 10844
1751969076856 513.8594970703125 10845
1751969077370 1022.9638061523438 10846
1751969077881 1026.18994140625 10847
1751969078393 628.8162231445312 10848
1751969078898 963.5599975585938 10849
1751969079403 1109.6258544921875 10850
1751969079916 1100.0228271484375 10851
1751969080417 838.5670166015625 10852
1751969080925 681.3973388671875 10853
1751969081433 958.3447265625 10854
1751969081936 388.9770202636719 10855
1751969082446 763.5731201171875 10856
1751969082950 774.4691772460938 10857
1751969083456 909.0359497070312 10858
1751969083963 491.9172058105469 10859
1751969084468 978.0382690429688 10860
1751969084975 1635.5299072265625 10861
1751969085481 774.1618041992188 10862
1751969085993 437.8603515625 10863
1751969086498 875.015625 10864
1751969087000 2671.841796875 10865
1751969087507 921.4747314453125 10866
1751969088019 1536.197265625 10867
1751969088521 703.7734985351562 10868
1751969089026 1193.765380859375 10869
1751969089536 505.6022644042969 10870
1751969090041 893.0148315429688 10871
1751969090544 752.8897094726562 10872
1751969091051 569.4723510742188 10873
1751969091554 739.951171875 10874
1751969092059 763.9965209960938 10875
1751969092560 628.591552734375 10876
1751969093063 1090.3658447265625 10877
1751969093567 2619.709228515625 10878
1751969094079 556.4494018554688 10879
1751969094583 1043.2269287109375 10880
1751969095083 698.7857055664062 10881
1751969095585 1237.74365234375 10882
1751969096091 833.8474731445312 10883
1751969096595 818.76953125 10884
1751969097098 518.0338745117188 10885
1751969097608 920.0492553710938 10886
1751969098116 544.8297119140625 10887
1751969098623 653.0618286132812 10888
1751969099128 1389.908203125 10889
1751969099636 833.5822143554688 10890
1751969100146 694.5036010742188 10891
1751969100661 1067.75830078125 10892
1751969101171 932.4391479492188 10893
1751969101679 610.4452514648438 10894
1751969102189 483.5138244628906 10895
1751969102696 1130.2977294921875 10896
1751969103198 797.5726928710938 10897
1751969103701 1071.4427490234375 10898
1751969104210 718.93310546875 10899
1751969104714 684.6578979492188 10900
1751969105224 946.0798950195312 10901
1751969106135 675.1633911132812 10902
1751969106640 677.7981567382812 10903
1751969107143 1304.3154296875 10904
1751969107652 613.9813842773438 10905
1751969108160 691.5317993164062 10906
1751969108668 613.34326171875 10907
1751969109170 917.11328125 10908
1751969109673 601.2958374023438 10909
1751969110173 514.8153686523438 10910
1751969110680 1287.0908203125 10911
1751969111185 1057.3846435546875 10912
1751969111687 1120.9110107421875 10913
1751969112190 1053.850830078125 10914
1751969112693 1013.4951171875 10915
1751969113194 1289.67236328125 10916
1751969113695 1029.4510498046875 10917
1751969114198 681.3984375 10918
1751969114700 650.118896484375 10919
1751969115203 1484.1492919921875 10920
1751969115705 1190.0860595703125 10921
1751969116211 1430.66259765625 10922
1751969116725 1065.9654541015625 10923
1751969117227 2038.4830322265625 10924
1751969117733 842.6481323242188 10925
1751969118236 2393.034912109375 10926
1751969118741 559.6151733398438 10927
1751969119250 831.4647827148438 10928
1751969119752 458.3641662597656 10929
1751969120255 1251.603759765625 10930
1751969120760 1130.7469482421875 10931
1751969121269 621.3771362304688 10932
1751969121778 844.67626953125 10933
1751969122286 970.9662475585938 10934
1751969122801 1284.859619140625 10935
1751969123311 1966.4163818359375 10936
1751969123814 1034.438720703125 10937
1751969124317 779.5027465820312 10938
1751969124822 1585.6072998046875 10939
1751969125327 1146.1160888671875 10940
1751969125837 623.579833984375 10941
1751969126345 602.3234252929688 10942
1751969126848 663.7216796875 10943
1751969127354 551.8469848632812 10944
1751969127858 640.8742065429688 10945
1751969128375 638.3643188476562 10946
1751969128886 904.1830444335938 10947
1751969129392 1008.0873413085938 10948
1751969129901 1608.806640625 10949
1751969130405 736.5848999023438 10950
1751969130910 832.3673706054688 10951
1751969131411 813.5006713867188 10952
1751969131916 1414.6873779296875 10953
1751969132419 818.33447265625 10954
1751969132931 1801.7899169921875 10955
1751969133441 1307.0062255859375 10956
1751969133947 722.9638061523438 10957
1751969134452 424.8666076660156 10958
1751969134958 808.2700805664062 10959
1751969135472 754.30517578125 10960
1751969135987 606.64404296875 10961
1751969136489 1513.0816650390625 10962
1751969137003 668.7680053710938 10963
1751969137508 1320.95849609375 10964
1751969138010 621.2262573242188 10965
1751969138517 837.24609375 10966
1751969139018 1497.85595703125 10967
1751969139530 1244.6771240234375 10968
1751969140041 578.4963989257812 10969
1751969140548 1052.328857421875 10970
1751969141063 809.4387817382812 10971
1751969141576 605.6432495117188 10972
1751969142082 826.0709228515625 10973
1751969142590 1513.8463134765625 10974
1751969143093 757.1176147460938 10975
1751969143600 789.248779296875 10976
1751969144109 508.1712951660156 10977
1751969144620 1796.2076416015625 10978
1751969145131 717.7391357421875 10979
1751969145636 878.3390502929688 10980
1751969146152 918.6392822265625 10981
1751969146655 1265.4300537109375 10982
1751969147158 843.3361206054688 10983
1751969147659 688.1586303710938 10984
1751969148166 842.7813720703125 10985
1751969148669 907.0730590820312 10986
1751969149173 467.6036071777344 10987
1751969149680 856.6716918945312 10988
1751969150183 433.32794189453125 10989
1751969150686 766.7467651367188 10990
1751969151197 523.1145629882812 10991
1751969151698 793.2791137695312 10992
1751969152200 1560.0570068359375 10993
1751969152706 772.0639038085938 10994
1751969153210 1130.5933837890625 10995
1751969153713 750.7008666992188 10996
1751969154217 1823.0240478515625 10997
1751969154717 490.65576171875 10998
1751969155218 899.9511108398438 10999
1751969155722 1691.0531005859375 11000
1751969156231 626.3936767578125 11001
1751969157122 1603.6058349609375 11002
1751969157626 1132.7806396484375 11003
1751969158127 1775.336181640625 11004
1751969158632 1565.8948974609375 11005
1751969159135 1142.8729248046875 11006
1751969159637 1376.7386474609375 11007
1751969160141 1441.4588623046875 11008
1751969160656 613.0980224609375 11009
1751969161170 1262.5823974609375 11010
1751969161674 676.8515014648438 11011
1751969162178 729.7614135742188 11012
1751969162679 1648.3172607421875 11013
1751969163181 1040.8411865234375 11014
1751969163682 810.3329467773438 11015
1751969164184 1800.1224365234375 11016
1751969164692 954.8410034179688 11017
1751969165193 1062.1697998046875 11018
1751969165697 422.4191589355469 11019
1751969166203 2116.640625 11020
1751969166705 974.1464233398438 11021
1751969167206 602.6032104492188 11022
1751969167710 621.5069580078125 11023
1751969168213 999.3483276367188 11024
1751969168718 694.9157104492188 11025
1751969169221 540.1530151367188 11026
1751969169724 2182.2099609375 11027
1751969170227 701.3313598632812 11028
1751969170731 1027.3099365234375 11029
1751969171240 653.07958984375 11030
1751969171742 656.6505126953125 11031
1751969172244 1133.7138671875 11032
1751969172750 510.1597595214844 11033
1751969173252 509.2008972167969 11034
1751969173756 670.0867309570312 11035
1751969174257 743.4320068359375 11036
1751969174760 1337.4285888671875 11037
1751969175262 697.9606323242188 11038
1751969175765 637.1854858398438 11039
1751969176276 834.55078125 11040
1751969176780 733.6527099609375 11041
1751969177286 642.5094604492188 11042
1751969177791 446.7724304199219 11043
1751969178296 622.8953857421875 11044
1751969178800 948.2365112304688 11045
1751969179304 835.6953125 11046
1751969179811 576.9513549804688 11047
1751969180320 800.4003295898438 11048
1751969180833 1093.3065185546875 11049
1751969181338 935.1386108398438 11050
1751969181840 1529.4090576171875 11051
1751969182346 532.5045166015625 11052
1751969182852 1342.7996826171875 11053
1751969183353 441.8786315917969 11054
1751969183855 764.88671875 11055
1751969184364 443.1503601074219 11056
1751969184867 571.888671875 11057
1751969185369 551.0712280273438 11058
1751969185879 1089.4091796875 11059
1751969186400 1143.7904052734375 11060
1751969186916 669.6873779296875 11061
1751969187418 602.4060668945312 11062
1751969187926 526.0191650390625 11063
1751969188432 1101.2220458984375 11064
1751969188938 359.0346984863281 11065
1751969189444 835.6767578125 11066
1751969189953 1026.3055419921875 11067
1751969190461 1284.9493408203125 11068
1751969190965 437.795654296875 11069
1751969191472 635.0369262695312 11070
1751969191979 920.3107299804688 11071
1751969192482 1845.616455078125 11072
1751969192986 1177.742431640625 11073
1751969193492 805.8603515625 11074
1751969193995 934.4254150390625 11075
1751969194512 728.8244018554688 11076
1751969195018 664.6502075195312 11077
1751969195532 1447.7860107421875 11078
1751969196036 1945.9466552734375 11079
1751969196543 836.2566528320312 11080
1751969197047 572.21533203125 11081
1751969197553 554.9584350585938 11082
1751969198057 2000.6361083984375 11083
1751969198560 629.9205932617188 11084
1751969199065 713.9371948242188 11085
1751969199567 1813.622314453125 11086
1751969200070 533.7235717773438 11087
1751969200586 750.4574584960938 11088
1751969201096 1071.8619384765625 11089
1751969201600 1137.6820068359375 11090
1751969202104 675.6788330078125 11091
1751969202610 926.4589233398438 11092
1751969203124 437.9477233886719 11093
1751969203630 631.4447021484375 11094
1751969204134 1806.559814453125 11095
1751969204638 1034.9951171875 11096
1751969205148 872.56201171875 11097
1751969205660 1080.00537109375 11098
1751969206168 1183.627685546875 11099
1751969206671 965.60009765625 11100
1751969207174 1142.8038330078125 11101
1751969208090 838.6267700195312 11102
1751969208602 2597.51220703125 11103
1751969209115 715.2006225585938 11104
1751969209620 697.5209350585938 11105
1751969210122 1716.076171875 11106
1751969210634 802.7462158203125 11107
1751969211135 752.6090698242188 11108
1751969211637 788.5438232421875 11109
1751969212138 645.2295532226562 11110
1751969212655 830.0881958007812 11111
1751969213160 577.8607788085938 11112
1751969213673 958.25390625 11113
1751969214184 482.46484375 11114
1751969214691 393.060791015625 11115
1751969215193 661.2796630859375 11116
1751969215705 1326.1597900390625 11117
1751969216209 366.4175720214844 11118
1751969216713 636.8602905273438 11119
1751969217214 998.2255859375 11120
1751969217724 973.9976806640625 11121
1751969218227 645.5765991210938 11122
1751969218731 756.1734619140625 11123
1751969219235 1539.2127685546875 11124
1751969219739 817.3248291015625 11125
1751969220252 559.3370971679688 11126
1751969220768 1089.569580078125 11127
1751969221283 592.5004272460938 11128
1751969221786 786.9259643554688 11129
1751969222303 1097.416748046875 11130
1751969222804 1179.2562255859375 11131
1751969223309 843.8016967773438 11132
1751969223823 1008.9927978515625 11133
1751969224330 925.9722900390625 11134
1751969224834 968.55078125 11135
1751969225341 930.2800903320312 11136
1751969225859 737.1112670898438 11137
1751969226383 606.2057495117188 11138
1751969226891 468.8125915527344 11139
1751969227406 451.1672058105469 11140
1751969227917 812.0785522460938 11141
1751969228420 851.154296875 11142
1751969228925 759.62158203125 11143
1751969229441 991.5114135742188 11144
1751969229946 1060.4207763671875 11145
1751969230448 1074.299560546875 11146
1751969230953 851.4965209960938 11147
1751969231459 557.4195556640625 11148
1751969231960 694.3189086914062 11149
1751969232464 565.7938842773438 11150
1751969232968 1030.549560546875 11151
1751969233470 1980.193359375 11152
1751969233975 609.3296508789062 11153
1751969234478 1119.705810546875 11154
1751969234983 818.6400146484375 11155
1751969235486 1183.5303955078125 11156
1751969235990 752.264404296875 11157
1751969236498 1028.386962890625 11158
1751969237002 1078.6375732421875 11159
1751969237508 744.1549682617188 11160
1751969238012 522.5418090820312 11161
1751969238519 1123.641845703125 11162
1751969239026 658.7484741210938 11163
1751969239528 609.3297729492188 11164
1751969240029 637.79443359375 11165
1751969240537 446.1115417480469 11166
1751969241041 1160.8905029296875 11167
1751969241562 1218.2955322265625 11168
1751969242068 827.3360595703125 11169
1751969242571 1339.7840576171875 11170
1751969243081 593.4382934570312 11171
1751969243587 690.6311645507812 11172
1751969244089 715.7859497070312 11173
1751969244591 1211.9501953125 11174
1751969245102 587.6693725585938 11175
1751969245611 1348.797119140625 11176
1751969246114 1145.14892578125 11177
1751969246624 867.3676147460938 11178
1751969247132 411.3996276855469 11179
1751969247636 540.0983276367188 11180
1751969248143 1342.1068115234375 11181
1751969248654 525.4877319335938 11182
1751969249158 603.80029296875 11183
1751969249676 537.3729248046875 11184
1751969250188 978.2859497070312 11185
1751969250705 581.0845336914062 11186
1751969251207 1404.578369140625 11187
1751969251712 401.9976501464844 11188
1751969252218 890.7960815429688 11189
1751969252722 1560.6552734375 11190
1751969253229 809.6727905273438 11191
1751969253733 1108.8089599609375 11192
1751969254249 639.7274780273438 11193
1751969254758 595.0934448242188 11194
1751969255264 1285.1953125 11195
1751969255772 726.6927490234375 11196
1751969256279 761.9287109375 11197
1751969256786 792.2115478515625 11198
1751969257292 937.0470581054688 11199
1751969257797 774.864990234375 11200
1751969258301 608.0305786132812 11201
1751969259210 918.50439453125 11202
1751969259715 526.6422729492188 11203
1751969260217 1822.0396728515625 11204
1751969260724 779.39208984375 11205
1751969261237 555.7311401367188 11206
1751969261751 1188.1168212890625 11207
1751969262268 1024.55859375 11208
1751969262776 479.6648864746094 11209
1751969263280 639.2552490234375 11210
1751969263783 1140.5897216796875 11211
1751969264288 565.3724365234375 11212
1751969264803 646.8516235351562 11213
1751969265320 1175.537841796875 11214
1751969265823 487.36181640625 11215
1751969266327 521.5390625 11216
1751969266828 1063.5692138671875 11217
1751969267329 379.2225036621094 11218
1751969267832 776.762939453125 11219
1751969268337 775.6273803710938 11220
1751969268838 739.5887451171875 11221
1751969269342 486.41583251953125 11222
1751969269847 949.0051879882812 11223
1751969270347 1135.2789306640625 11224
1751969270852 678.5580444335938 11225
1751969271363 764.4401245117188 11226
1751969271865 418.8045959472656 11227
1751969272368 943.5238647460938 11228
1751969272873 470.2840881347656 11229
1751969273376 531.5731201171875 11230
1751969273877 1042.757080078125 11231
1751969274383 629.8953247070312 11232
1751969274886 568.8455200195312 11233
1751969275388 674.46826171875 11234
1751969275894 642.1298828125 11235
1751969276400 924.1676025390625 11236
1751969276901 874.0140991210938 11237
1751969277404 578.3883666992188 11238
1751969277906 543.639892578125 11239
1751969278410 1461.5849609375 11240
1751969278915 726.477294921875 11241
1751969279416 824.8444213867188 11242
1751969279919 568.688720703125 11243
1751969280426 446.25054931640625 11244
1751969280937 865.75390625 11245
1751969281447 773.38623046875 11246
1751969281950 1816.7109375 11247
1751969282452 827.1572265625 11248
1751969282954 712.7267456054688 11249
1751969283456 1202.2630615234375 11250
1751969283958 994.9967041015625 11251
1751969284461 592.6926879882812 11252
1751969284963 876.0680541992188 11253
1751969285467 513.4512939453125 11254
1751969285971 430.3502502441406 11255
1751969286478 1965.0906982421875 11256
1751969286979 888.1273803710938 11257
1751969287482 525.7384033203125 11258
1751969287985 668.55419921875 11259
1751969288490 608.8843383789062 11260
1751969288992 1829.1572265625 11261
1751969289495 1256.7535400390625 11262
1751969289997 656.8404541015625 11263
1751969290499 851.8831176757812 11264
1751969291002 1065.895751953125 11265
1751969291513 1836.4156494140625 11266
1751969292017 3548.68212890625 11267
1751969292519 2438.76171875 11268
1751969293022 2070.11376953125 11269
1751969293526 1157.278076171875 11270
1751969294029 925.65087890625 11271
1751969294533 806.1370849609375 11272
1751969295034 927.1444702148438 11273
1751969295541 1000.7306518554688 11274
1751969296046 1044.7171630859375 11275
1751969296554 2740.26025390625 11276
1751969297060 923.3365478515625 11277
1751969297563 1478.116943359375 11278
1751969298068 779.5978393554688 11279
1751969298569 1143.8387451171875 11280
1751969299076 1230.9404296875 11281
1751969299585 1846.3651123046875 11282
1751969300091 1251.134521484375 11283
1751969300597 556.11669921875 11284
1751969301102 791.5271606445312 11285
1751969301608 559.4530029296875 11286
1751969302113 924.22021484375 11287
1751969302616 1324.6195068359375 11288
1751969303122 1095.143798828125 11289
1751969303625 1184.2786865234375 11290
1751969304129 909.4754028320312 11291
1751969304642 800.5234375 11292
1751969305149 999.6849975585938 11293
1751969305651 1161.2904052734375 11294
1751969306154 1198.5526123046875 11295
1751969306669 1174.771728515625 11296
1751969307173 783.274658203125 11297
1751969307683 646.2184448242188 11298
1751969308190 1064.6510009765625 11299
1751969308692 1119.8458251953125 11300
1751969309198 854.5359497070312 11301
1751969310109 695.1875610351562 11302
1751969310616 1220.6275634765625 11303
1751969311123 741.389892578125 11304
1751969311637 1359.867431640625 11305
1751969312144 543.5443725585938 11306
1751969312648 827.2351684570312 11307
1751969313160 892.1708374023438 11308
1751969313668 507.7900085449219 11309
1751969314180 359.0437927246094 11310
1751969314685 636.95068359375 11311
1751969315191 1739.913330078125 11312
1751969315698 1429.6473388671875 11313
1751969316204 1317.6634521484375 11314
1751969316719 973.4558715820312 11315
1751969317231 1290.214111328125 11316
1751969317731 440.0888671875 11317
1751969318233 1373.0384521484375 11318
1751969318745 678.9976806640625 11319
1751969319249 1392.1756591796875 11320
1751969319754 510.0125427246094 11321
1751969320264 1377.3519287109375 11322
1751969320775 916.7008056640625 11323
1751969321283 1264.2957763671875 11324
1751969321792 801.6611328125 11325
1751969322295 722.90234375 11326
1751969322798 1111.9013671875 11327
1751969323298 1128.0283203125 11328
1751969323800 1665.3782958984375 11329
1751969324302 965.4744262695312 11330
1751969324807 1099.310546875 11331
1751969325315 693.6708984375 11332
1751969325823 774.8077392578125 11333
1751969326334 1014.42822265625 11334
1751969326842 892.96630859375 11335
1751969327346 873.2672119140625 11336
1751969327862 395.2976989746094 11337
1751969328369 587.5182495117188 11338
1751969328873 448.5939636230469 11339
1751969329381 507.4110412597656 11340
1751969329896 984.5570678710938 11341
1751969330400 890.5609741210938 11342
1751969330904 496.3434753417969 11343
1751969331407 860.5167846679688 11344
1751969331921 837.1550903320312 11345
1751969332425 996.66015625 11346
1751969332931 776.792724609375 11347
1751969333440 745.3108520507812 11348
1751969333954 1572.3707275390625 11349
1751969334459 1006.1770629882812 11350
1751969334962 1436.18896484375 11351
1751969335463 915.4552612304688 11352
1751969335964 1460.549072265625 11353
1751969336484 596.7971801757812 11354
1751969337002 635.5426635742188 11355
1751969337505 683.61865234375 11356
1751969338010 713.7609252929688 11357
1751969338517 937.85791015625 11358
1751969339033 1206.5611572265625 11359
1751969339534 881.3451538085938 11360
1751969340038 874.5717163085938 11361
1751969340566 990.5170288085938 11362
1751969341085 566.9867553710938 11363
1751969341610 927.3142700195312 11364
1751969342123 1772.228515625 11365
1751969342638 450.9649353027344 11366
1751969343145 1590.076171875 11367
1751969343662 1211.8902587890625 11368
1751969344164 1469.1298828125 11369
1751969344671 756.8565673828125 11370
1751969345171 1275.9794921875 11371
1751969345674 700.7853393554688 11372
1751969346184 824.1751098632812 11373
1751969346694 507.7684631347656 11374
1751969347197 1329.975830078125 11375
1751969347700 869.8489379882812 11376
1751969348206 905.87841796875 11377
1751969348714 480.31353759765625 11378
1751969349218 511.341064453125 11379
1751969349723 980.1101684570312 11380
1751969350228 1440.8157958984375 11381
1751969350731 1123.7735595703125 11382
1751969351245 984.4710083007812 11383
1751969351754 1221.5458984375 11384
1751969352257 1048.628662109375 11385
1751969352761 490.5426330566406 11386
1751969353270 1372.9349365234375 11387
1751969353780 1204.8824462890625 11388
1751969354283 1135.2269287109375 11389
1751969354786 520.3374633789062 11390
1751969355289 531.0637817382812 11391
1751969355791 1306.5887451171875 11392
1751969356296 768.2196044921875 11393
1751969356804 654.6258544921875 11394
1751969357307 1318.1749267578125 11395
1751969357811 736.1026611328125 11396
1751969358312 657.5330200195312 11397
1751969358817 1044.3388671875 11398
1751969359324 605.6788330078125 11399
1751969359827 579.402587890625 11400
1751969360330 849.4635009765625 11401
1751969361255 573.0223388671875 11402
1751969361766 680.5769653320312 11403
1751969362268 1590.178955078125 11404
1751969362774 562.20068359375 11405
1751969363289 783.2283325195312 11406
1751969363793 383.57171630859375 11407
1751969364299 969.380859375 11408
1751969364814 643.1451416015625 11409
1751969365317 1069.939697265625 11410
1751969365826 1085.1029052734375 11411
1751969366340 2335.828857421875 11412
1751969366851 571.0315551757812 11413
1751969367364 797.0404663085938 11414
1751969367876 681.10400390625 11415
1751969368388 441.8290100097656 11416
1751969368894 1162.6502685546875 11417
1751969369399 632.7955932617188 11418
1751969369903 529.8226928710938 11419
1751969370408 1260.242919921875 11420
1751969370916 1436.5406494140625 11421
1751969371422 754.5485229492188 11422
1751969371929 630.2221069335938 11423
1751969372436 407.6307067871094 11424
1751969372941 622.2650756835938 11425
1751969373448 1265.9385986328125 11426
1751969373954 1191.011474609375 11427
1751969374457 614.1622924804688 11428
1751969374964 910.0314331054688 11429
1751969375469 684.9332275390625 11430
1751969375974 614.8948364257812 11431
1751969376480 2329.548583984375 11432
1751969376993 410.7098693847656 11433
1751969377501 1998.882080078125 11434
1751969378017 509.5188903808594 11435
1751969378518 1591.7791748046875 11436
1751969379027 783.6784057617188 11437
1751969379536 960.5394897460938 11438
1751969380042 804.5416259765625 11439
1751969380547 743.5950317382812 11440
1751969381053 1000.1708984375 11441
1751969381565 1907.978515625 11442
1751969382075 649.1355590820312 11443
1751969382581 856.7804565429688 11444
1751969383094 1720.6800537109375 11445
1751969383602 352.3975524902344 11446
1751969384106 1079.17138671875 11447
1751969384620 901.9617309570312 11448
1751969385125 477.15460205078125 11449
1751969385626 1435.1031494140625 11450
1751969386134 1051.572509765625 11451
1751969386637 646.0808715820312 11452
1751969387139 495.754150390625 11453
1751969387641 945.9900512695312 11454
1751969388144 741.1568603515625 11455
1751969388649 669.9559326171875 11456
1751969389152 679.3328247070312 11457
1751969389656 1179.5389404296875 11458
1751969390162 887.046875 11459
1751969390664 1334.1085205078125 11460
1751969391169 527.726806640625 11461
1751969391668 699.7960205078125 11462
1751969392171 1517.0750732421875 11463
1751969392675 1016.4998168945312 11464
1751969393181 449.38214111328125 11465
1751969393684 982.55810546875 11466
1751969394187 746.8167114257812 11467
1751969394692 602.2374877929688 11468
1751969395193 1263.3463134765625 11469
1751969395696 1985.9482421875 11470
1751969396197 1066.4217529296875 11471
1751969396698 510.46142578125 11472
1751969397198 1403.3968505859375 11473
1751969397701 430.3932800292969 11474
1751969398206 731.7996215820312 11475
1751969398710 873.2149658203125 11476
1751969399211 1391.5269775390625 11477
1751969399711 1347.3499755859375 11478
1751969400217 1063.799072265625 11479
1751969400727 654.6564331054688 11480
1751969401237 446.92437744140625 11481
1751969401738 465.75146484375 11482
1751969402244 1086.148193359375 11483
1751969402747 1172.896728515625 11484
1751969403252 719.4364624023438 11485
1751969403753 736.8917236328125 11486
1751969404256 2157.6845703125 11487
1751969404760 1824.3734130859375 11488
1751969405266 784.5792236328125 11489
1751969405769 781.9298706054688 11490
1751969406270 957.2009887695312 11491
1751969406773 436.8299865722656 11492
1751969407277 2020.2366943359375 11493
1751969407778 566.7886962890625 11494
1751969408283 609.9972534179688 11495
1751969408788 2734.822021484375 11496
1751969409294 695.0626831054688 11497
1751969409798 1456.5445556640625 11498
1751969410300 697.7408447265625 11499
1751969410804 606.6017456054688 11500
1751969411306 524.9539184570312 11501
1751969412196 1079.518798828125 11502
1751969412702 422.7989807128906 11503
1751969413209 1050.9866943359375 11504
1751969413711 570.7952880859375 11505
1751969414215 456.3893737792969 11506
1751969414716 702.7449951171875 11507
1751969415219 468.3785095214844 11508
1751969415724 982.8712768554688 11509
1751969416229 541.611083984375 11510
1751969416736 1286.4276123046875 11511
1751969417243 382.0733947753906 11512
1751969417746 684.6254272460938 11513
1751969418261 554.5546875 11514
1751969418773 915.9854736328125 11515
1751969419276 684.7030639648438 11516
1751969419789 1125.205322265625 11517
1751969420291 628.7396850585938 11518
1751969420796 985.3136596679688 11519
1751969421305 1126.5164794921875 11520
1751969421807 622.9974975585938 11521
1751969422317 2431.460693359375 11522
1751969422822 906.30224609375 11523
1751969423330 2005.274658203125 11524
1751969423836 723.8975830078125 11525
1751969424344 1269.6502685546875 11526
1751969424848 1018.2136840820312 11527
1751969425353 774.2286987304688 11528
1751969425855 600.5411987304688 11529
1751969426360 1096.7005615234375 11530
1751969426870 608.8751220703125 11531
1751969427375 2404.264892578125 11532
1751969427883 1521.5712890625 11533
1751969428394 1765.546875 11534
1751969428900 792.4860229492188 11535
1751969429407 777.9888305664062 11536
1751969429911 605.6453857421875 11537
1751969430411 459.69122314453125 11538
1751969430915 687.8468627929688 11539
1751969431417 396.8092956542969 11540
1751969431918 2114.290283203125 11541
1751969432420 2151.159423828125 11542
1751969432927 773.9432983398438 11543
1751969433436 1025.80859375 11544
1751969433940 738.637451171875 11545
1751969434449 600.1041870117188 11546
1751969434955 813.1687622070312 11547
1751969435463 1812.3934326171875 11548
1751969435970 1174.366943359375 11549
1751969436479 1187.125 11550
1751969436982 1056.313720703125 11551
1751969437489 1175.4163818359375 11552
1751969438007 1088.203125 11553
1751969438522 804.9580078125 11554
1751969439031 530.0935668945312 11555
1751969439538 1083.0338134765625 11556
1751969440047 1098.1474609375 11557
1751969440554 562.21630859375 11558
1751969441057 675.2931518554688 11559
1751969441560 498.8122253417969 11560
1751969442072 1500.3421630859375 11561
1751969442576 2055.790771484375 11562
1751969443088 768.4384155273438 11563
1751969443596 678.5598754882812 11564
1751969444102 721.3142700195312 11565
1751969444614 1424.461669921875 11566
1751969445120 1584.6959228515625 11567
1751969445626 1621.2666015625 11568
1751969446134 857.4923706054688 11569
1751969446638 1025.341796875 11570
1751969447143 1081.814453125 11571
1751969447645 669.1390380859375 11572
1751969448153 822.81591796875 11573
1751969448661 951.3218994140625 11574
1751969449172 1639.0145263671875 11575
1751969449678 483.6719665527344 11576
1751969450181 660.9772338867188 11577
1751969450691 1390.9105224609375 11578
1751969451208 1009.1676025390625 11579
1751969451720 1314.331298828125 11580
1751969452223 1309.9124755859375 11581
1751969452725 1792.7313232421875 11582
1751969453231 635.6544799804688 11583
1751969453741 475.01171875 11584
1751969454243 1042.1304931640625 11585
1751969454744 923.0728759765625 11586
1751969455252 986.7427978515625 11587
1751969455755 569.228515625 11588
1751969456262 862.4425659179688 11589
1751969456772 552.3153686523438 11590
1751969457278 578.6021118164062 11591
1751969457783 1032.1026611328125 11592
1751969458283 2382.12548828125 11593
1751969458792 1065.977783203125 11594
1751969459297 1224.1947021484375 11595
1751969459799 779.1613159179688 11596
1751969460309 1381.5965576171875 11597
1751969460821 534.5104370117188 11598
1751969461328 1037.050048828125 11599
1751969461834 728.1399536132812 11600
1751969462348 835.3290405273438 11601
1751969463246 954.2611694335938 11602
1751969463752 588.9596557617188 11603
1751969464260 796.3330078125 11604
1751969464768 804.3861694335938 11605
1751969465274 1169.6474609375 11606
1751969465776 1357.4879150390625 11607
1751969466280 775.0704956054688 11608
1751969466787 1043.1878662109375 11609
1751969467297 2030.0438232421875 11610
1751969467797 1052.9993896484375 11611
1751969468307 702.2108154296875 11612
1751969468820 923.6314697265625 11613
1751969469331 880.0247192382812 11614
1751969469833 537.1718139648438 11615
1751969470336 567.3297729492188 11616
1751969470842 1229.5242919921875 11617
1751969471345 2556.43798828125 11618
1751969471848 765.4281616210938 11619
1751969472351 1605.8035888671875 11620
1751969472853 1120.318603515625 11621
1751969473357 800.130615234375 11622
1751969473864 1365.146240234375 11623
1751969474364 1058.387939453125 11624
1751969474866 1075.662109375 11625
1751969475369 909.52978515625 11626
1751969475878 529.0537719726562 11627
1751969476386 669.6737670898438 11628
1751969476890 1978.9149169921875 11629
1751969477394 673.7564697265625 11630
1751969477900 671.1970825195312 11631
1751969478406 574.5919799804688 11632
1751969478913 590.3248901367188 11633
1751969479415 1025.4644775390625 11634
1751969479923 747.8621215820312 11635
1751969480424 647.3090209960938 11636
1751969480932 885.1296997070312 11637
1751969481439 1072.1265869140625 11638
1751969481951 541.02392578125 11639
1751969482459 1127.263916015625 11640
1751969482961 2275.955810546875 11641
1751969483462 724.5448608398438 11642
1751969483972 1205.2333984375 11643
1751969484477 1875.2542724609375 11644
1751969484981 666.5953979492188 11645
1751969485484 1118.771484375 11646
1751969485992 419.96270751953125 11647
1751969486501 886.3182983398438 11648
1751969487003 595.2012939453125 11649
1751969487509 665.5746459960938 11650
1751969488018 785.7601928710938 11651
1751969488527 518.2816772460938 11652
1751969489030 1365.499755859375 11653
1751969489541 863.220703125 11654
1751969490052 369.71844482421875 11655
1751969490561 596.4356689453125 11656
1751969491061 629.3203735351562 11657
1751969491563 1104.8380126953125 11658
1751969492072 1412.4034423828125 11659
1751969492573 681.4148559570312 11660
1751969493088 826.9685668945312 11661
1751969493595 922.1103515625 11662
1751969494104 1220.85791015625 11663
1751969494606 1515.9661865234375 11664
1751969495117 1088.046142578125 11665
1751969495621 1185.230224609375 11666
1751969496126 713.8558959960938 11667
1751969496628 522.3118286132812 11668
1751969497131 491.90673828125 11669
1751969497635 608.4360961914062 11670
1751969498140 599.2281494140625 11671
1751969498645 759.482421875 11672
1751969499151 2074.328857421875 11673
1751969499655 1111.0213623046875 11674
1751969500160 727.6708374023438 11675
1751969500665 1051.4671630859375 11676
1751969501167 649.8282470703125 11677
1751969501674 2558.15087890625 11678
1751969502179 446.4727478027344 11679
1751969502693 817.1453247070312 11680
1751969503204 1250.3863525390625 11681
1751969503715 877.77734375 11682
1751969504229 507.227783203125 11683
1751969504735 3277.45361328125 11684
1751969505241 2027.6077880859375 11685
1751969505751 697.1315307617188 11686
1751969506264 1066.570556640625 11687
1751969506769 943.5531616210938 11688
1751969507271 607.1100463867188 11689
1751969507773 1300.7147216796875 11690
1751969508276 1525.25244140625 11691
1751969508781 2238.884033203125 11692
1751969509282 641.4808349609375 11693
1751969509787 603.48486328125 11694
1751969510291 459.03662109375 11695
1751969510794 454.8454284667969 11696
1751969511296 566.4287109375 11697
1751969511807 768.4580078125 11698
1751969512309 980.65478515625 11699
1751969512810 657.5003662109375 11700
1751969513313 1308.1546630859375 11701
1751969514214 772.2047119140625 11702
1751969514717 1499.1109619140625 11703
1751969515220 398.41619873046875 11704
1751969515722 642.2593994140625 11705
1751969516225 939.3817749023438 11706
1751969516730 851.6801147460938 11707
1751969517230 900.6459350585938 11708
1751969517735 555.5480346679688 11709
1751969518238 484.49267578125 11710
1751969518739 511.7815856933594 11711
1751969519244 681.0696411132812 11712
1751969519748 1474.1177978515625 11713
1751969520253 517.1072387695312 11714
1751969520761 588.8961791992188 11715
1751969521267 797.0910034179688 11716
1751969521769 1025.3001708984375 11717
1751969522274 710.6434936523438 11718
1751969522780 523.1002197265625 11719
1751969523283 1323.0638427734375 11720
1751969523787 468.29443359375 11721
1751969524289 622.4586181640625 11722
1751969524791 546.5402221679688 11723
1751969525295 980.1988525390625 11724
1751969525800 1395.564697265625 11725
1751969526303 456.5995178222656 11726
1751969526807 1319.990234375 11727
1751969527310 1452.8377685546875 11728
1751969527813 584.7034912109375 11729
1751969528317 599.7623901367188 11730
1751969528824 1548.920166015625 11731
1751969529328 721.1837158203125 11732
1751969529831 862.9940795898438 11733
1751969530335 894.1039428710938 11734
1751969530839 849.4584350585938 11735
1751969531339 1147.1099853515625 11736
1751969531842 577.5030517578125 11737
1751969532345 1204.00634765625 11738
1751969532849 739.1369018554688 11739
1751969533352 711.1654663085938 11740
1751969533862 504.3685607910156 11741
1751969534365 711.51123046875 11742
1751969534867 1421.5909423828125 11743
1751969535368 689.3001098632812 11744
1751969535872 923.2027587890625 11745
1751969536390 605.6650390625 11746
1751969536897 546.5770874023438 11747
1751969537404 668.3809814453125 11748
1751969537909 1074.28271484375 11749
1751969538413 556.9054565429688 11750
1751969538917 857.0979614257812 11751
1751969539435 687.0319213867188 11752
1751969539937 924.8678588867188 11753
1751969540451 1351.2691650390625 11754
1751969540958 904.0391845703125 11755
1751969541473 449.96319580078125 11756
1751969541978 1554.4111328125 11757
1751969542482 819.578125 11758
1751969542985 1182.876220703125 11759
1751969543494 744.2954711914062 11760
1751969544006 688.396484375 11761
1751969544512 545.7184448242188 11762
1751969545018 1170.3707275390625 11763
1751969545527 707.5349731445312 11764
1751969546032 542.8786010742188 11765
1751969546534 524.0230712890625 11766
1751969547046 553.9594116210938 11767
1751969547549 1040.823486328125 11768
1751969548057 1414.032470703125 11769
1751969548562 693.7604370117188 11770
1751969549073 1543.698486328125 11771
1751969549584 634.0455322265625 11772
1751969550096 914.6546020507812 11773
1751969550601 2044.578125 11774
1751969551106 1271.34423828125 11775
1751969551608 517.4970703125 11776
1751969552111 1720.8236083984375 11777
1751969552620 1073.9881591796875 11778
1751969553127 579.9821166992188 11779
1751969553637 916.6886596679688 11780
1751969554146 661.750732421875 11781
1751969554657 1016.5243530273438 11782
1751969555163 677.8258666992188 11783
1751969555670 723.67236328125 11784
1751969556177 583.8756103515625 11785
1751969556682 726.3858642578125 11786
1751969557189 795.4420166015625 11787
1751969557701 398.8049011230469 11788
1751969558206 589.5548706054688 11789
1751969558709 1076.384033203125 11790
1751969559220 1144.4271240234375 11791
1751969559733 1144.298828125 11792
1751969560237 734.99072265625 11793
1751969560747 908.72412109375 11794
1751969561264 871.1447143554688 11795
1751969561770 1159.603271484375 11796
1751969562278 1522.1751708984375 11797
1751969562784 1044.9083251953125 11798
1751969563294 1585.7611083984375 11799
1751969563795 504.8177795410156 11800
1751969564311 1227.2525634765625 11801
1751969565307 742.08251953125 11802
1751969565814 2369.738037109375 11803
1751969566323 1223.7552490234375 11804
1751969566831 2025.601806640625 11805
1751969567346 1069.2738037109375 11806
1751969567860 1371.5653076171875 11807
1751969568369 1402.1597900390625 11808
1751969568877 1250.903564453125 11809
1751969569384 883.3978881835938 11810
1751969569901 1459.9373779296875 11811
1751969570402 690.8480834960938 11812
1751969570904 834.5613403320312 11813
1751969571406 1056.999267578125 11814
1751969571909 1028.55322265625 11815
1751969572410 1049.970703125 11816
1751969572912 1205.6053466796875 11817
1751969573417 812.2064208984375 11818
1751969573923 661.7636108398438 11819
1751969574426 445.5824279785156 11820
1751969574929 562.5155029296875 11821
1751969575431 378.1765441894531 11822
1751969575934 584.8419799804688 11823
1751969576443 1091.6014404296875 11824
1751969576956 540.4591674804688 11825
1751969577471 1025.0806884765625 11826
1751969577976 761.7244873046875 11827
1751969578483 688.268310546875 11828
1751969578999 1456.520751953125 11829
1751969579503 690.8335571289062 11830
1751969580012 1784.9749755859375 11831
1751969580526 1380.2279052734375 11832
1751969581047 688.7412719726562 11833
1751969581554 766.365234375 11834
1751969582062 1523.2691650390625 11835
1751969582564 903.0152587890625 11836
1751969583067 1179.128662109375 11837
1751969583578 897.5780639648438 11838
1751969584089 950.8642578125 11839
1751969584591 1074.1024169921875 11840
1751969585097 3038.513427734375 11841
1751969585601 703.7815551757812 11842
1751969586104 924.6585083007812 11843
1751969586612 864.7645874023438 11844
1751969587116 1252.7322998046875 11845
1751969587619 2485.51220703125 11846
1751969588122 1935.900390625 11847
1751969588624 853.7761840820312 11848
1751969589132 1201.373779296875 11849
1751969589644 898.8239135742188 11850
1751969590147 646.1747436523438 11851
1751969590648 1142.367431640625 11852
1751969591160 1128.313720703125 11853
1751969591670 534.7265625 11854
1751969592179 698.9059448242188 11855
1751969592689 990.2660522460938 11856
1751969593197 772.9619140625 11857
1751969593703 1144.1060791015625 11858
1751969594216 850.4202270507812 11859
1751969594721 795.2655639648438 11860
1751969595223 868.4402465820312 11861
1751969595726 1240.7584228515625 11862
1751969596230 951.0535278320312 11863
1751969596734 700.6651611328125 11864
1751969597238 920.6690673828125 11865
1751969597741 1066.5775146484375 11866
1751969598255 882.2802734375 11867
1751969598760 978.6964721679688 11868
1751969599272 1427.1593017578125 11869
1751969599784 1540.8685302734375 11870
1751969600294 569.2789916992188 11871
1751969600804 513.3313598632812 11872
1751969601310 782.5498046875 11873
1751969601816 1402.2197265625 11874
1751969602318 1011.2935791015625 11875
1751969602826 1846.3433837890625 11876
1751969603335 642.4102172851562 11877
1751969603836 1232.1119384765625 11878
1751969604343 1401.04541015625 11879
1751969604853 833.3171997070312 11880
1751969605357 530.5989379882812 11881
1751969605867 832.7247924804688 11882
1751969606384 604.8943481445312 11883
1751969606887 1000.3416137695312 11884
1751969607391 1722.6204833984375 11885
1751969607891 829.4794921875 11886
1751969608395 785.0363159179688 11887
1751969608904 1200.7930908203125 11888
1751969609410 1029.9349365234375 11889
1751969609914 1280.4091796875 11890
1751969610430 1159.2825927734375 11891
1751969610936 759.158447265625 11892
1751969611440 1024.25830078125 11893
1751969611943 426.3741149902344 11894
1751969612455 626.3121948242188 11895
1751969612965 697.9286499023438 11896
1751969613469 2442.233154296875 11897
1751969613974 899.8955078125 11898
1751969614488 1352.2935791015625 11899
1751969614992 1228.85205078125 11900
1751969615498 1258.366943359375 11901
1751969616401 1704.7515869140625 11902
1751969616913 1229.8896484375 11903
1751969617421 1117.9954833984375 11904
1751969617926 657.2139892578125 11905
1751969618432 1311.8226318359375 11906
1751969618939 481.83282470703125 11907
1751969619450 530.79443359375 11908
1751969619953 850.8075561523438 11909
1751969620454 838.2195434570312 11910
1751969620964 1001.85205078125 11911
1751969621467 793.5601806640625 11912
1751969621972 656.0631713867188 11913
1751969622474 1091.208251953125 11914
1751969622980 1281.218994140625 11915
1751969623489 642.7810668945312 11916
1751969623991 1925.0135498046875 11917
1751969624500 680.0685424804688 11918
1751969625010 545.7606811523438 11919
1751969625519 778.7107543945312 11920
1751969626024 493.22900390625 11921
1751969626529 593.4898681640625 11922
1751969627032 950.7113647460938 11923
1751969627537 674.5402221679688 11924
1751969628040 1854.3980712890625 11925
1751969628545 1291.30419921875 11926
1751969629053 322.2142028808594 11927
1751969629559 693.7786865234375 11928
1751969630062 630.3923950195312 11929
1751969630567 840.1241455078125 11930
1751969631069 780.2140502929688 11931
1751969631573 1356.291748046875 11932
1751969632077 707.1661987304688 11933
1751969632581 1460.22412109375 11934
1751969633083 843.4860229492188 11935
1751969633586 432.2998962402344 11936
1751969634088 907.6481323242188 11937
1751969634593 410.1549377441406 11938
1751969635094 891.4578247070312 11939
1751969635597 586.6261596679688 11940
1751969636110 1346.7476806640625 11941
1751969636614 417.44854736328125 11942
1751969637119 677.8422241210938 11943
1751969637622 884.6843872070312 11944
1751969638126 949.5797119140625 11945
1751969638628 537.81884765625 11946
1751969639131 681.9841918945312 11947
1751969639632 583.328125 11948
1751969640141 1101.1053466796875 11949
1751969640653 1988.2379150390625 11950
1751969641169 531.288818359375 11951
1751969641675 1013.2435913085938 11952
1751969642180 831.0404663085938 11953
1751969642684 1650.8072509765625 11954
1751969643185 541.6075439453125 11955
1751969643696 576.22265625 11956
1751969644201 766.9053955078125 11957
1751969644704 577.4857788085938 11958
1751969645210 721.814208984375 11959
1751969645714 529.7526245117188 11960
1751969646217 377.9992370605469 11961
1751969646720 924.0028686523438 11962
1751969647223 839.93798828125 11963
1751969647724 863.9503784179688 11964
1751969648232 429.39306640625 11965
1751969648735 830.1190795898438 11966
1751969649242 948.322265625 11967
1751969649743 756.3982543945312 11968
1751969650248 673.4054565429688 11969
1751969650753 1124.2176513671875 11970
1751969651257 703.5272827148438 11971
1751969651760 910.4027709960938 11972
1751969652270 529.27001953125 11973
1751969652774 580.0780639648438 11974
1751969653278 731.2096557617188 11975
1751969653780 1360.5499267578125 11976
1751969654284 1328.4774169921875 11977
1751969654787 792.1959228515625 11978
1751969655295 483.7585144042969 11979
1751969655799 493.98516845703125 11980
1751969656307 1780.455078125 11981
1751969656811 879.2034301757812 11982
1751969657316 843.3754272460938 11983
1751969657823 562.7515258789062 11984
1751969658324 1661.0418701171875 11985
1751969658827 479.6007995605469 11986
1751969659329 958.3876953125 11987
1751969659834 864.125 11988
1751969660348 831.3515014648438 11989
1751969660862 647.383544921875 11990
1751969661365 793.4749755859375 11991
1751969661877 499.93408203125 11992
1751969662381 1041.109375 11993
1751969662888 871.9920043945312 11994
1751969663390 2535.2021484375 11995
1751969663905 448.8078308105469 11996
1751969664411 635.5031127929688 11997
1751969664926 1075.3165283203125 11998
1751969665445 732.048828125 11999
1751969665954 602.2027587890625 12000
1751969666457 571.3396606445312 12001
1751969667390 468.3993835449219 12002
1751969667891 671.9525756835938 12003
1751969668399 653.9467163085938 12004
1751969668907 1139.3319091796875 12005
1751969669416 1648.4111328125 12006
1751969669920 388.7597961425781 12007
1751969670435 688.8001098632812 12008
1751969670936 821.0601806640625 12009
1751969671435 531.0665893554688 12010
1751969671946 672.6061401367188 12011
1751969672456 716.0673217773438 12012
1751969672960 680.149658203125 12013
1751969673469 423.27081298828125 12014
1751969673974 980.3941650390625 12015
1751969674478 1383.9310302734375 12016
1751969674983 760.693359375 12017
1751969675493 591.9371948242188 12018
1751969676003 621.0165405273438 12019
1751969676507 453.23712158203125 12020
1751969677010 628.4108276367188 12021
1751969677516 1873.9232177734375 12022
1751969678021 415.2404479980469 12023
1751969678525 845.6921997070312 12024
1751969679032 1423.0093994140625 12025
1751969679533 556.2960205078125 12026
1751969680044 552.8806762695312 12027
1751969680552 975.9974975585938 12028
1751969681055 603.2749633789062 12029
1751969681563 388.03656005859375 12030
1751969682067 815.984619140625 12031
1751969682577 1121.09814453125 12032
1751969683081 745.7700805664062 12033
1751969683582 2011.514892578125 12034
1751969684087 1794.9761962890625 12035
1751969684597 460.01885986328125 12036
1751969685102 891.3365478515625 12037
1751969685618 1572.2730712890625 12038
1751969686126 725.6968994140625 12039
1751969686629 494.8324279785156 12040
1751969687131 896.0806884765625 12041
1751969687643 587.143310546875 12042
1751969688153 734.4041137695312 12043
1751969688660 1259.0963134765625 12044
1751969689163 604.4810180664062 12045
1751969689672 568.6856689453125 12046
1751969690178 542.2890014648438 12047
1751969690688 1358.394287109375 12048
1751969691192 1008.7005004882812 12049
1751969691694 1101.6009521484375 12050
1751969692196 1339.252685546875 12051
1751969692698 602.2594604492188 12052
1751969693209 617.0700073242188 12053
1751969693716 1152.1131591796875 12054
1751969694224 1132.3580322265625 12055
1751969694731 654.92919921875 12056
1751969695241 1368.665771484375 12057
1751969695757 1276.18896484375 12058
1751969696264 775.2547607421875 12059
1751969696773 778.5377197265625 12060
1751969697292 328.9780578613281 12061
1751969697800 470.7862243652344 12062
1751969698304 1371.5496826171875 12063
1751969698805 1133.9332275390625 12064
1751969699311 1028.02392578125 12065
1751969699820 713.9655151367188 12066
1751969700328 543.4572143554688 12067
1751969700840 659.5341186523438 12068
1751969701353 704.9664306640625 12069
1751969701867 1095.6529541015625 12070
1751969702376 909.1730346679688 12071
1751969702882 693.2474975585938 12072
1751969703387 1300.8004150390625 12073
1751969703889 422.6515808105469 12074
1751969704394 561.5494384765625 12075
1751969704901 659.3661499023438 12076
1751969705417 648.9010620117188 12077
1751969705930 1043.625732421875 12078
1751969706439 557.5986938476562 12079
1751969706943 944.8728637695312 12080
1751969707449 1207.3133544921875 12081
1751969707961 738.7310180664062 12082
1751969708463 682.3404541015625 12083
1751969708967 964.3359375 12084
1751969709480 1692.2958984375 12085
1751969709987 1124.2794189453125 12086
1751969710509 1469.1678466796875 12087
1751969711022 553.7657470703125 12088
1751969711526 1166.2513427734375 12089
1751969712029 1236.9974365234375 12090
1751969712544 881.8736572265625 12091
1751969713047 701.9640502929688 12092
1751969713548 1409.0950927734375 12093
1751969714054 917.59765625 12094
1751969714563 847.9177856445312 12095
1751969715066 529.5482788085938 12096
1751969715579 465.4385681152344 12097
1751969716084 461.85302734375 12098
1751969716591 510.5726623535156 12099
1751969717100 616.9669799804688 12100
1751969717607 986.3436889648438 12101
1751969718528 558.2463989257812 12102
1751969719034 1030.1998291015625 12103
1751969719538 611.5371704101562 12104
1751969720040 344.6752624511719 12105
1751969720552 484.89501953125 12106
1751969721054 446.4792175292969 12107
1751969721564 1137.3465576171875 12108
1751969722072 1166.26953125 12109
1751969722582 766.9493408203125 12110
1751969723088 1959.8602294921875 12111
1751969723595 775.4207763671875 12112
1751969724100 655.4156494140625 12113
1751969724604 729.9895629882812 12114
1751969725114 1410.8343505859375 12115
1751969725628 818.1923217773438 12116
1751969726132 1192.0250244140625 12117
1751969726639 605.4984130859375 12118
1751969727144 569.5498046875 12119
1751969727653 449.2497253417969 12120
1751969728154 595.3259887695312 12121
1751969728670 1112.0181884765625 12122
1751969729182 598.9688720703125 12123
1751969729691 758.9877319335938 12124
1751969730197 592.7462158203125 12125
1751969730712 1232.591796875 12126
1751969731214 634.0841064453125 12127
1751969731720 971.8218994140625 12128
1751969732223 835.1145629882812 12129
1751969732734 874.9974975585938 12130
1751969733241 1624.71337890625 12131
1751969733742 1164.3951416015625 12132
1751969734246 1824.8629150390625 12133
1751969734751 924.0660400390625 12134
1751969735253 762.6757202148438 12135
1751969735757 1766.300048828125 12136
1751969736269 1216.1939697265625 12137
1751969736771 1019.0906372070312 12138
1751969737284 1193.0623779296875 12139
1751969737789 449.3448791503906 12140
1751969738296 557.8390502929688 12141
1751969738808 1540.1070556640625 12142
1751969739309 756.6815185546875 12143
1751969739810 1285.978271484375 12144
1751969740331 818.4806518554688 12145
1751969740839 1487.7354736328125 12146
1751969741344 754.6317749023438 12147
1751969741856 872.9623413085938 12148
1751969742360 692.2321166992188 12149
1751969742869 2190.720458984375 12150
1751969743372 840.8056030273438 12151
1751969743874 1083.1986083984375 12152
1751969744378 1499.2523193359375 12153
1751969744881 662.9328002929688 12154
1751969745385 692.8094482421875 12155
1751969745887 768.1688842773438 12156
1751969746389 840.6151733398438 12157
1751969746891 1192.415771484375 12158
1751969747395 1284.1025390625 12159
1751969747897 814.5150146484375 12160
1751969748401 476.3779296875 12161
1751969748905 1317.605712890625 12162
1751969749408 611.98779296875 12163
1751969749912 551.45361328125 12164
1751969750419 597.76904296875 12165
1751969750923 1077.5985107421875 12166
1751969751424 2529.438720703125 12167
1751969751927 746.9550170898438 12168
1751969752434 850.9208374023438 12169
1751969752937 814.3536376953125 12170
1751969753439 1029.6595458984375 12171
1751969753943 799.7035522460938 12172
1751969754445 599.5469970703125 12173
1751969754949 951.4049682617188 12174
1751969755454 617.4940795898438 12175
1751969755955 1357.91943359375 12176
1751969756463 1046.8841552734375 12177
1751969756964 476.645751953125 12178
1751969757467 1104.9158935546875 12179
1751969757971 890.3411254882812 12180
1751969758473 833.6449584960938 12181
1751969758979 680.6804809570312 12182
1751969759482 1224.32763671875 12183
1751969759984 1211.0980224609375 12184
1751969760496 496.3211975097656 12185
1751969761005 926.3246459960938 12186
1751969761510 2518.624267578125 12187
1751969762016 840.7001953125 12188
1751969762519 1863.2054443359375 12189
1751969763021 795.0404052734375 12190
1751969763524 1606.3836669921875 12191
1751969764028 1393.25048828125 12192
1751969764532 676.3802490234375 12193
1751969765036 596.2008056640625 12194
1751969765545 1449.389892578125 12195
1751969766050 1287.6234130859375 12196
1751969766554 526.84716796875 12197
1751969767059 609.71142578125 12198
1751969767561 760.8223876953125 12199
1751969768063 485.86260986328125 12200
1751969768567 861.59375 12201
1751969769463 1331.2796630859375 12202
1751969769966 1056.1746826171875 12203
1751969770472 904.5806884765625 12204
1751969770978 883.53125 12205
1751969771482 1454.01611328125 12206
1751969771983 833.7015991210938 12207
1751969772487 586.0192260742188 12208
1751969772991 915.5961303710938 12209
1751969773495 1827.2362060546875 12210
1751969773997 698.2628784179688 12211
1751969774499 801.34228515625 12212
1751969775002 587.6400756835938 12213
1751969775512 595.3612670898438 12214
1751969776017 1002.7765502929688 12215
1751969776521 470.85595703125 12216
1751969777024 1353.559326171875 12217
1751969777533 641.5624389648438 12218
1751969778047 709.6023559570312 12219
1751969778552 1091.8170166015625 12220
1751969779061 492.0673522949219 12221
1751969779567 811.7408447265625 12222
1751969780071 644.4908447265625 12223
1751969780589 932.4534301757812 12224
1751969781095 692.5814819335938 12225
1751969781598 494.4789733886719 12226
1751969782102 661.7918090820312 12227
1751969782603 1268.03076171875 12228
1751969783106 515.90478515625 12229
1751969783609 807.0201416015625 12230
1751969784113 714.17578125 12231
1751969784615 1049.1541748046875 12232
1751969785124 710.9450073242188 12233
1751969785633 991.6637573242188 12234
1751969786144 424.5694274902344 12235
1751969786647 667.9378051757812 12236
1751969787156 1465.5767822265625 12237
1751969787669 709.1077880859375 12238
1751969788181 392.3190002441406 12239
1751969788696 656.3933715820312 12240
1751969789202 683.4000854492188 12241
1751969789708 1029.125732421875 12242
1751969790220 910.7902221679688 12243
1751969790735 618.4010009765625 12244
1751969791250 857.5118408203125 12245
1751969791756 1010.3308715820312 12246
1751969792271 424.569580078125 12247
1751969792777 336.7487487792969 12248
1751969793283 854.5092163085938 12249
1751969793791 815.9063720703125 12250
1751969794294 786.9280395507812 12251
1751969794799 593.15673828125 12252
1751969795306 608.4713745117188 12253
1751969795816 1825.2222900390625 12254
1751969796327 905.1124877929688 12255
1751969796829 1343.8963623046875 12256
1751969797347 991.6648559570312 12257
1751969797853 808.7047119140625 12258
1751969798357 771.3292846679688 12259
1751969798861 897.3062744140625 12260
1751969799372 587.1788940429688 12261
1751969799874 608.1201782226562 12262
1751969800386 496.195068359375 12263
1751969800898 523.0943603515625 12264
1751969801402 1000.6635131835938 12265
1751969801918 479.11572265625 12266
1751969802427 767.15283203125 12267
1751969802933 868.9307861328125 12268
1751969803436 640.7772827148438 12269
1751969803947 502.2328186035156 12270
1751969804448 732.0823974609375 12271
1751969804965 779.9537963867188 12272
1751969805472 545.0111083984375 12273
1751969805979 703.1776733398438 12274
1751969806488 459.7460632324219 12275
1751969806993 545.0546875 12276
1751969807496 618.0625610351562 12277
1751969808002 812.5480346679688 12278
1751969808505 1098.6851806640625 12279
1751969809013 528.9019775390625 12280
1751969809515 1053.0660400390625 12281
1751969810027 969.2571411132812 12282
1751969810533 1130.1861572265625 12283
1751969811035 653.4636840820312 12284
1751969811538 1054.8021240234375 12285
1751969812050 2249.083984375 12286
1751969812555 813.41943359375 12287
1751969813072 1083.3865966796875 12288
1751969813576 736.6340942382812 12289
1751969814080 819.689453125 12290
1751969814585 573.1417236328125 12291
1751969815094 630.6954345703125 12292
1751969815596 598.6286010742188 12293
1751969816099 1337.802734375 12294
1751969816604 400.3127136230469 12295
1751969817107 994.98974609375 12296
1751969817608 342.74517822265625 12297
1751969818113 1033.1727294921875 12298
1751969818622 1394.1689453125 12299
1751969819131 1482.2982177734375 12300
1751969819633 650.1951293945312 12301
1751969820548 1006.8804931640625 12302
1751969821070 1379.4163818359375 12303
1751969821575 962.5904541015625 12304
1751969822081 995.4627075195312 12305
1751969822586 887.6264038085938 12306
1751969823092 757.57568359375 12307
1751969823596 1267.1795654296875 12308
1751969824105 802.52099609375 12309
1751969824610 789.4296264648438 12310
1751969825119 964.4600830078125 12311
1751969825640 775.2249145507812 12312
1751969826141 1062.3670654296875 12313
1751969826644 637.9608154296875 12314
1751969827147 1735.439453125 12315
1751969827653 906.3062744140625 12316
1751969828161 1815.1849365234375 12317
1751969828729 633.3101806640625 12318
1751969829278 1001.0948486328125 12319
1751969829797 1728.0843505859375 12320
1751969830315 778.0335693359375 12321
1751969830827 1283.24462890625 12322
1751969831335 905.0897827148438 12323
1751969831841 867.6168212890625 12324
1751969832351 719.4259033203125 12325
1751969832855 1261.9017333984375 12326
1751969833356 567.12548828125 12327
1751969833872 1035.7342529296875 12328
1751969834385 578.4417114257812 12329
1751969834887 647.6654663085938 12330
1751969835399 1985.0087890625 12331
1751969835911 960.7169799804688 12332
1751969836421 762.7413940429688 12333
1751969836925 1036.1585693359375 12334
1751969837426 2056.326904296875 12335
1751969837931 1247.9227294921875 12336
1751969838434 620.7532348632812 12337
1751969838944 1680.9515380859375 12338
1751969839447 679.9802856445312 12339
1751969839953 697.9445190429688 12340
1751969840468 803.3241577148438 12341
1751969840976 1018.6755981445312 12342
1751969841489 1040.0159912109375 12343
1751969841999 427.1332092285156 12344
1751969842501 917.1557006835938 12345
1751969843003 653.3787231445312 12346
1751969843517 1137.2630615234375 12347
1751969844034 842.5726928710938 12348
1751969844540 990.6788940429688 12349
1751969845045 728.995849609375 12350
1751969845569 639.8743286132812 12351
1751969846088 1707.1605224609375 12352
1751969846594 563.9026489257812 12353
1751969847096 924.4142456054688 12354
1751969847606 431.37799072265625 12355
1751969848120 798.18701171875 12356
1751969848629 2483.510498046875 12357
1751969849148 674.5433349609375 12358
1751969849648 692.8341064453125 12359
1751969850149 831.6535034179688 12360
1751969850652 465.7186584472656 12361
1751969851153 771.5518798828125 12362
1751969851655 713.5426025390625 12363
1751969852159 885.9806518554688 12364
1751969852670 861.6720581054688 12365
1751969853173 598.2913208007812 12366
1751969853687 1939.8089599609375 12367
1751969854199 524.899658203125 12368
1751969854707 1581.2703857421875 12369
1751969855208 528.7484741210938 12370
1751969855715 876.0070190429688 12371
1751969856221 460.3045349121094 12372
1751969856723 528.1153564453125 12373
1751969857229 645.7182006835938 12374
1751969857739 1653.3433837890625 12375
1751969858255 365.0186767578125 12376
1751969858768 1153.404296875 12377
1751969859275 975.4286499023438 12378
1751969859777 1545.9747314453125 12379
1751969860289 502.23028564453125 12380
1751969860800 637.7763671875 12381
1751969861304 891.3551025390625 12382
1751969861808 562.1067504882812 12383
1751969862313 2220.2939453125 12384
1751969862816 824.1046142578125 12385
1751969863325 393.3944396972656 12386
1751969863826 736.9932250976562 12387
1751969864329 427.4072265625 12388
1751969864833 1307.360595703125 12389
1751969865336 700.9592895507812 12390
1751969865845 721.7807006835938 12391
1751969866346 949.2736206054688 12392
1751969866848 615.5105590820312 12393
1751969867351 677.24951171875 12394
1751969867854 766.406982421875 12395
1751969868356 833.3895874023438 12396
1751969868859 349.5213928222656 12397
1751969869360 1207.8323974609375 12398
1751969869862 616.1262817382812 12399
1751969870363 543.3027954101562 12400
1751969870871 485.6227111816406 12401
1751969871774 914.5546875 12402
1751969872275 1260.108642578125 12403
1751969872777 855.7706909179688 12404
1751969873280 1002.7935791015625 12405
1751969873782 749.0072631835938 12406
1751969874282 702.9803466796875 12407
1751969874784 833.3063354492188 12408
1751969875284 1415.7412109375 12409
1751969875793 543.5364379882812 12410
1751969876295 420.6530456542969 12411
1751969876797 1058.3140869140625 12412
1751969877298 1542.0291748046875 12413
1751969877801 969.1452026367188 12414
1751969878301 471.22833251953125 12415
1751969878804 2068.022216796875 12416
1751969879305 783.611572265625 12417
1751969879806 777.649169921875 12418
1751969880312 727.9579467773438 12419
1751969880826 447.9296569824219 12420
1751969881333 1022.4968872070312 12421
1751969881836 823.037109375 12422
1751969882337 712.6630249023438 12423
1751969882840 465.7555847167969 12424
1751969883342 492.4183654785156 12425
1751969883850 1429.361083984375 12426
1751969884352 587.3792724609375 12427
1751969884854 436.9150390625 12428
1751969885358 609.2752075195312 12429
1751969885876 567.1613159179688 12430
1751969886378 1399.3138427734375 12431
1751969886879 2967.237060546875 12432
1751969887379 812.9755859375 12433
1751969887879 536.8152465820312 12434
1751969888382 425.6839294433594 12435
1751969888884 1260.584716796875 12436
1751969889385 752.78125 12437
1751969889887 1561.9019775390625 12438
1751969890388 682.8507690429688 12439
1751969890899 1920.7119140625 12440
1751969891401 673.2282104492188 12441
1751969891903 750.6134033203125 12442
1751969892406 1811.0025634765625 12443
1751969892911 988.0357666015625 12444
1751969893415 1009.5131225585938 12445
1751969893916 599.3292846679688 12446
1751969894417 1866.2762451171875 12447
1751969894918 386.11749267578125 12448
1751969895419 420.9677429199219 12449
1751969895930 868.9179077148438 12450
1751969896433 651.5038452148438 12451
1751969896937 433.2877502441406 12452
1751969897439 1893.8724365234375 12453
1751969897942 923.80126953125 12454
1751969898444 1424.99951171875 12455
1751969898947 1234.4617919921875 12456
1751969899449 645.4976196289062 12457
1751969899952 539.7410278320312 12458
1751969900455 400.1982116699219 12459
1751969900961 469.6524963378906 12460
1751969901463 735.7081298828125 12461
1751969901967 581.1477661132812 12462
1751969902470 871.3232421875 12463
1751969902971 724.3973388671875 12464
1751969903478 874.71630859375 12465
1751969903981 547.2186889648438 12466
1751969904483 673.9767456054688 12467
1751969904987 743.8535766601562 12468
1751969905490 541.8910522460938 12469
1751969906000 1524.5809326171875 12470
1751969906504 751.2680053710938 12471
1751969907009 498.6162109375 12472
1751969907511 621.6369018554688 12473
1751969908012 884.83984375 12474
1751969908515 489.1200256347656 12475
1751969909020 1499.4912109375 12476
1751969909526 1030.09521484375 12477
1751969910030 802.8341064453125 12478
1751969910532 720.9889526367188 12479
1751969911049 457.3029479980469 12480
1751969911552 1761.2877197265625 12481
1751969912054 508.3893127441406 12482
1751969912555 612.5878295898438 12483
1751969913057 909.2102661132812 12484
1751969913576 1769.5299072265625 12485
1751969914086 703.74853515625 12486
1751969914588 784.4506225585938 12487
1751969915089 910.1068725585938 12488
1751969915592 1428.5150146484375 12489
1751969916105 1947.0703125 12490
1751969916607 922.7916259765625 12491
1751969917109 1137.968017578125 12492
1751969917611 1871.5360107421875 12493
1751969918115 857.7435913085938 12494
1751969918626 1076.125 12495
1751969919127 1263.0908203125 12496
1751969919631 1270.4566650390625 12497
1751969920135 1539.2142333984375 12498
1751969920638 692.6566772460938 12499
1751969921144 518.5528564453125 12500
1751969921646 470.9471740722656 12501
1751969922539 1538.734375 12502
1751969923041 3018.361572265625 12503
1751969923543 534.7960815429688 12504
1751969924045 709.8643798828125 12505
1751969924546 1171.5745849609375 12506
1751969925046 382.63446044921875 12507
1751969925551 733.6329956054688 12508
1751969926065 1810.3133544921875 12509
1751969926565 658.5309448242188 12510
1751969927070 740.9823608398438 12511
1751969927576 464.4828186035156 12512
1751969928079 1820.506103515625 12513
1751969928581 395.99224853515625 12514
1751969929082 978.025390625 12515
1751969929583 1249.741455078125 12516
1751969930087 679.1357421875 12517
1751969930590 1544.228271484375 12518
1751969931099 483.7690124511719 12519
1751969931605 665.2031860351562 12520
1751969932109 1013.6200561523438 12521
1751969932612 494.8143005371094 12522
1751969933115 714.4393920898438 12523
1751969933620 538.4247436523438 12524
1751969934123 1001.7108764648438 12525
1751969934625 1403.9163818359375 12526
1751969935129 965.3849487304688 12527
1751969935631 1071.893798828125 12528
1751969936144 1029.040771484375 12529
1751969936648 606.7979736328125 12530
1751969937151 2127.520751953125 12531
1751969937654 808.7088623046875 12532
1751969938168 865.9708862304688 12533
1751969938673 2798.212158203125 12534
1751969939175 762.7709350585938 12535
1751969939678 510.2564392089844 12536
1751969940180 1337.5062255859375 12537
1751969940687 698.2645874023438 12538
1751969941204 520.2335205078125 12539
1751969941710 486.0900573730469 12540
1751969942213 940.1375122070312 12541
1751969942716 531.1154174804688 12542
1751969943217 943.7377319335938 12543
1751969943721 1479.0653076171875 12544
1751969944224 801.1806640625 12545
1751969944727 1216.825927734375 12546
1751969945229 416.60675048828125 12547
1751969945732 720.7800903320312 12548
1751969946237 515.5424194335938 12549
1751969946739 709.0840454101562 12550
1751969947241 1709.2679443359375 12551
1751969947745 548.9606323242188 12552
1751969948247 730.1017456054688 12553
1751969948751 816.7658081054688 12554
1751969949255 987.7939453125 12555
1751969949755 538.8342895507812 12556
1751969950256 590.6327514648438 12557
1751969950758 926.40234375 12558
1751969951263 700.3541870117188 12559
1751969951766 869.6103515625 12560
1751969952271 670.5523681640625 12561
1751969952772 536.4701538085938 12562
1751969953274 839.1804809570312 12563
1751969953775 475.4439392089844 12564
1751969954283 1463.751220703125 12565
1751969954785 545.9699096679688 12566
1751969955287 662.7486572265625 12567
1751969955794 553.317138671875 12568
1751969956297 1932.3258056640625 12569
1751969956801 438.6293029785156 12570
1751969957304 1218.8795166015625 12571
1751969957808 421.3632507324219 12572
1751969958311 836.3856811523438 12573
1751969958814 1684.5465087890625 12574
1751969959320 385.8392028808594 12575
1751969959823 813.0451049804688 12576
1751969960327 647.3029174804688 12577
1751969960831 431.8642578125 12578
1751969961333 1836.8170166015625 12579
1751969961836 806.2826538085938 12580
1751969962340 779.5509033203125 12581
1751969962844 1061.5677490234375 12582
1751969963348 549.8345947265625 12583
1751969963848 2091.294677734375 12584
1751969964352 1909.1929931640625 12585
1751969964854 424.97900390625 12586
1751969965358 374.43798828125 12587
1751969965861 1561.2769775390625 12588
1751969966364 687.8466186523438 12589
1751969966867 1041.02880859375 12590
1751969967369 626.7520141601562 12591
1751969967874 602.1005249023438 12592
1751969968377 525.857666015625 12593
1751969968879 803.2112426757812 12594
1751969969381 420.5043029785156 12595
1751969969884 516.7740478515625 12596
1751969970386 1122.2020263671875 12597
1751969970889 942.3088989257812 12598
1751969971393 511.1986999511719 12599
1751969971896 469.5736389160156 12600
1751969972398 968.2250366210938 12601
1751969973298 425.6626892089844 12602
1751969973801 799.1769409179688 12603
1751969974307 1294.7042236328125 12604
1751969974808 480.3688049316406 12605
1751969975309 315.2698669433594 12606
1751969975810 498.4278869628906 12607
1751969976312 484.57080078125 12608
1751969976816 473.99267578125 12609
1751969977318 433.4338073730469 12610
1751969977819 615.43310546875 12611
1751969978323 737.2605590820312 12612
1751969978824 1305.0555419921875 12613
1751969979325 700.1817016601562 12614
1751969979826 589.9959106445312 12615
1751969980326 559.5359497070312 12616
1751969980829 860.6746215820312 12617
1751969981333 836.2097778320312 12618
1751969981836 817.7077026367188 12619
1751969982339 540.9329223632812 12620
1751969982843 768.9893798828125 12621
1751969983343 625.25 12622
1751969983843 1442.6536865234375 12623
1751969984344 581.67236328125 12624
1751969984848 511.7630310058594 12625
1751969985352 834.7504272460938 12626
1751969985853 812.8788452148438 12627
1751969986356 719.7662353515625 12628
1751969986858 620.0309448242188 12629
1751969987359 1116.6927490234375 12630
1751969987862 1259.4300537109375 12631
1751969988364 1069.737548828125 12632
1751969988865 1886.4443359375 12633
1751969989367 537.0797119140625 12634
1751969989871 1095.2763671875 12635
1751969990372 3237.23876953125 12636
1751969990876 870.1937866210938 12637
1751969991378 807.4469604492188 12638
1751969991880 1186.852294921875 12639
1751969992382 1719.994140625 12640
1751969992885 1041.1807861328125 12641
1751969993388 610.6484375 12642
1751969993891 814.8619384765625 12643
1751969994395 924.859375 12644
1751969994899 1033.4407958984375 12645
1751969995400 1003.5946655273438 12646
1751969995900 1327.1419677734375 12647
1751969996400 709.275390625 12648
1751969996902 1089.390869140625 12649
1751969997403 1644.1978759765625 12650
1751969997906 725.9041748046875 12651
1751969998407 1461.3739013671875 12652
1751969998909 1090.9755859375 12653
1751969999412 697.1620483398438 12654
1751969999915 970.3927612304688 12655
1751970000424 804.5714721679688 12656
1751970000938 766.0319213867188 12657
1751970001438 989.2035522460938 12658
1751970001942 1681.4371337890625 12659
1751970002455 1151.5418701171875 12660
1751970002959 1139.279541015625 12661
1751970003463 823.9967651367188 12662
1751970003965 2096.04150390625 12663
1751970004468 766.3656005859375 12664
1751970004970 630.7284545898438 12665
1751970005475 1577.3345947265625 12666
1751970005976 673.6610717773438 12667
1751970006479 1018.5138549804688 12668
1751970006983 624.88037109375 12669
1751970007489 676.7752685546875 12670
1751970007994 1596.451416015625 12671
1751970008495 1409.705810546875 12672
1751970008998 771.0113525390625 12673
1751970009500 695.5838623046875 12674
1751970010004 390.3434143066406 12675
1751970010508 627.258544921875 12676
1751970011010 632.8604125976562 12677
1751970011512 881.0238647460938 12678
1751970012015 812.5926513671875 12679
1751970012520 581.82568359375 12680
1751970013023 1444.9993896484375 12681
1751970013528 592.4193115234375 12682
1751970014033 704.4992065429688 12683
1751970014536 815.4994506835938 12684
1751970015040 642.7011108398438 12685
1751970015542 1064.4013671875 12686
1751970016043 847.5890502929688 12687
1751970016545 796.7372436523438 12688
1751970017049 603.8804931640625 12689
1751970017561 666.1569213867188 12690
1751970018066 538.6277465820312 12691
1751970018568 642.8572998046875 12692
1751970019072 504.2049255371094 12693
1751970019573 426.2227478027344 12694
1751970020075 446.0712890625 12695
1751970020576 2026.314697265625 12696
1751970021080 425.84527587890625 12697
1751970021585 896.8038330078125 12698
1751970022087 774.1395263671875 12699
1751970022596 1433.696533203125 12700
1751970023099 1501.5587158203125 12701
1751970023990 1162.4859619140625 12702
1751970024499 952.3637084960938 12703
1751970024999 831.81201171875 12704
1751970025502 512.2619018554688 12705
1751970026005 989.2535400390625 12706
1751970026513 1120.8134765625 12707
1751970027024 1673.962890625 12708
1751970027529 842.0209350585938 12709
1751970028034 979.1502075195312 12710
1751970028538 675.6205444335938 12711
1751970029041 1601.3089599609375 12712
1751970029555 1215.0771484375 12713
1751970030056 705.2017822265625 12714
1751970030558 504.6513671875 12715
1751970031061 560.1990966796875 12716
1751970031635 1096.7899169921875 12717
1751970032139 535.9379272460938 12718
1751970032646 687.9534301757812 12719
1751970033147 1519.129150390625 12720
1751970033650 619.8746337890625 12721
1751970034151 1104.84619140625 12722
1751970034666 407.6297302246094 12723
1751970035169 611.1070556640625 12724
1751970035673 461.8125 12725
1751970036176 527.5963745117188 12726
1751970036680 588.8949584960938 12727
1751970037183 525.2451782226562 12728
1751970037689 579.5692749023438 12729
1751970038194 412.1263122558594 12730
1751970038697 458.5545959472656 12731
1751970039200 496.10992431640625 12732
1751970039704 616.087646484375 12733
1751970040208 1390.4393310546875 12734
1751970040711 1042.797119140625 12735
1751970041213 385.09503173828125 12736
1751970041714 1728.1663818359375 12737
1751970042216 431.2754821777344 12738
1751970042723 856.1624145507812 12739
1751970043226 1139.7816162109375 12740
1751970043732 1119.126708984375 12741
1751970044235 515.1373291015625 12742
1751970044737 757.5814819335938 12743
1751970045239 1077.1243896484375 12744
1751970045740 710.8360595703125 12745
1751970046242 571.2125854492188 12746
1751970046745 1243.1453857421875 12747
1751970047248 1012.22021484375 12748
1751970047756 513.7238159179688 12749
1751970048259 939.7221069335938 12750
1751970048760 508.9647521972656 12751
1751970049263 673.8410034179688 12752
1751970049764 677.7552490234375 12753
1751970050274 716.9505004882812 12754
1751970050776 938.1234741210938 12755
1751970051279 911.9328002929688 12756
1751970051781 1187.7235107421875 12757
1751970052283 383.6774597167969 12758
1751970052791 1121.585693359375 12759
1751970053295 913.3993530273438 12760
1751970053799 587.0254516601562 12761
1751970054307 567.7091674804688 12762
1751970054815 2095.746826171875 12763
1751970055317 801.2072143554688 12764
1751970055823 975.62646484375 12765
1751970056326 561.8673706054688 12766
1751970056834 510.5492858886719 12767
1751970057336 471.3403015136719 12768
1751970057845 695.1522827148438 12769
1751970058347 1459.64208984375 12770
1751970058849 617.9166259765625 12771
1751970059354 358.30596923828125 12772
1751970059855 612.6222534179688 12773
1751970060360 923.1026611328125 12774
1751970060872 706.11279296875 12775
1751970061375 1432.0269775390625 12776
1751970061877 656.9802856445312 12777
1751970062379 391.1153869628906 12778
1751970062885 703.79736328125 12779
1751970063389 1285.635009765625 12780
1751970063893 440.9542541503906 12781
1751970064395 932.2201538085938 12782
1751970064900 617.4747924804688 12783
1751970065404 1051.814697265625 12784
1751970065907 1581.7940673828125 12785
1751970066411 634.2899780273438 12786
1751970066913 661.348876953125 12787
1751970067416 824.3793334960938 12788
1751970067924 887.0090942382812 12789
1751970068427 745.4310913085938 12790
1751970068930 1308.6112060546875 12791
1751970069433 1396.9437255859375 12792
1751970069938 777.1641845703125 12793
1751970070441 616.23046875 12794
1751970070942 484.85772705078125 12795
1751970071445 572.6566772460938 12796
1751970071945 837.9806518554688 12797
1751970072446 1072.1192626953125 12798
1751970072949 681.3319702148438 12799
1751970073449 488.6168518066406 12800
1751970073950 801.58154296875 12801
1751970074846 519.545654296875 12802
1751970075351 871.05078125 12803
1751970075852 1409.9788818359375 12804
1751970076353 587.1451416015625 12805
1751970076855 879.5099487304688 12806
1751970077358 675.1878051757812 12807
1751970077866 1411.22509765625 12808
1751970078370 559.1627807617188 12809
1751970078870 748.01513671875 12810
1751970079373 1069.667236328125 12811
1751970079877 1404.7662353515625 12812
1751970080380 867.6998291015625 12813
1751970080886 692.2445678710938 12814
1751970081390 534.4010620117188 12815
1751970081897 476.5215759277344 12816
1751970082400 444.5923767089844 12817
1751970082911 780.6674194335938 12818
1751970083416 783.4140014648438 12819
1751970083919 902.8765869140625 12820
1751970084424 532.177490234375 12821
1751970084930 632.3896484375 12822
1751970085433 1006.14306640625 12823
1751970085934 1239.9779052734375 12824
1751970086439 491.3944396972656 12825
1751970086943 980.90087890625 12826
1751970087446 632.228515625 12827
1751970087955 458.6000061035156 12828
1751970088461 681.53369140625 12829
1751970088966 385.0871276855469 12830
1751970089470 989.08349609375 12831
1751970089975 577.6005249023438 12832
1751970090480 990.99267578125 12833
1751970090982 784.6464233398438 12834
1751970091489 1027.7064208984375 12835
1751970091989 361.4675598144531 12836
1751970092495 907.9196166992188 12837
1751970093008 1636.444580078125 12838
1751970093510 505.8147888183594 12839
1751970094012 1121.359619140625 12840
1751970094515 451.3089294433594 12841
1751970095018 846.0704956054688 12842
1751970095524 1373.8050537109375 12843
1751970096027 466.8446350097656 12844
1751970096531 717.20166015625 12845
1751970097035 506.69879150390625 12846
1751970097540 970.9246215820312 12847
1751970098045 457.40966796875 12848
1751970098548 927.5014038085938 12849
1751970099051 1540.4749755859375 12850
1751970099557 583.5106811523438 12851
1751970100060 350.6900634765625 12852
1751970100564 1094.2972412109375 12853
1751970101067 861.31396484375 12854
1751970101570 930.8733520507812 12855
1751970102072 726.2645874023438 12856
1751970102579 486.4782409667969 12857
1751970103086 807.8603515625 12858
1751970103595 624.5497436523438 12859
1751970104099 875.9003295898438 12860
1751970104611 426.2315979003906 12861
1751970105122 921.95654296875 12862
1751970105623 889.2614135742188 12863
1751970106126 1417.722900390625 12864
1751970106628 829.43701171875 12865
1751970107129 897.6602783203125 12866
1751970107667 1016.7584228515625 12867
1751970108172 1288.1077880859375 12868
1751970108676 369.55499267578125 12869
1751970109178 603.8045043945312 12870
1751970109680 670.1425170898438 12871
1751970110183 335.7046813964844 12872
1751970110685 1021.45263671875 12873
1751970111188 1294.1566162109375 12874
1751970111691 915.5326538085938 12875
1751970112194 449.8631286621094 12876
1751970112698 1172.003662109375 12877
1751970113201 1071.0301513671875 12878
1751970113702 1036.5108642578125 12879
1751970114204 1352.1195068359375 12880
1751970114709 1823.163330078125 12881
1751970115211 820.5629272460938 12882
1751970115714 699.05615234375 12883
1751970116217 502.059814453125 12884
1751970116723 1002.2592163085938 12885
1751970117227 747.3995971679688 12886
1751970117732 1057.2088623046875 12887
1751970118235 1069.6881103515625 12888
1751970118734 816.4047241210938 12889
1751970119236 1447.4205322265625 12890
1751970119743 792.3475952148438 12891
1751970120247 860.5618286132812 12892
1751970120757 608.2316284179688 12893
1751970121267 1380.574951171875 12894
1751970121768 588.9297485351562 12895
1751970122271 920.0805053710938 12896
1751970122775 749.6021728515625 12897
1751970123278 511.6072692871094 12898
1751970123780 1028.6644287109375 12899
1751970124284 663.0321655273438 12900
1751970124785 621.8455810546875 12901
1751970125687 821.17041015625 12902
1751970126192 1667.313720703125 12903
1751970126693 682.8677978515625 12904
1751970127193 1297.9654541015625 12905
1751970127694 593.6636962890625 12906
1751970128197 894.7379150390625 12907
1751970128698 1173.7344970703125 12908
1751970129200 531.333740234375 12909
1751970129702 499.9883728027344 12910
1751970130206 579.6309814453125 12911
1751970130710 446.0694274902344 12912
1751970131210 572.630859375 12913
1751970131711 1204.7711181640625 12914
1751970132212 802.0729370117188 12915
1751970132721 675.6265869140625 12916
1751970133223 640.6021118164062 12917
1751970133729 477.0369567871094 12918
1751970134229 720.3636474609375 12919
1751970134731 1075.104248046875 12920
1751970135231 464.5871276855469 12921
1751970135736 672.008544921875 12922
1751970136239 639.5172729492188 12923
1751970136749 903.5905151367188 12924
1751970137257 880.6470947265625 12925
1751970137768 724.8056030273438 12926
1751970138281 514.4465942382812 12927
1751970138787 700.0858764648438 12928
1751970139298 506.1368713378906 12929
1751970139800 1964.8515625 12930
1751970140309 779.409912109375 12931
1751970140810 2339.173828125 12932
1751970141312 1137.9481201171875 12933
1751970141826 1097.2508544921875 12934
1751970142327 1121.500244140625 12935
1751970142837 702.6681518554688 12936
1751970143343 661.1632080078125 12937
1751970143855 714.427734375 12938
1751970144370 511.263916015625 12939
1751970144882 791.7951049804688 12940
1751970145392 574.5350952148438 12941
1751970145896 841.3026733398438 12942
1751970146401 882.6298828125 12943
1751970146908 938.8154296875 12944
1751970147413 566.9977416992188 12945
1751970147933 1197.5321044921875 12946
1751970148442 570.9535522460938 12947
1751970148947 734.0370483398438 12948
1751970149449 1512.6805419921875 12949
1751970149961 671.37548828125 12950
1751970150465 731.2528076171875 12951
1751970150968 702.7132568359375 12952
1751970151482 1540.459228515625 12953
1751970151992 920.0185546875 12954
1751970152502 763.9251098632812 12955
1751970153029 1295.02978515625 12956
1751970153540 1659.7991943359375 12957
1751970154042 1384.4609375 12958
1751970154543 1276.8583984375 12959
1751970155053 1382.2650146484375 12960
1751970155561 1658.1375732421875 12961
1751970156074 825.4857788085938 12962
1751970156582 613.3117065429688 12963
1751970157091 1020.0992431640625 12964
1751970157605 986.2144775390625 12965
1751970158117 834.6111450195312 12966
1751970158624 996.8279418945312 12967
1751970159132 877.5933837890625 12968
1751970159640 808.9505615234375 12969
1751970160146 760.9893188476562 12970
1751970160656 2572.954833984375 12971
1751970161160 1837.490234375 12972
1751970161669 537.4942626953125 12973
1751970162178 1378.420166015625 12974
1751970162684 1043.2381591796875 12975
1751970163202 1064.552490234375 12976
1751970163709 476.2021179199219 12977
1751970164219 514.9533081054688 12978
1751970164728 1575.187744140625 12979
1751970165237 656.6124877929688 12980
1751970165749 1685.3525390625 12981
1751970166256 1247.4410400390625 12982
1751970166758 407.497314453125 12983
1751970167272 1268.69873046875 12984
1751970167787 463.00244140625 12985
1751970168292 982.6320190429688 12986
1751970168805 643.2314453125 12987
1751970169315 855.4744262695312 12988
1751970169824 654.0720825195312 12989
1751970170331 1155.5330810546875 12990
1751970170850 289.7313537597656 12991
1751970171366 970.0 12992
1751970171881 442.2937927246094 12993
1751970172389 446.8897399902344 12994
1751970172896 857.015625 12995
1751970173402 992.650390625 12996
1751970173905 430.22491455078125 12997
1751970174411 423.1642150878906 12998
1751970174920 901.1056518554688 12999
1751970175435 879.4103393554688 13000
1751970175944 808.5695190429688 13001
1751970176851 643.8186645507812 13002
1751970177353 637.4127197265625 13003
1751970177858 671.24169921875 13004
1751970178373 940.5375366210938 13005
1751970178878 1241.267822265625 13006
1751970179389 938.9903564453125 13007
1751970179893 643.4182739257812 13008
1751970180413 537.8978881835938 13009
1751970180931 1159.696533203125 13010
1751970181448 663.178466796875 13011
1751970181961 866.7902221679688 13012
1751970182461 667.4346923828125 13013
1751970182965 811.7947387695312 13014
1751970183476 493.48779296875 13015
1751970183988 706.7357177734375 13016
1751970184491 652.5734252929688 13017
1751970185000 1474.4320068359375 13018
1751970185511 947.0125122070312 13019
1751970186021 481.807861328125 13020
1751970186524 1446.5731201171875 13021
1751970187039 498.771728515625 13022
1751970187558 1440.9051513671875 13023
1751970188067 427.3549499511719 13024
1751970188581 638.14599609375 13025
1751970189084 1365.8658447265625 13026
1751970189598 1001.3637084960938 13027
1751970190107 1020.6431884765625 13028
1751970190610 810.1693725585938 13029
1751970191117 654.5056762695312 13030
1751970191619 676.0215454101562 13031
1751970192122 607.4556884765625 13032
1751970192626 1960.416015625 13033
1751970193127 780.849853515625 13034
1751970193630 410.63525390625 13035
1751970194131 726.5016479492188 13036
1751970194632 885.4609375 13037
1751970195143 772.6602783203125 13038
1751970195650 782.46435546875 13039
1751970196163 762.2824096679688 13040
1751970196671 518.2037963867188 13041
1751970197181 291.6703796386719 13042
1751970197683 706.1859741210938 13043
1751970198186 711.5700073242188 13044
1751970198696 777.6852416992188 13045
1751970199202 606.78759765625 13046
1751970199704 1380.8331298828125 13047
1751970200210 771.0460205078125 13048
1751970200716 781.9298095703125 13049
1751970201224 1534.5595703125 13050
1751970201731 626.4284057617188 13051
1751970202235 684.662109375 13052
1751970202749 711.828857421875 13053
1751970203259 572.46240234375 13054
1751970203761 805.3876342773438 13055
1751970204274 552.8385620117188 13056
1751970204779 1181.8714599609375 13057
1751970205294 584.97119140625 13058
1751970205796 1457.232421875 13059
1751970206312 624.2306518554688 13060
1751970206821 618.7960815429688 13061
1751970207326 607.0956420898438 13062
1751970207833 707.1300048828125 13063
1751970208340 664.820068359375 13064
1751970208855 696.0814819335938 13065
1751970209362 1000.8524780273438 13066
1751970209870 840.2017822265625 13067
1751970210375 723.5055541992188 13068
1751970210880 1247.390380859375 13069
1751970211393 576.78125 13070
1751970211906 751.8941650390625 13071
1751970212410 1043.9019775390625 13072
1751970212923 858.9508056640625 13073
1751970213434 946.4783325195312 13074
1751970213945 1200.994140625 13075
1751970214460 1311.6058349609375 13076
1751970214966 664.1744384765625 13077
1751970215477 557.5133666992188 13078
1751970215983 641.7946166992188 13079
1751970216504 1052.4598388671875 13080
1751970217007 437.76055908203125 13081
1751970217511 616.1478881835938 13082
1751970218021 467.41290283203125 13083
1751970218523 898.3927612304688 13084
1751970219026 948.060546875 13085
1751970219528 600.3272705078125 13086
1751970220033 528.125 13087
1751970220537 610.7157592773438 13088
1751970221056 1490.982177734375 13089
1751970221561 824.5154418945312 13090
1751970222063 1443.1605224609375 13091
1751970222572 643.7172241210938 13092
1751970223078 1510.7943115234375 13093
1751970223588 610.3461303710938 13094
1751970224092 869.3488159179688 13095
1751970224598 1141.3863525390625 13096
1751970225101 1072.3441162109375 13097
1751970225602 622.8675537109375 13098
1751970226111 1062.0584716796875 13099
1751970226616 1017.9542236328125 13100
1751970227116 779.5868530273438 13101
1751970228017 1212.318359375 13102
1751970228520 570.7691650390625 13103
1751970229021 919.021484375 13104
1751970229525 821.8368530273438 13105
1751970230027 663.4417724609375 13106
1751970230530 863.9768676757812 13107
1751970231033 899.9166259765625 13108
1751970231540 1066.209228515625 13109
1751970232043 808.8336791992188 13110
1751970232545 615.2234497070312 13111
1751970233045 382.0981750488281 13112
1751970233547 1166.4945068359375 13113
1751970234049 693.7771606445312 13114
1751970234552 1238.151611328125 13115
1751970235054 997.9667358398438 13116
1751970235556 809.3670654296875 13117
1751970236057 1111.107421875 13118
1751970236562 1087.7093505859375 13119
1751970237065 918.744140625 13120
1751970237569 569.96630859375 13121
1751970238072 843.1954956054688 13122
1751970238572 767.3261108398438 13123
1751970239074 1309.3524169921875 13124
1751970239577 547.0286865234375 13125
1751970240082 371.8035583496094 13126
1751970240590 797.8893432617188 13127
1751970241098 902.2517700195312 13128
1751970241604 649.9207763671875 13129
1751970242107 569.9263916015625 13130
1751970242610 927.2645874023438 13131
1751970243112 1576.880615234375 13132
1751970243614 1450.882568359375 13133
1751970244115 1000.6071166992188 13134
1751970244619 687.4545288085938 13135
1751970245121 1022.1161499023438 13136
1751970245623 1055.5811767578125 13137
1751970246124 1420.820068359375 13138
1751970246628 466.3482360839844 13139
1751970247129 651.2428588867188 13140
1751970247629 702.0880737304688 13141
1751970248129 959.3632202148438 13142
1751970248631 821.4991455078125 13143
1751970249132 856.0830078125 13144
1751970249635 509.754638671875 13145
1751970250138 1375.486328125 13146
1751970250639 1037.5147705078125 13147
1751970251140 811.7400512695312 13148
1751970251645 393.8346862792969 13149
1751970252145 695.4158325195312 13150
1751970252646 975.9078369140625 13151
1751970253147 599.4771728515625 13152
1751970253647 926.0359497070312 13153
1751970254151 1024.2410888671875 13154
1751970254651 809.0609130859375 13155
1751970255152 733.8522338867188 13156
1751970255654 524.86376953125 13157
1751970256161 519.5027465820312 13158
1751970256671 570.1593017578125 13159
1751970257175 1489.0003662109375 13160
1751970257686 843.5562744140625 13161
1751970258200 555.9896240234375 13162
1751970258712 884.490234375 13163
1751970259219 660.5532836914062 13164
1751970259721 851.0281372070312 13165
1751970260243 955.5568237304688 13166
1751970260761 485.77862548828125 13167
1751970261275 2832.042724609375 13168
1751970261794 904.2918090820312 13169
1751970262309 1518.2462158203125 13170
1751970262813 846.0612182617188 13171
1751970263323 971.0582275390625 13172
1751970263825 626.6058959960938 13173
1751970264337 789.3653564453125 13174
1751970264847 737.143310546875 13175
1751970265359 1107.505859375 13176
1751970265868 547.6838989257812 13177
1751970266382 1044.644775390625 13178
1751970266886 1304.2801513671875 13179
1751970267401 465.9881896972656 13180
1751970267906 521.322509765625 13181
1751970268413 490.609619140625 13182
1751970268927 1754.4490966796875 13183
1751970269435 1101.7349853515625 13184
1751970269939 1704.2718505859375 13185
1751970270451 1859.743408203125 13186
1751970270966 1198.20068359375 13187
1751970271469 1223.5831298828125 13188
1751970271970 1110.9891357421875 13189
1751970272485 930.1437377929688 13190
1751970272986 1306.8131103515625 13191
1751970273494 1057.0718994140625 13192
1751970273999 918.7380981445312 13193
1751970274509 554.9802856445312 13194
1751970275019 1326.94970703125 13195
1751970275525 1000.8199462890625 13196
1751970276030 1175.1888427734375 13197
1751970276558 2067.571044921875 13198
1751970277059 1794.368408203125 13199
1751970277563 921.3209228515625 13200
1751970278070 1549.75537109375 13201
1751970278996 1061.814208984375 13202
1751970279512 1121.3231201171875 13203
1751970280029 748.4270629882812 13204
1751970280541 1459.0211181640625 13205
1751970281045 1551.4296875 13206
1751970281552 880.9418334960938 13207
1751970282061 1219.0091552734375 13208
1751970282568 814.0787353515625 13209
1751970283075 877.5648803710938 13210
1751970283586 1233.7581787109375 13211
1751970284089 743.5783081054688 13212
1751970284599 526.54150390625 13213
1751970285109 507.9164733886719 13214
1751970285613 910.4572143554688 13215
1751970286128 592.15283203125 13216
1751970286643 698.3069458007812 13217
1751970287149 408.9391784667969 13218
1751970287661 1793.897705078125 13219
1751970288163 1470.1522216796875 13220
1751970288670 1273.5501708984375 13221
1751970289177 1655.9383544921875 13222
1751970289680 590.0618286132812 13223
1751970290196 1247.0809326171875 13224
1751970290713 554.6393432617188 13225
1751970291224 1309.5394287109375 13226
1751970291726 1851.263916015625 13227
1751970292232 786.13525390625 13228
1751970292740 1140.0784912109375 13229
1751970293251 1403.063720703125 13230
1751970293751 739.7317504882812 13231
1751970294252 773.6058959960938 13232
1751970294752 1494.4732666015625 13233
1751970295253 750.7918090820312 13234
1751970295762 1369.0882568359375 13235
1751970296264 1012.5347900390625 13236
1751970296771 1487.4498291015625 13237
1751970297278 681.8422241210938 13238
1751970297789 883.34228515625 13239
1751970298294 482.42608642578125 13240
1751970298810 1180.5582275390625 13241
1751970299320 784.5628662109375 13242
1751970299832 902.5478515625 13243
1751970300337 605.4905395507812 13244
1751970300851 503.89434814453125 13245
1751970301369 746.9457397460938 13246
1751970301871 567.0946655273438 13247
1751970302380 1197.9163818359375 13248
1751970302885 571.8251342773438 13249
1751970303401 773.9854125976562 13250
1751970303914 698.4524536132812 13251
1751970304419 776.5095825195312 13252
1751970304928 628.6926879882812 13253
1751970305447 691.846435546875 13254
1751970305959 920.3738403320312 13255
1751970306476 1599.465576171875 13256
1751970306988 632.5341186523438 13257
1751970307497 383.09259033203125 13258
1751970308010 842.5687866210938 13259
1751970308519 714.0346069335938 13260
1751970309033 1049.529541015625 13261
1751970309538 707.5563354492188 13262
1751970310051 758.6611938476562 13263
1751970310556 489.9002380371094 13264
1751970311061 919.87109375 13265
1751970311564 347.2823181152344 13266
1751970312072 679.6292114257812 13267
1751970312577 1140.4508056640625 13268
1751970313094 777.8168334960938 13269
1751970313600 547.6202392578125 13270
1751970314107 921.3258056640625 13271
1751970314616 1112.4508056640625 13272
1751970315128 703.5208129882812 13273
1751970315631 454.452392578125 13274
1751970316143 506.1799011230469 13275
1751970316656 772.1989135742188 13276
1751970317159 774.5590209960938 13277
1751970317664 839.1306762695312 13278
1751970318170 428.3879089355469 13279
1751970318684 892.6197509765625 13280
1751970319190 892.193359375 13281
1751970319698 921.0499877929688 13282
1751970320207 562.9805297851562 13283
1751970320712 1324.6473388671875 13284
1751970321214 413.2963562011719 13285
1751970321717 836.11962890625 13286
1751970322224 661.1519775390625 13287
1751970322727 552.14990234375 13288
1751970323230 782.2398681640625 13289
1751970323732 441.529296875 13290
1751970324253 1236.9747314453125 13291
1751970324761 785.50439453125 13292
1751970325267 1511.2545166015625 13293
1751970325776 1112.2674560546875 13294
1751970326286 400.3454284667969 13295
1751970326789 596.8140258789062 13296
1751970327299 605.86376953125 13297
1751970327800 860.8816528320312 13298
1751970328302 882.1181640625 13299
1751970328809 868.1117553710938 13300
1751970329331 1153.0345458984375 13301
1751970330218 628.1890869140625 13302
1751970330724 1723.35546875 13303
1751970331227 1264.5906982421875 13304
1751970331730 962.8935546875 13305
1751970332238 657.487548828125 13306
1751970332741 633.2208862304688 13307
1751970333243 956.9572143554688 13308
1751970333749 814.0369262695312 13309
1751970334265 541.3622436523438 13310
1751970334773 480.6247253417969 13311
1751970335283 544.1857299804688 13312
1751970335790 872.0045776367188 13313
1751970336300 1433.109130859375 13314
1751970336805 2185.141357421875 13315
1751970337308 722.8804321289062 13316
1751970337812 483.9444885253906 13317
1751970338317 598.6182861328125 13318
1751970338820 747.9892578125 13319
1751970339330 702.7881469726562 13320
1751970339833 789.4510498046875 13321
1751970340337 1409.292724609375 13322
1751970340850 924.3726806640625 13323
1751970341360 781.0426635742188 13324
1751970341866 1156.8680419921875 13325
1751970342373 383.99481201171875 13326
1751970342888 759.0930786132812 13327
1751970343390 973.873046875 13328
1751970343893 573.14599609375 13329
1751970344401 462.8395690917969 13330
1751970344904 890.0963745117188 13331
1751970345412 325.8724060058594 13332
1751970345914 704.09375 13333
1751970346415 1446.2152099609375 13334
1751970346916 581.8991088867188 13335
1751970347418 997.0477905273438 13336
1751970347919 709.9846801757812 13337
1751970348421 687.93310546875 13338
1751970348923 1468.8592529296875 13339
1751970349429 1431.5999755859375 13340
1751970349931 548.54052734375 13341
1751970350433 814.0885620117188 13342
1751970350932 988.8240356445312 13343
1751970351434 712.353515625 13344
1751970351939 2481.804931640625 13345
1751970352442 681.1670532226562 13346
1751970352944 851.9523315429688 13347
1751970353446 604.2245483398438 13348
1751970353950 415.6221618652344 13349
1751970354455 662.0773315429688 13350
1751970354963 366.326904296875 13351
1751970355469 347.0335388183594 13352
1751970355970 889.6713256835938 13353
1751970356472 1066.0736083984375 13354
1751970356973 525.7597045898438 13355
1751970357475 528.3025512695312 13356
1751970357979 588.257080078125 13357
1751970358482 757.6489868164062 13358
1751970358982 1159.93017578125 13359
1751970359487 698.9717407226562 13360
1751970359989 1003.4730834960938 13361
1751970360497 938.57958984375 13362
1751970361011 1645.6995849609375 13363
1751970361512 521.8527221679688 13364
1751970362015 497.46514892578125 13365
1751970362519 597.011474609375 13366
1751970363021 724.3234252929688 13367
1751970363525 638.7867431640625 13368
1751970364027 2381.954833984375 13369
1751970364531 585.39990234375 13370
1751970365032 1012.5897827148438 13371
1751970365535 425.812255859375 13372
1751970366037 729.5956420898438 13373
1751970366537 1195.1649169921875 13374
1751970367040 985.8297119140625 13375
1751970367543 642.7155151367188 13376
1751970368044 1216.9031982421875 13377
1751970368545 1294.1602783203125 13378
1751970369050 534.8783569335938 13379
1751970369552 389.6687316894531 13380
1751970370055 661.6543579101562 13381
1751970370557 583.4828491210938 13382
1751970371058 837.2916870117188 13383
1751970371561 1394.608642578125 13384
1751970372064 866.9484252929688 13385
1751970372569 1155.4486083984375 13386
1751970373070 1156.162353515625 13387
1751970373573 595.6437377929688 13388
1751970374086 847.1892700195312 13389
1751970374587 1286.57666015625 13390
1751970375089 619.8743286132812 13391
1751970375592 1244.944580078125 13392
1751970376096 1346.2239990234375 13393
1751970376597 724.8269653320312 13394
1751970377101 1513.67578125 13395
1751970377602 611.583984375 13396
1751970378104 491.548095703125 13397
1751970378605 601.4730834960938 13398
1751970379110 826.9947509765625 13399
1751970379613 706.8541259765625 13400
1751970380114 1674.857421875 13401
1751970381019 1280.322509765625 13402
1751970381521 713.8958740234375 13403
1751970382022 2442.163330078125 13404
1751970382522 1411.01806640625 13405
1751970383023 645.5905151367188 13406
1751970383523 620.36376953125 13407
1751970384022 826.28564453125 13408
1751970384526 953.6818237304688 13409
1751970385026 902.5955200195312 13410
1751970385529 527.0999145507812 13411
1751970386030 584.978515625 13412
1751970386533 694.13916015625 13413
1751970387037 703.5897827148438 13414
1751970387540 796.7174682617188 13415
1751970388042 713.5424194335938 13416
1751970388557 3646.800048828125 13417
1751970389062 1442.2415771484375 13418
1751970389572 1014.1443481445312 13419
1751970390082 1126.3621826171875 13420
1751970390589 512.8375854492188 13421
1751970391094 650.6262817382812 13422
1751970391597 687.635009765625 13423
1751970392100 661.6149291992188 13424
1751970392602 780.0148315429688 13425
1751970393106 1569.0389404296875 13426
1751970393609 438.8678283691406 13427
1751970394115 684.2169799804688 13428
1751970394618 654.2310180664062 13429
1751970395126 865.7147827148438 13430
1751970395628 876.3448486328125 13431
1751970396132 907.3370971679688 13432
1751970396636 737.5585327148438 13433
1751970397137 464.9107971191406 13434
1751970397640 1388.4324951171875 13435
1751970398145 720.6598510742188 13436
1751970398648 548.8460693359375 13437
1751970399156 784.8607788085938 13438
1751970399660 503.8434143066406 13439
1751970400164 993.9932861328125 13440
1751970400667 669.248291015625 13441
1751970401169 708.80078125 13442
1751970401673 476.77716064453125 13443
1751970402176 905.9972534179688 13444
1751970402681 738.2606811523438 13445
1751970403184 892.2412109375 13446
1751970403689 590.5030517578125 13447
1751970404196 543.1707153320312 13448
1751970404700 677.5995483398438 13449
1751970405203 840.7775268554688 13450
1751970405708 595.3031616210938 13451
1751970406212 991.3536376953125 13452
1751970406723 601.7804565429688 13453
1751970407226 998.5762939453125 13454
1751970407731 811.6158447265625 13455
1751970408232 951.6565551757812 13456
1751970408735 568.8336791992188 13457
1751970409239 650.626953125 13458
1751970409741 591.63134765625 13459
1751970410245 1132.719970703125 13460
1751970410749 1131.9671630859375 13461
1751970411253 408.4897155761719 13462
1751970411755 572.0972290039062 13463
1751970412257 657.2989501953125 13464
1751970412760 831.2119140625 13465
1751970413265 659.6105346679688 13466
1751970413770 996.2159423828125 13467
1751970414287 1294.9827880859375 13468
1751970414789 857.8107299804688 13469
1751970415289 607.655029296875 13470
1751970415793 521.1124877929688 13471
1751970416302 728.4303588867188 13472
1751970416804 671.9755249023438 13473
1751970417313 698.5460205078125 13474
1751970417818 422.5496520996094 13475
1751970418324 504.3768005371094 13476
1751970418828 929.3450317382812 13477
1751970419335 432.0965881347656 13478
1751970419838 735.06982421875 13479
1751970420346 755.18896484375 13480
1751970420854 837.7127075195312 13481
1751970421362 2447.483642578125 13482
1751970421866 517.8477783203125 13483
1751970422367 496.40142822265625 13484
1751970422868 2018.388916015625 13485
1751970423370 975.3419799804688 13486
1751970423873 834.1111450195312 13487
1751970424384 399.1242980957031 13488
1751970424886 832.6731567382812 13489
1751970425388 984.7689819335938 13490
1751970425892 563.4428100585938 13491
1751970426394 610.2396240234375 13492
1751970426897 580.4129028320312 13493
1751970427400 586.4691772460938 13494
1751970427905 748.2001953125 13495
1751970428407 1629.4779052734375 13496
1751970428912 927.0304565429688 13497
1751970429426 772.1588745117188 13498
1751970429929 1466.620849609375 13499
1751970430433 483.3463439941406 13500
1751970430939 556.1946411132812 13501
1751970431819 776.3970336914062 13502
1751970432322 1673.359375 13503
1751970432823 649.7337036132812 13504
1751970433324 1217.6370849609375 13505
1751970433828 470.0041198730469 13506
1751970434333 369.5768737792969 13507
1751970434839 1199.2010498046875 13508
1751970435342 558.3329467773438 13509
1751970435845 1908.5892333984375 13510
1751970436348 536.6270751953125 13511
1751970436854 1498.049072265625 13512
1751970437357 1069.3170166015625 13513
1751970437861 1282.0009765625 13514
1751970438365 548.2360229492188 13515
1751970438870 568.5670776367188 13516
1751970439378 637.9706420898438 13517
1751970439880 558.55029296875 13518
1751970440388 860.9534301757812 13519
1751970440901 570.8701171875 13520
1751970441484 1074.2581787109375 13521
1751970441988 829.2374267578125 13522
1751970442491 946.00341796875 13523
1751970442999 622.3947143554688 13524
1751970443499 773.7474365234375 13525
1751970444003 556.1583251953125 13526
1751970444509 781.3385620117188 13527
1751970445012 1758.8895263671875 13528
1751970445520 782.6984252929688 13529
1751970446024 913.5383911132812 13530
1751970446527 1708.5042724609375 13531
1751970447031 473.6591491699219 13532
1751970447537 859.7952270507812 13533
1751970448041 742.1199340820312 13534
1751970448545 365.5355529785156 13535
1751970449049 797.3174438476562 13536
1751970449558 604.0150146484375 13537
1751970450062 523.971435546875 13538
1751970450565 396.0799255371094 13539
1751970451069 995.1599731445312 13540
1751970451572 669.4771728515625 13541
1751970452075 729.1973876953125 13542
1751970452578 621.9189453125 13543
1751970453080 722.6259765625 13544
1751970453585 1050.368408203125 13545
1751970454088 350.66314697265625 13546
1751970454595 910.9690551757812 13547
1751970455100 954.1336059570312 13548
1751970455604 385.339111328125 13549
1751970456111 802.7626342773438 13550
1751970456615 821.896484375 13551
1751970457119 1186.9866943359375 13552
1751970457625 813.8977661132812 13553
1751970458132 915.0065307617188 13554
1751970458633 344.33551025390625 13555
1751970459137 875.646484375 13556
1751970459644 1649.660400390625 13557
1751970460149 478.9668884277344 13558
1751970460653 1677.6871337890625 13559
1751970461157 496.89581298828125 13560
1751970461662 899.6580200195312 13561
1751970462167 481.8797912597656 13562
1751970462669 1118.5340576171875 13563
1751970463174 852.9097900390625 13564
1751970463680 430.3648986816406 13565
1751970464182 604.5118408203125 13566
1751970464684 864.9679565429688 13567
1751970465190 719.4586791992188 13568
1751970465692 2022.7926025390625 13569
1751970466192 592.2318725585938 13570
1751970466694 442.628662109375 13571
1751970467201 387.2013854980469 13572
1751970467704 652.9923095703125 13573
1751970468205 767.0559692382812 13574
1751970468708 1806.5455322265625 13575
1751970469210 1142.881591796875 13576
1751970469713 424.4318542480469 13577
1751970470214 872.7323608398438 13578
1751970470718 601.325927734375 13579
1751970471228 650.947509765625 13580
1751970471732 889.8326416015625 13581
1751970472235 495.4368591308594 13582
1751970472737 1173.7318115234375 13583
1751970473240 967.5748291015625 13584
1751970473744 578.23828125 13585
1751970474246 850.6527709960938 13586
1751970474748 920.9742431640625 13587
1751970475247 879.99609375 13588
1751970475749 1468.3673095703125 13589
1751970476257 456.9469909667969 13590
1751970476759 626.1012573242188 13591
1751970477262 1011.8049926757812 13592
1751970477765 579.1076049804688 13593
1751970478267 850.3448486328125 13594
1751970478767 998.7398681640625 13595
1751970479268 1194.6546630859375 13596
1751970479770 585.9760131835938 13597
1751970480272 767.12646484375 13598
1751970480781 415.2570495605469 13599
1751970481296 1231.9150390625 13600
1751970481797 908.5426025390625 13601
1751970482692 850.9002075195312 13602
1751970483195 935.5693359375 13603
1751970483697 426.5425720214844 13604
1751970484201 551.111083984375 13605
1751970484704 1558.7503662109375 13606
1751970485206 1220.33984375 13607
1751970485708 903.7745361328125 13608
1751970486218 594.5844116210938 13609
1751970486723 699.0807495117188 13610
1751970487225 760.0787963867188 13611
1751970487726 656.83544921875 13612
1751970488229 1041.3963623046875 13613
1751970488729 1202.2093505859375 13614
1751970489231 908.2559814453125 13615
1751970489735 737.1173095703125 13616
1751970490238 563.4931030273438 13617
1751970490742 536.9820556640625 13618
1751970491250 459.11163330078125 13619
1751970491750 815.8727416992188 13620
1751970492256 442.90216064453125 13621
1751970492761 826.3595581054688 13622
1751970493264 394.7280578613281 13623
1751970493767 481.4206237792969 13624
1751970494270 585.7618408203125 13625
1751970494776 492.41943359375 13626
1751970495280 1212.1322021484375 13627
1751970495782 678.8697509765625 13628
1751970496292 515.8756103515625 13629
1751970496796 899.8953247070312 13630
1751970497299 928.8388671875 13631
1751970497800 1024.876220703125 13632
1751970498303 715.2293090820312 13633
1751970498805 502.8836364746094 13634
1751970499310 1350.5501708984375 13635
1751970499815 1101.4910888671875 13636
1751970500319 715.904296875 13637
1751970500834 692.6920776367188 13638
1751970501344 425.13262939453125 13639
1751970501848 414.6620178222656 13640
1751970502352 571.3090209960938 13641
1751970502855 581.8070068359375 13642
1751970503357 915.1349487304688 13643
1751970503860 1343.2230224609375 13644
1751970504363 519.8573608398438 13645
1751970504867 1848.7919921875 13646
1751970505369 769.2470092773438 13647
1751970505884 563.0186767578125 13648
1751970506391 540.6124267578125 13649
1751970506895 428.7862243652344 13650
1751970507397 465.8798828125 13651
1751970507898 493.7179260253906 13652
1751970508411 1239.78125 13653
1751970508919 714.933837890625 13654
1751970509422 917.2023315429688 13655
1751970509924 953.4892578125 13656
1751970510426 576.0851440429688 13657
1751970510931 492.87255859375 13658
1751970511436 836.99609375 13659
1751970511940 577.5529174804688 13660
1751970512441 464.2301940917969 13661
1751970512943 945.2517700195312 13662
1751970513446 1020.5642700195312 13663
1751970513950 467.4615173339844 13664
1751970514455 747.4127197265625 13665
1751970514960 600.9096069335938 13666
1751970515461 622.4100952148438 13667
1751970515973 703.5203247070312 13668
1751970516478 555.3976440429688 13669
1751970516993 382.6655578613281 13670
1751970517495 486.29296875 13671
1751970517998 762.443359375 13672
1751970518501 590.7398681640625 13673
1751970519006 792.9832153320312 13674
1751970519511 642.78955078125 13675
1751970520013 606.8884887695312 13676
1751970520517 528.6845092773438 13677
1751970521021 400.4986877441406 13678
1751970521530 880.6218872070312 13679
1751970522034 767.046630859375 13680
1751970522537 539.92724609375 13681
1751970523041 1532.8472900390625 13682
1751970523545 960.267578125 13683
1751970524050 619.4647827148438 13684
1751970524551 593.4083251953125 13685
1751970525051 893.7658081054688 13686
1751970525554 524.993408203125 13687
1751970526070 1277.749267578125 13688
1751970526573 1113.7379150390625 13689
1751970527072 903.1493530273438 13690
1751970527579 784.0592651367188 13691
1751970528080 495.7784118652344 13692
1751970528581 684.9927978515625 13693
1751970529085 830.2262573242188 13694
1751970529588 496.12799072265625 13695
1751970530090 412.762939453125 13696
1751970530593 476.90283203125 13697
1751970531100 786.7206420898438 13698
1751970531604 557.0641479492188 13699
1751970532107 955.8151245117188 13700
1751970532609 809.1784057617188 13701
1751970533500 559.7408447265625 13702
1751970534005 839.5116577148438 13703
1751970534506 869.09033203125 13704
1751970535008 521.6762084960938 13705
1751970535518 696.9535522460938 13706
1751970536020 598.6466674804688 13707
1751970536527 1529.3619384765625 13708
1751970537032 559.4780883789062 13709
1751970537537 383.1581726074219 13710
1751970538041 611.1353149414062 13711
1751970538546 720.3277587890625 13712
1751970539047 353.99371337890625 13713
1751970539554 1292.760009765625 13714
1751970540057 296.7347717285156 13715
1751970540568 401.1859436035156 13716
1751970541076 440.2745666503906 13717
1751970541581 787.9237670898438 13718
1751970542085 1290.2850341796875 13719
1751970542586 460.2557067871094 13720
1751970543095 1075.5203857421875 13721
1751970543598 887.7968139648438 13722
1751970544103 577.01708984375 13723
1751970544603 1089.1053466796875 13724
1751970545108 572.8261108398438 13725
1751970545612 804.9815673828125 13726
1751970546130 1572.8802490234375 13727
1751970546633 1130.140869140625 13728
1751970547139 1096.182861328125 13729
1751970547642 503.1498107910156 13730
1751970548143 381.78594970703125 13731
1751970548647 845.8590087890625 13732
1751970549149 593.3512573242188 13733
1751970549654 541.3082885742188 13734
1751970550159 759.7613525390625 13735
1751970550662 932.2732543945312 13736
1751970551165 474.7372131347656 13737
1751970551669 453.2212829589844 13738
1751970552171 1909.0992431640625 13739
1751970552676 1021.9711303710938 13740
1751970553180 356.5732116699219 13741
1751970553681 499.4837341308594 13742
1751970554185 1267.6756591796875 13743
1751970554686 463.45751953125 13744
1751970555190 774.4771728515625 13745
1751970555696 975.6858520507812 13746
1751970556201 538.1478881835938 13747
1751970556709 426.14208984375 13748
1751970557214 839.8777465820312 13749
1751970557718 405.59619140625 13750
1751970558225 554.3517456054688 13751
1751970558728 670.3185424804688 13752
1751970559232 396.4276428222656 13753
1751970559735 705.1826171875 13754
1751970560237 860.8419799804688 13755
1751970560738 470.730224609375 13756
1751970561242 670.8882446289062 13757
1751970561747 1321.633056640625 13758
1751970562249 1007.4773559570312 13759
1751970562755 663.71533203125 13760
1751970563257 1013.0103759765625 13761
1751970563757 1795.3778076171875 13762
1751970564261 445.9855651855469 13763
1751970564765 1182.7054443359375 13764
1751970565269 1236.974609375 13765
1751970565773 350.5707702636719 13766
1751970566279 702.0509643554688 13767
1751970566783 1125.4681396484375 13768
1751970567287 594.951416015625 13769
1751970567789 794.7185668945312 13770
1751970568293 645.4401245117188 13771
1751970568795 1313.0159912109375 13772
1751970569298 611.7871704101562 13773
1751970569799 846.1754150390625 13774
1751970570303 465.2168884277344 13775
1751970570806 782.435546875 13776
1751970571316 863.7955932617188 13777
1751970571818 448.8287048339844 13778
1751970572320 935.7540283203125 13779
1751970572824 991.2611694335938 13780
1751970573328 383.3275451660156 13781
1751970573832 907.4454956054688 13782
1751970574334 642.5145263671875 13783
1751970574837 735.9879760742188 13784
1751970575342 832.7067260742188 13785
1751970575843 897.2614135742188 13786
1751970576351 444.771240234375 13787
1751970576852 944.4301147460938 13788
1751970577354 883.5143432617188 13789
1751970577858 878.1869506835938 13790
1751970578362 529.0300903320312 13791
1751970578862 1066.3062744140625 13792
1751970579365 923.7103881835938 13793
1751970579870 1209.67919921875 13794
1751970580371 570.1575927734375 13795
1751970580871 799.9620971679688 13796
1751970581379 658.9712524414062 13797
1751970581882 557.0789794921875 13798
1751970582387 1003.0166015625 13799
1751970582890 1822.1015625 13800
1751970583391 2345.999267578125 13801
1751970584278 855.4296264648438 13802
1751970584781 755.32080078125 13803
1751970585283 820.1550903320312 13804
1751970585786 394.7582702636719 13805
1751970586288 1117.6302490234375 13806
1751970586790 454.89532470703125 13807
1751970587294 550.45556640625 13808
1751970587796 365.49078369140625 13809
1751970588297 917.2626953125 13810
1751970588798 1141.1644287109375 13811
1751970589301 1392.0194091796875 13812
1751970589806 656.6808471679688 13813
1751970590307 1077.737060546875 13814
1751970590808 602.2750244140625 13815
1751970591316 1243.0133056640625 13816
1751970591819 1379.2298583984375 13817
1751970592322 1053.23681640625 13818
1751970592825 1005.703125 13819
1751970593327 707.567626953125 13820
1751970593834 988.6471557617188 13821
1751970594336 1636.3988037109375 13822
1751970594840 1253.291259765625 13823
1751970595342 794.4017944335938 13824
1751970595852 813.3302001953125 13825
1751970596357 726.6730346679688 13826
1751970596864 1201.434814453125 13827
1751970597365 497.7561950683594 13828
1751970597868 668.8712768554688 13829
1751970598371 640.641357421875 13830
1751970598872 537.4806518554688 13831
1751970599375 794.82861328125 13832
1751970599878 478.84552001953125 13833
1751970600386 1120.1959228515625 13834
1751970600896 623.2816162109375 13835
1751970601405 1357.41552734375 13836
1751970601908 908.33203125 13837
1751970602412 804.0206298828125 13838
1751970602914 607.1760864257812 13839
1751970603418 1044.2637939453125 13840
1751970603920 624.075927734375 13841
1751970604422 714.6725463867188 13842
1751970604924 665.7062377929688 13843
1751970605426 2130.25537109375 13844
1751970605928 639.8209228515625 13845
1751970606435 544.57421875 13846
1751970606938 485.01983642578125 13847
1751970607441 1156.1522216796875 13848
1751970607941 617.39599609375 13849
1751970608441 791.5569458007812 13850
1751970608942 879.1609497070312 13851
1751970609446 1207.62109375 13852
1751970609949 846.3068237304688 13853
1751970610451 1514.1905517578125 13854
1751970610951 1393.1448974609375 13855
1751970611462 1751.3472900390625 13856
1751970611965 803.8497314453125 13857
1751970612468 771.5817260742188 13858
1751970612970 845.4251098632812 13859
1751970613472 470.8353576660156 13860
1751970614003 1140.693115234375 13861
1751970614650 469.9130554199219 13862
1751970615195 752.7440185546875 13863
1751970615697 469.108154296875 13864
1751970616316 407.2026062011719 13865
1751970616875 734.3820190429688 13866
1751970617389 752.71044921875 13867
1751970617998 1055.3831787109375 13868
1751970618559 743.9552001953125 13869
1751970619115 801.9225463867188 13870
1751970619758 644.94775390625 13871
1751970620359 696.2350463867188 13872
1751970621521 1218.3416748046875 13873
1751970622276 720.9100952148438 13874
1751970622794 327.6412048339844 13875
1751970623349 537.3348999023438 13876
1751970623999 594.7890625 13877
1751970624635 1072.441650390625 13878
1751970625307 1730.8277587890625 13879
1751970625982 917.3617553710938 13880
1751970626586 411.0641174316406 13881
1751970627104 1014.2447509765625 13882
1751970627605 720.4024047851562 13883
1751970628106 963.638671875 13884
1751970628610 661.419677734375 13885
1751970629113 845.1282348632812 13886
1751970629613 980.0670166015625 13887
1751970630113 527.4337158203125 13888
1751970630704 754.6900634765625 13889
1751970631325 460.03643798828125 13890
1751970631867 575.4801635742188 13891
1751970632424 501.5575256347656 13892
1751970633052 1047.6907958984375 13893
1751970633667 1307.4542236328125 13894
1751970634239 644.703125 13895
1751970634853 1047.4888916015625 13896
1751970635434 970.8331909179688 13897
1751970635957 564.4627075195312 13898
1751970636458 1584.0738525390625 13899
1751970636961 740.7833862304688 13900
1751970637463 990.0010986328125 13901
1751970638392 1486.6431884765625 13902
1751970638895 690.342529296875 13903
1751970639399 1741.720703125 13904
1751970639902 2315.253662109375 13905
1751970640405 955.5336303710938 13906
1751970640917 1277.9920654296875 13907
1751970641426 967.5035400390625 13908
1751970641933 4319.5625 13909
1751970642439 1112.6668701171875 13910
1751970642946 749.0392456054688 13911
1751970643456 755.7382202148438 13912
1751970643959 939.9117431640625 13913
1751970644463 2068.7978515625 13914
1751970644967 3206.915771484375 13915
1751970645466 589.2109985351562 13916
1751970645968 2251.5390625 13917
1751970646466 1297.3741455078125 13918
1751970646966 823.2662353515625 13919
1751970647471 2008.059814453125 13920
1751970647980 1267.1959228515625 13921
1751970648488 1895.7880859375 13922
1751970648995 791.0905151367188 13923
1751970649502 930.4352416992188 13924
1751970650010 1800.7645263671875 13925
1751970650514 1143.19970703125 13926
1751970651019 849.3412475585938 13927
1751970651522 1273.1229248046875 13928
1751970652025 956.0460205078125 13929
1751970652530 947.4610595703125 13930
1751970653031 1254.3245849609375 13931
1751970653539 1660.2799072265625 13932
1751970654041 1165.192626953125 13933
1751970654542 579.349609375 13934
1751970655043 747.436279296875 13935
1751970655551 786.6412353515625 13936
1751970656056 823.9830322265625 13937
1751970656571 594.18896484375 13938
1751970657074 1138.3568115234375 13939
1751970657593 1099.4285888671875 13940
1751970658102 806.888671875 13941
1751970658610 611.2420654296875 13942
1751970659112 662.8712768554688 13943
1751970659615 899.1217651367188 13944
1751970660120 1445.705078125 13945
1751970660638 1017.9244995117188 13946
1751970661168 1186.646484375 13947
1751970661684 493.7818298339844 13948
1751970662189 680.7450561523438 13949
1751970662691 885.8883056640625 13950
1751970663203 726.5641479492188 13951
1751970663713 747.3983764648438 13952
1751970664215 587.8347778320312 13953
1751970664722 864.41015625 13954
1751970665226 551.6739501953125 13955
1751970665785 502.6777038574219 13956
1751970666288 807.1077270507812 13957
1751970666914 740.1873168945312 13958
1751970667594 631.9573364257812 13959
1751970668313 1716.6917724609375 13960
1751970668970 456.0721740722656 13961
1751970669562 686.9326171875 13962
1751970670065 783.7262573242188 13963
1751970670568 984.5797119140625 13964
1751970671195 1032.549072265625 13965
1751970671708 1088.727294921875 13966
1751970672209 474.57373046875 13967
1751970672712 1687.9146728515625 13968
1751970673213 706.3344116210938 13969
1751970673717 340.3479919433594 13970
1751970674264 1234.3900146484375 13971
1751970674822 1019.9584350585938 13972
1751970675326 415.74224853515625 13973
1751970675886 1470.0018310546875 13974
1751970676391 819.2196655273438 13975
1751970676892 733.2352905273438 13976
1751970677397 1047.780517578125 13977
1751970677896 730.515380859375 13978
1751970678400 894.8860473632812 13979
1751970678903 984.7996215820312 13980
1751970679405 681.0919799804688 13981
1751970679906 773.4469604492188 13982
1751970680410 750.3917846679688 13983
1751970680915 799.95703125 13984
1751970681423 609.3220825195312 13985
1751970681925 1126.6939697265625 13986
1751970682428 472.5619812011719 13987
1751970682932 944.02734375 13988
1751970683438 2291.259765625 13989
1751970683940 804.0736694335938 13990
1751970684448 570.8034057617188 13991
1751970684951 440.3316345214844 13992
1751970685454 1233.203125 13993
1751970685957 3053.442138671875 13994
1751970686466 877.4501953125 13995
1751970686972 987.7180786132812 13996
1751970687477 335.2372131347656 13997
1751970687979 1548.855712890625 13998
1751970688488 862.66552734375 13999
1751970688990 1471.9022216796875 14000
1751970689493 428.63238525390625 14001
1751970690402 522.4209594726562 14002
1751970690903 496.53759765625 14003
1751970691407 816.5042724609375 14004
1751970691909 1226.124267578125 14005
1751970692413 669.691162109375 14006
1751970692918 1072.433349609375 14007
1751970693421 586.2850952148438 14008
1751970693930 885.6080322265625 14009
1751970694430 831.5499877929688 14010
1751970694933 1580.4609375 14011
1751970695435 1198.8900146484375 14012
1751970695937 1077.2459716796875 14013
1751970696440 666.856689453125 14014
1751970696943 559.6869506835938 14015
1751970697449 529.6698608398438 14016
1751970697952 2289.001220703125 14017
1751970698457 701.2047729492188 14018
1751970698962 916.69775390625 14019
1751970699468 551.08642578125 14020
1751970699970 1024.38720703125 14021
1751970700472 1012.8744506835938 14022
1751970700978 809.0587768554688 14023
1751970701482 824.6031494140625 14024
1751970701988 564.4638671875 14025
1751970702492 2398.190673828125 14026
1751970702994 648.1116943359375 14027
1751970703502 787.16162109375 14028
1751970704003 883.3318481445312 14029
1751970704504 957.9361572265625 14030
1751970705008 637.2411499023438 14031
1751970705510 471.7408142089844 14032
1751970706012 2324.810302734375 14033
1751970706514 1963.0103759765625 14034
1751970707015 1205.0711669921875 14035
1751970707517 495.45849609375 14036
1751970708019 531.7646484375 14037
1751970708526 854.9410400390625 14038
1751970709027 614.9591674804688 14039
1751970709529 1170.382080078125 14040
1751970710031 1587.8392333984375 14041
1751970710534 524.056640625 14042
1751970711035 556.2380981445312 14043
1751970711536 1678.3734130859375 14044
1751970712039 939.4135131835938 14045
1751970712543 591.5704956054688 14046
1751970713043 1487.8646240234375 14047
1751970713551 977.2601928710938 14048
1751970714053 801.2151489257812 14049
1751970714555 556.2061157226562 14050
1751970715058 385.86529541015625 14051
1751970715562 714.8400268554688 14052
1751970716063 929.0941772460938 14053
1751970716566 410.8726501464844 14054
1751970717067 662.6742553710938 14055
1751970717571 891.2689819335938 14056
1751970718074 902.5187377929688 14057
1751970718589 535.8395385742188 14058
1751970719090 888.5033569335938 14059
1751970719591 711.8610229492188 14060
1751970720093 883.6316528320312 14061
1751970720602 681.4169311523438 14062
1751970721116 843.05322265625 14063
1751970721618 405.6640625 14064
1751970722121 796.5209350585938 14065
1751970722622 517.7904663085938 14066
1751970723122 468.24493408203125 14067
1751970723629 565.359375 14068
1751970724130 709.1112060546875 14069
1751970724632 526.6969604492188 14070
1751970725134 1403.1134033203125 14071
1751970725638 1163.079345703125 14072
1751970726139 387.5589904785156 14073
1751970726640 715.3787231445312 14074
1751970727143 784.2763061523438 14075
1751970727646 878.5440673828125 14076
1751970728149 594.9766235351562 14077
1751970728657 701.5485229492188 14078
1751970729158 401.9721374511719 14079
1751970729659 666.9373168945312 14080
1751970730161 949.7412109375 14081
1751970730663 1058.2945556640625 14082
1751970731165 1131.6605224609375 14083
1751970731668 977.7626953125 14084
1751970732170 352.9740905761719 14085
1751970732672 812.000732421875 14086
1751970733174 467.22882080078125 14087
1751970733683 509.0074768066406 14088
1751970734185 1178.4593505859375 14089
1751970734687 420.10357666015625 14090
1751970735187 1171.2752685546875 14091
1751970735690 333.51739501953125 14092
1751970736193 490.8963317871094 14093
1751970736695 718.46435546875 14094
1751970737197 720.4302368164062 14095
1751970737699 472.2976989746094 14096
1751970738202 588.7180786132812 14097
1751970738710 368.61895751953125 14098
1751970739213 1406.3951416015625 14099
1751970739715 330.2757568359375 14100
1751970740216 634.0061645507812 14101
1751970741104 1661.5113525390625 14102
1751970741608 614.30078125 14103
1751970742110 728.127197265625 14104
1751970742611 489.947509765625 14105
1751970743118 618.4560546875 14106
1751970743627 1289.698974609375 14107
1751970744132 960.7101440429688 14108
1751970744633 1607.6451416015625 14109
1751970745134 537.6793823242188 14110
1751970745638 765.2947387695312 14111
1751970746143 518.9259643554688 14112
1751970746644 558.2766723632812 14113
1751970747150 2119.877685546875 14114
1751970747651 573.7782592773438 14115
1751970748155 1520.5162353515625 14116
1751970748663 1277.8748779296875 14117
1751970749171 541.4988403320312 14118
1751970749676 1058.6123046875 14119
1751970750188 866.1664428710938 14120
1751970750694 1731.3883056640625 14121
1751970751199 803.6494140625 14122
1751970751704 355.8591003417969 14123
1751970752212 2109.961669921875 14124
1751970752720 839.6632080078125 14125
1751970753227 454.5411071777344 14126
1751970753737 1371.4989013671875 14127
1751970754241 943.6383666992188 14128
1751970754745 567.28173828125 14129
1751970755248 993.3422241210938 14130
1751970755755 539.2047729492188 14131
1751970756258 527.8102416992188 14132
1751970756759 733.0526733398438 14133
1751970757260 637.5018920898438 14134
1751970757764 1393.09619140625 14135
1751970758267 486.8917541503906 14136
1751970758776 819.7286987304688 14137
1751970759278 1471.2012939453125 14138
1751970759783 804.2802124023438 14139
1751970760286 522.1305541992188 14140
1751970760788 901.87939453125 14141
1751970761291 1454.7113037109375 14142
1751970761794 365.4876708984375 14143
1751970762303 1162.6025390625 14144
1751970762813 852.6783447265625 14145
1751970763316 1507.1619873046875 14146
1751970763824 651.2269897460938 14147
1751970764332 782.9705810546875 14148
1751970764834 303.645263671875 14149
1751970765340 805.1827392578125 14150
1751970765842 644.2308959960938 14151
1751970766345 1296.7794189453125 14152
1751970766845 343.7237243652344 14153
1751970767347 534.2076416015625 14154
1751970767850 834.3441772460938 14155
1751970768355 878.37109375 14156
1751970768862 381.7030944824219 14157
1751970769365 577.7102661132812 14158
1751970769872 1136.510986328125 14159
1751970770374 627.4677734375 14160
1751970770878 513.7994995117188 14161
1751970771385 530.1890869140625 14162
1751970771890 536.0674438476562 14163
1751970772403 1395.8260498046875 14164
1751970772906 693.1004638671875 14165
1751970773407 993.4631958007812 14166
1751970773917 476.4828186035156 14167
1751970774421 413.0108337402344 14168
1751970774926 499.9585876464844 14169
1751970775428 733.6661376953125 14170
1751970775933 592.14501953125 14171
1751970776437 791.399169921875 14172
1751970776943 662.3673095703125 14173
1751970777463 1016.9776611328125 14174
1751970777966 830.9866333007812 14175
1751970778472 509.6805725097656 14176
1751970778979 784.3002319335938 14177
1751970779480 549.0455932617188 14178
1751970779988 603.6390991210938 14179
1751970780501 506.5712890625 14180
1751970781024 1063.171142578125 14181
1751970781531 981.1233520507812 14182
1751970782037 904.8961791992188 14183
1751970782539 898.5833129882812 14184
1751970783042 755.8803100585938 14185
1751970783543 554.8831176757812 14186
1751970784048 466.9903869628906 14187
1751970784549 407.8297424316406 14188
1751970785055 1184.5416259765625 14189
1751970785557 434.9815979003906 14190
1751970786060 903.1292114257812 14191
1751970786565 685.1092529296875 14192
1751970787068 489.61846923828125 14193
1751970787575 1014.013671875 14194
1751970788077 563.9595336914062 14195
1751970788579 1238.2874755859375 14196
1751970789082 402.9781188964844 14197
1751970789584 601.7750854492188 14198
1751970790086 1282.3875732421875 14199
1751970790588 315.8432312011719 14200
1751970791094 525.517333984375 14201
1751970791982 1234.08056640625 14202
1751970792483 463.14361572265625 14203
1751970792984 713.3649291992188 14204
1751970793484 580.0646362304688 14205
1751970793987 922.2945556640625 14206
1751970794489 1328.1834716796875 14207
1751970794995 538.4506225585938 14208
1751970795495 735.4916381835938 14209
1751970795998 576.892578125 14210
1751970796505 913.4351806640625 14211
1751970797013 1301.444580078125 14212
1751970797516 721.60009765625 14213
1751970798020 623.8430786132812 14214
1751970798523 863.6625366210938 14215
1751970799030 382.1656494140625 14216
1751970799534 619.1749267578125 14217
1751970800039 997.7190551757812 14218
1751970800546 880.556640625 14219
1751970801048 572.8307495117188 14220
1751970801566 968.2434692382812 14221
1751970802073 1130.0257568359375 14222
1751970802573 968.8057861328125 14223
1751970803077 605.0811767578125 14224
1751970803584 539.6902465820312 14225
1751970804089 507.3204040527344 14226
1751970804594 935.5167846679688 14227
1751970805099 1069.146240234375 14228
1751970805607 280.51324462890625 14229
1751970806111 524.6078491210938 14230
1751970806616 409.510498046875 14231
1751970807125 690.2913818359375 14232
1751970807629 818.95947265625 14233
1751970808135 597.3948364257812 14234
1751970808640 547.0578002929688 14235
1751970809147 933.7578125 14236
1751970809650 734.1937866210938 14237
1751970810153 1429.4951171875 14238
1751970810662 977.7113647460938 14239
1751970811169 1757.3599853515625 14240
1751970811673 496.12310791015625 14241
1751970812173 409.7018737792969 14242
1751970812681 732.8048095703125 14243
1751970813188 485.2918395996094 14244
1751970813693 637.9110717773438 14245
1751970814197 1635.9442138671875 14246
1751970814706 685.99951171875 14247
1751970815208 558.1287231445312 14248
1751970815715 1688.060791015625 14249
1751970816217 925.9953002929688 14250
1751970816720 577.8849487304688 14251
1751970817223 355.6611633300781 14252
1751970817733 1223.7042236328125 14253
1751970818241 728.5233154296875 14254
1751970818747 537.7936401367188 14255
1751970819255 1728.8553466796875 14256
1751970819761 350.5729675292969 14257
1751970820267 404.7460021972656 14258
1751970820767 461.2243347167969 14259
1751970821267 497.4554138183594 14260
1751970821775 1609.663818359375 14261
1751970822284 1281.5888671875 14262
1751970822790 606.75 14263
1751970823294 789.6640014648438 14264
1751970823799 609.87353515625 14265
1751970824303 895.2536010742188 14266
1751970824806 769.9669189453125 14267
1751970825309 629.1036987304688 14268
1751970825810 1028.71923828125 14269
1751970826313 747.7621459960938 14270
1751970826815 557.1259155273438 14271
1751970827319 456.6625061035156 14272
1751970827822 634.3060913085938 14273
1751970828323 562.2030639648438 14274
1751970828823 807.9260864257812 14275
1751970829325 1184.338623046875 14276
1751970829831 808.6301879882812 14277
1751970830333 470.8330993652344 14278
1751970830835 673.8697509765625 14279
1751970831339 339.1325378417969 14280
1751970831844 1219.091064453125 14281
1751970832346 692.4804077148438 14282
1751970832850 528.140869140625 14283
1751970833351 585.7269897460938 14284
1751970833854 1020.1226806640625 14285
1751970834356 274.3571472167969 14286
1751970834859 518.87841796875 14287
1751970835360 665.5634155273438 14288
1751970835861 759.1371459960938 14289
1751970836366 310.2206726074219 14290
1751970836870 914.1158447265625 14291
1751970837370 748.0165405273438 14292
1751970837873 653.7088012695312 14293
1751970838378 1011.7288208007812 14294
1751970838880 473.3399353027344 14295
1751970839382 621.2696533203125 14296
1751970839884 922.3818359375 14297
1751970840400 605.5258178710938 14298
1751970840912 907.060546875 14299
1751970841418 1527.210205078125 14300
1751970841921 439.3092956542969 14301
1751970842807 835.9794311523438 14302
1751970843307 660.4330444335938 14303
1751970843809 1652.84765625 14304
1751970844312 1437.206298828125 14305
1751970844815 1170.0858154296875 14306
1751970845321 1455.1761474609375 14307
1751970845824 837.0569458007812 14308
1751970846327 424.2791442871094 14309
1751970846833 620.310546875 14310
1751970847335 844.1423950195312 14311
1751970847837 750.9412231445312 14312
1751970848339 511.0525817871094 14313
1751970848841 810.22021484375 14314
1751970849343 582.61865234375 14315
1751970849846 1250.1751708984375 14316
1751970850355 1063.0037841796875 14317
1751970850855 1293.2763671875 14318
1751970851356 584.8405151367188 14319
1751970851859 432.95172119140625 14320
1751970852360 1889.6676025390625 14321
1751970852863 704.8244018554688 14322
1751970853364 1894.5465087890625 14323
1751970853865 752.5827026367188 14324
1751970854369 1032.930908203125 14325
1751970854871 608.7950439453125 14326
1751970855378 1275.548095703125 14327
1751970855881 837.3505249023438 14328
1751970856382 726.6715698242188 14329
1751970856888 747.6797485351562 14330
1751970857391 906.0328369140625 14331
1751970857896 632.0728759765625 14332
1751970858402 1433.3922119140625 14333
1751970858906 945.94873046875 14334
1751970859410 1705.2044677734375 14335
1751970859911 965.9475708007812 14336
1751970860415 1072.7496337890625 14337
1751970860917 2175.42822265625 14338
1751970861417 722.0549926757812 14339
1751970861921 1118.6995849609375 14340
1751970862423 954.5148315429688 14341
1751970862925 694.665771484375 14342
1751970863433 658.8781127929688 14343
1751970863935 696.4779052734375 14344
1751970864439 759.0943603515625 14345
1751970864942 2156.371337890625 14346
1751970865450 648.9104614257812 14347
1751970865953 1070.3189697265625 14348
1751970866459 746.4395141601562 14349
1751970866959 1539.7216796875 14350
1751970867468 519.0907592773438 14351
1751970867973 463.34893798828125 14352
1751970868477 569.7291259765625 14353
1751970868980 970.6044921875 14354
1751970869488 717.9844360351562 14355
1751970869997 750.3292236328125 14356
1751970870511 716.6632690429688 14357
1751970871017 693.8644409179688 14358
1751970871521 446.13189697265625 14359
1751970872029 520.4855346679688 14360
1751970872533 740.5930786132812 14361
1751970873036 615.0408325195312 14362
1751970873539 645.4588623046875 14363
1751970874050 414.8400573730469 14364
1751970874564 455.39019775390625 14365
1751970875068 901.2465209960938 14366
1751970875579 1187.4339599609375 14367
1751970876084 585.379150390625 14368
1751970876585 552.7094116210938 14369
1751970877088 706.8342895507812 14370
1751970877592 1311.7041015625 14371
1751970878101 746.0690307617188 14372
1751970878606 1364.7279052734375 14373
1751970879106 690.9620361328125 14374
1751970879611 1029.8304443359375 14375
1751970880114 408.103515625 14376
1751970880623 272.88037109375 14377
1751970881136 797.2755737304688 14378
1751970881647 865.8349609375 14379
1751970882149 2426.336669921875 14380
1751970882652 1357.1790771484375 14381
1751970883155 499.9523620605469 14382
1751970883655 1201.2320556640625 14383
1751970884159 2109.656005859375 14384
1751970884662 721.9998779296875 14385
1751970885173 585.6541137695312 14386
1751970885682 1006.4976806640625 14387
1751970886188 1689.6851806640625 14388
1751970886695 658.1828002929688 14389
1751970887197 705.8118286132812 14390
1751970887701 548.223388671875 14391
1751970888206 1001.8904418945312 14392
1751970888707 864.2960205078125 14393
1751970889223 560.8020629882812 14394
1751970889727 833.5717163085938 14395
1751970890230 744.9954833984375 14396
1751970890734 844.7361450195312 14397
1751970891239 1777.3275146484375 14398
1751970891749 454.0279235839844 14399
1751970892252 493.290283203125 14400
1751970892760 897.2152709960938 14401
1751970893652 1420.0584716796875 14402
1751970894154 680.4945068359375 14403
1751970894657 314.04150390625 14404
1751970895159 853.5402221679688 14405
1751970895661 1932.803955078125 14406
1751970896164 487.9337463378906 14407
1751970896679 576.1644897460938 14408
1751970897180 724.2650756835938 14409
1751970897683 915.0439453125 14410
1751970898185 744.6751098632812 14411
1751970898698 349.99749755859375 14412
1751970899201 958.4286499023438 14413
1751970899703 628.2265014648438 14414
1751970900212 920.5526733398438 14415
1751970900732 487.5519714355469 14416
1751970901240 567.9960327148438 14417
1751970901742 787.6476440429688 14418
1751970902246 441.7762145996094 14419
1751970902753 508.8063659667969 14420
1751970903258 487.0878601074219 14421
1751970903760 478.75103759765625 14422
1751970904267 469.12451171875 14423
1751970904772 622.4110717773438 14424
1751970905279 485.76397705078125 14425
1751970905787 503.4637756347656 14426
1751970906292 591.9136352539062 14427
1751970906797 784.677734375 14428
1751970907307 460.1094665527344 14429
1751970907811 984.23828125 14430
1751970908315 1194.763671875 14431
1751970908815 814.4068603515625 14432
1751970909319 905.0325317382812 14433
1751970909818 1186.520751953125 14434
1751970910325 540.6498413085938 14435
1751970910833 427.7330627441406 14436
1751970911341 833.1530151367188 14437
1751970911847 1056.1279296875 14438
1751970912357 462.4982604980469 14439
1751970912864 602.69921875 14440
1751970913373 564.9865112304688 14441
1751970913878 815.4194946289062 14442
1751970914381 750.0712280273438 14443
1751970914885 1153.6805419921875 14444
1751970915393 532.06982421875 14445
1751970915895 509.2298889160156 14446
1751970916395 816.5978393554688 14447
1751970916896 799.1492309570312 14448
1751970917397 962.1063842773438 14449
1751970917900 1350.1810302734375 14450
1751970918403 873.1620483398438 14451
1751970918909 524.4008178710938 14452
1751970919411 1057.2718505859375 14453
1751970919915 613.4230346679688 14454
1751970920421 641.8328857421875 14455
1751970920925 944.2291259765625 14456
1751970921432 663.6010131835938 14457
1751970921941 1326.7576904296875 14458
1751970922441 576.8629150390625 14459
1751970922942 486.3048400878906 14460
1751970923445 377.4651794433594 14461
1751970923949 483.0235290527344 14462
1751970924450 835.1529541015625 14463
1751970924950 610.5197143554688 14464
1751970925463 635.7855834960938 14465
1751970925968 836.0051879882812 14466
1751970926471 794.9764404296875 14467
1751970926976 1027.6024169921875 14468
1751970927478 686.6050415039062 14469
1751970927980 757.5618286132812 14470
1751970928480 1104.3900146484375 14471
1751970928983 692.40283203125 14472
1751970929484 509.7134704589844 14473
1751970929985 439.47393798828125 14474
1751970930493 461.01953125 14475
1751970931005 374.65924072265625 14476
1751970931507 341.9634094238281 14477
1751970932010 780.3184814453125 14478
1751970932513 1141.8770751953125 14479
1751970933013 503.35986328125 14480
1751970933519 422.89239501953125 14481
1751970934021 1532.6968994140625 14482
1751970934526 897.3570556640625 14483
1751970935028 546.9578247070312 14484
1751970935534 1007.5639038085938 14485
1751970936042 570.9637451171875 14486
1751970936546 1294.778564453125 14487
1751970937052 1570.9886474609375 14488
1751970937560 593.8909912109375 14489
1751970938072 575.6141967773438 14490
1751970938577 861.2515869140625 14491
1751970939082 1173.144775390625 14492
1751970939592 1254.109619140625 14493
1751970940093 585.2299194335938 14494
1751970940607 1126.1947021484375 14495
1751970941108 680.9024658203125 14496
1751970941618 523.8806762695312 14497
1751970942132 1171.0341796875 14498
1751970942636 512.2172241210938 14499
1751970943148 894.9814453125 14500
1751970943651 1409.43896484375 14501
1751970944557 961.8195190429688 14502
1751970945059 427.5884704589844 14503
1751970945567 559.2318725585938 14504
1751970946071 530.8680419921875 14505
1751970946572 1174.2197265625 14506
1751970947076 1173.2303466796875 14507
1751970947577 334.7516784667969 14508
1751970948080 474.83233642578125 14509
1751970948580 945.1583862304688 14510
1751970949081 1249.3953857421875 14511
1751970949583 1001.7919921875 14512
1751970950083 871.2998046875 14513
1751970950591 971.4840087890625 14514
1751970951094 935.0075073242188 14515
1751970951597 691.458984375 14516
1751970952097 1585.520263671875 14517
1751970952599 1197.7017822265625 14518
1751970953102 1123.6741943359375 14519
1751970953603 359.8912048339844 14520
1751970954106 574.1862182617188 14521
1751970954608 791.6822509765625 14522
1751970955111 2028.1220703125 14523
1751970955618 495.420654296875 14524
1751970956119 1309.8365478515625 14525
1751970956621 467.9473571777344 14526
1751970957122 477.0103454589844 14527
1751970957625 1198.419677734375 14528
1751970958126 934.7012939453125 14529
1751970958628 450.0726623535156 14530
1751970959130 561.4558715820312 14531
1751970959633 480.9833068847656 14532
1751970960139 589.8331298828125 14533
1751970960659 1125.9417724609375 14534
1751970961170 652.547119140625 14535
1751970961673 733.1129760742188 14536
1751970962175 807.2371215820312 14537
1751970962677 412.8952331542969 14538
1751970963180 1199.048828125 14539
1751970963683 543.2640991210938 14540
1751970964185 361.29229736328125 14541
1751970964686 353.8869323730469 14542
1751970965189 782.3484497070312 14543
1751970965696 495.6815490722656 14544
1751970966197 559.7005004882812 14545
1751970966699 1450.4969482421875 14546
1751970967201 1362.0751953125 14547
1751970967703 2153.212158203125 14548
1751970968204 1526.9691162109375 14549
1751970968707 541.14892578125 14550
1751970969209 337.734130859375 14551
1751970969712 1429.069580078125 14552
1751970970212 637.5651245117188 14553
1751970970717 872.78125 14554
1751970971220 854.9052734375 14555
1751970971722 543.3829345703125 14556
1751970972223 1679.096923828125 14557
1751970972726 394.0717468261719 14558
1751970973230 1195.735595703125 14559
1751970973730 492.8210144042969 14560
1751970974231 2118.278076171875 14561
1751970974731 777.1254272460938 14562
1751970975233 592.8819580078125 14563
1751970975740 889.0676879882812 14564
1751970976242 1124.626953125 14565
1751970976744 961.5689697265625 14566
1751970977250 975.0911254882812 14567
1751970977751 889.9796142578125 14568
1751970978255 1088.1951904296875 14569
1751970978765 777.253173828125 14570
1751970979267 620.2185668945312 14571
1751970979769 581.2978515625 14572
1751970980270 764.31640625 14573
1751970980777 432.7074279785156 14574
1751970981279 818.5131225585938 14575
1751970981796 292.83111572265625 14576
1751970982297 448.7196960449219 14577
1751970982799 376.4040222167969 14578
1751970983306 786.0264892578125 14579
1751970983808 516.7080078125 14580
1751970984315 679.6963500976562 14581
1751970984816 764.2318725585938 14582
1751970985335 366.1524353027344 14583
1751970985847 822.3976440429688 14584
1751970986348 495.7563171386719 14585
1751970986848 392.98065185546875 14586
1751970987348 556.94287109375 14587
1751970987852 896.9154663085938 14588
1751970988353 927.5360717773438 14589
1751970988854 576.0046997070312 14590
1751970989355 413.11328125 14591
1751970989856 382.45233154296875 14592
1751970990357 562.2061767578125 14593
1751970990864 433.2642517089844 14594
1751970991370 1140.245849609375 14595
1751970991874 689.6146850585938 14596
1751970992377 729.4862670898438 14597
1751970992891 1470.4049072265625 14598
1751970993394 1078.0384521484375 14599
1751970993894 1144.575927734375 14600
1751970994402 578.8524780273438 14601
1751970995295 1250.454345703125 14602
1751970995802 724.4513549804688 14603
1751970996307 1409.6651611328125 14604
1751970996809 864.0834350585938 14605
1751970997313 591.2129516601562 14606
1751970997816 792.3363647460938 14607
1751970998320 1414.880126953125 14608
1751970998827 368.822509765625 14609
1751970999329 1162.8939208984375 14610
1751970999833 695.8310546875 14611
1751971000339 1274.5133056640625 14612
1751971000846 1099.9171142578125 14613
1751971001364 2292.701904296875 14614
1751971001866 1400.0020751953125 14615
1751971002370 598.4390258789062 14616
1751971002875 706.3200073242188 14617
1751971003381 732.4435424804688 14618
1751971003885 498.2686462402344 14619
1751971004386 958.1376953125 14620
1751971004892 1494.3212890625 14621
1751971005486 506.57598876953125 14622
1751971005989 880.14404296875 14623
1751971006496 1407.9432373046875 14624
1751971007000 1199.426025390625 14625
1751971007503 489.00225830078125 14626
1751971008005 939.9615478515625 14627
1751971008509 1264.822509765625 14628
1751971009011 735.8800659179688 14629
1751971009517 1044.1888427734375 14630
1751971010023 810.5942993164062 14631
1751971010526 3162.85791015625 14632
1751971011033 514.6942749023438 14633
1751971011539 885.2616577148438 14634
1751971012048 662.4800415039062 14635
1751971012556 574.174072265625 14636
1751971013061 1010.3352661132812 14637
1751971013562 425.6488342285156 14638
1751971014066 749.85107421875 14639
1751971014575 701.65185546875 14640
1751971015080 540.121337890625 14641
1751971015584 409.3235778808594 14642
1751971016086 395.54876708984375 14643
1751971016591 945.6065673828125 14644
1751971017094 887.8202514648438 14645
1751971017596 720.9046020507812 14646
1751971018098 676.8832397460938 14647
1751971018608 1119.2750244140625 14648
1751971019117 1118.966064453125 14649
1751971019620 495.849609375 14650
1751971020133 492.5927734375 14651
1751971020653 1336.730712890625 14652
1751971021164 1808.442626953125 14653
1751971021666 549.255126953125 14654
1751971022170 987.3445434570312 14655
1751971022675 1067.1591796875 14656
1751971023176 461.9752502441406 14657
1751971023677 413.2160339355469 14658
1751971024182 2046.350830078125 14659
1751971024684 446.8876953125 14660
1751971025190 1179.3333740234375 14661
1751971025697 684.1605834960938 14662
1751971026202 1055.4000244140625 14663
1751971026708 544.521484375 14664
1751971027218 1037.0740966796875 14665
1751971027721 611.2066040039062 14666
1751971028228 629.0758666992188 14667
1751971028730 902.4994506835938 14668
1751971029230 370.1095886230469 14669
1751971029737 638.0401611328125 14670
1751971030243 737.4105834960938 14671
1751971030754 1323.3359375 14672
1751971031253 894.4447631835938 14673
1751971031756 1842.2762451171875 14674
1751971032259 989.7140502929688 14675
1751971032762 3787.52001953125 14676
1751971033261 549.10791015625 14677
1751971033765 730.1129760742188 14678
1751971034268 633.553955078125 14679
1751971034769 579.7479858398438 14680
1751971035278 452.4209899902344 14681
1751971035794 787.5324096679688 14682
1751971036294 873.7789916992188 14683
1751971036796 1076.7955322265625 14684
1751971037298 1156.599609375 14685
1751971037800 714.0 14686
1751971038304 649.7849731445312 14687
1751971038807 1659.2734375 14688
1751971039308 711.9096069335938 14689
1751971039818 629.8356323242188 14690
1751971040326 656.4815673828125 14691
1751971040832 733.4318237304688 14692
1751971041334 942.6024780273438 14693
1751971041838 562.3043823242188 14694
1751971042342 1072.7298583984375 14695
1751971042845 1549.6783447265625 14696
1751971043347 975.1609497070312 14697
1751971043847 546.8985595703125 14698
1751971044349 1267.7799072265625 14699
1751971044850 573.9176635742188 14700
1751971045352 665.8018798828125 14701
1751971046255 1308.01904296875 14702
1751971046757 740.8327026367188 14703
1751971047260 680.9810791015625 14704
1751971047763 793.6861572265625 14705
1751971048263 553.4708862304688 14706
1751971048768 589.5138549804688 14707
1751971049274 793.7113647460938 14708
1751971049776 503.8095703125 14709
1751971050279 453.438232421875 14710
1751971050779 658.2422485351562 14711
1751971051285 793.85400390625 14712
1751971051794 1170.1722412109375 14713
1751971052302 622.4005126953125 14714
1751971052805 467.7718811035156 14715
1751971053315 426.3869323730469 14716
1751971053818 386.0904235839844 14717
1751971054321 551.211669921875 14718
1751971054823 757.6691284179688 14719
1751971055326 377.799560546875 14720
1751971055833 557.6432495117188 14721
1751971056337 562.9515991210938 14722
1751971056839 590.5895385742188 14723
1751971057343 1900.3656005859375 14724
1751971057848 602.3699951171875 14725
1751971058351 1325.32421875 14726
1751971058855 1133.7169189453125 14727
1751971059363 626.1522827148438 14728
1751971059866 382.5329284667969 14729
1751971060368 714.9191284179688 14730
1751971060871 1013.2413940429688 14731
1751971061373 551.6286010742188 14732
1751971061875 733.1063842773438 14733
1751971062378 568.0714111328125 14734
1751971062879 640.5894165039062 14735
1751971063381 881.7982788085938 14736
1751971063887 619.9479370117188 14737
1751971064392 1396.3455810546875 14738
1751971064896 796.161376953125 14739
1751971065398 1126.7724609375 14740
1751971065901 925.35693359375 14741
1751971066402 674.6065673828125 14742
1751971066903 660.93798828125 14743
1751971067405 774.0714721679688 14744
1751971067906 793.1278076171875 14745
1751971068408 711.0159301757812 14746
1751971068909 1527.8336181640625 14747
1751971069413 675.1395874023438 14748
1751971069916 659.3954467773438 14749
1751971070417 418.50982666015625 14750
1751971070920 1967.8338623046875 14751
1751971071420 1479.551513671875 14752
1751971071922 746.8244018554688 14753
1751971072425 747.4889526367188 14754
1751971072927 524.30908203125 14755
1751971073430 882.2230834960938 14756
1751971073932 1279.9788818359375 14757
1751971074433 583.7709350585938 14758
1751971074934 990.7413940429688 14759
1751971075435 668.2352294921875 14760
1751971075937 1739.1015625 14761
1751971076438 770.0663452148438 14762
1751971076940 759.0372314453125 14763
1751971077441 984.6016845703125 14764
1751971077943 1152.3197021484375 14765
1751971078446 1062.57470703125 14766
1751971078948 3090.578369140625 14767
1751971079452 579.2050170898438 14768
1751971079953 994.2404174804688 14769
1751971080466 448.3534240722656 14770
1751971080982 623.3368530273438 14771
1751971081483 826.2592163085938 14772
1751971081983 1129.6717529296875 14773
1751971082485 1234.6839599609375 14774
1751971082987 542.8261108398438 14775
1751971083489 1596.7874755859375 14776
1751971083991 707.1095581054688 14777
1751971084491 676.7630004882812 14778
1751971084993 504.4360046386719 14779
1751971085495 818.3186645507812 14780
1751971085998 1100.5985107421875 14781
1751971086501 1114.0784912109375 14782
1751971087003 386.5229187011719 14783
1751971087507 640.9950561523438 14784
1751971088008 709.2354736328125 14785
1751971088510 850.08349609375 14786
1751971089010 510.0573425292969 14787
1751971089510 1066.1856689453125 14788
1751971090010 668.0697021484375 14789
1751971090515 697.9722900390625 14790
1751971091018 334.3916015625 14791
1751971091519 359.77252197265625 14792
1751971092023 731.2553100585938 14793
1751971092528 1527.596923828125 14794
1751971093029 849.9791259765625 14795
1751971093531 991.8090209960938 14796
1751971094032 601.7452392578125 14797
1751971094535 427.7914123535156 14798
1751971095037 1932.6259765625 14799
1751971095540 1159.9288330078125 14800
1751971096047 763.2804565429688 14801
1751971096944 1924.2337646484375 14802
1751971097444 561.5545043945312 14803
1751971097947 449.94921875 14804
1751971098450 572.3256225585938 14805
1751971098955 1769.478515625 14806
1751971099457 863.3644409179688 14807
1751971099959 361.5074768066406 14808
1751971100459 1166.5126953125 14809
1751971100966 757.3187866210938 14810
1751971101467 614.9096069335938 14811
1751971101970 613.1904296875 14812
1751971102474 640.1641845703125 14813
1751971102975 623.328369140625 14814
1751971103476 2477.456298828125 14815
1751971103977 695.3602905273438 14816
1751971104478 595.2200317382812 14817
1751971104982 295.12255859375 14818
1751971105489 500.07037353515625 14819
1751971105991 598.0060424804688 14820
1751971106496 655.1837768554688 14821
1751971107003 1152.0325927734375 14822
1751971107504 503.43731689453125 14823
1751971108007 1900.1207275390625 14824
1751971108511 621.1170043945312 14825
1751971109013 792.4132690429688 14826
1751971109517 1015.1217651367188 14827
1751971110021 1139.5648193359375 14828
1751971110522 1305.7750244140625 14829
1751971111029 957.1431884765625 14830
1751971111532 1154.210205078125 14831
1751971112041 315.9365234375 14832
1751971112553 496.2413024902344 14833
1751971113058 629.095703125 14834
1751971113571 995.5128173828125 14835
1751971114077 581.8240966796875 14836
1751971114580 647.0670166015625 14837
1751971115082 493.9196472167969 14838
1751971115584 698.3557739257812 14839
1751971116093 1407.4012451171875 14840
1751971116599 1717.690673828125 14841
1751971117103 829.6602783203125 14842
1751971117604 526.3250732421875 14843
1751971118109 266.6183166503906 14844
1751971118615 644.00537109375 14845
1751971119120 686.742431640625 14846
1751971119628 1279.786865234375 14847
1751971120129 992.6492309570312 14848
1751971120633 905.9000244140625 14849
1751971121144 843.73095703125 14850
1751971121646 2142.03759765625 14851
1751971122148 1650.3707275390625 14852
1751971122650 714.55859375 14853
1751971123157 704.5606079101562 14854
1751971123657 591.7711791992188 14855
1751971124163 575.322265625 14856
1751971124666 597.4554443359375 14857
1751971125172 1811.505126953125 14858
1751971125677 602.7379760742188 14859
1751971126188 1225.710205078125 14860
1751971126694 841.65869140625 14861
1751971127197 448.3656311035156 14862
1751971127697 1007.6246948242188 14863
1751971128198 617.6290283203125 14864
1751971128700 845.8035278320312 14865
1751971129201 526.9998168945312 14866
1751971129703 1242.4993896484375 14867
1751971130205 1062.829833984375 14868
1751971130706 901.9231567382812 14869
1751971131216 356.4266662597656 14870
1751971131717 761.17919921875 14871
1751971132221 518.8405151367188 14872
1751971132724 818.8468627929688 14873
1751971133227 726.3536376953125 14874
1751971133729 1395.7574462890625 14875
1751971134234 1266.6922607421875 14876
1751971134738 508.6170959472656 14877
1751971135239 905.1632690429688 14878
1751971135745 676.090087890625 14879
1751971136254 396.2989196777344 14880
1751971136755 763.10205078125 14881
1751971137261 1260.240966796875 14882
1751971137763 766.6368408203125 14883
1751971138265 876.4718627929688 14884
1751971138770 479.435791015625 14885
1751971139272 746.7028198242188 14886
1751971139777 1272.082763671875 14887
1751971140283 599.6635131835938 14888
1751971140795 732.1218872070312 14889
1751971141316 1094.09423828125 14890
1751971141823 1569.4935302734375 14891
1751971142331 707.162353515625 14892
1751971142835 740.5399780273438 14893
1751971143335 1223.2628173828125 14894
1751971143836 972.2040405273438 14895
1751971144338 817.5835571289062 14896
1751971144848 686.7306518554688 14897
1751971145370 564.4108276367188 14898
1751971145869 1011.8411254882812 14899
1751971146377 730.0650634765625 14900
1751971146881 372.7286682128906 14901
1751971147775 973.7789306640625 14902
1751971148281 490.2781677246094 14903
1751971148782 1760.5872802734375 14904
1751971149293 776.6574096679688 14905
1751971149797 1310.765625 14906
1751971150299 544.14990234375 14907
1751971150801 1001.5928955078125 14908
1751971151312 678.0348510742188 14909
1751971151814 536.1759643554688 14910
1751971152316 950.56298828125 14911
1751971152823 610.1134033203125 14912
1751971153326 728.0139770507812 14913
1751971153827 466.8600769042969 14914
1751971154327 943.3302612304688 14915
1751971154832 1084.1832275390625 14916
1751971155336 630.0538940429688 14917
1751971155842 700.73046875 14918
1751971156353 547.4346923828125 14919
1751971156859 376.9737243652344 14920
1751971157366 1080.89306640625 14921
1751971157874 1838.753173828125 14922
1751971158383 489.8330078125 14923
1751971158891 1211.44189453125 14924
1751971159404 532.6947631835938 14925
1751971159912 544.88916015625 14926
1751971160415 551.889404296875 14927
1751971160923 1266.0181884765625 14928
1751971161429 1586.5491943359375 14929
1751971161932 983.1781616210938 14930
1751971162434 1014.5045776367188 14931
1751971162935 1375.069580078125 14932
1751971163435 1569.34423828125 14933
1751971163938 605.818359375 14934
1751971164441 896.1650390625 14935
1751971164945 1518.9615478515625 14936
1751971165446 518.96484375 14937
1751971165951 887.8190307617188 14938
1751971166466 679.2127075195312 14939
1751971166971 530.9757690429688 14940
1751971167473 1030.5643310546875 14941
1751971167981 788.2996215820312 14942
1751971168494 1072.0372314453125 14943
1751971169003 973.9328002929688 14944
1751971169505 852.0379028320312 14945
1751971170008 611.8424682617188 14946
1751971170516 2530.4990234375 14947
1751971171026 626.1337280273438 14948
1751971171534 1239.8968505859375 14949
1751971172040 2245.25341796875 14950
1751971172544 658.270263671875 14951
1751971173050 553.915283203125 14952
1751971173557 1119.57421875 14953
1751971174060 902.6721801757812 14954
1751971174563 546.8422241210938 14955
1751971175073 775.9434814453125 14956
1751971175584 751.3921508789062 14957
1751971176090 582.1847534179688 14958
1751971176593 761.4518432617188 14959
1751971177099 1131.3040771484375 14960
1751971177603 851.1637573242188 14961
1751971178114 1042.597900390625 14962
1751971178618 2617.92724609375 14963
1751971179124 563.3536987304688 14964
1751971179627 874.9136962890625 14965
1751971180129 428.7946472167969 14966
1751971180631 2256.40673828125 14967
1751971181134 660.4521484375 14968
1751971181638 641.3396606445312 14969
1751971182147 999.1171875 14970
1751971182649 931.22998046875 14971
1751971183155 1078.4388427734375 14972
1751971183658 926.7263793945312 14973
1751971184166 1190.9720458984375 14974
1751971184673 2179.132568359375 14975
1751971185176 1307.1961669921875 14976
1751971185679 915.15380859375 14977
1751971186182 1065.0780029296875 14978
1751971186685 610.8563842773438 14979
1751971187186 541.9737548828125 14980
1751971187687 1598.3603515625 14981
1751971188189 933.3585205078125 14982
1751971188691 1271.779541015625 14983
1751971189193 521.9105834960938 14984
1751971189700 534.2080688476562 14985
1751971190202 958.2182006835938 14986
1751971190704 600.1978759765625 14987
1751971191206 1259.4510498046875 14988
1751971191708 836.830078125 14989
1751971192210 697.73486328125 14990
1751971192715 604.4324340820312 14991
1751971193217 531.1134643554688 14992
1751971193719 861.0105590820312 14993
1751971194222 1688.0379638671875 14994
1751971194731 880.7667846679688 14995
1751971195232 678.2985229492188 14996
1751971195732 1062.029296875 14997
1751971196234 850.0994262695312 14998
1751971196735 682.8804931640625 14999
1751971197236 847.3709106445312 15000
1751971197738 604.6944580078125 15001
1751971198629 1144.165283203125 15002
1751971199128 983.4156494140625 15003
1751971199635 665.545654296875 15004
1751971200142 416.7834167480469 15005
1751971200657 925.4057006835938 15006
1751971201172 439.72540283203125 15007
1751971201676 563.3805541992188 15008
1751971202179 614.89501953125 15009
1751971202681 1173.6279296875 15010
1751971203186 486.68389892578125 15011
1751971203689 598.9518432617188 15012
1751971204189 654.91845703125 15013
1751971204693 871.0242309570312 15014
1751971205193 1971.815673828125 15015
1751971205694 607.302490234375 15016
1751971206195 699.1190795898438 15017
1751971206698 575.259765625 15018
1751971207199 808.1264038085938 15019
1751971207702 1563.675048828125 15020
1751971208207 473.63165283203125 15021
1751971208709 663.2318725585938 15022
1751971209211 642.1278686523438 15023
1751971209719 886.8192749023438 15024
1751971210222 524.2443237304688 15025
1751971210725 803.3099975585938 15026
1751971211227 1256.0115966796875 15027
1751971211730 618.3302001953125 15028
1751971212235 1083.267333984375 15029
1751971212743 1301.6744384765625 15030
1751971213246 1456.87255859375 15031
1751971213747 808.4378662109375 15032
1751971214250 517.6969604492188 15033
1751971214756 553.4486694335938 15034
1751971215260 949.7111206054688 15035
1751971215763 694.860107421875 15036
1751971216265 774.0574340820312 15037
1751971216768 498.6231994628906 15038
1751971217275 530.2860717773438 15039
1751971217777 487.73028564453125 15040
1751971218284 676.4572143554688 15041
1751971218790 588.7738647460938 15042
1751971219294 1189.81103515625 15043
1751971219803 806.2394409179688 15044
1751971220309 398.61077880859375 15045
1751971220812 518.583251953125 15046
1751971221315 509.3492126464844 15047
1751971221826 515.4615478515625 15048
1751971222331 642.923828125 15049
1751971222835 1236.8326416015625 15050
1751971223339 422.4183044433594 15051
1751971223842 672.2589721679688 15052
1751971224342 766.0883178710938 15053
1751971224848 1946.1617431640625 15054
1751971225357 495.5466003417969 15055
1751971225856 379.1466369628906 15056
1751971226361 882.177734375 15057
1751971226868 427.1252136230469 15058
1751971227370 1511.6187744140625 15059
1751971227875 929.5662231445312 15060
1751971228382 470.5589904785156 15061
1751971228884 716.45703125 15062
1751971229391 810.2579345703125 15063
1751971229899 530.7531127929688 15064
1751971230400 798.5263061523438 15065
1751971230899 1597.6370849609375 15066
1751971231419 547.7008666992188 15067
1751971231920 1034.7957763671875 15068
1751971232421 896.3338012695312 15069
1751971232925 656.61279296875 15070
1751971233429 1362.0562744140625 15071
1751971233932 959.2068481445312 15072
1751971234437 1031.9825439453125 15073
1751971234945 1348.5657958984375 15074
1751971235448 514.2130737304688 15075
1751971235960 1227.2103271484375 15076
1751971236463 655.3425903320312 15077
1751971236964 909.7360229492188 15078
1751971237468 637.9412841796875 15079
1751971237985 632.8353881835938 15080
1751971238487 1027.8316650390625 15081
1751971238997 992.0470581054688 15082
1751971239499 882.5560913085938 15083
1751971240007 561.8475341796875 15084
1751971240514 976.8461303710938 15085
1751971241021 869.1676025390625 15086
1751971241527 2586.907958984375 15087
1751971242035 806.8414916992188 15088
1751971242538 507.93341064453125 15089
1751971243039 351.3697204589844 15090
1751971243540 581.8756713867188 15091
1751971244045 697.4891967773438 15092
1751971244550 446.4969787597656 15093
1751971245060 996.6578369140625 15094
1751971245562 574.879150390625 15095
1751971246064 708.9645385742188 15096
1751971246568 1006.67578125 15097
1751971247071 2058.958251953125 15098
1751971247574 903.20458984375 15099
1751971248079 364.3249206542969 15100
1751971248583 477.0318298339844 15101
1751971249484 720.9332275390625 15102
1751971249994 867.9324340820312 15103
1751971250497 408.6129455566406 15104
1751971250998 608.7615356445312 15105
1751971251503 585.2142944335938 15106
1751971252004 918.4164428710938 15107
1751971252508 526.5912475585938 15108
1751971253010 1649.8232421875 15109
1751971253512 619.1965942382812 15110
1751971254019 841.0266723632812 15111
1751971254529 607.4645385742188 15112
1751971255036 1046.767333984375 15113
1751971255539 626.9288330078125 15114
1751971256043 1684.2581787109375 15115
1751971256544 697.3119506835938 15116
1751971257049 1099.0775146484375 15117
1751971257551 766.2020263671875 15118
1751971258058 652.8681640625 15119
1751971258560 710.991455078125 15120
1751971259065 516.7357788085938 15121
1751971259584 1219.5350341796875 15122
1751971260103 377.50970458984375 15123
1751971260610 428.6637268066406 15124
1751971261131 629.1110229492188 15125
1751971261630 556.0578002929688 15126
1751971262130 719.85546875 15127
1751971262634 471.8871154785156 15128
1751971263136 992.4025268554688 15129
1751971263646 1401.175537109375 15130
1751971264152 374.2221374511719 15131
1751971264657 1330.2342529296875 15132
1751971265162 837.6115112304688 15133
1751971265664 907.8316650390625 15134
1751971266172 783.792236328125 15135
1751971266677 585.8024291992188 15136
1751971267184 555.9682006835938 15137
1751971267689 887.7732543945312 15138
1751971268191 879.4244995117188 15139
1751971268692 524.8861694335938 15140
1751971269196 552.8326416015625 15141
1751971269701 514.4172973632812 15142
1751971270206 1616.8798828125 15143
1751971270707 745.939453125 15144
1751971271211 420.3883361816406 15145
1751971271714 847.3870239257812 15146
1751971272216 411.3004455566406 15147
1751971272720 589.4381713867188 15148
1751971273222 519.1945190429688 15149
1751971273724 455.41900634765625 15150
1751971274224 507.23858642578125 15151
1751971274728 662.9464111328125 15152
1751971275233 572.0675659179688 15153
1751971275741 643.8857421875 15154
1751971276250 727.2069091796875 15155
1751971276753 609.60107421875 15156
1751971277263 632.6322631835938 15157
1751971277764 782.7278442382812 15158
1751971278271 490.8125915527344 15159
1751971278774 726.8793334960938 15160
1751971279276 737.5454711914062 15161
1751971279778 640.8557739257812 15162
1751971280287 621.5267944335938 15163
1751971280791 504.32476806640625 15164
1751971281303 711.0692138671875 15165
1751971281808 844.0689697265625 15166
1751971282309 1802.4134521484375 15167
1751971282813 655.7538452148438 15168
1751971283319 654.6664428710938 15169
1751971283823 1346.933837890625 15170
1751971284329 649.3801879882812 15171
1751971284829 1047.2152099609375 15172
1751971285338 473.9117736816406 15173
1751971285840 542.83056640625 15174
1751971286343 423.90069580078125 15175
1751971286846 1868.708251953125 15176
1751971287351 1136.5084228515625 15177
1751971287856 541.5809936523438 15178
1751971288360 640.1193237304688 15179
1751971288861 1683.9578857421875 15180
1751971289365 526.6005249023438 15181
1751971289872 561.0177001953125 15182
1751971290378 920.7916870117188 15183
1751971290887 883.5978393554688 15184
1751971291393 569.2484741210938 15185
1751971291903 500.8701171875 15186
1751971292405 1542.0625 15187
1751971292911 517.2069702148438 15188
1751971293414 570.5383911132812 15189
1751971293922 734.6829223632812 15190
1751971294423 461.25274658203125 15191
1751971294926 503.9668884277344 15192
1751971295428 1463.271240234375 15193
1751971295939 866.6318359375 15194
1751971296441 793.08349609375 15195
1751971296953 967.9461059570312 15196
1751971297475 940.2822265625 15197
1751971297977 715.8171997070312 15198
1751971298484 1487.2596435546875 15199
1751971298984 762.3325805664062 15200
1751971299491 1024.6351318359375 15201
1751971300389 1386.560546875 15202
1751971300892 1510.7874755859375 15203
1751971301394 1394.8433837890625 15204
1751971301898 402.3580627441406 15205
1751971302404 652.4537963867188 15206
1751971302906 455.8973083496094 15207
1751971303418 1413.246826171875 15208
1751971303922 1323.0687255859375 15209
1751971304424 809.3016357421875 15210
1751971304925 896.3772583007812 15211
1751971305426 939.1554565429688 15212
1751971305930 588.7040405273438 15213
1751971306432 913.6359252929688 15214
1751971306932 694.4988403320312 15215
1751971307433 643.4716186523438 15216
1751971307933 887.6359252929688 15217
1751971308434 2125.745361328125 15218
1751971308935 942.9483642578125 15219
1751971309438 884.2211303710938 15220
1751971309939 745.1728515625 15221
1751971310440 740.9458618164062 15222
1751971310942 869.9968872070312 15223
1751971311444 912.72998046875 15224
1751971311949 633.1295166015625 15225
1751971312451 692.7193603515625 15226
1751971312951 748.125 15227
1751971313453 1392.1976318359375 15228
1751971313955 716.7052001953125 15229
1751971314457 477.6422424316406 15230
1751971314959 1115.0516357421875 15231
1751971315461 694.4019165039062 15232
1751971315963 818.9264526367188 15233
1751971316465 1424.0926513671875 15234
1751971316968 392.14129638671875 15235
1751971317468 2365.9326171875 15236
1751971317969 735.4552001953125 15237
1751971318470 315.2392578125 15238
1751971318971 1806.8726806640625 15239
1751971319473 806.06103515625 15240
1751971319975 599.2847290039062 15241
1751971320488 1153.7711181640625 15242
1751971321003 1510.0045166015625 15243
1751971321505 680.3593139648438 15244
1751971322007 510.8798828125 15245
1751971322509 642.6381225585938 15246
1751971323011 1639.6109619140625 15247
1751971323513 645.1242065429688 15248
1751971324015 778.3468627929688 15249
1751971324516 426.02813720703125 15250
1751971325017 693.1245727539062 15251
1751971325524 632.4617919921875 15252
1751971326024 391.1148376464844 15253
1751971326525 701.0501098632812 15254
1751971327026 671.4649047851562 15255
1751971327528 1324.8193359375 15256
1751971328030 898.6980590820312 15257
1751971328533 681.2914428710938 15258
1751971329036 621.6620483398438 15259
1751971329537 614.6486206054688 15260
1751971330039 702.8556518554688 15261
1751971330543 1939.4927978515625 15262
1751971331044 835.8156127929688 15263
1751971331543 961.6808471679688 15264
1751971332044 623.3523559570312 15265
1751971332546 975.0057983398438 15266
1751971333047 1291.9295654296875 15267
1751971333549 746.4282836914062 15268
1751971334052 950.0406494140625 15269
1751971334555 747.9884033203125 15270
1751971335058 1711.9617919921875 15271
1751971335562 812.1832885742188 15272
1751971336064 816.6726684570312 15273
1751971336571 395.5867004394531 15274
1751971337077 553.1177368164062 15275
1751971337581 727.9476318359375 15276
1751971338086 652.11669921875 15277
1751971338587 830.2258911132812 15278
1751971339094 642.4990234375 15279
1751971339616 540.08056640625 15280
1751971340120 505.5470275878906 15281
1751971340620 1135.369384765625 15282
1751971341139 1101.2298583984375 15283
1751971341647 624.5941772460938 15284
1751971342163 1435.56591796875 15285
1751971342668 548.5172729492188 15286
1751971343174 646.2089233398438 15287
1751971343676 774.36083984375 15288
1751971344178 962.1494140625 15289
1751971344684 1033.77734375 15290
1751971345190 1079.270751953125 15291
1751971345695 564.3933715820312 15292
1751971346203 2270.314208984375 15293
1751971346704 528.0836181640625 15294
1751971347205 599.9655151367188 15295
1751971347717 913.4789428710938 15296
1751971348227 418.3270568847656 15297
1751971348729 318.47393798828125 15298
1751971349235 395.6458435058594 15299
1751971349737 481.98828125 15300
1751971350249 781.416015625 15301
1751971351154 496.90411376953125 15302
1751971351657 819.4852905273438 15303
1751971352162 978.7496337890625 15304
1751971352666 755.40966796875 15305
1751971353167 710.9315795898438 15306
1751971353676 1229.3074951171875 15307
1751971354182 1729.8883056640625 15308
1751971354684 675.1679077148438 15309
1751971355193 724.6964721679688 15310
1751971355694 612.76416015625 15311
1751971356201 1305.181640625 15312
1751971356702 702.372314453125 15313
1751971357211 927.9698486328125 15314
1751971357714 592.2704467773438 15315
1751971358214 809.6936645507812 15316
1751971358715 1297.5506591796875 15317
1751971359217 1291.383056640625 15318
1751971359719 1256.679443359375 15319
1751971360227 1297.591796875 15320
1751971360736 1232.200439453125 15321
1751971361241 892.1941528320312 15322
1751971361745 984.0162353515625 15323
1751971362247 950.2648315429688 15324
1751971362759 636.9871215820312 15325
1751971363264 858.2584838867188 15326
1751971363768 1180.9588623046875 15327
1751971364271 742.3779296875 15328
1751971364774 872.5696411132812 15329
1751971365284 1534.0994873046875 15330
1751971365791 426.58819580078125 15331
1751971366292 655.9137573242188 15332
1751971366792 848.5919799804688 15333
1751971367293 1018.2384643554688 15334
1751971367794 1154.1888427734375 15335
1751971368295 433.6374206542969 15336
1751971368804 2196.9658203125 15337
1751971369305 714.4456176757812 15338
1751971369809 890.2550659179688 15339
1751971370318 806.02734375 15340
1751971370829 907.2201538085938 15341
1751971371335 553.4974975585938 15342
1751971371840 1195.554931640625 15343
1751971372345 1020.0465087890625 15344
1751971372848 1063.2381591796875 15345
1751971373349 752.96240234375 15346
1751971373852 737.4446411132812 15347
1751971374355 483.2780456542969 15348
1751971374858 404.3878479003906 15349
1751971375362 363.81787109375 15350
1751971375868 715.7901611328125 15351
1751971376371 383.5444030761719 15352
1751971376872 533.9131469726562 15353
1751971377376 540.4576416015625 15354
1751971377879 587.2765502929688 15355
1751971378383 1626.3114013671875 15356
1751971378891 599.4063110351562 15357
1751971379400 1458.708251953125 15358
1751971379902 1097.9598388671875 15359
1751971380420 772.3893432617188 15360
1751971380940 677.0682983398438 15361
1751971381448 1685.912109375 15362
1751971381950 389.4105529785156 15363
1751971382454 1787.187744140625 15364
1751971382956 353.07794189453125 15365
1751971383458 928.4650268554688 15366
1751971383971 507.3662109375 15367
1751971384475 1043.8671875 15368
1751971384978 702.0489501953125 15369
1751971385494 903.0992431640625 15370
1751971385996 426.71563720703125 15371
1751971386503 508.17364501953125 15372
1751971387007 581.49658203125 15373
1751971387509 669.3048095703125 15374
1751971388012 691.2306518554688 15375
1751971388515 1080.56689453125 15376
1751971389016 430.1745300292969 15377
1751971389520 855.2094116210938 15378
1751971390022 1307.8668212890625 15379
1751971390528 522.993408203125 15380
1751971391034 418.4812927246094 15381
1751971391536 1113.9627685546875 15382
1751971392046 888.4808959960938 15383
1751971392546 723.1864624023438 15384
1751971393052 730.0250854492188 15385
1751971393554 553.3020629882812 15386
1751971394064 584.1871337890625 15387
1751971394568 1455.3023681640625 15388
1751971395071 453.8334045410156 15389
1751971395581 867.7999267578125 15390
1751971396082 1180.1639404296875 15391
1751971396587 507.47515869140625 15392
1751971397089 1486.7293701171875 15393
1751971397599 1036.1270751953125 15394
1751971398099 626.1759033203125 15395
1751971398602 472.521728515625 15396
1751971399104 913.0205078125 15397
1751971399606 766.2852783203125 15398
1751971400109 1645.6761474609375 15399
1751971400616 590.3427124023438 15400
1751971401118 1005.4196166992188 15401
1751971402008 783.3649291992188 15402
1751971402512 713.7457885742188 15403
1751971403016 418.6857604980469 15404
1751971403518 610.0523681640625 15405
1751971404019 505.576904296875 15406
1751971404522 737.7631225585938 15407
1751971405021 359.07611083984375 15408
1751971405527 934.1129150390625 15409
1751971406029 666.973388671875 15410
1751971406530 1320.784912109375 15411
1751971407035 674.2077026367188 15412
1751971407538 696.9434204101562 15413
1751971408044 451.1119079589844 15414
1751971408549 333.11865234375 15415
1751971409050 1009.9425048828125 15416
1751971409553 1824.3382568359375 15417
1751971410056 996.1366577148438 15418
1751971410565 440.85986328125 15419
1751971411071 938.3995361328125 15420
1751971411572 426.380859375 15421
1751971412079 361.94610595703125 15422
1751971412580 1462.4312744140625 15423
1751971413083 995.0346069335938 15424
1751971413588 653.7476806640625 15425
1751971414091 341.8921813964844 15426
1751971414592 822.2644653320312 15427
1751971415094 656.382080078125 15428
1751971415602 617.8342895507812 15429
1751971416105 781.7321166992188 15430
1751971416610 690.1622924804688 15431
1751971417112 1862.4300537109375 15432
1751971417626 453.639892578125 15433
1751971418130 536.8995361328125 15434
1751971418632 1905.409423828125 15435
1751971419133 600.0626220703125 15436
1751971419632 403.8075256347656 15437
1751971420132 528.5103759765625 15438
1751971420638 1088.1475830078125 15439
1751971421140 1511.3216552734375 15440
1751971421642 1216.5633544921875 15441
1751971422143 236.66140747070312 15442
1751971422645 437.73876953125 15443
1751971423147 1041.39306640625 15444
1751971423652 466.35302734375 15445
1751971424153 828.2247924804688 15446
1751971424671 623.3334350585938 15447
1751971425172 835.3134155273438 15448
1751971425675 632.4837646484375 15449
1751971426175 1794.2078857421875 15450
1751971426686 762.8082885742188 15451
1751971427188 370.2104187011719 15452
1751971427689 551.601318359375 15453
1751971428190 1227.515869140625 15454
1751971428692 347.2063903808594 15455
1751971429194 1097.868408203125 15456
1751971429698 1714.7606201171875 15457
1751971430201 997.3710327148438 15458
1751971430707 961.84521484375 15459
1751971431208 480.4681701660156 15460
1751971431709 1496.6607666015625 15461
1751971432211 1850.349853515625 15462
1751971432711 691.4934692382812 15463
1751971433213 627.7619018554688 15464
1751971433715 1270.5789794921875 15465
1751971434217 1019.84765625 15466
1751971434719 522.4406127929688 15467
1751971435222 677.4171142578125 15468
1751971435727 1355.540283203125 15469
1751971436227 1136.9501953125 15470
1751971436728 464.50299072265625 15471
1751971437228 528.2221069335938 15472
1751971437731 1232.088623046875 15473
1751971438232 1406.3175048828125 15474
1751971438734 596.69189453125 15475
1751971439236 526.5540161132812 15476
1751971439736 815.6781005859375 15477
1751971440243 487.3731384277344 15478
1751971440760 1088.4075927734375 15479
1751971441274 899.8497924804688 15480
1751971441775 573.8273315429688 15481
1751971442278 895.8101806640625 15482
1751971442779 721.5669555664062 15483
1751971443283 1507.9779052734375 15484
1751971443784 1103.1455078125 15485
1751971444285 472.6012268066406 15486
1751971444785 606.2467041015625 15487
1751971445288 1176.160400390625 15488
1751971445791 856.9396362304688 15489
1751971446294 509.3741760253906 15490
1751971446796 1182.6650390625 15491
1751971447298 797.9157104492188 15492
1751971447801 387.1886291503906 15493
1751971448302 727.65185546875 15494
1751971448803 898.8717651367188 15495
1751971449304 397.33935546875 15496
1751971449804 603.8617553710938 15497
1751971450306 363.8956298828125 15498
1751971450811 471.9693298339844 15499
1751971451312 343.987060546875 15500
1751971451816 1570.714111328125 15501
1751971452700 422.68096923828125 15502
1751971453200 692.0240478515625 15503
1751971453700 1587.7762451171875 15504
1751971454200 1018.248046875 15505
1751971454700 624.3116455078125 15506
1751971455201 670.9454345703125 15507
1751971455704 715.2178344726562 15508
1751971456206 708.4005737304688 15509
1751971456708 931.0452270507812 15510
1751971457210 1162.9827880859375 15511
1751971457714 550.7794799804688 15512
1751971458216 930.4429931640625 15513
1751971458720 1656.4256591796875 15514
1751971459232 571.4464721679688 15515
1751971459735 984.7416381835938 15516
1751971460240 1264.9359130859375 15517
1751971460744 1975.9849853515625 15518
1751971461247 547.5755004882812 15519
1751971461749 347.01898193359375 15520
1751971462254 1132.3763427734375 15521
1751971462756 1220.8990478515625 15522
1751971463259 658.1417236328125 15523
1751971463763 1046.65283203125 15524
1751971464266 974.9356689453125 15525
1751971464768 571.8726806640625 15526
1751971465274 860.1482543945312 15527
1751971465777 458.9564514160156 15528
1751971466282 1405.3424072265625 15529
1751971466783 877.5348510742188 15530
1751971467285 524.1484375 15531
1751971467789 812.2083129882812 15532
1751971468293 611.6608276367188 15533
1751971468795 1374.888427734375 15534
1751971469299 1198.670654296875 15535
1751971469803 545.1166381835938 15536
1751971470306 2029.3045654296875 15537
1751971470815 584.3893432617188 15538
1751971471319 905.5140991210938 15539
1751971471820 1305.5262451171875 15540
1751971472325 678.7498779296875 15541
1751971472826 2312.529052734375 15542
1751971473332 936.7792358398438 15543
1751971473843 561.349365234375 15544
1751971474344 843.8404541015625 15545
1751971474847 589.8204956054688 15546
1751971475351 855.6142578125 15547
1751971475852 1064.075439453125 15548
1751971476354 1407.2288818359375 15549
1751971476860 1795.7701416015625 15550
1751971477362 991.8959350585938 15551
1751971477866 858.2605590820312 15552
1751971478377 813.9147338867188 15553
1751971478878 946.7405395507812 15554
1751971479381 1166.97802734375 15555
1751971479884 1473.6600341796875 15556
1751971480391 946.0732421875 15557
1751971480904 1187.3212890625 15558
1751971481407 1071.7529296875 15559
1751971481910 748.2339477539062 15560
1751971482416 1137.03125 15561
1751971482919 1197.7672119140625 15562
1751971483420 700.7968139648438 15563
1751971483923 1111.9720458984375 15564
1751971484427 924.5730590820312 15565
1751971484930 1422.790283203125 15566
1751971485434 761.2691650390625 15567
1751971485936 904.7322387695312 15568
1751971486438 796.2352905273438 15569
1751971486944 1173.4957275390625 15570
1751971487448 1621.4957275390625 15571
1751971487947 1356.279052734375 15572
1751971488448 706.6934204101562 15573
1751971488948 938.9742431640625 15574
1751971489454 1473.309814453125 15575
1751971489963 1823.3260498046875 15576
1751971490470 774.7326049804688 15577
1751971490972 600.8754272460938 15578
1751971491475 429.3077087402344 15579
1751971491978 482.2524108886719 15580
1751971492482 520.3070678710938 15581
1751971492985 1038.3240966796875 15582
1751971493490 902.6061401367188 15583
1751971493999 1257.0457763671875 15584
1751971494503 459.8249206542969 15585
1751971495004 1011.13720703125 15586
1751971495507 787.3139038085938 15587
1751971496010 404.9705810546875 15588
1751971496512 1343.32470703125 15589
1751971497017 809.092529296875 15590
1751971497519 755.3214721679688 15591
1751971498024 1579.66162109375 15592
1751971498526 1926.748046875 15593
1751971499029 3150.10888671875 15594
1751971499534 651.4640502929688 15595
1751971500036 857.7244262695312 15596
1751971500553 533.3316650390625 15597
1751971501074 1187.847900390625 15598
1751971501580 570.366943359375 15599
1751971502086 843.6508178710938 15600
1751971502589 905.4840087890625 15601
1751971503560 449.3256530761719 15602
1751971504064 364.8124694824219 15603
1751971504569 672.2525634765625 15604
1751971505073 855.7294311523438 15605
1751971505588 1523.360595703125 15606
1751971506092 847.6898803710938 15607
1751971506595 719.3184814453125 15608
1751971507098 1264.8519287109375 15609
1751971507604 535.0763549804688 15610
1751971508110 708.3634643554688 15611
1751971508616 676.2571411132812 15612
1751971509118 478.92242431640625 15613
1751971509621 2512.677734375 15614
1751971510123 521.9852905273438 15615
1751971510637 552.8547973632812 15616
1751971511144 1124.5084228515625 15617
1751971511647 972.9988403320312 15618
1751971512151 869.6119995117188 15619
1751971512654 532.8683471679688 15620
1751971513158 1725.0035400390625 15621
1751971513658 1189.2200927734375 15622
1751971514159 1268.2708740234375 15623
1751971514660 760.2975463867188 15624
1751971515160 962.9244384765625 15625
1751971515669 583.38818359375 15626
1751971516175 831.2926025390625 15627
1751971516684 1370.0733642578125 15628
1751971517190 483.2810974121094 15629
1751971517699 984.1513061523438 15630
1751971518206 1535.745849609375 15631
1751971518707 749.3836059570312 15632
1751971519211 771.610595703125 15633
1751971519717 449.9851989746094 15634
1751971520223 667.5272827148438 15635
1751971520727 2598.737060546875 15636
1751971521230 1374.7947998046875 15637
1751971521736 666.6630859375 15638
1751971522247 1359.2845458984375 15639
1751971522749 346.4042663574219 15640
1751971523254 853.2962036132812 15641
1751971523759 359.93817138671875 15642
1751971524276 650.8058471679688 15643
1751971524781 1824.9224853515625 15644
1751971525284 1771.505859375 15645
1751971525794 629.6355590820312 15646
1751971526295 729.6676635742188 15647
1751971526801 1559.921142578125 15648
1751971527305 527.470703125 15649
1751971527811 599.1857299804688 15650
1751971528324 812.5950317382812 15651
1751971528826 1279.405517578125 15652
1751971529338 595.3698120117188 15653
1751971529841 972.943359375 15654
1751971530353 486.9242248535156 15655
1751971530861 646.1553955078125 15656
1751971531363 1450.9920654296875 15657
1751971531866 1606.0238037109375 15658
1751971532371 530.3526611328125 15659
1751971532873 954.8187866210938 15660
1751971533372 687.6948852539062 15661
1751971533873 909.1310424804688 15662
1751971534379 742.0678100585938 15663
1751971534887 1184.133544921875 15664
1751971535392 720.2381591796875 15665
1751971535901 601.5986328125 15666
1751971536403 542.6708984375 15667
1751971536905 499.0985412597656 15668
1751971537409 527.1046142578125 15669
1751971537913 1105.2916259765625 15670
1751971538420 650.7902221679688 15671
1751971538924 621.9397583007812 15672
1751971539430 1258.595947265625 15673
1751971539935 660.9349975585938 15674
1751971540444 1336.9501953125 15675
1751971540950 1457.559814453125 15676
1751971541452 1443.4969482421875 15677
1751971541959 418.4757995605469 15678
1751971542468 405.7955017089844 15679
1751971542974 694.4899291992188 15680
1751971543478 691.2924194335938 15681
1751971543983 734.535888671875 15682
1751971544488 385.7139892578125 15683
1751971544996 537.1785888671875 15684
1751971545498 592.2002563476562 15685
1751971546008 909.2540893554688 15686
1751971546508 708.0618286132812 15687
1751971547010 702.7348022460938 15688
1751971547511 288.5258483886719 15689
1751971548013 769.2152709960938 15690
1751971548515 524.7125244140625 15691
1751971549017 2030.9945068359375 15692
1751971549523 1028.0985107421875 15693
1751971550024 932.0363159179688 15694
1751971550528 796.5675659179688 15695
1751971551030 1640.398681640625 15696
1751971551533 1381.8524169921875 15697
1751971552036 1088.6375732421875 15698
1751971552539 1047.747314453125 15699
1751971553042 1140.8724365234375 15700
1751971553553 1800.7105712890625 15701
1751971554452 502.3482360839844 15702
1751971554953 660.8421020507812 15703
1751971555456 706.1517944335938 15704
1751971555959 579.2236328125 15705
1751971556460 743.9837646484375 15706
1751971556963 707.1085815429688 15707
1751971557464 703.2332153320312 15708
1751971557964 764.356689453125 15709
1751971558472 463.9878845214844 15710
1751971558973 846.8029174804688 15711
1751971559478 719.8631591796875 15712
1751971559979 709.0487060546875 15713
1751971560492 3082.857421875 15714
1751971561005 618.0474853515625 15715
1751971561506 664.8534545898438 15716
1751971562008 888.9675903320312 15717
1751971562511 704.4953002929688 15718
1751971563013 596.1361694335938 15719
1751971563523 1078.097900390625 15720
1751971564028 584.10009765625 15721
1751971564529 1710.1080322265625 15722
1751971565031 273.29229736328125 15723
1751971565534 303.9056091308594 15724
1751971566037 903.2666015625 15725
1751971566539 1116.0994873046875 15726
1751971567040 599.6614379882812 15727
1751971567543 1138.3084716796875 15728
1751971568046 1909.450439453125 15729
1751971568558 584.8298950195312 15730
1751971569064 443.0917053222656 15731
1751971569566 584.68701171875 15732
1751971570069 660.7073364257812 15733
1751971570570 758.3417358398438 15734
1751971571074 1458.04541015625 15735
1751971571578 386.6422424316406 15736
1751971572078 2147.573486328125 15737
1751971572578 730.3485717773438 15738
1751971573079 496.095703125 15739
1751971573588 928.8119506835938 15740
1751971574093 476.9458923339844 15741
1751971574599 1248.4853515625 15742
1751971575101 716.1344604492188 15743
1751971575602 1237.4061279296875 15744
1751971576106 950.0064697265625 15745
1751971576612 830.822265625 15746
1751971577117 938.8080444335938 15747
1751971577624 1131.6097412109375 15748
1751971578130 521.0145263671875 15749
1751971578636 1401.2664794921875 15750
1751971579148 894.3085327148438 15751
1751971579651 1164.3287353515625 15752
1751971580154 990.8477783203125 15753
1751971580655 732.573486328125 15754
1751971581160 1022.6271362304688 15755
1751971581664 718.5709838867188 15756
1751971582167 620.6428833007812 15757
1751971582672 673.7770385742188 15758
1751971583174 854.6726684570312 15759
1751971583682 728.150390625 15760
1751971584182 527.4577026367188 15761
1751971584683 681.3073120117188 15762
1751971585187 603.2035522460938 15763
1751971585690 750.8171997070312 15764
1751971586192 1288.0406494140625 15765
1751971586697 1132.82568359375 15766
1751971587199 402.06787109375 15767
1751971587702 784.2460327148438 15768
1751971588211 1390.4432373046875 15769
1751971588717 749.2141723632812 15770
1751971589217 471.4336853027344 15771
1751971589718 754.3561401367188 15772
1751971590221 718.3271484375 15773
1751971590724 656.642822265625 15774
1751971591228 973.5697631835938 15775
1751971591732 668.7753295898438 15776
1751971592233 1569.5067138671875 15777
1751971592741 1297.5877685546875 15778
1751971593244 457.1236267089844 15779
1751971593752 776.8167724609375 15780
1751971594254 610.3051147460938 15781
1751971594759 454.7090759277344 15782
1751971595261 1049.667236328125 15783
1751971595764 835.59375 15784
1751971596273 1493.8568115234375 15785
1751971596780 820.6392822265625 15786
1751971597284 569.8182373046875 15787
1751971597794 1018.4970703125 15788
1751971598300 982.70556640625 15789
1751971598803 1310.4146728515625 15790
1751971599308 1509.0718994140625 15791
1751971599819 503.9561462402344 15792
1751971600430 630.9578857421875 15793
1751971600938 426.08819580078125 15794
1751971601447 639.1895751953125 15795
1751971601956 1009.1270751953125 15796
1751971602467 818.7763061523438 15797
1751971602973 750.5784301757812 15798
1751971603481 1060.0555419921875 15799
1751971603987 674.7694702148438 15800
1751971604489 637.52294921875 15801
1751971605422 908.5792236328125 15802
1751971605951 551.982421875 15803
1751971606481 483.94952392578125 15804
1751971607011 1019.8829956054688 15805
1751971607547 573.8985595703125 15806
1751971608077 613.9740600585938 15807
1751971608614 573.9188842773438 15808
1751971609143 414.0869140625 15809
1751971609673 645.596435546875 15810
1751971610201 587.5541381835938 15811
1751971610730 502.3290100097656 15812
1751971611260 820.8319702148438 15813
1751971611788 957.1422119140625 15814
1751971612319 1214.4332275390625 15815
1751971612848 1008.4852905273438 15816
1751971613379 1089.516845703125 15817
1751971613907 764.1583862304688 15818
1751971614435 859.8654174804688 15819
1751971614964 621.5756225585938 15820
1751971615493 870.8024291992188 15821
1751971616023 330.19488525390625 15822
1751971616552 1487.2110595703125 15823
1751971617080 1288.5345458984375 15824
1751971617611 790.45947265625 15825
1751971618140 595.4869384765625 15826
1751971618674 861.9928588867188 15827
1751971619203 1007.2116088867188 15828
1751971619732 802.2215576171875 15829
1751971620269 510.20782470703125 15830
1751971620810 398.7981872558594 15831
1751971621342 449.8478698730469 15832
1751971621870 764.9314575195312 15833
1751971622401 600.427734375 15834
1751971622929 349.5951843261719 15835
1751971623460 1271.4486083984375 15836
1751971623990 850.39208984375 15837
1751971624519 640.6834106445312 15838
1751971625048 790.0146484375 15839
1751971625576 1033.791259765625 15840
1751971626106 430.02099609375 15841
1751971626635 958.4602661132812 15842
1751971627164 403.9622497558594 15843
1751971627693 1116.8076171875 15844
1751971628222 384.97906494140625 15845
1751971628759 655.8245239257812 15846
1751971629288 676.6236572265625 15847
1751971629817 266.18450927734375 15848
1751971630359 878.6046752929688 15849
1751971630888 536.3411254882812 15850
1751971631417 756.8806762695312 15851
1751971631946 491.472412109375 15852
1751971632474 488.155517578125 15853
1751971633003 850.8349609375 15854
1751971633536 594.6614990234375 15855
1751971634065 448.69366455078125 15856
1751971634595 476.7882385253906 15857
1751971635126 494.4615783691406 15858
1751971635655 718.4194946289062 15859
1751971636185 445.21905517578125 15860
1751971636713 895.8370971679688 15861
1751971637243 622.92138671875 15862
1751971637773 1119.642333984375 15863
1751971638302 973.515625 15864
1751971638834 496.9767761230469 15865
1751971639364 532.3895263671875 15866
1751971639894 936.7753295898438 15867
1751971640424 441.7535095214844 15868
1751971640953 647.5339965820312 15869
1751971641468 827.9207153320312 15870
1751971641997 377.0772399902344 15871
1751971642526 966.3512573242188 15872
1751971643054 1110.335205078125 15873
1751971643564 523.3681030273438 15874
1751971644092 738.5848388671875 15875
1751971644621 1019.1849975585938 15876
1751971645151 480.19091796875 15877
1751971645679 954.3097534179688 15878
1751971646208 1121.7608642578125 15879
1751971646737 361.7660217285156 15880
1751971647265 818.8949584960938 15881
1751971647792 564.7219848632812 15882
1751971648321 527.8338623046875 15883
1751971648851 987.4410400390625 15884
1751971649380 756.6136474609375 15885
1751971649909 1021.2028198242188 15886
1751971650439 941.7283325195312 15887
1751971650967 1940.0565185546875 15888
1751971651496 1322.457275390625 15889
1751971652027 867.9873046875 15890
1751971652556 1998.1455078125 15891
1751971653083 1038.50341796875 15892
1751971653616 1591.895751953125 15893
1751971654145 758.1605834960938 15894
1751971654674 606.4969482421875 15895
1751971655201 991.3017578125 15896
1751971655730 381.63543701171875 15897
1751971656259 1202.411376953125 15898
1751971656787 745.6009521484375 15899
1751971657316 591.2857666015625 15900
1751971657846 437.4513244628906 15901
1751971658940 928.443359375 15902
1751971659466 668.224365234375 15903
1751971659993 1710.0067138671875 15904
1751971660542 528.7319946289062 15905
1751971661072 646.1432495117188 15906
1751971661603 2461.455078125 15907
1751971662264 1203.9466552734375 15908
1751971662866 694.2870483398438 15909
1751971663453 420.3606872558594 15910
1751971663982 1503.7777099609375 15911
1751971664512 1673.5084228515625 15912
1751971665043 680.1593627929688 15913
1751971665572 732.6007690429688 15914
1751971666100 888.0126953125 15915
1751971666629 801.0172729492188 15916
1751971667165 751.7489624023438 15917
1751971667693 675.8694458007812 15918
1751971668223 1346.848876953125 15919
1751971668752 657.0996704101562 15920
1751971669280 653.9151611328125 15921
1751971669810 1081.89453125 15922
1751971670345 791.2177124023438 15923
1751971670874 810.1007080078125 15924
1751971671403 414.634033203125 15925
1751971671931 731.9647827148438 15926
1751971672460 423.5511779785156 15927
1751971672990 609.3712768554688 15928
1751971673520 410.0729675292969 15929
1751971674027 1210.336181640625 15930
1751971674554 803.2556762695312 15931
1751971675086 384.1800842285156 15932
1751971675614 1702.862548828125 15933
1751971676144 1409.4697265625 15934
1751971676672 575.5191650390625 15935
1751971677202 401.386474609375 15936
1751971677730 909.7344970703125 15937
1751971678259 500.03277587890625 15938
1751971678787 898.5648803710938 15939
1751971679324 633.1630249023438 15940
1751971679853 477.5146179199219 15941
1751971680422 771.8424682617188 15942
1751971681015 1222.8553466796875 15943
1751971681658 859.3214721679688 15944
1751971682310 581.92724609375 15945
1751971682958 640.3399658203125 15946
1751971683603 658.2794189453125 15947
1751971684191 834.4369506835938 15948
1751971684727 538.6788940429688 15949
1751971685353 712.76806640625 15950
1751971685990 858.6416015625 15951
1751971686609 638.4802856445312 15952
1751971687235 562.3778686523438 15953
1751971687783 299.92755126953125 15954
1751971688335 809.4472045898438 15955
1751971688866 500.88311767578125 15956
1751971689484 534.71484375 15957
1751971690054 407.0754089355469 15958
1751971690624 1115.7879638671875 15959
1751971691171 363.3860168457031 15960
1751971691711 527.9420166015625 15961
1751971692320 782.78759765625 15962
1751971692957 834.0533447265625 15963
1751971693546 896.8566284179688 15964
1751971694138 1092.5892333984375 15965
1751971694722 1175.2625732421875 15966
1751971695318 1431.0672607421875 15967
1751971695863 1033.9957275390625 15968
1751971696393 700.9021606445312 15969
1751971696923 569.7981567382812 15970
1751971697547 733.8820190429688 15971
1751971698081 495.2353210449219 15972
1751971698659 512.8134765625 15973
1751971699187 648.8670043945312 15974
1751971699798 744.1515502929688 15975
1751971700333 559.33740234375 15976
1751971700837 488.48052978515625 15977
1751971701341 1157.509521484375 15978
1751971701943 615.435546875 15979
1751971702540 943.3936767578125 15980
1751971703068 1263.176513671875 15981
1751971703577 948.1303100585938 15982
1751971704112 890.5028686523438 15983
1751971704693 551.3539428710938 15984
1751971705292 945.8541870117188 15985
1751971705822 875.2720947265625 15986
1751971706325 977.5097045898438 15987
1751971706835 461.48291015625 15988
1751971707340 389.7802734375 15989
1751971707840 1081.5498046875 15990
1751971708341 561.4312744140625 15991
1751971708842 354.8939514160156 15992
1751971709346 561.9365234375 15993
1751971709849 574.9646606445312 15994
1751971710430 1086.3411865234375 15995
1751971710950 910.69189453125 15996
1751971711452 794.7163696289062 15997
1751971711960 600.65087890625 15998
1751971712463 423.428466796875 15999
1751971712967 768.0045776367188 16000
1751971713472 735.4122924804688 16001
1751971714409 709.1398315429688 16002
1751971714929 521.2278442382812 16003
1751971715541 545.1747436523438 16004
1751971716080 402.1410827636719 16005
1751971716592 579.6898803710938 16006
1751971717122 938.6251831054688 16007
1751971717696 1405.2691650390625 16008
1751971718201 806.1837158203125 16009
1751971718709 466.4662780761719 16010
1751971719211 749.0678100585938 16011
1751971719716 463.81884765625 16012
1751971720224 1266.3636474609375 16013
1751971720727 586.0595703125 16014
1751971721232 1028.3978271484375 16015
1751971721734 1445.6026611328125 16016
1751971722235 468.5326232910156 16017
1751971722736 601.0130615234375 16018
1751971723249 679.2057495117188 16019
1751971723755 971.7640991210938 16020
1751971724259 339.92047119140625 16021
1751971724764 637.9600830078125 16022
1751971725268 580.7142333984375 16023
1751971725773 557.2537231445312 16024
1751971726280 490.2281799316406 16025
1751971726786 347.01361083984375 16026
1751971727288 981.0422973632812 16027
1751971727800 419.4124450683594 16028
1751971728301 436.76031494140625 16029
1751971728804 476.0201721191406 16030
1751971729307 547.2774047851562 16031
1751971729811 601.2408447265625 16032
1751971730319 823.3710327148438 16033
1751971730823 397.5032653808594 16034
1751971731322 813.1441650390625 16035
1751971731826 2344.850341796875 16036
1751971732328 448.62969970703125 16037
1751971732830 1242.1070556640625 16038
1751971733333 547.5767211914062 16039
1751971733835 427.4087829589844 16040
1751971734341 522.4962768554688 16041
1751971734846 726.8184814453125 16042
1751971735353 989.1901245117188 16043
1751971735865 1059.9703369140625 16044
1751971736368 709.294677734375 16045
1751971736875 617.5983276367188 16046
1751971737377 1083.676513671875 16047
1751971737891 462.2079162597656 16048
1751971738395 609.1796264648438 16049
1751971738898 844.2792358398438 16050
1751971739399 627.7438354492188 16051
1751971739899 2373.441650390625 16052
1751971740419 599.1622314453125 16053
1751971740931 926.0767822265625 16054
1751971741437 503.41143798828125 16055
1751971741938 808.6245727539062 16056
1751971742443 1089.885986328125 16057
1751971742950 929.0177612304688 16058
1751971743452 673.4710083007812 16059
1751971743953 719.0173950195312 16060
1751971744460 933.0769653320312 16061
1751971744968 399.09649658203125 16062
1751971745478 502.3907165527344 16063
1751971745978 818.284912109375 16064
1751971746480 493.06671142578125 16065
1751971746985 526.7032470703125 16066
1751971747491 586.5213012695312 16067
1751971747992 771.2339477539062 16068
1751971748496 620.0203857421875 16069
1751971749005 797.6298828125 16070
1751971749512 929.8653564453125 16071
1751971750015 787.3843383789062 16072
1751971750524 1584.9449462890625 16073
1751971751024 956.1653442382812 16074
1751971751525 525.6332397460938 16075
1751971752026 814.0062866210938 16076
1751971752546 578.2791748046875 16077
1751971753069 990.390625 16078
1751971753577 340.28851318359375 16079
1751971754099 750.7838745117188 16080
1751971754610 516.4196166992188 16081
1751971755118 1296.1575927734375 16082
1751971755626 782.8441772460938 16083
1751971756127 790.6143798828125 16084
1751971756630 772.41748046875 16085
1751971757133 1148.3563232421875 16086
1751971757633 681.77685546875 16087
1751971758141 554.178955078125 16088
1751971758642 826.0185546875 16089
1751971759149 715.8068237304688 16090
1751971759653 1025.8826904296875 16091
1751971760155 623.2509155273438 16092
1751971760666 796.6491088867188 16093
1751971761168 1134.0457763671875 16094
1751971761675 1217.1103515625 16095
1751971762179 847.3693237304688 16096
1751971762684 602.0499267578125 16097
1751971763186 454.6295471191406 16098
1751971763688 894.8561401367188 16099
1751971764196 821.1271362304688 16100
1751971764698 616.099853515625 16101
1751971765603 403.7231750488281 16102
1751971766108 1475.551513671875 16103
1751971766609 636.4577026367188 16104
1751971767112 495.85528564453125 16105
1751971767614 602.9305419921875 16106
1751971768117 905.0886840820312 16107
1751971768618 465.307373046875 16108
1751971769122 617.5255126953125 16109
1751971769623 475.40826416015625 16110
1751971770124 895.3697509765625 16111
1751971770631 744.927978515625 16112
1751971771134 1315.1561279296875 16113
1751971771640 869.6683959960938 16114
1751971772145 353.1629333496094 16115
1751971772651 389.23828125 16116
1751971773154 471.90972900390625 16117
1751971773657 681.3795776367188 16118
1751971774161 1442.294189453125 16119
1751971774665 1101.7757568359375 16120
1751971775167 427.17236328125 16121
1751971775674 594.512939453125 16122
1751971776178 332.8216857910156 16123
1751971776681 697.3421020507812 16124
1751971777184 360.5889892578125 16125
1751971777691 1277.177490234375 16126
1751971778194 523.8482055664062 16127
1751971778699 336.382568359375 16128
1751971779204 1223.5361328125 16129
1751971779706 1010.5123291015625 16130
1751971780209 671.1095581054688 16131
1751971780713 1217.3919677734375 16132
1751971781216 555.9967041015625 16133
1751971781721 1062.097900390625 16134
1751971782229 832.5582885742188 16135
1751971782732 340.21392822265625 16136
1751971783240 549.24365234375 16137
1751971783743 417.8068542480469 16138
1751971784246 655.8187866210938 16139
1751971784748 478.52099609375 16140
1751971785250 648.6625366210938 16141
1751971785755 734.3262939453125 16142
1751971786286 474.8979187011719 16143
1751971786805 438.58770751953125 16144
1751971787315 790.8499145507812 16145
1751971787830 487.59210205078125 16146
1751971788349 1159.129150390625 16147
1751971788852 391.9698181152344 16148
1751971789355 881.5850830078125 16149
1751971789856 457.081298828125 16150
1751971790361 1057.5615234375 16151
1751971790863 989.5165405273438 16152
1751971791364 529.0438842773438 16153
1751971791865 880.9086303710938 16154
1751971792368 1401.3658447265625 16155
1751971792870 777.1630249023438 16156
1751971793372 541.7269897460938 16157
1751971793873 932.2433471679688 16158
1751971794377 483.8321228027344 16159
1751971794878 669.6112670898438 16160
1751971795380 392.4192810058594 16161
1751971795883 627.6428833007812 16162
1751971796385 930.4010009765625 16163
1751971796887 715.8006591796875 16164
1751971797389 499.3380432128906 16165
1751971797892 1137.0965576171875 16166
1751971798394 539.16259765625 16167
1751971798897 427.6219787597656 16168
1751971799397 561.6616821289062 16169
1751971799897 440.3468322753906 16170
1751971800414 1788.556884765625 16171
1751971800926 556.4855346679688 16172
1751971801430 509.54888916015625 16173
1751971801935 1799.3699951171875 16174
1751971802437 338.3460693359375 16175
1751971802939 463.4844665527344 16176
1751971803442 1404.1243896484375 16177
1751971803945 1148.6168212890625 16178
1751971804447 894.4141845703125 16179
1751971804950 444.8587341308594 16180
1751971805453 787.236328125 16181
1751971805952 632.213623046875 16182
1751971806455 1298.449462890625 16183
1751971806957 1109.8270263671875 16184
1751971807458 450.55108642578125 16185
1751971807959 398.0502624511719 16186
1751971808460 1936.581298828125 16187
1751971808960 455.6901550292969 16188
1751971809464 1725.4603271484375 16189
1751971809966 604.0756225585938 16190
1751971810470 1045.851318359375 16191
1751971810973 1230.80224609375 16192
1751971811477 541.6770629882812 16193
1751971811979 538.275634765625 16194
1751971812483 450.9352111816406 16195
1751971812984 540.725830078125 16196
1751971813487 710.1876831054688 16197
1751971813991 1468.2005615234375 16198
1751971814491 340.30548095703125 16199
1751971814992 795.2174682617188 16200
1751971815495 816.3104858398438 16201
1751971816390 516.989501953125 16202
1751971816892 556.083984375 16203
1751971817393 1495.3719482421875 16204
1751971817896 474.3827819824219 16205
1751971818396 560.9886474609375 16206
1751971818898 514.7985229492188 16207
1751971819417 567.4019775390625 16208
1751971819918 806.7487182617188 16209
1751971820433 514.7523803710938 16210
1751971820957 783.9544677734375 16211
1751971821466 928.169921875 16212
1751971821988 1006.0185546875 16213
1751971822501 693.2257690429688 16214
1751971823007 911.4093627929688 16215
1751971823510 701.7249755859375 16216
1751971824010 963.4679565429688 16217
1751971824514 432.2027282714844 16218
1751971825017 586.7672729492188 16219
1751971825526 691.7540283203125 16220
1751971826030 305.0169372558594 16221
1751971826539 366.131591796875 16222
1751971827041 1442.9964599609375 16223
1751971827549 473.82208251953125 16224
1751971828051 1015.8785400390625 16225
1751971828556 596.2616577148438 16226
1751971829062 795.4035034179688 16227
1751971829569 718.125 16228
1751971830082 836.3704223632812 16229
1751971830592 713.172607421875 16230
1751971831094 578.7911987304688 16231
1751971831600 512.5494384765625 16232
1751971832102 674.6659545898438 16233
1751971832606 285.70361328125 16234
1751971833111 1558.8563232421875 16235
1751971833615 1691.2222900390625 16236
1751971834117 628.3345947265625 16237
1751971834619 922.05712890625 16238
1751971835124 715.2909545898438 16239
1751971835631 362.9690856933594 16240
1751971836137 793.3328247070312 16241
1751971836643 395.06036376953125 16242
1751971837145 610.2128295898438 16243
1751971837646 346.7579650878906 16244
1751971838153 443.6835632324219 16245
1751971838654 277.43902587890625 16246
1751971839158 1266.9974365234375 16247
1751971839665 806.3436279296875 16248
1751971840167 912.6212768554688 16249
1751971840673 507.6827087402344 16250
1751971841180 777.8421020507812 16251
1751971841683 310.8402404785156 16252
1751971842185 424.9522399902344 16253
1751971842687 367.1257629394531 16254
1751971843191 1227.0252685546875 16255
1751971843695 532.3934326171875 16256
1751971844198 660.1657104492188 16257
1751971844700 712.3306884765625 16258
1751971845202 375.3688659667969 16259
1751971845710 626.3756713867188 16260
1751971846212 472.099609375 16261
1751971846713 557.1826171875 16262
1751971847216 900.8723754882812 16263
1751971847719 364.4481201171875 16264
1751971848230 683.0923461914062 16265
1751971848733 742.3197631835938 16266
1751971849244 1257.4544677734375 16267
1751971849746 693.2692260742188 16268
1751971850258 736.0348510742188 16269
1751971850767 473.24273681640625 16270
1751971851271 659.0636596679688 16271
1751971851775 1783.5614013671875 16272
1751971852283 1967.3909912109375 16273
1751971852787 1144.314453125 16274
1751971853290 685.2284545898438 16275
1751971853796 749.1790161132812 16276
1751971854301 1136.0540771484375 16277
1751971854806 867.8468627929688 16278
1751971855308 1101.939453125 16279
1751971855817 1069.4954833984375 16280
1751971856319 685.52880859375 16281
1751971856820 951.9755859375 16282
1751971857321 719.2591552734375 16283
1751971857824 1134.778076171875 16284
1751971858329 591.3707275390625 16285
1751971858838 602.6881103515625 16286
1751971859339 470.0634765625 16287
1751971859843 763.1395874023438 16288
1751971860360 610.6760864257812 16289
1751971860879 783.0692749023438 16290
1751971861385 545.5607299804688 16291
1751971861887 764.2179565429688 16292
1751971862389 638.0156860351562 16293
1751971862892 705.9874877929688 16294
1751971863393 417.3192443847656 16295
1751971863895 2078.068603515625 16296
1751971864399 803.1890869140625 16297
1751971864908 698.1064453125 16298
1751971865414 747.6467895507812 16299
1751971865923 1036.59912109375 16300
1751971866466 1047.905517578125 16301
1751971867494 992.2323608398438 16302
1751971868050 660.4286499023438 16303
1751971868630 946.0216674804688 16304
1751971869248 472.9537658691406 16305
1751971869804 773.9015502929688 16306
1751971870355 450.85479736328125 16307
1751971870919 1273.1630859375 16308
1751971871445 1224.7244873046875 16309
1751971872083 1095.216552734375 16310
1751971872680 482.11328125 16311
1751971873294 790.77490234375 16312
1751971873828 899.0987548828125 16313
1751971874362 1074.2581787109375 16314
1751971874909 1187.969970703125 16315
1751971875447 916.5383911132812 16316
1751971875994 512.1342163085938 16317
1751971876575 1174.4632568359375 16318
1751971877114 408.9112243652344 16319
1751971877651 1081.0028076171875 16320
1751971878207 883.0105590820312 16321
1751971878774 652.9109497070312 16322
1751971879311 846.7184448242188 16323
1751971879847 514.2645263671875 16324
1751971880463 762.5253295898438 16325
1751971881126 468.18292236328125 16326
1751971881808 467.21343994140625 16327
1751971882405 797.00537109375 16328
1751971883005 601.8436889648438 16329
1751971883659 684.7172241210938 16330
1751971884325 1010.7224731445312 16331
1751971884936 857.412109375 16332
1751971885566 640.0587158203125 16333
1751971886169 773.30126953125 16334
1751971886755 376.9263610839844 16335
1751971887399 423.7007751464844 16336
1751971887982 1439.76953125 16337
1751971888521 1154.5218505859375 16338
1751971889059 509.5361022949219 16339
1751971889595 1457.9119873046875 16340
1751971890153 458.20733642578125 16341
1751971890810 500.3194885253906 16342
1751971891398 843.3178100585938 16343
1751971891986 717.1826782226562 16344
1751971892599 613.9127197265625 16345
1751971893189 556.0390014648438 16346
1751971893786 576.087890625 16347
1751971894415 549.8518676757812 16348
1751971895076 828.2463989257812 16349
1751971895689 682.5496215820312 16350
1751971896267 748.3448486328125 16351
1751971896861 539.1248168945312 16352
1751971897392 764.3493041992188 16353
1751971897925 751.681396484375 16354
1751971898458 665.4254760742188 16355
1751971898987 1040.5860595703125 16356
1751971899518 570.3580932617188 16357
1751971900046 730.6554565429688 16358
1751971900578 884.7989501953125 16359
1751971901113 1129.7493896484375 16360
1751971901646 661.029296875 16361
1751971902181 690.9374389648438 16362
1751971902712 451.7576599121094 16363
1751971903243 1019.8576049804688 16364
1751971903825 627.7611083984375 16365
1751971904404 629.7926635742188 16366
1751971904937 676.4298706054688 16367
1751971905468 1496.7366943359375 16368
1751971906006 509.849853515625 16369
1751971906545 840.4620971679688 16370
1751971907080 1044.0751953125 16371
1751971907628 679.524169921875 16372
1751971908160 1162.809326171875 16373
1751971908743 570.7499389648438 16374
1751971909274 1031.1533203125 16375
1751971909859 1658.1728515625 16376
1751971910390 1124.3699951171875 16377
1751971910928 671.0087280273438 16378
1751971911458 1085.36962890625 16379
1751971911988 1143.801025390625 16380
1751971912519 838.6599731445312 16381
1751971913048 715.8878784179688 16382
1751971913585 1928.9266357421875 16383
1751971914149 817.851318359375 16384
1751971914782 1062.0482177734375 16385
1751971915351 701.12451171875 16386
1751971915889 741.1075439453125 16387
1751971916421 855.3567504882812 16388
1751971917070 554.37109375 16389
1751971917706 623.566650390625 16390
1751971918296 474.454833984375 16391
1751971918837 757.10791015625 16392
1751971919500 1652.1783447265625 16393
1751971920153 762.6776123046875 16394
1751971920792 2071.34033203125 16395
1751971921425 1110.0098876953125 16396
1751971922054 1019.6041259765625 16397
1751971922727 664.8603515625 16398
1751971923368 423.8990783691406 16399
1751971924039 1447.2215576171875 16400
1751971924676 533.0100708007812 16401
1751971926021 495.50128173828125 16402
1751971926592 531.2782592773438 16403
1751971927168 735.2178955078125 16404
1751971927760 538.5230712890625 16405
1751971928406 1176.9793701171875 16406
1751971929011 1560.4476318359375 16407
1751971929583 1201.5833740234375 16408
1751971930119 1041.7783203125 16409
1751971930741 449.4602966308594 16410
1751971931323 708.1047973632812 16411
1751971931873 366.0834045410156 16412
1751971932514 968.8377075195312 16413
1751971933098 2194.642578125 16414
1751971933684 786.7559204101562 16415
1751971934219 1142.6361083984375 16416
1751971934797 376.9799499511719 16417
1751971935415 569.5614624023438 16418
1751971935960 423.3411560058594 16419
1751971936499 1088.4278564453125 16420
1751971937033 1012.3519897460938 16421
1751971937567 670.6463623046875 16422
1751971938103 686.7399291992188 16423
1751971938639 885.4625854492188 16424
1751971939174 531.010986328125 16425
1751971939708 678.9989624023438 16426
1751971940244 478.35089111328125 16427
1751971940778 674.5709228515625 16428
1751971941315 511.8540954589844 16429
1751971941849 743.5050659179688 16430
1751971942386 1113.2032470703125 16431
1751971942921 619.0326538085938 16432
1751971943457 824.8662109375 16433
1751971943992 948.39404296875 16434
1751971944525 816.7703857421875 16435
1751971945059 421.08349609375 16436
1751971945591 855.72412109375 16437
1751971946129 512.367431640625 16438
1751971946664 416.86260986328125 16439
1751971947203 1400.900390625 16440
1751971947736 873.7741088867188 16441
1751971948271 550.5609741210938 16442
1751971948805 776.3362426757812 16443
1751971949337 1749.634765625 16444
1751971949873 585.0526733398438 16445
1751971950410 460.56396484375 16446
1751971950946 1081.5216064453125 16447
1751971951480 596.169921875 16448
1751971952014 691.7216186523438 16449
1751971952587 351.13482666015625 16450
1751971953124 488.40576171875 16451
1751971953665 350.8209533691406 16452
1751971954307 781.0154418945312 16453
1751971954881 523.8453979492188 16454
1751971955458 681.7756958007812 16455
1751971955998 429.1238708496094 16456
1751971956532 490.4440612792969 16457
1751971957085 1558.6217041015625 16458
1751971957684 946.9039916992188 16459
1751971958248 2187.278564453125 16460
1751971958828 751.2622680664062 16461
1751971959360 401.95635986328125 16462
1751971959893 846.9791870117188 16463
1751971960428 404.5155944824219 16464
1751971960963 776.7501831054688 16465
1751971961500 1033.2630615234375 16466
1751971962039 720.0894775390625 16467
1751971962574 3825.763427734375 16468
1751971963160 1328.275146484375 16469
1751971963710 858.0568237304688 16470
1751971964314 496.89825439453125 16471
1751971964868 754.6760864257812 16472
1751971965451 1007.0928955078125 16473
1751971966026 481.35137939453125 16474
1751971966693 957.88671875 16475
1751971967324 472.7106018066406 16476
1751971967970 1011.6974487304688 16477
1751971968616 765.217529296875 16478
1751971969255 498.0028381347656 16479
1751971969894 457.0921325683594 16480
1751971970530 799.4734497070312 16481
1751971971204 967.6911010742188 16482
1751971971920 372.1507263183594 16483
1751971972567 647.9901123046875 16484
1751971973206 1492.644287109375 16485
1751971973839 429.26544189453125 16486
1751971974551 603.0995483398438 16487
1751971975695 735.9757690429688 16488
1751971976859 554.1671752929688 16489
1751971978029 1020.0515747070312 16490
1751971979165 471.9261779785156 16491
1751971980347 440.504638671875 16492
1751971981616 973.9793090820312 16493
1751971982748 1178.3045654296875 16494
1751971983933 263.2115173339844 16495
1751971985097 808.9521484375 16496
1751971986281 410.6831970214844 16497
1751971986839 522.1210327148438 16498
1751971987398 1625.5589599609375 16499
1751971987944 541.8754272460938 16500
1751971988492 1201.8934326171875 16501
1751971989911 828.5821533203125 16502
1751971990452 658.00341796875 16503
1751971990999 716.4457397460938 16504
1751971991554 606.9192504882812 16505
1751971992100 514.6837158203125 16506
1751971992652 1092.135009765625 16507
1751971993200 696.1635131835938 16508
1751971993917 584.1515502929688 16509
1751971995091 449.52081298828125 16510
1751971995734 1127.2137451171875 16511
1751971996274 1858.2830810546875 16512
1751971997135 741.7100830078125 16513
1751971997750 624.6437377929688 16514
1751971998456 618.5045166015625 16515
1751971999164 1510.8033447265625 16516
1751971999984 1123.7978515625 16517
1751972000676 680.4111938476562 16518
1751972001288 1245.884033203125 16519
1751972002004 563.7587280273438 16520
1751972002670 640.7079467773438 16521
1751972003234 658.9407348632812 16522
1751972003837 421.6747131347656 16523
1751972004498 478.824462890625 16524
1751972005126 578.8947143554688 16525
1751972005738 747.5206909179688 16526
1751972006394 433.0589904785156 16527
1751972007002 927.2902221679688 16528
1751972007544 1232.3016357421875 16529
1751972008082 786.9708251953125 16530
1751972008630 370.5752258300781 16531
1751972009224 639.5900268554688 16532
1751972009806 695.7611694335938 16533
1751972010412 653.9110717773438 16534
1751972010993 1339.2156982421875 16535
1751972011574 376.1914978027344 16536
1751972012343 1440.044921875 16537
1751972012988 721.2429809570312 16538
1751972013714 544.1394653320312 16539
1751972014301 783.9869384765625 16540
1751972014838 718.6102905273438 16541
1751972015422 712.1764526367188 16542
1751972016001 481.0382995605469 16543
1751972016636 661.7123413085938 16544
1751972017268 326.2631530761719 16545
1751972017845 463.5218811035156 16546
1751972018387 1054.7857666015625 16547
1751972018922 715.4716186523438 16548
1751972019466 256.5256042480469 16549
1751972020005 968.6525268554688 16550
1751972020542 597.0681762695312 16551
1751972021083 449.0269470214844 16552
1751972021665 482.4669494628906 16553
1751972022262 1008.1317749023438 16554
1751972022851 496.4755859375 16555
1751972023411 582.9125366210938 16556
1751972023977 535.9508056640625 16557
1751972024539 409.9350280761719 16558
1751972025127 783.343017578125 16559
1751972025743 657.2415161132812 16560
1751972026326 728.890625 16561
1751972026904 1223.137451171875 16562
1751972027517 335.3017578125 16563
1751972028057 592.3970947265625 16564
1751972028604 940.1378784179688 16565
1751972029162 257.5010681152344 16566
1751972029744 1490.6834716796875 16567
1751972030326 755.2979736328125 16568
1751972030906 559.7914428710938 16569
1751972031457 592.4349975585938 16570
1751972032010 1414.935546875 16571
1751972032556 501.9602966308594 16572
1751972033152 612.6583862304688 16573
1751972033713 789.3668212890625 16574
1751972034326 1940.90234375 16575
1751972034874 532.5036010742188 16576
1751972035411 1026.3865966796875 16577
1751972035983 463.612060546875 16578
1751972036525 606.0016479492188 16579
1751972037062 363.0863952636719 16580
1751972037601 444.4806823730469 16581
1751972038137 670.60205078125 16582
1751972038676 558.7838134765625 16583
1751972039214 885.99609375 16584
1751972039757 1169.6322021484375 16585
1751972040311 578.3318481445312 16586
1751972040862 531.87451171875 16587
1751972041401 1333.8328857421875 16588
1751972041975 905.8277587890625 16589
1751972042515 429.7028503417969 16590
1751972043131 1295.0574951171875 16591
1751972043675 745.5459594726562 16592
1751972044256 386.0279846191406 16593
1751972044842 1301.171142578125 16594
1751972045381 696.4428100585938 16595
1751972046092 860.8502197265625 16596
1751972046707 678.8629760742188 16597
1751972047412 451.18316650390625 16598
1751972047999 737.7599487304688 16599
1751972048555 591.7662963867188 16600
1751972049129 443.7702331542969 16601
1751972050443 672.0140380859375 16602
1751972050983 780.873046875 16603
1751972051524 354.1520080566406 16604
1751972052144 494.5240173339844 16605
1751972052683 929.2630004882812 16606
1751972053226 779.0473022460938 16607
1751972053779 1389.9444580078125 16608
1751972054344 934.1923217773438 16609
1751972054885 808.0270385742188 16610
1751972055488 847.44384765625 16611
1751972056030 1211.5006103515625 16612
1751972056591 1345.8245849609375 16613
1751972057129 590.4772338867188 16614
1751972057688 397.1485290527344 16615
1751972058223 715.3630981445312 16616
1751972058923 927.5038452148438 16617
1751972059521 1054.864990234375 16618
1751972060166 628.5608520507812 16619
1751972060734 1112.7049560546875 16620
1751972061277 1871.7513427734375 16621
1751972061813 734.8912353515625 16622
1751972062350 927.6892700195312 16623
1751972062889 366.31842041015625 16624
1751972063427 676.1445922851562 16625
1751972063965 1215.7454833984375 16626
1751972064502 420.2484436035156 16627
1751972065052 494.9161071777344 16628
1751972065585 553.56787109375 16629
1751972066136 524.3119506835938 16630
1751972066674 507.9455261230469 16631
1751972067211 1077.2352294921875 16632
1751972067827 611.3121337890625 16633
1751972068443 989.9342651367188 16634
1751972068980 417.6238708496094 16635
1751972069517 904.8240356445312 16636
1751972070058 1055.3990478515625 16637
1751972070604 465.449951171875 16638
1751972071143 545.5635375976562 16639
1751972071679 646.4342651367188 16640
1751972072217 980.642578125 16641
1751972073205 1178.5814208984375 16642
1751972074350 430.8816833496094 16643
1751972075501 702.5100708007812 16644
1751972076219 503.76446533203125 16645
1751972076964 1058.4185791015625 16646
1751972077681 1116.8203125 16647
1751972078293 707.54150390625 16648
1751972078864 494.4590759277344 16649
1751972079410 457.94384765625 16650
1751972079952 976.0355834960938 16651
1751972080495 458.0538635253906 16652
1751972081067 2125.278076171875 16653
1751972081635 741.59375 16654
1751972082167 1148.9171142578125 16655
1751972082697 817.4249877929688 16656
1751972083244 1798.5830078125 16657
1751972083779 991.193359375 16658
1751972084314 687.892822265625 16659
1751972084847 1635.82421875 16660
1751972085380 643.2446899414062 16661
1751972085917 611.3798217773438 16662
1751972086451 725.4010620117188 16663
1751972086983 499.16729736328125 16664
1751972087536 1206.164794921875 16665
1751972088075 471.84814453125 16666
1751972088641 774.5055541992188 16667
1751972089214 594.6707763671875 16668
1751972089778 524.5421752929688 16669
1751972090313 343.3043518066406 16670
1751972090845 1083.513916015625 16671
1751972091403 1662.457275390625 16672
1751972091933 651.3873291015625 16673
1751972092465 910.87744140625 16674
1751972092996 1005.171875 16675
1751972093529 607.0077514648438 16676
1751972094063 1452.6156005859375 16677
1751972094593 510.4931640625 16678
1751972095123 685.3214721679688 16679
1751972095655 571.0167236328125 16680
1751972096191 626.63330078125 16681
1751972096723 468.4831237792969 16682
1751972097257 616.57666015625 16683
1751972097797 1224.8724365234375 16684
1751972098330 1431.443603515625 16685
1751972098863 373.3876953125 16686
1751972099397 542.0532836914062 16687
1751972099949 526.4881591796875 16688
1751972100529 554.5462036132812 16689
1751972101253 1331.0828857421875 16690
1751972101830 881.7263793945312 16691
1751972102920 822.0614624023438 16692
1751972103664 921.3103637695312 16693
1751972104483 594.9286499023438 16694
1751972105021 443.31329345703125 16695
1751972105559 360.9596252441406 16696
1751972106101 420.7666015625 16697
1751972106651 555.709228515625 16698
1751972107203 921.5269775390625 16699
1751972107761 639.206787109375 16700
1751972108327 951.2848510742188 16701
1751972109509 560.222412109375 16702
1751972110117 905.28271484375 16703
1751972110698 624.12548828125 16704
1751972111231 1250.2347412109375 16705
1751972111767 619.3324584960938 16706
1751972112301 813.5409545898438 16707
1751972112834 544.6347045898438 16708
1751972113369 1642.6898193359375 16709
1751972113952 445.5275573730469 16710
1751972114512 1321.5362548828125 16711
1751972115048 893.5421752929688 16712
1751972115602 835.9581298828125 16713
1751972116137 894.5751953125 16714
1751972116666 647.7027587890625 16715
1751972117203 502.9230651855469 16716
1751972117735 427.71026611328125 16717
1751972118268 750.4070434570312 16718
1751972118802 497.201904296875 16719
1751972119342 695.7867431640625 16720
1751972119874 900.7487182617188 16721
1751972120405 498.0570373535156 16722
1751972120938 520.9457397460938 16723
1751972121469 959.2562866210938 16724
1751972122002 487.45489501953125 16725
1751972122533 1064.23681640625 16726
1751972123065 473.1540222167969 16727
1751972123604 1013.8765869140625 16728
1751972124143 923.0809936523438 16729
1751972124687 670.0570678710938 16730
1751972125220 579.8160400390625 16731
1751972125776 587.5035400390625 16732
1751972126317 739.2993774414062 16733
1751972126859 1548.652587890625 16734
1751972127415 912.08984375 16735
1751972127945 330.86383056640625 16736
1751972128496 924.91650390625 16737
1751972129044 469.648681640625 16738
1751972129576 679.1336059570312 16739
1751972130107 666.5952758789062 16740
1751972130643 492.5412292480469 16741
1751972131174 603.8287963867188 16742
1751972131718 623.8338012695312 16743
1751972132267 868.505859375 16744
1751972132808 643.3425903320312 16745
1751972133341 459.7125549316406 16746
1751972133873 1148.639404296875 16747
1751972134413 478.24346923828125 16748
1751972134946 784.4736328125 16749
1751972135476 444.6495056152344 16750
1751972136118 540.8993530273438 16751
1751972136744 1149.2366943359375 16752
1751972137380 856.1996459960938 16753
1751972137994 1008.98486328125 16754
1751972138533 426.8389587402344 16755
1751972139068 1097.9710693359375 16756
1751972139615 449.1031188964844 16757
1751972140154 975.6141967773438 16758
1751972140695 1055.9759521484375 16759
1751972141237 590.5556030273438 16760
1751972141788 1271.4058837890625 16761
1751972142331 1258.4403076171875 16762
1751972142863 863.6339111328125 16763
1751972143396 604.8215942382812 16764
1751972143948 506.5367126464844 16765
1751972144481 739.1303100585938 16766
1751972145016 473.2361755371094 16767
1751972145558 478.9997253417969 16768
1751972146094 918.3803100585938 16769
1751972146630 629.0245971679688 16770
1751972147161 887.5025634765625 16771
1751972147692 915.2496337890625 16772
1751972148224 824.1436767578125 16773
1751972148755 466.5238342285156 16774
1751972149287 1202.2801513671875 16775
1751972149825 752.2999877929688 16776
1751972150358 583.21435546875 16777
1751972150891 556.4013061523438 16778
1751972151426 535.0632934570312 16779
1751972151959 581.3292846679688 16780
1751972152500 914.9885864257812 16781
1751972153038 723.6439819335938 16782
1751972153574 910.4722900390625 16783
1751972154135 1351.207275390625 16784
1751972154681 697.2538452148438 16785
1751972155212 449.6120300292969 16786
1751972155743 1071.921630859375 16787
1751972156296 433.3929138183594 16788
1751972156836 506.8255310058594 16789
1751972157383 1284.33984375 16790
1751972157928 458.97247314453125 16791
1751972158466 1286.2696533203125 16792
1751972159015 526.908203125 16793
1751972159562 460.3249206542969 16794
1751972160112 620.8361206054688 16795
1751972160676 566.0100708007812 16796
1751972161248 974.48193359375 16797
1751972161785 673.3029174804688 16798
1751972162320 387.4674377441406 16799
1751972162855 768.2835693359375 16800
1751972163389 1068.0042724609375 16801
1751972164602 675.646484375 16802
1751972165197 730.0748291015625 16803
1751972165729 2430.083740234375 16804
1751972166353 549.4254150390625 16805
1751972166888 595.9376831054688 16806
1751972167498 471.9666442871094 16807
1751972168049 722.7523803710938 16808
1751972168592 1494.484375 16809
1751972169171 828.0822143554688 16810
1751972169738 462.7212829589844 16811
1751972170350 606.3148803710938 16812
1751972170962 667.0977783203125 16813
1751972171517 420.0919494628906 16814
1751972172115 581.5606689453125 16815
1751972172746 923.5447387695312 16816
1751972173341 844.1304931640625 16817
1751972173911 376.363525390625 16818
1751972174449 2915.15087890625 16819
1751972175010 983.6281127929688 16820
1751972175554 1162.3626708984375 16821
1751972176095 464.35357666015625 16822
1751972176635 354.1465759277344 16823
1751972177166 553.2339477539062 16824
1751972177707 651.5852661132812 16825
1751972178236 765.7684936523438 16826
1751972178771 672.6278686523438 16827
1751972179301 815.2687377929688 16828
1751972179833 761.2838134765625 16829
1751972180364 718.5811767578125 16830
1751972180896 402.3780212402344 16831
1751972181428 438.72509765625 16832
1751972181969 448.59423828125 16833
1751972182516 771.8580322265625 16834
1751972183049 1093.0428466796875 16835
1751972183609 1125.2293701171875 16836
1751972184142 839.6166381835938 16837
1751972184681 1339.9554443359375 16838
1751972185213 335.8914489746094 16839
1751972185812 519.0369262695312 16840
1751972186472 1122.64013671875 16841
1751972187066 433.62359619140625 16842
1751972187692 665.2218017578125 16843
1751972188232 674.4893188476562 16844
1751972188795 1108.942138671875 16845
1751972189347 622.1174926757812 16846
1751972189883 750.4664916992188 16847
1751972190428 870.69140625 16848
1751972190990 1357.240478515625 16849
1751972191536 1070.7996826171875 16850
1751972192072 677.2797241210938 16851
1751972192614 1764.4979248046875 16852
1751972193159 612.5453491210938 16853
1751972193693 1005.1000366210938 16854
1751972194232 1257.042236328125 16855
1751972194764 777.6265869140625 16856
1751972195303 1057.9779052734375 16857
1751972195837 2454.177001953125 16858
1751972196369 627.4771728515625 16859
1751972196904 932.2605590820312 16860
1751972197438 710.0741577148438 16861
1751972197996 1388.0107421875 16862
1751972198535 758.6196899414062 16863
1751972199069 754.6740112304688 16864
1751972199630 420.3558654785156 16865
1751972200166 799.1730346679688 16866
1751972200711 831.5330200195312 16867
1751972201245 532.9713745117188 16868
1751972201797 352.1300964355469 16869
1751972202344 866.7109375 16870
1751972202879 1118.4290771484375 16871
1751972203434 512.0254516601562 16872
1751972203983 485.3459167480469 16873
1751972204516 681.4696655273438 16874
1751972205046 524.1747436523438 16875
1751972205590 449.53839111328125 16876
1751972206167 772.0263061523438 16877
1751972206702 616.1838989257812 16878
1751972207238 358.825927734375 16879
1751972207777 981.0697631835938 16880
1751972208323 1759.2847900390625 16881
1751972208857 612.7069702148438 16882
1751972209398 652.6170654296875 16883
1751972209933 867.3322143554688 16884
1751972210470 1168.9404296875 16885
1751972211004 649.0324096679688 16886
1751972211541 549.4049682617188 16887
1751972212087 925.0079956054688 16888
1751972212629 525.0906372070312 16889
1751972213189 660.53369140625 16890
1751972213725 548.2910766601562 16891
1751972214259 1517.50439453125 16892
1751972214800 1083.7408447265625 16893
1751972215337 498.1344909667969 16894
1751972215870 696.3700561523438 16895
1751972216421 390.48492431640625 16896
1751972216969 596.6370239257812 16897
1751972217505 1142.6517333984375 16898
1751972218043 642.6018676757812 16899
1751972218576 590.0713500976562 16900
1751972219153 1702.4266357421875 16901
1751972220693 815.6220092773438 16902
1751972221638 884.1322631835938 16903
1751972222179 857.0292358398438 16904
1751972222740 761.2210693359375 16905
1751972223280 921.2594604492188 16906
1751972223872 1270.264404296875 16907
1751972224420 653.1512451171875 16908
1751972224959 540.0609741210938 16909
1751972225602 996.9091796875 16910
1751972226182 536.7777709960938 16911
1751972226793 1455.9595947265625 16912
1751972227475 731.8988647460938 16913
1751972228135 1877.4080810546875 16914
1751972228761 360.7996520996094 16915
1751972229321 1056.3177490234375 16916
1751972229860 1057.3973388671875 16917
1751972230400 625.4180297851562 16918
1751972230937 463.2215881347656 16919
1751972231532 690.97607421875 16920
1751972232095 437.84161376953125 16921
1751972232655 745.3060302734375 16922
1751972233208 503.542724609375 16923
1751972233753 1234.0604248046875 16924
1751972234348 1099.7396240234375 16925
1751972234978 593.0867309570312 16926
1751972235531 1410.961669921875 16927
1751972236067 439.51416015625 16928
1751972236606 1639.284423828125 16929
1751972237164 689.0516967773438 16930
1751972237719 1401.7196044921875 16931
1751972238254 526.1570434570312 16932
1751972238802 628.6738891601562 16933
1751972239351 602.5870971679688 16934
1751972239902 850.4890747070312 16935
1751972240439 1292.7664794921875 16936
1751972240973 645.00048828125 16937
1751972241505 1971.3095703125 16938
1751972242037 434.7155456542969 16939
1751972242583 1377.210205078125 16940
1751972243115 505.78814697265625 16941
1751972243646 840.5658569335938 16942
1751972244185 582.7948608398438 16943
1751972244739 1237.212158203125 16944
1751972245285 530.8753051757812 16945
1751972245838 1034.0589599609375 16946
1751972246400 563.0479736328125 16947
1751972246951 857.1161499023438 16948
1751972247497 1076.6751708984375 16949
1751972248033 820.7229614257812 16950
1751972248582 656.1187744140625 16951
1751972249120 310.5839538574219 16952
1751972249663 835.087890625 16953
1751972250210 848.8107299804688 16954
1751972250770 488.9007873535156 16955
1751972251313 468.591796875 16956
1751972251873 853.2553100585938 16957
1751972252432 431.4450378417969 16958
1751972253032 453.9690856933594 16959
1751972253687 316.3470764160156 16960
1751972254270 393.9444580078125 16961
1751972254922 1013.3668823242188 16962
1751972255456 676.2973022460938 16963
1751972255997 557.2208862304688 16964
1751972256545 563.1506958007812 16965
1751972257076 346.7054138183594 16966
1751972257616 376.1981506347656 16967
1751972258149 445.9222717285156 16968
1751972258710 641.5925903320312 16969
1751972259274 716.6958618164062 16970
1751972259817 279.48724365234375 16971
1751972260374 852.8191528320312 16972
1751972260920 453.96875 16973
1751972261475 349.4573059082031 16974
1751972262019 729.8571166992188 16975
1751972262553 1645.5855712890625 16976
1751972263094 577.3269653320312 16977
1751972263640 711.3028564453125 16978
1751972264182 448.8111267089844 16979
1751972264724 1436.300537109375 16980
1751972265263 375.7253112792969 16981
1751972265834 471.8882751464844 16982
1751972266372 1168.8851318359375 16983
1751972266908 820.9349975585938 16984
1751972267463 319.8278503417969 16985
1751972268011 859.3814697265625 16986
1751972268546 1533.6533203125 16987
1751972269105 1389.2637939453125 16988
1751972269639 588.60400390625 16989
1751972270185 801.4647827148438 16990
1751972270726 861.2660522460938 16991
1751972271262 616.5061645507812 16992
1751972271820 356.1421203613281 16993
1751972272350 793.6867065429688 16994
1751972272884 737.7074584960938 16995
1751972273422 1162.6802978515625 16996
1751972273952 500.46435546875 16997
1751972274486 537.6802978515625 16998
1751972275033 675.43408203125 16999
1751972275590 613.7271728515625 17000
1751972276124 551.07080078125 17001
1751972277349 436.57861328125 17002
1751972277898 487.40673828125 17003
1751972278439 1193.421142578125 17004
1751972278971 1257.4072265625 17005
1751972279505 458.435302734375 17006
1751972280039 677.7408447265625 17007
1751972280676 434.9140625 17008
1751972281238 340.22918701171875 17009
1751972281774 649.3671264648438 17010
1751972282319 1193.560302734375 17011
1751972282874 296.4073181152344 17012
1751972283646 785.1389770507812 17013
1751972284188 509.7403259277344 17014
1751972285457 617.8131713867188 17015
1751972286379 488.47027587890625 17016
1751972286915 659.26806640625 17017
1751972287447 685.1259765625 17018
1751972287984 1273.9459228515625 17019
1751972288558 376.84210205078125 17020
1751972289099 448.6159362792969 17021
1751972289649 683.5936889648438 17022
1751972290195 673.8908081054688 17023
1751972290745 723.4659423828125 17024
1751972291279 625.3983764648438 17025
1751972291828 585.7609252929688 17026
1751972292365 427.16290283203125 17027
1751972292897 1984.3885498046875 17028
1751972293443 1052.8704833984375 17029
1751972293996 902.3466796875 17030
1751972294529 858.3432006835938 17031
1751972295080 374.076416015625 17032
1751972295614 402.0310974121094 17033
1751972296148 819.6820678710938 17034
1751972296689 2235.810302734375 17035
1751972297244 559.584716796875 17036
1751972297801 1186.165771484375 17037
1751972298344 831.1608276367188 17038
1751972298935 584.2734375 17039
1751972299537 381.4611511230469 17040
1751972300125 972.0717163085938 17041
1751972300670 870.82421875 17042
1751972301302 1253.3511962890625 17043
1751972301879 426.7228698730469 17044
1751972302418 521.0144653320312 17045
1751972302948 736.0165405273438 17046
1751972303498 525.6930541992188 17047
1751972304046 1111.9267578125 17048
1751972304586 564.8712158203125 17049
1751972305136 1454.9119873046875 17050
1751972305668 603.642822265625 17051
1751972306227 1571.0106201171875 17052
1751972306758 969.4423217773438 17053
1751972307293 511.50146484375 17054
1751972307826 1018.1259765625 17055
1751972308356 294.7099914550781 17056
1751972308916 598.6722412109375 17057
1751972309453 923.42578125 17058
1751972309990 283.64605712890625 17059
1751972310523 499.0897521972656 17060
1751972311058 631.1470947265625 17061
1751972311590 1238.9453125 17062
1751972312155 479.0597839355469 17063
1751972312694 1139.25390625 17064
1751972313254 921.7101440429688 17065
1751972313856 848.7652587890625 17066
1751972314458 645.6482543945312 17067
1751972315144 2035.787109375 17068
1751972316084 815.4083251953125 17069
1751972316935 555.6866455078125 17070
1751972317621 947.0460815429688 17071
1751972318177 2763.024658203125 17072
1751972318752 626.3573608398438 17073
1751972319487 588.4674682617188 17074
1751972320070 562.2052612304688 17075
1751972320795 1258.0740966796875 17076
1751972321368 692.6725463867188 17077
1751972321931 275.2055358886719 17078
1751972322472 665.5222778320312 17079
1751972323018 1079.0330810546875 17080
1751972323567 883.4894409179688 17081
1751972324112 625.0711059570312 17082
1751972325105 1237.868408203125 17083
1751972326064 498.3244323730469 17084
1751972326674 635.9231567382812 17085
1751972327270 689.0631713867188 17086
1751972327908 495.82177734375 17087
1751972328488 850.3377075195312 17088
1751972329037 1250.498291015625 17089
1751972329604 422.5565490722656 17090
1751972330145 856.7103881835938 17091
1751972330709 973.03515625 17092
1751972331250 643.1834106445312 17093
1751972331798 729.8119506835938 17094
1751972332343 641.1931762695312 17095
1751972332878 1050.94921875 17096
1751972333435 529.849365234375 17097
1751972333969 910.5969848632812 17098
1751972334500 889.2283325195312 17099
1751972335048 738.8849487304688 17100
1751972335578 718.3283081054688 17101
1751972336788 1025.392822265625 17102
1751972337324 753.4664916992188 17103
1751972337866 936.5437622070312 17104
1751972338401 898.5313720703125 17105
1751972338944 882.7267456054688 17106
1751972339474 688.9172973632812 17107
1751972340007 711.4608764648438 17108
1751972340597 1037.8817138671875 17109
1751972341214 920.5162353515625 17110
1751972341785 1063.8900146484375 17111
1751972342403 421.597900390625 17112
1751972343078 814.1708984375 17113
1751972343800 531.462890625 17114
1751972344517 642.9293823242188 17115
1751972345305 710.1633911132812 17116
1751972345869 458.1200256347656 17117
1751972346539 1209.6851806640625 17118
1751972347128 572.3636474609375 17119
1751972347731 421.95068359375 17120
1751972348327 1009.3412475585938 17121
1751972348993 423.1417541503906 17122
1751972349655 566.6798706054688 17123
1751972350290 558.8414916992188 17124
1751972350859 326.8458557128906 17125
1751972351568 701.6500854492188 17126
1751972352225 886.1508178710938 17127
1751972352876 1420.0648193359375 17128
1751972353473 2191.55859375 17129
1751972354046 436.7057189941406 17130
1751972354609 734.2283325195312 17131
1751972355222 602.3565673828125 17132
1751972355829 589.5255737304688 17133
1751972356437 354.15167236328125 17134
1751972357027 653.6473999023438 17135
1751972357621 822.6337280273438 17136
1751972358198 470.7931823730469 17137
1751972358757 386.3114013671875 17138
1751972359333 1295.1741943359375 17139
1751972359924 566.963623046875 17140
1751972360498 519.8539428710938 17141
1751972361081 1072.4339599609375 17142
1751972361655 497.87921142578125 17143
1751972362232 553.6171264648438 17144
1751972362822 1156.0015869140625 17145
1751972363366 1198.7655029296875 17146
1751972363945 703.1708374023438 17147
1751972364516 820.1173706054688 17148
1751972365099 901.7633056640625 17149
1751972365677 1667.298095703125 17150
1751972366253 733.9973754882812 17151
1751972366835 618.8324584960938 17152
1751972367396 1940.7122802734375 17153
1751972368001 809.5890502929688 17154
1751972368578 412.13458251953125 17155
1751972369157 1071.9755859375 17156
1751972369762 810.3412475585938 17157
1751972370335 967.4660034179688 17158
1751972370923 1073.5816650390625 17159
1751972371502 1088.3973388671875 17160
1751972372079 1026.6810302734375 17161
1751972372659 495.9444274902344 17162
1751972373254 872.4581298828125 17163
1751972373846 1490.6693115234375 17164
1751972374425 565.8131713867188 17165
1751972375009 986.2463989257812 17166
1751972375606 1067.3782958984375 17167
1751972376209 788.2114868164062 17168
1751972376794 551.6036376953125 17169
1751972377369 2370.71533203125 17170
1751972377967 1311.133056640625 17171
1751972378555 1778.2698974609375 17172
1751972379148 699.6591186523438 17173
1751972379740 681.4891967773438 17174
1751972380331 1012.8622436523438 17175
1751972380911 474.66998291015625 17176
1751972381507 658.4996948242188 17177
1751972382262 846.6495971679688 17178
1751972383441 579.3026733398438 17179
1751972384280 482.1845703125 17180
1751972385013 857.6681518554688 17181
1751972385701 1318.9185791015625 17182
1751972386370 760.94677734375 17183
1751972386929 692.5457763671875 17184
1751972387499 712.2521362304688 17185
1751972388035 592.171142578125 17186
1751972388568 874.9097900390625 17187
1751972389122 689.5205688476562 17188
1751972389664 1526.4893798828125 17189
1751972390198 681.42333984375 17190
1751972390838 1698.051025390625 17191
1751972391554 1071.6591796875 17192
1751972392242 560.6634521484375 17193
1751972392939 974.3798828125 17194
1751972393604 449.8298034667969 17195
1751972394322 904.9462890625 17196
1751972394915 562.196533203125 17197
1751972395573 544.0050048828125 17198
1751972396246 516.0543212890625 17199
1751972396933 757.1913452148438 17200
1751972397596 649.8366088867188 17201
1751972398829 793.3440551757812 17202
1751972399376 735.1328125 17203
1751972399956 993.6026611328125 17204
1751972400555 610.09765625 17205
1751972401136 927.8212890625 17206
1751972401723 541.7919311523438 17207
1751972402297 677.1433715820312 17208
1751972402888 404.9091796875 17209
1751972403451 753.5792846679688 17210
1751972404014 345.5639343261719 17211
1751972404589 850.0225830078125 17212
1751972405173 1368.81494140625 17213
1751972405750 1876.5767822265625 17214
1751972406323 1177.1820068359375 17215
1751972406908 613.2418212890625 17216
1751972407486 535.1453247070312 17217
1751972408026 756.4013671875 17218
1751972408617 1259.4320068359375 17219
1751972409215 1778.5718994140625 17220
1751972409830 1002.65283203125 17221
1751972410419 766.942626953125 17222
1751972411025 1355.2568359375 17223
1751972411623 510.7906188964844 17224
1751972412206 792.791748046875 17225
1751972412765 768.1713256835938 17226
1751972413298 1204.288330078125 17227
1751972413844 538.24072265625 17228
1751972414378 410.3490905761719 17229
1751972414909 601.5199584960938 17230
1751972415611 734.7492065429688 17231
1751972416234 532.22509765625 17232
1751972416919 386.64288330078125 17233
1751972417516 787.9275512695312 17234
1751972418051 452.464111328125 17235
1751972418583 853.5621337890625 17236
1751972419115 565.3544311523438 17237
1751972419647 614.2925415039062 17238
1751972420179 1281.8492431640625 17239
1751972420710 619.3054809570312 17240
1751972421243 1895.6951904296875 17241
1751972421776 507.830322265625 17242
1751972422310 1070.9757080078125 17243
1751972422847 769.31591796875 17244
1751972423381 403.4423522949219 17245
1751972423918 1195.3079833984375 17246
1751972424450 448.5721740722656 17247
1751972424982 854.9672241210938 17248
1751972425515 745.6370239257812 17249
1751972426048 1725.5462646484375 17250
1751972426581 608.9570922851562 17251
1751972427117 507.2841491699219 17252
1751972427647 483.3051452636719 17253
1751972428183 566.9413452148438 17254
1751972428717 602.1493530273438 17255
1751972429248 1820.8365478515625 17256
1751972429780 851.10986328125 17257
1751972430312 838.8562622070312 17258
1751972430844 447.4366149902344 17259
1751972431380 1822.674072265625 17260
1751972431913 413.7200622558594 17261
1751972432446 731.6021728515625 17262
1751972432985 645.2501831054688 17263
1751972433517 620.012451171875 17264
1751972434048 553.0992431640625 17265
1751972434580 936.8577270507812 17266
1751972435113 804.61962890625 17267
1751972435646 1324.7900390625 17268
1751972436180 1305.7669677734375 17269
1751972436712 674.3683471679688 17270
1751972437244 415.56787109375 17271
1751972437779 852.2322387695312 17272
1751972438319 632.1790161132812 17273
1751972438852 399.8615417480469 17274
1751972439382 324.79522705078125 17275
1751972439914 601.7562866210938 17276
1751972440450 1377.7091064453125 17277
1751972440980 736.7496948242188 17278
1751972441512 478.6112976074219 17279
1751972442043 501.9336853027344 17280
1751972442578 966.2470703125 17281
1751972443117 370.7562561035156 17282
1751972443650 444.8194274902344 17283
1751972444325 926.8059692382812 17284
1751972444985 656.7609252929688 17285
1751972445515 391.0946350097656 17286
1751972446048 579.2433471679688 17287
1751972446579 712.9078979492188 17288
1751972447115 781.5152587890625 17289
1751972447647 420.81182861328125 17290
1751972448182 1022.8497314453125 17291
1751972448785 524.7412109375 17292
1751972449500 1172.232421875 17293
1751972450166 375.2464294433594 17294
1751972450795 1131.831298828125 17295
1751972451333 533.2369384765625 17296
1751972451866 362.7182312011719 17297
1751972452397 668.4166259765625 17298
1751972452941 1292.34619140625 17299
1751972453472 334.8979187011719 17300
1751972454004 479.1595764160156 17301
1751972455212 618.142333984375 17302
1751972455746 625.4738159179688 17303
1751972456282 714.5053100585938 17304
1751972456873 784.4801025390625 17305
1751972457422 701.5274658203125 17306
1751972457960 813.1474609375 17307
1751972458494 508.6659240722656 17308
1751972459176 492.24462890625 17309
1751972459754 399.03948974609375 17310
1751972460324 1710.4451904296875 17311
1751972460929 1269.8756103515625 17312
1751972461494 578.6251831054688 17313
1751972462029 383.66729736328125 17314
1751972462561 459.3591003417969 17315
1751972463121 712.5126342773438 17316
1751972463668 548.0933837890625 17317
1751972464224 562.2586059570312 17318
1751972464806 755.7982788085938 17319
1751972465353 470.4364929199219 17320
1751972465911 266.59210205078125 17321
1751972466449 750.5393676757812 17322
1751972466995 851.3108520507812 17323
1751972467546 1371.3255615234375 17324
1751972468083 452.1608581542969 17325
1751972468645 604.5870971679688 17326
1751972469204 501.082275390625 17327
1751972469753 772.817138671875 17328
1751972470289 534.8648681640625 17329
1751972470845 777.1298217773438 17330
1751972471376 658.5487670898438 17331
1751972471917 658.2321166992188 17332
1751972472462 617.0022583007812 17333
1751972472997 555.4811401367188 17334
1751972473528 773.6619262695312 17335
1751972474058 727.6165771484375 17336
1751972474591 648.8181762695312 17337
1751972475134 436.9596252441406 17338
1751972475667 419.56158447265625 17339
1751972476198 799.1971435546875 17340
1751972476734 571.5466918945312 17341
1751972477276 1463.754150390625 17342
1751972477812 605.8934936523438 17343
1751972478407 573.1189575195312 17344
1751972479011 1393.6297607421875 17345
1751972479603 626.1946411132812 17346
1751972480186 409.3731384277344 17347
1751972480783 312.0839538574219 17348
1751972481387 448.1101989746094 17349
1751972482033 971.73974609375 17350
1751972482762 350.0418395996094 17351
1751972483416 430.50958251953125 17352
1751972484143 1318.8013916015625 17353
1751972484741 483.40087890625 17354
1751972485331 416.67730712890625 17355
1751972485915 340.745361328125 17356
1751972486502 897.7765502929688 17357
1751972487053 702.8146362304688 17358
1751972487639 409.68048095703125 17359
1751972488249 416.8720397949219 17360
1751972488831 306.4463806152344 17361
1751972489421 380.6091003417969 17362
1751972490017 713.9927368164062 17363
1751972490601 708.3563842773438 17364
1751972491173 787.5912475585938 17365
1751972491770 1223.6673583984375 17366
1751972492391 1101.6607666015625 17367
1751972492987 711.0711669921875 17368
1751972493575 729.2346801757812 17369
1751972494112 1829.08984375 17370
1751972494644 896.2896728515625 17371
1751972495183 727.8361206054688 17372
1751972495714 601.7787475585938 17373
1751972496248 704.2351684570312 17374
1751972496802 589.8546142578125 17375
1751972497347 601.47412109375 17376
1751972497900 321.89654541015625 17377
1751972498442 832.0406494140625 17378
1751972498980 527.67578125 17379
1751972499513 677.8486328125 17380
1751972500049 2030.667236328125 17381
1751972500619 543.114013671875 17382
1751972501152 1057.61572265625 17383
1751972501691 402.1136779785156 17384
1751972502247 1662.08203125 17385
1751972502813 769.7797241210938 17386
1751972503381 510.5618591308594 17387
1751972503937 434.4925842285156 17388
1751972504498 894.8860473632812 17389
1751972505041 848.0160522460938 17390
1751972505594 406.65020751953125 17391
1751972506128 843.3573608398438 17392
1751972506669 1346.22509765625 17393
1751972507261 988.16845703125 17394
1751972507805 784.69140625 17395
1751972508352 614.5640869140625 17396
1751972508886 817.798828125 17397
1751972509416 474.1388244628906 17398
1751972509950 1446.537109375 17399
1751972510484 593.0264282226562 17400
1751972511017 532.5036010742188 17401
1751972512244 455.04638671875 17402
1751972512774 1086.6837158203125 17403
1751972513326 1086.4521484375 17404
1751972513891 1324.18603515625 17405
1751972514444 804.8807983398438 17406
1751972514984 1847.3231201171875 17407
1751972515543 605.3244018554688 17408
1751972516202 1101.9422607421875 17409
1751972516873 1108.4404296875 17410
1751972517517 434.1195373535156 17411
1751972518112 899.4260864257812 17412
1751972518645 902.5556640625 17413
1751972519178 1994.1898193359375 17414
1751972519712 667.96240234375 17415
1751972520251 417.6112365722656 17416
1751972520788 621.2037353515625 17417
1751972521326 708.4365234375 17418
1751972521860 1561.7525634765625 17419
1751972522421 437.084228515625 17420
1751972523016 1012.2517700195312 17421
1751972523588 435.1460876464844 17422
1751972524123 419.4749450683594 17423
1751972524676 1190.8026123046875 17424
1751972525217 1187.8878173828125 17425
1751972525790 498.0370178222656 17426
1751972526338 788.2271728515625 17427
1751972526893 1373.763671875 17428
1751972527434 1046.6318359375 17429
1751972527993 609.849365234375 17430
1751972528547 1063.85888671875 17431
1751972529138 481.35693359375 17432
1751972529677 514.7716674804688 17433
1751972530211 616.7099609375 17434
1751972530751 570.425048828125 17435
1751972531295 717.2737426757812 17436
1751972531889 446.4466857910156 17437
1751972532480 538.11083984375 17438
1751972533082 768.4994506835938 17439
1751972533667 395.09130859375 17440
1751972534247 1898.6038818359375 17441
1751972534859 927.9860229492188 17442
1751972535431 565.0087890625 17443
1751972536010 877.0949096679688 17444
1751972536584 313.21630859375 17445
1751972537166 519.51123046875 17446
1751972537739 512.45263671875 17447
1751972538324 697.0883178710938 17448
1751972538895 695.4649658203125 17449
1751972539467 627.0896606445312 17450
1751972540014 613.2243041992188 17451
1751972540590 926.5849609375 17452
1751972541190 699.3284912109375 17453
1751972541789 699.4992065429688 17454
1751972542381 653.6981201171875 17455
1751972542954 391.43511962890625 17456
1751972543559 2100.969482421875 17457
1751972544145 364.31549072265625 17458
1751972544754 888.5988159179688 17459
1751972545355 297.18609619140625 17460
1751972545927 1202.167724609375 17461
1751972546481 509.4620666503906 17462
1751972547026 423.1819763183594 17463
1751972547608 848.5888671875 17464
1751972548178 655.5110473632812 17465
1751972548716 432.47442626953125 17466
1751972549288 488.9848327636719 17467
1751972550017 355.9091491699219 17468
1751972550642 608.0327758789062 17469
1751972551298 979.8338012695312 17470
1751972551829 598.0895385742188 17471
1751972552363 527.0736083984375 17472
1751972552898 664.5767822265625 17473
1751972553439 548.0365600585938 17474
1751972553976 624.4313354492188 17475
1751972554507 1205.093994140625 17476
1751972555086 799.7461547851562 17477
1751972555679 1286.314208984375 17478
1751972556240 405.2973327636719 17479
1751972556920 335.4386291503906 17480
1751972557480 1069.547119140625 17481
1751972558045 1241.7913818359375 17482
1751972558626 699.1531982421875 17483
1751972559162 721.4042358398438 17484
1751972559725 651.9747314453125 17485
1751972560317 464.648681640625 17486
1751972560853 834.8424072265625 17487
1751972561386 645.1251831054688 17488
1751972562004 588.6891479492188 17489
1751972562576 433.9850769042969 17490
1751972563134 684.3912963867188 17491
1751972563673 470.15411376953125 17492
1751972564212 504.59674072265625 17493
1751972564769 699.88818359375 17494
1751972565364 360.0845642089844 17495
1751972566037 976.8245239257812 17496
1751972566662 846.8642578125 17497
1751972567252 483.58203125 17498
1751972567801 1669.541015625 17499
1751972568387 532.4586791992188 17500
1751972568952 1343.9652099609375 17501
1751972570165 420.61895751953125 17502
1751972570698 1646.5853271484375 17503
1751972571233 437.0419921875 17504
1751972571765 334.47027587890625 17505
1751972572309 522.91357421875 17506
1751972572926 465.3106384277344 17507
1751972573463 839.6964721679688 17508
1751972574005 1264.4300537109375 17509
1751972574642 938.3184814453125 17510
1751972575194 1087.4676513671875 17511
1751972575746 401.7190246582031 17512
1751972576357 489.6003112792969 17513
1751972576915 381.30560302734375 17514
1751972577470 846.3687744140625 17515
1751972578072 460.55450439453125 17516
1751972578661 786.4423217773438 17517
1751972579371 421.2770690917969 17518
1751972579987 607.1964721679688 17519
1751972580562 2901.32080078125 17520
1751972581121 432.21337890625 17521
1751972581664 595.2105712890625 17522
1751972582209 813.9871826171875 17523
1751972582918 848.6350708007812 17524
1751972583471 712.68798828125 17525
1751972584021 507.1123962402344 17526
1751972584566 868.3181762695312 17527
1751972585124 649.1714477539062 17528
1751972585664 1019.5789184570312 17529
1751972586211 1168.6199951171875 17530
1751972586763 739.2091674804688 17531
1751972587311 609.4894409179688 17532
1751972587855 409.06793212890625 17533
1751972588399 1188.2025146484375 17534
1751972588945 476.8880310058594 17535
1751972589500 1047.0350341796875 17536
1751972590055 456.59478759765625 17537
1751972590645 598.8689575195312 17538
1751972591230 438.889404296875 17539
1751972591963 2244.502197265625 17540
1751972592512 1190.8062744140625 17541
1751972593197 513.9970092773438 17542
1751972593970 547.07373046875 17543
1751972594550 709.3264770507812 17544
1751972595162 1438.52880859375 17545
1751972595726 2172.659912109375 17546
1751972596279 1200.5404052734375 17547
1751972596889 1508.1697998046875 17548
1751972597440 785.9938354492188 17549
1751972597996 537.5032348632812 17550
1751972598710 1103.6556396484375 17551
1751972599388 669.2689819335938 17552
1751972599961 930.5263671875 17553
1751972600540 1172.323486328125 17554
1751972601105 684.3948364257812 17555
1751972601756 966.5001220703125 17556
1751972602335 602.5964965820312 17557
1751972602915 1456.2015380859375 17558
1751972603499 771.4155883789062 17559
1751972604095 502.65234375 17560
1751972604673 1251.9442138671875 17561
1751972605232 1990.2972412109375 17562
1751972605790 611.4819946289062 17563
1751972606331 414.02716064453125 17564
1751972606868 2087.81640625 17565
1751972607415 988.7761840820312 17566
1751972607957 555.668701171875 17567
1751972608500 530.2783813476562 17568
1751972609043 1327.3206787109375 17569
1751972609599 1767.048095703125 17570
1751972610144 537.9217529296875 17571
1751972610677 478.8822326660156 17572
1751972611226 657.6466064453125 17573
1751972611767 1268.711669921875 17574
1751972612304 405.76904296875 17575
1751972612843 863.6525268554688 17576
1751972613387 896.9617309570312 17577
1751972613922 1116.4285888671875 17578
1751972614458 1071.1595458984375 17579
1751972615007 578.9092407226562 17580
1751972615542 801.3990478515625 17581
1751972616081 686.6763916015625 17582
1751972616623 549.5390014648438 17583
1751972617162 467.26861572265625 17584
1751972617709 964.7879028320312 17585
1751972618291 505.70880126953125 17586
1751972618845 1081.2183837890625 17587
1751972619402 648.5220947265625 17588
1751972619943 656.4634399414062 17589
1751972620808 952.0452270507812 17590
1751972621351 1412.5283203125 17591
1751972622027 697.76953125 17592
1751972622697 330.7165832519531 17593
1751972623237 1432.8062744140625 17594
1751972623772 386.0413513183594 17595
1751972624346 518.1396484375 17596
1751972624884 517.7794799804688 17597
1751972625436 865.8275756835938 17598
1751972626046 474.2904357910156 17599
1751972626608 1315.8250732421875 17600
1751972627168 1381.9013671875 17601
1751972628573 961.5446166992188 17602
1751972629164 1273.9569091796875 17603
1751972629709 484.2797546386719 17604
1751972630256 670.0122680664062 17605
1751972630799 479.4290466308594 17606
1751972631338 544.4255981445312 17607
1751972631881 503.1251525878906 17608
1751972632426 791.2711181640625 17609
1751972632966 436.9098815917969 17610
1751972633504 588.8012084960938 17611
1751972634042 383.8523864746094 17612
1751972634586 877.0271606445312 17613
1751972635254 394.12286376953125 17614
1751972635837 692.9580078125 17615
1751972636431 471.2964782714844 17616
1751972637240 912.4052734375 17617
1751972637781 524.1914672851562 17618
1751972638321 990.9584350585938 17619
1751972638865 489.6932678222656 17620
1751972639404 708.8717041015625 17621
1751972639980 1118.9725341796875 17622
1751972640565 726.70166015625 17623
1751972641119 541.901611328125 17624
1751972641684 701.6819458007812 17625
1751972642226 978.7852783203125 17626
1751972642768 220.2055206298828 17627
1751972643352 432.8578796386719 17628
1751972643920 601.7179565429688 17629
1751972644502 705.2109375 17630
1751972645062 1302.4014892578125 17631
1751972645613 442.0345764160156 17632
1751972646180 1311.3287353515625 17633
1751972646763 568.0276489257812 17634
1751972647368 715.97509765625 17635
1751972647930 772.9700927734375 17636
1751972648543 353.8031005859375 17637
1751972649251 631.9464111328125 17638
1751972649937 709.7252197265625 17639
1751972650674 1167.364501953125 17640
1751972651321 424.0201721191406 17641
1751972651938 584.816650390625 17642
1751972652536 386.3191833496094 17643
1751972653125 786.318603515625 17644
1751972653767 636.4698486328125 17645
1751972654328 505.0367126464844 17646
1751972654882 2256.278076171875 17647
1751972655445 1328.0504150390625 17648
1751972656067 324.8791198730469 17649
1751972656610 422.8106384277344 17650
1751972657208 303.6062927246094 17651
1751972657783 754.3954467773438 17652
1751972658424 789.1150512695312 17653
1751972659073 514.66357421875 17654
1751972659710 479.1368103027344 17655
1751972660257 1443.6796875 17656
1751972660802 1431.744384765625 17657
1751972661341 887.2291259765625 17658
1751972661903 636.2462158203125 17659
1751972662533 602.1485595703125 17660
1751972663138 557.6622924804688 17661
1751972663682 546.3598022460938 17662
1751972664221 1214.2532958984375 17663
1751972664787 443.0111999511719 17664
1751972665335 602.22900390625 17665
1751972665891 1014.5894775390625 17666
1751972666434 769.2178955078125 17667
1751972666989 670.171142578125 17668
1751972667613 1531.6510009765625 17669
1751972668290 417.62042236328125 17670
1751972668828 901.3056030273438 17671
1751972669369 1250.2476806640625 17672
1751972669908 1416.5107421875 17673
1751972670454 921.19140625 17674
1751972670997 594.7156982421875 17675
1751972671538 538.4891967773438 17676
1751972672078 737.38720703125 17677
1751972672616 688.9299926757812 17678
1751972673155 657.2208862304688 17679
1751972673746 604.3829956054688 17680
1751972674379 505.2213439941406 17681
1751972674917 1328.6409912109375 17682
1751972675550 585.63232421875 17683
1751972676190 1217.067626953125 17684
1751972676841 610.5845947265625 17685
1751972677481 528.5551147460938 17686
1751972678147 584.211181640625 17687
1751972678758 995.0912475585938 17688
1751972679338 837.8064575195312 17689
1751972680038 758.9649658203125 17690
1751972680734 717.11865234375 17691
1751972681438 479.22607421875 17692
1751972682126 2637.779541015625 17693
1751972682796 914.1624145507812 17694
1751972683493 893.9142456054688 17695
1751972684144 1602.507080078125 17696
1751972684822 770.0885620117188 17697
1751972685505 791.04736328125 17698
1751972686195 636.4059448242188 17699
1751972686758 1098.3372802734375 17700
1751972687328 1083.7080078125 17701
1751972688580 1033.2412109375 17702
1751972689283 396.3946228027344 17703
1751972689960 426.303466796875 17704
1751972690609 571.04736328125 17705
1751972691277 966.3707275390625 17706
1751972691861 348.9877624511719 17707
1751972692464 573.4478149414062 17708
1751972693195 524.9841918945312 17709
1751972693778 663.9231567382812 17710
1751972694414 511.1794128417969 17711
1751972695106 586.1571655273438 17712
1751972695791 470.90240478515625 17713
1751972696362 1677.6624755859375 17714
1751972696937 463.6095886230469 17715
1751972697597 386.8710632324219 17716
1751972698278 672.8925170898438 17717
1751972698899 774.8307495117188 17718
1751972699442 1641.2935791015625 17719
1751972700040 451.57470703125 17720
1751972700740 422.3703308105469 17721
1751972701424 595.1492309570312 17722
1751972701962 744.4644165039062 17723
1751972702498 1306.015869140625 17724
1751972703037 739.0307006835938 17725
1751972703696 452.2431640625 17726
1751972704230 619.2308959960938 17727
1751972704765 667.4628295898438 17728
1751972705303 1003.2927856445312 17729
1751972705836 691.2182006835938 17730
1751972706371 873.7193603515625 17731
1751972706908 640.1148681640625 17732
1751972707442 1096.5950927734375 17733
1751972707978 808.1729125976562 17734
1751972708513 466.9593811035156 17735
1751972709052 774.4144897460938 17736
1751972709585 673.49169921875 17737
1751972710119 934.8842163085938 17738
1751972710655 1208.751953125 17739
1751972711191 478.33380126953125 17740
1751972711727 1023.4240112304688 17741
1751972712264 530.0220947265625 17742
1751972712798 1277.0361328125 17743
1751972713334 765.3626098632812 17744
1751972713869 768.7675170898438 17745
1751972714403 1051.723388671875 17746
1751972714939 404.7872009277344 17747
1751972715476 369.5361633300781 17748
1751972716012 727.5211181640625 17749
1751972716551 597.0301513671875 17750
1751972717085 335.5548400878906 17751
1751972717618 592.3442993164062 17752
1751972718153 678.5045166015625 17753
1751972718689 441.56427001953125 17754
1751972719227 685.4100341796875 17755
1751972719761 559.2247924804688 17756
1751972720296 574.2698364257812 17757
1751972720832 673.5370483398438 17758
1751972721370 829.9522705078125 17759
1751972721908 828.5260009765625 17760
1751972722443 412.25592041015625 17761
1751972722977 456.51007080078125 17762
1751972723541 457.369384765625 17763
1751972724077 479.30010986328125 17764
1751972724610 394.79473876953125 17765
1751972725145 668.8148803710938 17766
1751972725678 816.0734252929688 17767
1751972726212 366.2983093261719 17768
1751972726748 934.52294921875 17769
1751972727285 533.3092651367188 17770
1751972727820 356.0735168457031 17771
1751972728356 900.4296875 17772
1751972728892 1384.0269775390625 17773
1751972729427 288.7861328125 17774
1751972729962 721.6177978515625 17775
1751972730497 564.0554809570312 17776
1751972731038 1151.8736572265625 17777
1751972731574 947.3101806640625 17778
1751972732108 376.8305358886719 17779
1751972732645 941.0927734375 17780
1751972733179 355.63702392578125 17781
1751972733715 543.3225708007812 17782
1751972734250 657.6278686523438 17783
1751972734786 808.7540893554688 17784
1751972735321 527.3920288085938 17785
1751972735856 629.0009155273438 17786
1751972736393 592.423828125 17787
1751972736935 480.86480712890625 17788
1751972737471 396.3880310058594 17789
1751972738005 870.958984375 17790
1751972738540 309.7697448730469 17791
1751972739077 775.6721801757812 17792
1751972739611 700.024169921875 17793
1751972740147 596.0977172851562 17794
1751972740683 662.3934936523438 17795
1751972741221 938.3776245117188 17796
1751972741758 546.6039428710938 17797
1751972742293 329.1549377441406 17798
1751972742828 415.0027770996094 17799
1751972743364 485.1044616699219 17800
1751972743901 542.8369140625 17801
1751972745100 717.1296997070312 17802
1751972745633 344.5035705566406 17803
1751972746169 1783.083984375 17804
1751972746705 303.67120361328125 17805
1751972747241 494.7715759277344 17806
1751972747774 675.2061767578125 17807
1751972748309 725.6483764648438 17808
1751972748845 475.0687561035156 17809
1751972749380 1442.684814453125 17810
1751972749916 491.40972900390625 17811
1751972750451 1261.695556640625 17812
1751972750982 878.0114135742188 17813
1751972751519 619.2885131835938 17814
1751972752060 821.7579956054688 17815
1751972752596 1013.0963745117188 17816
1751972753131 609.9443359375 17817
1751972753699 755.9533081054688 17818
1751972754234 613.6216430664062 17819
1751972754767 564.0779418945312 17820
1751972755448 1225.1907958984375 17821
1751972756082 619.64599609375 17822
1751972756776 958.9357299804688 17823
1751972757350 409.9620056152344 17824
1751972757887 1506.4202880859375 17825
1751972758423 967.2296752929688 17826
1751972758957 590.25830078125 17827
1751972759492 1562.3519287109375 17828
1751972760027 522.2626342773438 17829
1751972760584 1013.8598022460938 17830
1751972761129 476.3138732910156 17831
1751972761664 559.8306884765625 17832
1751972762206 509.3609313964844 17833
1751972762743 485.01568603515625 17834
1751972763278 407.98565673828125 17835
1751972763812 486.9318542480469 17836
1751972764346 363.7176513671875 17837
1751972764881 659.21875 17838
1751972765415 468.5910339355469 17839
1751972765950 573.1652221679688 17840
1751972766484 1185.2470703125 17841
1751972767021 430.3299865722656 17842
1751972767557 491.0859375 17843
1751972768096 708.2708740234375 17844
1751972768630 401.7123718261719 17845
1751972769166 348.7262268066406 17846
1751972769699 563.5263671875 17847
1751972770232 540.9825439453125 17848
1751972770768 682.4434814453125 17849
1751972771304 1221.5252685546875 17850
1751972771839 1511.283447265625 17851
1751972772379 889.3314819335938 17852
1751972772913 574.1718139648438 17853
1751972773448 900.8777465820312 17854
1751972773983 746.9076538085938 17855
1751972774519 743.4752197265625 17856
1751972775056 390.0880126953125 17857
1751972775592 395.8814697265625 17858
1751972776127 912.2711791992188 17859
1751972776660 513.9056396484375 17860
1751972777201 561.7230834960938 17861
1751972777736 961.189453125 17862
1751972778269 505.3622131347656 17863
1751972778804 553.2326049804688 17864
1751972779339 464.8158874511719 17865
1751972779874 1474.9566650390625 17866
1751972780409 526.4589233398438 17867
1751972780945 1152.1434326171875 17868
1751972781479 375.65069580078125 17869
1751972782014 1277.08203125 17870
1751972782553 626.0260009765625 17871
1751972783090 1277.29736328125 17872
1751972783687 522.7130126953125 17873
1751972784382 735.7001342773438 17874
1751972785054 1102.6322021484375 17875
1751972785669 1074.1224365234375 17876
1751972786208 691.0195922851562 17877
1751972786760 1016.2523803710938 17878
1751972787372 479.3479919433594 17879
1751972787989 403.4729919433594 17880
1751972788579 503.0632019042969 17881
1751972789199 431.9059753417969 17882
1751972789920 493.77978515625 17883
1751972790539 328.6885681152344 17884
1751972791128 560.88525390625 17885
1751972791682 580.5270385742188 17886
1751972792267 622.91552734375 17887
1751972792850 568.5940551757812 17888
1751972793431 527.205078125 17889
1751972794029 571.1749877929688 17890
1751972794617 478.3869323730469 17891
1751972795189 457.26275634765625 17892
1751972795763 494.7578125 17893
1751972796308 540.5726928710938 17894
1751972796921 827.3910522460938 17895
1751972797501 729.2138671875 17896
1751972798101 725.40673828125 17897
1751972798672 485.83795166015625 17898
1751972799250 469.2581481933594 17899
1751972799834 765.4386596679688 17900
1751972800398 1397.0782470703125 17901
1751972801654 1180.79052734375 17902
1751972802238 524.6066284179688 17903
1751972802823 729.6461791992188 17904
1751972803400 1259.5501708984375 17905
1751972803971 991.6707153320312 17906
1751972804533 629.3187866210938 17907
1751972805090 886.6002197265625 17908
1751972805664 985.7396850585938 17909
1751972806249 797.0995483398438 17910
1751972806845 945.2808837890625 17911
1751972807430 373.65631103515625 17912
1751972807996 770.5074462890625 17913
1751972808597 912.4216918945312 17914
1751972809144 1326.3096923828125 17915
1751972809711 440.85595703125 17916
1751972810286 481.6100158691406 17917
1751972810819 858.9100952148438 17918
1751972811352 563.1803588867188 17919
1751972811887 560.2986450195312 17920
1751972812426 573.383056640625 17921
1751972812958 567.8082885742188 17922
1751972813489 558.6516723632812 17923
1751972814041 1626.2021484375 17924
1751972814573 355.4782409667969 17925
1751972815133 447.298828125 17926
1751972815836 1304.2425537109375 17927
1751972816414 378.6676940917969 17928
1751972817115 761.7601928710938 17929
1751972817731 1046.9227294921875 17930
1751972818263 1572.2568359375 17931
1751972818795 315.8234558105469 17932
1751972819328 1306.859375 17933
1751972819863 752.65087890625 17934
1751972820410 1016.1835327148438 17935
1751972820956 798.1651000976562 17936
1751972821490 508.1698303222656 17937
1751972822022 672.4620361328125 17938
1751972822561 495.75689697265625 17939
1751972823097 920.0978393554688 17940
1751972823627 1589.2147216796875 17941
1751972824160 1571.3009033203125 17942
1751972824694 1009.9061889648438 17943
1751972825222 1444.5716552734375 17944
1751972825755 2892.1806640625 17945
1751972826285 1798.1898193359375 17946
1751972826815 636.009033203125 17947
1751972827347 760.9589233398438 17948
1751972827881 1331.1402587890625 17949
1751972828414 351.17889404296875 17950
1751972828948 808.9905395507812 17951
1751972829481 1032.8392333984375 17952
1751972830014 326.0903015136719 17953
1751972830546 274.5230407714844 17954
1751972831082 450.08935546875 17955
1751972831616 365.2458190917969 17956
1751972832175 592.9066772460938 17957
1751972832710 635.1891479492188 17958
1751972833252 552.3187866210938 17959
1751972833816 737.0835571289062 17960
1751972834354 409.50390625 17961
1751972834895 547.5433959960938 17962
1751972835435 846.5563354492188 17963
1751972835995 734.9317016601562 17964
1751972836528 516.8447265625 17965
1751972837067 741.4340209960938 17966
1751972837608 1180.2484130859375 17967
1751972838140 660.1259155273438 17968
1751972838674 434.2306823730469 17969
1751972839211 1816.2152099609375 17970
1751972839746 546.3475341796875 17971
1751972840326 563.6024780273438 17972
1751972840881 434.41802978515625 17973
1751972841536 668.44677734375 17974
1751972842195 581.3187866210938 17975
1751972842883 482.08770751953125 17976
1751972843599 1000.89794921875 17977
1751972844209 694.1539306640625 17978
1751972844814 350.0665588378906 17979
1751972845444 692.63330078125 17980
1751972845990 1182.557373046875 17981
1751972846663 413.1657409667969 17982
1751972847349 765.9603271484375 17983
1751972848049 711.8561401367188 17984
1751972848627 697.1727905273438 17985
1751972849194 585.3413696289062 17986
1751972849802 832.9921875 17987
1751972850338 736.0206909179688 17988
1751972850876 978.1535034179688 17989
1751972851413 956.0563354492188 17990
1751972851948 573.2355346679688 17991
1751972852486 681.5411987304688 17992
1751972853023 1579.2642822265625 17993
1751972853556 723.8096313476562 17994
1751972854094 573.0732421875 17995
1751972854632 924.2708129882812 17996
1751972855168 437.1950378417969 17997
1751972855702 1084.2049560546875 17998
1751972856236 382.1800842285156 17999
1751972856773 591.5681762695312 18000
1751972857310 1556.5701904296875 18001
1751972858495 536.5506591796875 18002
1751972859032 1237.162353515625 18003
1751972859566 808.2443237304688 18004
1751972860102 477.3117370605469 18005
1751972860640 687.4015502929688 18006
1751972861173 918.9190673828125 18007
1751972861707 458.3483581542969 18008
1751972862242 506.25323486328125 18009
1751972862778 631.7923583984375 18010
1751972863313 495.9218444824219 18011
1751972863848 616.693115234375 18012
1751972864389 1752.1549072265625 18013
1751972864926 948.3816528320312 18014
1751972865459 368.9589538574219 18015
1751972865994 424.3077087402344 18016
1751972866532 874.7277221679688 18017
1751972867068 706.4944458007812 18018
1751972867606 558.8775634765625 18019
1751972868141 743.9552001953125 18020
1751972868676 611.6336059570312 18021
1751972869216 927.8878784179688 18022
1751972869748 410.7421875 18023
1751972870286 409.06689453125 18024
1751972870825 1039.1678466796875 18025
1751972871363 234.1126708984375 18026
1751972871898 1066.0849609375 18027
1751972872434 780.8930053710938 18028
1751972872972 594.9923095703125 18029
1751972873507 994.4640502929688 18030
1751972874059 423.13916015625 18031
1751972874601 336.5544128417969 18032
1751972875137 374.339111328125 18033
1751972875671 319.23828125 18034
1751972876206 749.2745971679688 18035
1751972876743 892.4816284179688 18036
1751972877277 511.77911376953125 18037
1751972877812 360.62646484375 18038
1751972878347 350.89337158203125 18039
1751972878884 1113.671630859375 18040
1751972879423 1060.5552978515625 18041
1751972879963 1197.7655029296875 18042
1751972880512 1548.70263671875 18043
1751972881064 1400.8758544921875 18044
1751972881603 1066.098388671875 18045
1751972882138 773.1726684570312 18046
1751972882674 573.3650512695312 18047
1751972883208 510.16656494140625 18048
1751972883741 470.096435546875 18049
1751972884280 1136.5452880859375 18050
1751972884817 1298.5445556640625 18051
1751972885350 647.589599609375 18052
1751972885889 1525.3056640625 18053
1751972886425 590.6889038085938 18054
1751972886961 936.5466918945312 18055
1751972887494 651.1521606445312 18056
1751972888032 1010.0492553710938 18057
1751972888573 548.6468505859375 18058
1751972889109 881.5287475585938 18059
1751972889642 623.0635986328125 18060
1751972890179 627.2388305664062 18061
1751972890714 890.7982788085938 18062
1751972891251 1336.0247802734375 18063
1751972891783 1265.62451171875 18064
1751972892317 1528.9774169921875 18065
1751972892851 903.3302612304688 18066
1751972893389 636.6430053710938 18067
1751972893925 435.1319885253906 18068
1751972894469 584.0316772460938 18069
1751972895002 655.3344116210938 18070
1751972895537 595.0638427734375 18071
1751972896070 371.3190612792969 18072
1751972896608 729.739501953125 18073
1751972897141 1473.229736328125 18074
1751972897676 506.3490295410156 18075
1751972898209 335.1964416503906 18076
1751972898744 625.60595703125 18077
1751972899283 486.514404296875 18078
1751972899817 690.4520874023438 18079
1751972900354 408.61309814453125 18080
1751972900892 328.9161682128906 18081
1751972901429 590.5611572265625 18082
1751972901966 681.5543823242188 18083
1751972902504 540.1400756835938 18084
1751972903039 469.7104187011719 18085
1751972903574 835.9154663085938 18086
1751972904119 668.88916015625 18087
1751972904703 535.6972045898438 18088
1751972905237 996.1813354492188 18089
1751972905860 665.9797973632812 18090
1751972906527 832.83251953125 18091
1751972907153 1438.7537841796875 18092
1751972907753 580.7278442382812 18093
1751972908287 764.3617553710938 18094
1751972908823 1279.5115966796875 18095
1751972909361 426.8056640625 18096
1751972909896 637.1309814453125 18097
1751972910432 582.6491088867188 18098
1751972910968 569.6007080078125 18099
1751972911503 353.3943176269531 18100
1751972912040 907.5048828125 18101
1751972913239 794.2054443359375 18102
1751972913773 436.2689514160156 18103
1751972914308 702.0779418945312 18104
1751972914848 516.99072265625 18105
1751972915382 346.83428955078125 18106
1751972915914 712.1976318359375 18107
1751972916450 373.0564270019531 18108
1751972916988 349.3702697753906 18109
1751972917521 524.1173706054688 18110
1751972918057 289.0704345703125 18111
1751972918594 415.2665710449219 18112
1751972919129 677.1248168945312 18113
1751972919665 658.1538696289062 18114
1751972920202 922.1521606445312 18115
1751972920737 1543.7523193359375 18116
1751972921271 604.537841796875 18117
1751972921805 305.3090515136719 18118
1751972922339 595.7492065429688 18119
1751972922876 393.9666748046875 18120
1751972923410 537.9962768554688 18121
1751972923943 371.2268981933594 18122
1751972924480 546.0266723632812 18123
1751972925017 466.5428161621094 18124
1751972925552 750.5263061523438 18125
1751972926086 410.6883850097656 18126
1751972926625 360.5101013183594 18127
1751972927161 423.4375915527344 18128
1751972927694 1421.97998046875 18129
1751972928230 226.7898406982422 18130
1751972928768 822.0779418945312 18131
1751972929305 327.2705993652344 18132
1751972929841 949.2932739257812 18133
1751972930375 282.9206848144531 18134
1751972930915 1155.1822509765625 18135
1751972931451 399.53619384765625 18136
1751972931986 451.7822265625 18137
1751972932521 823.7250366210938 18138
1751972933056 454.8719787597656 18139
1751972933593 547.3281860351562 18140
1751972934129 491.4642639160156 18141
1751972934696 636.08935546875 18142
1751972935233 1005.6224975585938 18143
1751972935767 723.7708129882812 18144
1751972936300 581.341796875 18145
1751972936835 1274.5799560546875 18146
1751972937371 703.5807495117188 18147
1751972937905 1200.0906982421875 18148
1751972938442 1102.5013427734375 18149
1751972938980 480.2583923339844 18150
1751972939514 617.4645385742188 18151
1751972940052 589.0137939453125 18152
1751972940605 726.42333984375 18153
1751972941152 329.8112487792969 18154
1751972941687 383.3637390136719 18155
1751972942220 554.8038940429688 18156
1751972942756 793.420654296875 18157
1751972943292 730.0499877929688 18158
1751972943830 529.7521362304688 18159
1751972944364 617.9977416992188 18160
1751972944904 489.39947509765625 18161
1751972945440 291.9766540527344 18162
1751972945974 479.6338806152344 18163
1751972946509 237.73179626464844 18164
1751972947048 682.292236328125 18165
1751972947584 605.3255004882812 18166
1751972948120 1062.1199951171875 18167
1751972948658 396.5656433105469 18168
1751972949192 595.7837524414062 18169
1751972949728 1221.2393798828125 18170
1751972950263 508.9881286621094 18171
1751972950797 1089.532958984375 18172
1751972951334 495.13818359375 18173
1751972951871 617.7952270507812 18174
1751972952405 647.3460693359375 18175
1751972952940 1570.9849853515625 18176
1751972953474 1050.601318359375 18177
1751972954007 854.9441528320312 18178
1751972954543 1585.8380126953125 18179
1751972955083 534.3545532226562 18180
1751972955618 557.3560791015625 18181
1751972956153 649.1442260742188 18182
1751972956689 531.3815307617188 18183
1751972957228 1177.3233642578125 18184
1751972957763 398.0556335449219 18185
1751972958297 318.9391784667969 18186
1751972958830 490.32550048828125 18187
1751972959367 1236.244140625 18188
1751972959908 504.0246276855469 18189
1751972960444 511.946533203125 18190
1751972960978 505.017333984375 18191
1751972961513 987.5880737304688 18192
1751972962046 729.3515625 18193
1751972962580 362.1021423339844 18194
1751972963116 305.2651062011719 18195
1751972963651 779.3290405273438 18196
1751972964189 816.3822631835938 18197
1751972964764 693.1290283203125 18198
1751972965299 1614.5052490234375 18199
1751972965834 768.7321166992188 18200
1751972966533 636.5657958984375 18201
1751972967950 1055.579833984375 18202
1751972968519 452.2411804199219 18203
1751972969055 1305.8992919921875 18204
1751972969588 895.1454467773438 18205
1751972970127 660.6897583007812 18206
1751972970662 1626.6673583984375 18207
1751972971196 829.17236328125 18208
1751972971730 676.7839965820312 18209
1751972972265 436.8209533691406 18210
1751972972800 523.16943359375 18211
1751972973336 709.7380981445312 18212
1751972973872 954.4583129882812 18213
1751972974410 1170.7835693359375 18214
1751972974948 669.0800170898438 18215
1751972975488 932.1842041015625 18216
1751972976021 738.7108764648438 18217
1751972976557 392.7992858886719 18218
1751972977090 728.9288330078125 18219
1751972977627 1659.7537841796875 18220
1751972978162 682.4931030273438 18221
1751972978699 1010.5946655273438 18222
1751972979235 1008.0684814453125 18223
1751972979769 597.6163940429688 18224
1751972980307 1002.5232543945312 18225
1751972980840 435.5162048339844 18226
1751972981376 623.2531127929688 18227
1751972981909 511.7923278808594 18228
1751972982445 1294.497314453125 18229
1751972982978 506.4488830566406 18230
1751972983515 610.7449340820312 18231
1751972984048 805.5751953125 18232
1751972984585 679.5858764648438 18233
1751972985124 1257.051513671875 18234
1751972985658 553.0802612304688 18235
1751972986194 823.1256103515625 18236
1751972986728 982.458984375 18237
1751972987265 689.8622436523438 18238
1751972987798 1167.8392333984375 18239
1751972988335 794.12841796875 18240
1751972988870 491.6388244628906 18241
1751972989406 1053.7237548828125 18242
1751972989942 1340.5797119140625 18243
1751972990479 644.6027221679688 18244
1751972991014 2952.763427734375 18245
1751972991549 648.8784790039062 18246
1751972992082 578.9303588867188 18247
1751972992620 869.0106811523438 18248
1751972993160 702.2550659179688 18249
1751972993695 550.6962280273438 18250
1751972994231 1020.3839111328125 18251
1751972994787 597.1130981445312 18252
1751972995327 408.7693176269531 18253
1751972995859 548.13525390625 18254
1751972996393 1065.177001953125 18255
1751972996930 968.6764526367188 18256
1751972997466 303.1514892578125 18257
1751972998000 889.5271606445312 18258
1751972998537 361.8464660644531 18259
1751972999073 1796.223876953125 18260
1751972999608 494.2980041503906 18261
1751973000150 2013.477783203125 18262
1751973000699 562.4088134765625 18263
1751973001247 879.8601684570312 18264
1751973001780 374.9814147949219 18265
1751973002314 622.1598510742188 18266
1751973002848 860.7127075195312 18267
1751973003383 881.57080078125 18268
1751973003918 780.197021484375 18269
1751973004456 383.1697692871094 18270
1751973004989 941.7449340820312 18271
1751973005529 491.0480651855469 18272
1751973006065 664.8058471679688 18273
1751973006601 1196.406982421875 18274
1751973007138 523.6212158203125 18275
1751973007671 1637.2083740234375 18276
1751973008208 1173.3216552734375 18277
1751973008741 404.056884765625 18278
1751973009278 1661.024658203125 18279
1751973009812 726.9757690429688 18280
1751973010351 556.0050048828125 18281
1751973010885 524.8079223632812 18282
1751973011420 506.0108337402344 18283
1751973011954 1081.87060546875 18284
1751973012492 409.8626403808594 18285
1751973013029 807.4357299804688 18286
1751973013563 516.4098510742188 18287
1751973014097 780.0912475585938 18288
1751973014634 624.3544311523438 18289
1751973015174 477.2890625 18290
1751973015709 470.74005126953125 18291
1751973016244 694.0528564453125 18292
1751973016777 1370.8671875 18293
1751973017314 376.2012023925781 18294
1751973017849 2321.858154296875 18295
1751973018385 870.2076416015625 18296
1751973018920 673.2720947265625 18297
1751973019455 734.1360473632812 18298
1751973019991 456.5265197753906 18299
1751973020531 425.0009460449219 18300
1751973021069 504.02294921875 18301
1751973022234 331.7611389160156 18302
1751973022772 557.5972290039062 18303
1751973023304 616.6575927734375 18304
1751973023839 556.1337280273438 18305
1751973024374 892.9783325195312 18306
1751973024939 1160.7685546875 18307
1751973025473 864.0515747070312 18308
1751973026004 642.3845825195312 18309
1751973026692 469.68310546875 18310
1751973027324 1120.658935546875 18311
1751973027966 891.6659545898438 18312
1751973028542 588.7919921875 18313
1751973029079 830.7445678710938 18314
1751973029616 358.5931091308594 18315
1751973030154 670.1949462890625 18316
1751973030691 785.0584106445312 18317
1751973031225 434.894287109375 18318
1751973031760 833.6508178710938 18319
1751973032296 828.9636840820312 18320
1751973032830 1196.3519287109375 18321
1751973033368 753.9550170898438 18322
1751973033903 758.0276489257812 18323
1751973034438 842.4354858398438 18324
1751973034973 680.9491577148438 18325
1751973035510 381.48760986328125 18326
1751973036047 569.0775756835938 18327
1751973036580 599.3760986328125 18328
1751973037116 355.5831298828125 18329
1751973037650 529.5521850585938 18330
1751973038186 702.6985473632812 18331
1751973038721 536.9066772460938 18332
1751973039258 480.7704772949219 18333
1751973039792 408.4678955078125 18334
1751973040331 1882.1041259765625 18335
1751973040867 1900.1595458984375 18336
1751973041401 1107.634033203125 18337
1751973041936 707.4900512695312 18338
1751973042471 735.1652221679688 18339
1751973043007 1722.095947265625 18340
1751973043542 1095.8458251953125 18341
1751973044078 859.9768676757812 18342
1751973044614 620.1034545898438 18343
1751973045151 801.187744140625 18344
1751973045687 263.3147888183594 18345
1751973046224 773.7386474609375 18346
1751973046757 1332.4454345703125 18347
1751973047291 951.5022583007812 18348
1751973047826 649.1705932617188 18349
1751973048360 785.5145874023438 18350
1751973048896 933.6502075195312 18351
1751973049431 428.72247314453125 18352
1751973049964 333.01763916015625 18353
1751973050501 460.1341247558594 18354
1751973051037 656.3041381835938 18355
1751973051573 800.0703125 18356
1751973052110 313.7190856933594 18357
1751973052642 1933.9871826171875 18358
1751973053180 860.3637084960938 18359
1751973053713 1251.0877685546875 18360
1751973054247 350.2014465332031 18361
1751973054783 365.8986511230469 18362
1751973055361 455.2450866699219 18363
1751973055893 530.5110473632812 18364
1751973056426 519.3017578125 18365
1751973056961 493.72491455078125 18366
1751973057498 1616.1732177734375 18367
1751973058031 716.3587646484375 18368
1751973058569 1416.0662841796875 18369
1751973059105 1027.8931884765625 18370
1751973059640 523.5795288085938 18371
1751973060179 1478.2901611328125 18372
1751973060728 364.43719482421875 18373
1751973061277 307.0238952636719 18374
1751973061809 1952.0732421875 18375
1751973062343 518.471435546875 18376
1751973062876 739.1259155273438 18377
1751973063411 482.1852111816406 18378
1751973063947 447.3453674316406 18379
1751973064481 665.7833251953125 18380
1751973065018 474.8544921875 18381
1751973065557 486.6742858886719 18382
1751973066093 633.6929931640625 18383
1751973066627 563.3333740234375 18384
1751973067164 1633.31201171875 18385
1751973067699 1567.712890625 18386
1751973068236 691.3303833007812 18387
1751973068769 529.4918212890625 18388
1751973069303 961.5159301757812 18389
1751973069838 1169.8074951171875 18390
1751973070378 669.602294921875 18391
1751973070915 717.7123413085938 18392
1751973071453 769.5419311523438 18393
1751973071987 524.5009155273438 18394
1751973072519 793.2978515625 18395
1751973073054 993.10400390625 18396
1751973073587 1209.2547607421875 18397
1751973074123 562.2491455078125 18398
1751973074659 950.048828125 18399
1751973075195 1154.9375 18400
1751973075729 1313.8660888671875 18401
1751973076913 1575.650390625 18402
1751973077448 537.1668701171875 18403
1751973077985 637.0513305664062 18404
1751973078522 900.6495971679688 18405
1751973079060 1098.54736328125 18406
1751973079596 1185.0145263671875 18407
1751973080131 579.1010131835938 18408
1751973080669 692.0867919921875 18409
1751973081350 625.7203369140625 18410
1751973081885 1355.060546875 18411
1751973082421 333.3243103027344 18412
1751973082956 2501.984619140625 18413
1751973083491 1083.81787109375 18414
1751973084028 1003.3832397460938 18415
1751973084563 2493.128662109375 18416
1751973085122 1158.9820556640625 18417
1751973085656 1239.4730224609375 18418
1751973086190 1808.3475341796875 18419
1751973086827 1256.275390625 18420
1751973087484 1018.8934936523438 18421
1751973088116 1043.962890625 18422
1751973088709 482.50030517578125 18423
1751973089244 892.4240112304688 18424
1751973089779 1815.9266357421875 18425
1751973090317 762.4423217773438 18426
1751973090850 985.4685668945312 18427
1751973091385 819.8993530273438 18428
1751973091918 750.073974609375 18429
1751973092454 698.0237426757812 18430
1751973092992 724.5307006835938 18431
1751973093526 765.0770263671875 18432
1751973094061 764.0587158203125 18433
1751973094598 728.2970581054688 18434
1751973095134 457.9637756347656 18435
1751973095672 419.5091857910156 18436
1751973096208 930.7477416992188 18437
1751973096746 511.37603759765625 18438
1751973097281 1157.6346435546875 18439
1751973097818 708.6821899414062 18440
1751973098353 334.228759765625 18441
1751973098890 946.2337036132812 18442
1751973099427 595.8648681640625 18443
1751973099962 689.8871459960938 18444
1751973100504 510.6356506347656 18445
1751973101040 754.9647827148438 18446
1751973101574 482.8517761230469 18447
1751973102106 382.5827331542969 18448
1751973102642 750.0432739257812 18449
1751973103180 647.7391967773438 18450
1751973103714 344.7718811035156 18451
1751973104247 602.6541137695312 18452
1751973104782 631.72900390625 18453
1751973105321 395.9703063964844 18454
1751973105858 447.2215881347656 18455
1751973106394 1096.1151123046875 18456
1751973106930 507.0132751464844 18457
1751973107465 1164.1676025390625 18458
1751973108003 1088.6912841796875 18459
1751973108537 377.1707763671875 18460
1751973109073 331.2255859375 18461
1751973109611 440.0258483886719 18462
1751973110145 1931.4027099609375 18463
1751973110689 463.3145446777344 18464
1751973111226 608.4071655273438 18465
1751973111761 506.239501953125 18466
1751973112298 988.3229370117188 18467
1751973112833 567.4774169921875 18468
1751973113365 474.2995300292969 18469
1751973113901 713.1035766601562 18470
1751973114437 1340.957275390625 18471
1751973114973 758.9290161132812 18472
1751973115549 462.8376159667969 18473
1751973116083 830.7308959960938 18474
1751973116620 888.6124877929688 18475
1751973117155 715.9553833007812 18476
1751973117692 821.5115356445312 18477
1751973118229 1063.4200439453125 18478
1751973118764 608.0670776367188 18479
1751973119299 371.0903015136719 18480
1751973119837 1718.8658447265625 18481
1751973120387 858.1436767578125 18482
1751973120937 978.8414306640625 18483
1751973121475 1074.2867431640625 18484
1751973122008 372.5957946777344 18485
1751973122542 658.196533203125 18486
1751973123080 1488.3121337890625 18487
1751973123616 1059.580322265625 18488
1751973124150 2252.62939453125 18489
1751973124688 369.0509948730469 18490
1751973125226 619.5878295898438 18491
1751973125760 710.817626953125 18492
1751973126296 1593.3336181640625 18493
1751973126832 489.9012756347656 18494
1751973127367 930.1320190429688 18495
1751973127902 596.2944946289062 18496
1751973128434 678.7311401367188 18497
1751973128969 1117.089111328125 18498
1751973129506 796.884765625 18499
1751973130037 912.845703125 18500
1751973130578 593.2232666015625 18501
1751973131742 1044.1099853515625 18502
1751973132276 391.8094787597656 18503
1751973132812 1323.0745849609375 18504
1751973133348 938.0502319335938 18505
1751973133883 370.43572998046875 18506
1751973134421 352.2511901855469 18507
1751973134956 714.7062377929688 18508
1751973135496 591.3923950195312 18509
1751973136031 794.69287109375 18510
1751973136569 700.5252075195312 18511
1751973137107 389.99163818359375 18512
1751973137641 739.7902221679688 18513
1751973138176 460.3341979980469 18514
1751973138714 938.2365112304688 18515
1751973139284 714.7946166992188 18516
1751973139983 398.5719299316406 18517
1751973140689 385.223876953125 18518
1751973141395 387.2203369140625 18519
1751973142098 1605.407470703125 18520
1751973142793 1294.54541015625 18521
1751973143439 988.1853637695312 18522
1751973144096 438.33404541015625 18523
1751973144812 812.87939453125 18524
1751973145499 532.6176147460938 18525
1751973146166 1142.4149169921875 18526
1751973146750 374.7078857421875 18527
1751973147332 705.7947998046875 18528
1751973147967 374.25836181640625 18529
1751973148665 344.3829345703125 18530
1751973149245 623.798583984375 18531
1751973149854 915.5017700195312 18532
1751973150555 840.03515625 18533
1751973151180 458.468505859375 18534
1751973151715 1090.3048095703125 18535
1751973152250 460.276611328125 18536
1751973152787 1122.548828125 18537
1751973153327 662.6041259765625 18538
1751973153906 850.6511840820312 18539
1751973154529 696.0859375 18540
1751973155084 251.74107360839844 18541
1751973155688 791.5578002929688 18542
1751973156296 455.20294189453125 18543
1751973156832 576.8590698242188 18544
1751973157368 805.1103515625 18545
1751973157909 565.9310913085938 18546
1751973158446 466.2941589355469 18547
1751973158983 510.10723876953125 18548
1751973159519 498.5943298339844 18549
1751973160053 383.3391418457031 18550
1751973160592 521.7130737304688 18551
1751973161133 300.7926940917969 18552
1751973161670 569.1456909179688 18553
1751973162209 1205.2049560546875 18554
1751973162746 998.2763671875 18555
1751973163281 1164.9725341796875 18556
1751973163813 1549.8953857421875 18557
1751973164350 393.5289001464844 18558
1751973164884 1684.8883056640625 18559
1751973165421 2689.11279296875 18560
1751973165953 622.11083984375 18561
1751973166488 507.48590087890625 18562
1751973167022 1524.5025634765625 18563
1751973167558 390.348388671875 18564
1751973168098 1240.138671875 18565
1751973168637 623.7306518554688 18566
1751973169173 1087.123779296875 18567
1751973169710 565.6564331054688 18568
1751973170243 942.7916259765625 18569
1751973170780 419.90234375 18570
1751973171313 947.1464233398438 18571
1751973171850 510.8251037597656 18572
1751973172382 566.4244995117188 18573
1751973172922 868.7371215820312 18574
1751973173458 1003.3436889648438 18575
1751973173990 496.8966369628906 18576
1751973174526 559.0789184570312 18577
1751973175061 1218.486328125 18578
1751973175596 1018.8490600585938 18579
1751973176133 1523.0054931640625 18580
1751973176669 760.1945190429688 18581
1751973177202 958.5360717773438 18582
1751973177739 1259.2525634765625 18583
1751973178273 1038.8529052734375 18584
1751973178807 459.57476806640625 18585
1751973179341 445.7787780761719 18586
1751973179878 1424.1285400390625 18587
1751973180425 732.6215209960938 18588
1751973180978 800.39208984375 18589
1751973181513 1259.555908203125 18590
1751973182048 412.6290588378906 18591
1751973182582 2179.151123046875 18592
1751973183121 493.9378356933594 18593
1751973183656 733.4166870117188 18594
1751973184192 751.9799194335938 18595
1751973184729 649.06884765625 18596
1751973185295 969.7815551757812 18597
1751973185829 661.3563842773438 18598
1751973186365 1408.1529541015625 18599
1751973186898 1562.4130859375 18600
1751973187435 851.4254150390625 18601
1751973188679 746.0496826171875 18602
1751973189214 745.8361206054688 18603
1751973189747 493.57501220703125 18604
1751973190282 789.2180786132812 18605
1751973190815 619.9993896484375 18606
1751973191351 1149.3631591796875 18607
1751973191886 1364.2884521484375 18608
1751973192420 540.0504760742188 18609
1751973192954 546.5014038085938 18610
1751973193493 1033.2001953125 18611
1751973194026 771.3291015625 18612
1751973194562 1089.5701904296875 18613
1751973195094 346.99267578125 18614
1751973195632 891.0621948242188 18615
1751973196170 1224.8592529296875 18616
1751973196706 436.6441345214844 18617
1751973197243 596.4125366210938 18618
1751973197775 678.0494384765625 18619
1751973198312 407.3858337402344 18620
1751973198847 1112.228515625 18621
1751973199383 796.1715698242188 18622
1751973199916 374.675537109375 18623
1751973200452 783.221923828125 18624
1751973200987 435.4501037597656 18625
1751973201524 906.6031494140625 18626
1751973202059 723.7947387695312 18627
1751973202607 319.14886474609375 18628
1751973203143 768.2234497070312 18629
1751973203679 766.78466796875 18630
1751973204214 977.77734375 18631
1751973204750 683.5394897460938 18632
1751973205286 938.8571166992188 18633
1751973205819 460.8860778808594 18634
1751973206358 543.6574096679688 18635
1751973206896 738.996337890625 18636
1751973207430 406.71435546875 18637
1751973207965 469.0600280761719 18638
1751973208505 462.19342041015625 18639
1751973209039 497.9736022949219 18640
1751973209572 528.1185302734375 18641
1751973210107 434.65362548828125 18642
1751973210643 433.27392578125 18643
1751973211179 426.9384765625 18644
1751973211714 604.8636474609375 18645
1751973212247 1459.506591796875 18646
1751973212783 851.5592041015625 18647
1751973213321 761.5548706054688 18648
1751973213855 548.6597900390625 18649
1751973214391 671.3199462890625 18650
1751973214926 302.1568603515625 18651
1751973215489 495.5577087402344 18652
1751973216022 318.89306640625 18653
1751973216561 481.8045349121094 18654
1751973217248 975.6205444335938 18655
1751973217876 601.1935424804688 18656
1751973218514 764.9366455078125 18657
1751973219050 968.5486450195312 18658
1751973219587 670.0414428710938 18659
1751973220122 467.9118347167969 18660
1751973220657 712.7631225585938 18661
1751973221195 597.0009765625 18662
1751973221732 452.8389587402344 18663
1751973222266 378.6808776855469 18664
1751973222801 441.5876159667969 18665
1751973223336 637.9076538085938 18666
1751973223873 442.78448486328125 18667
1751973224413 305.53973388671875 18668
1751973224949 656.5194702148438 18669
1751973225484 793.8429565429688 18670
1751973226019 589.93408203125 18671
1751973226557 523.1588134765625 18672
1751973227091 296.4327087402344 18673
1751973227627 382.2375183105469 18674
1751973228161 466.0625 18675
1751973228702 726.220458984375 18676
1751973229238 1657.0400390625 18677
1751973229771 435.8721618652344 18678
1751973230306 750.8573608398438 18679
1751973230841 393.9176940917969 18680
1751973231376 811.2488403320312 18681
1751973231909 1071.1336669921875 18682
1751973232449 1225.3963623046875 18683
1751973232984 636.70361328125 18684
1751973233521 802.779296875 18685
1751973234057 539.1676635742188 18686
1751973234593 332.8473205566406 18687
1751973235128 485.8860778808594 18688
1751973235665 992.4693603515625 18689
1751973236199 602.7055053710938 18690
1751973236736 2546.388427734375 18691
1751973237270 509.4180603027344 18692
1751973237806 576.2437744140625 18693
1751973238341 966.0984497070312 18694
1751973238880 301.2547912597656 18695
1751973239415 1251.59326171875 18696
1751973239956 1728.9256591796875 18697
1751973240514 1049.5081787109375 18698
1751973241062 669.6996459960938 18699
1751973241598 1082.6748046875 18700
1751973242133 1236.7303466796875 18701
1751973243390 580.1068725585938 18702
1751973243926 747.2584838867188 18703
1751973244461 873.6459350585938 18704
1751973244997 974.2349853515625 18705
1751973245564 741.92333984375 18706
1751973246097 1334.796142578125 18707
1751973246633 442.42022705078125 18708
1751973247171 984.44140625 18709
1751973247707 564.42578125 18710
1751973248244 796.6946411132812 18711
1751973248784 578.5568237304688 18712
1751973249317 675.8395385742188 18713
1751973249851 1089.674072265625 18714
1751973250387 1920.1282958984375 18715
1751973250921 794.8587036132812 18716
1751973251458 465.22784423828125 18717
1751973251990 706.0940551757812 18718
1751973252526 749.98779296875 18719
1751973253064 493.4335632324219 18720
1751973253600 1308.1763916015625 18721
1751973254137 422.9840393066406 18722
1751973254671 519.1544799804688 18723
1751973255209 1390.2271728515625 18724
1751973255742 562.08740234375 18725
1751973256279 1110.4207763671875 18726
1751973256812 1649.81640625 18727
1751973257351 892.8739624023438 18728
1751973257886 746.8200073242188 18729
1751973258422 790.0088500976562 18730
1751973258957 481.9728698730469 18731
1751973259491 671.3136596679688 18732
1751973260026 519.4339599609375 18733
1751973260562 474.7950744628906 18734
1751973261098 522.5834350585938 18735
1751973261633 611.7512817382812 18736
1751973262168 1541.7711181640625 18737
1751973262704 1418.1785888671875 18738
1751973263239 529.7537231445312 18739
1751973263831 1161.58203125 18740
1751973264399 454.58135986328125 18741
1751973265050 1470.5899658203125 18742
1751973265713 1034.7506103515625 18743
1751973266245 633.8230590820312 18744
1751973266806 1446.81787109375 18745
1751973267353 439.8092346191406 18746
1751973267886 808.9049682617188 18747
1751973268429 373.7251281738281 18748
1751973268974 340.8673400878906 18749
1751973269517 676.37109375 18750
1751973270056 622.7703247070312 18751
1751973270610 300.7627868652344 18752
1751973271173 549.8690795898438 18753
1751973271727 1243.49462890625 18754
1751973272277 1648.6458740234375 18755
1751973272822 580.7958374023438 18756
1751973273408 668.1575317382812 18757
1751973273973 532.2215576171875 18758
1751973274535 295.51544189453125 18759
1751973275072 707.0228881835938 18760
1751973275636 933.4301147460938 18761
1751973276169 380.5248107910156 18762
1751973276709 754.371337890625 18763
1751973277255 1200.3955078125 18764
1751973277787 515.5491333007812 18765
1751973278323 466.8687438964844 18766
1751973278886 1179.1668701171875 18767
1751973279433 502.6288146972656 18768
1751973279964 674.3974609375 18769
1751973280515 1586.7357177734375 18770
1751973281089 1531.0985107421875 18771
1751973281621 869.58984375 18772
1751973282302 355.8321838378906 18773
1751973282916 466.079833984375 18774
1751973283831 1119.4012451171875 18775
1751973284371 546.5173950195312 18776
1751973284904 976.97119140625 18777
1751973285456 370.3160095214844 18778
1751973286020 968.8951416015625 18779
1751973286556 543.8116455078125 18780
1751973287103 1669.134033203125 18781
1751973287646 1073.4215087890625 18782
1751973288182 449.2306823730469 18783
1751973288729 692.4678955078125 18784
1751973289278 566.7119140625 18785
1751973290104 532.8432006835938 18786
1751973290954 723.2522583007812 18787
1751973291497 591.3358154296875 18788
1751973292093 960.4778442382812 18789
1751973292646 957.8956909179688 18790
1751973293214 806.8878173828125 18791
1751973293782 604.22607421875 18792
1751973294383 405.9570007324219 18793
1751973294916 349.875732421875 18794
1751973295459 406.7557373046875 18795
1751973296011 894.5821533203125 18796
1751973296616 400.4599304199219 18797
1751973297196 357.91510009765625 18798
1751973297749 441.7049865722656 18799
1751973298374 1156.545166015625 18800
1751973298938 429.0354919433594 18801
1751973300207 534.48291015625 18802
1751973300800 333.74615478515625 18803
1751973301467 701.8085327148438 18804
1751973308933 700.7572631835938 18805
1751973311074 558.1217041015625 18806
1751973312173 846.5914306640625 18807
1751973312870 555.6815795898438 18808
1751973313730 610.4692993164062 18809
1751973314886 319.4832763671875 18810
1751973316083 828.9347534179688 18811
1751973316646 515.203125 18812
1751973317224 572.4183349609375 18813
1751973317820 661.1224975585938 18814
1751973318422 806.6448974609375 18815
1751973319016 1550.8043212890625 18816
1751973319569 928.0107421875 18817
1751973320134 401.0113830566406 18818
1751973320686 308.7701416015625 18819
1751973321235 705.33251953125 18820
1751973321786 503.0016784667969 18821
1751973322343 662.8922729492188 18822
1751973322898 302.7716369628906 18823
1751973323456 883.8603515625 18824
1751973324019 1441.351806640625 18825
1751973324569 552.4908447265625 18826
1751973325184 1721.548828125 18827
1751973325976 448.7677307128906 18828
1751973326747 656.070556640625 18829
1751973327560 1038.1708984375 18830
1751973328337 464.0980529785156 18831
1751973329081 600.3348999023438 18832
1751973329830 695.94482421875 18833
1751973330563 370.1659240722656 18834
1751973331331 1834.050048828125 18835
1751973332057 547.6091918945312 18836
1751973332781 414.4071350097656 18837
1751973333535 436.3863220214844 18838
1751973334268 472.7425842285156 18839
1751973335010 971.0602416992188 18840
1751973335759 1591.7039794921875 18841
1751973336504 481.54010009765625 18842
1751973337225 837.7946166992188 18843
1751973337969 570.8970947265625 18844
1751973338709 357.904541015625 18845
1751973339454 662.1480102539062 18846
1751973340199 1504.9862060546875 18847
1751973340976 431.90362548828125 18848
1751973341735 1360.3853759765625 18849
1751973342475 767.3486328125 18850
1751973343209 877.6002197265625 18851
1751973343961 1332.975830078125 18852
1751973344690 608.8949584960938 18853
1751973345426 405.4515686035156 18854
1751973346191 469.68798828125 18855
1751973346922 541.19677734375 18856
1751973347649 577.876708984375 18857
1751973348399 437.9118347167969 18858
1751973349104 961.3800048828125 18859
1751973349836 320.7039489746094 18860
1751973350585 1486.500244140625 18861
1751973351322 861.0374145507812 18862
1751973352039 707.52001953125 18863
1751973352752 630.1284790039062 18864
1751973353501 352.2483825683594 18865
1751973354230 361.1610412597656 18866
1751973354975 840.9669799804688 18867
1751973355711 472.6953125 18868
1751973356456 509.724365234375 18869
1751973357236 459.1507873535156 18870
1751973360029 753.3019409179688 18871
1751973360615 802.3623657226562 18872
1751973361188 1039.2711181640625 18873
1751973361729 279.1053161621094 18874
1751973362266 961.5925903320312 18875
1751973362806 478.32427978515625 18876
1751973363381 618.9003295898438 18877
1751973363916 546.6934814453125 18878
1751973364451 834.9935913085938 18879
1751973364996 784.43603515625 18880
1751973365537 789.6163940429688 18881
1751973366146 395.79034423828125 18882
1751973366683 559.7850952148438 18883
1751973367227 2384.880126953125 18884
1751973367862 523.49755859375 18885
1751973368503 562.1005249023438 18886
1751973369131 1113.4178466796875 18887
1751973369778 874.7838134765625 18888
1751973370412 927.58203125 18889
1751973370954 545.3557739257812 18890
1751973371529 624.67919921875 18891
1751973372073 340.1573181152344 18892
1751973372621 481.06396484375 18893
1751973373156 654.4274291992188 18894
1751973373691 1035.672119140625 18895
1751973374230 512.8900146484375 18896
1751973374766 550.77392578125 18897
1751973375301 952.1314697265625 18898
1751973375838 1768.745361328125 18899
1751973376373 798.5652465820312 18900
1751973376910 480.54986572265625 18901
1751973378161 369.10589599609375 18902
1751973378752 736.9684448242188 18903
1751973379321 350.19403076171875 18904
1751973379885 316.675537109375 18905
1751973380457 1075.2880859375 18906
1751973381018 464.8136901855469 18907
1751973381584 1325.9080810546875 18908
1751973382153 369.89031982421875 18909
1751973382724 577.9949340820312 18910
1751973383294 993.2572631835938 18911
1751973383859 1225.3043212890625 18912
1751973384426 580.8414916992188 18913
1751973384991 230.2979278564453 18914
1751973385557 341.1732482910156 18915
1751973386123 1319.49609375 18916
1751973386692 638.0567626953125 18917
1751973387259 739.11328125 18918
1751973387825 482.10870361328125 18919
1751973388390 1095.2471923828125 18920
1751973388969 356.5367126464844 18921
1751973389510 550.2384033203125 18922
1751973390054 709.8741455078125 18923
1751973390590 919.8232421875 18924
1751973391123 570.0289916992188 18925
1751973391660 903.611328125 18926
1751973392196 890.4638061523438 18927
1751973392736 613.69287109375 18928
1751973393274 586.4963989257812 18929
1751973393810 1360.0926513671875 18930
1751973394344 617.361328125 18931
1751973394888 687.0883178710938 18932
1751973395430 1488.755615234375 18933
1751973395966 806.3777465820312 18934
1751973396550 736.9263916015625 18935
1751973397096 730.1044311523438 18936
1751973397676 452.154296875 18937
1751973398396 449.8035583496094 18938
1751973398992 1020.9129028320312 18939
1751973399636 441.90283203125 18940
1751973400172 692.002197265625 18941
1751973400710 491.3206481933594 18942
1751973401251 808.8052368164062 18943
1751973401789 1383.8790283203125 18944
1751973402323 857.8441772460938 18945
1751973402857 634.6786499023438 18946
1751973403394 1053.01806640625 18947
1751973403927 1575.770751953125 18948
1751973404465 446.7203063964844 18949
1751973405004 1986.486328125 18950
1751973405538 601.8666381835938 18951
1751973406075 590.8045043945312 18952
1751973406611 806.5741577148438 18953
1751973407147 392.9447937011719 18954
1751973407684 372.66339111328125 18955
1751973408225 2038.408447265625 18956
1751973408760 659.3566284179688 18957
1751973409294 346.37969970703125 18958
1751973409838 1740.747314453125 18959
1751973410374 446.0185546875 18960
1751973410912 724.8148803710938 18961
1751973411450 343.7151794433594 18962
1751973411985 954.9501342773438 18963
1751973412522 632.3995971679688 18964
1751973413062 448.62164306640625 18965
1751973413600 386.26995849609375 18966
1751973414136 861.8504028320312 18967
1751973414677 526.74560546875 18968
1751973415214 508.3676452636719 18969
1751973415751 869.5543823242188 18970
1751973416288 654.3327026367188 18971
1751973416823 461.7721862792969 18972
1751973417355 721.8046264648438 18973
1751973417891 539.5031127929688 18974
1751973418429 383.9542236328125 18975
1751973418967 1033.3492431640625 18976
1751973419500 1035.7476806640625 18977
1751973420042 1033.6263427734375 18978
1751973420593 325.2536315917969 18979
1751973421139 897.5852661132812 18980
1751973421674 660.4808959960938 18981
1751973422212 443.6823425292969 18982
1751973422753 566.9226684570312 18983
1751973423288 542.6915893554688 18984
1751973423823 407.4635009765625 18985
1751973424357 542.6396484375 18986
1751973424897 721.50341796875 18987
1751973425434 1758.097900390625 18988
1751973425971 864.0922241210938 18989
1751973426529 647.5018920898438 18990
1751973427064 1308.1199951171875 18991
1751973427601 589.0341186523438 18992
1751973428137 723.37548828125 18993
1751973428674 367.6832580566406 18994
1751973429209 517.5266723632812 18995
1751973429752 853.6305541992188 18996
1751973430287 674.6444702148438 18997
1751973430822 1060.5352783203125 18998
1751973431357 597.2293090820312 18999
1751973431891 734.1957397460938 19000
1751973432427 533.9509887695312 19001
1751973433587 707.1141967773438 19002
1751973434122 455.7541198730469 19003
1751973434661 1236.494140625 19004
1751973435196 818.0980834960938 19005
1751973435735 420.465576171875 19006
1751973436273 881.9400634765625 19007
1751973436809 791.0114135742188 19008
1751973437346 793.4254150390625 19009
1751973437882 324.1844787597656 19010
1751973438416 397.68304443359375 19011
1751973438952 570.5037841796875 19012
1751973439487 811.4580078125 19013
1751973440027 737.5068359375 19014
1751973440564 885.4302978515625 19015
1751973441104 934.9359741210938 19016
1751973441637 565.1802368164062 19017
1751973442174 632.722412109375 19018
1751973442709 885.83837890625 19019
1751973443245 774.4415893554688 19020
1751973443783 374.3822021484375 19021
1751973444318 557.1617431640625 19022
1751973444862 357.41473388671875 19023
1751973445399 417.86212158203125 19024
1751973445935 732.4267578125 19025
1751973446471 669.4918212890625 19026
1751973447008 1400.9361572265625 19027
1751973447545 695.5044555664062 19028
1751973448080 546.9628295898438 19029
1751973448618 471.4543151855469 19030
1751973449152 573.3562622070312 19031
1751973449691 777.2465209960938 19032
1751973450229 1680.5869140625 19033
1751973450772 850.8060913085938 19034
1751973451307 515.75048828125 19035
1751973451842 861.5904541015625 19036
1751973452379 974.0675659179688 19037
1751973452917 578.5640869140625 19038
1751973453455 904.7481689453125 19039
1751973453993 406.72235107421875 19040
1751973454530 457.12701416015625 19041
1751973455070 1581.2552490234375 19042
1751973455605 492.9634704589844 19043
1751973456140 466.1231994628906 19044
1751973456723 489.17657470703125 19045
1751973457259 528.5923461914062 19046
1751973457799 545.8663940429688 19047
1751973458506 1255.7960205078125 19048
1751973459116 1843.388671875 19049
1751973459800 802.8910522460938 19050
1751973460418 538.5188598632812 19051
1751973460953 268.0479431152344 19052
1751973461489 502.33551025390625 19053
1751973462023 614.9450073242188 19054
1751973462562 637.0555419921875 19055
1751973463098 811.4354858398438 19056
1751973463634 441.58331298828125 19057
1751973464171 1017.2865600585938 19058
1751973464706 372.98419189453125 19059
1751973465245 1907.3707275390625 19060
1751973465780 393.273193359375 19061
1751973466315 978.3869018554688 19062
1751973466852 572.1982421875 19063
1751973467388 771.1229248046875 19064
1751973467923 2110.786376953125 19065
1751973468459 968.0770874023438 19066
1751973468996 529.83984375 19067
1751973469533 569.7489624023438 19068
1751973470069 1068.1422119140625 19069
1751973470611 1054.9080810546875 19070
1751973471146 534.0635375976562 19071
1751973471680 546.679443359375 19072
1751973472216 787.5480346679688 19073
1751973472753 399.29632568359375 19074
1751973473296 885.0109252929688 19075
1751973473831 716.957763671875 19076
1751973474366 766.5970458984375 19077
1751973474903 803.53662109375 19078
1751973475444 808.3604736328125 19079
1751973475980 552.0985717773438 19080
1751973476514 525.640869140625 19081
1751973477050 830.6019897460938 19082
1751973477586 422.925048828125 19083
1751973478123 481.54815673828125 19084
1751973478659 473.171630859375 19085
1751973479192 516.539306640625 19086
1751973479730 331.2054138183594 19087
1751973480276 612.9588012695312 19088
1751973480822 922.9033203125 19089
1751973481370 667.8096923828125 19090
1751973481906 2276.881591796875 19091
1751973482442 493.2464904785156 19092
1751973482980 481.8310546875 19093
1751973483518 697.0498657226562 19094
1751973484057 688.7520141601562 19095
1751973484595 1648.983642578125 19096
1751973485133 555.5982666015625 19097
1751973485676 350.23162841796875 19098
1751973486211 777.38623046875 19099
1751973486764 447.61962890625 19100
1751973487300 1482.550048828125 19101
1751973488513 941.60888671875 19102
1751973489051 351.6848449707031 19103
1751973489587 393.85675048828125 19104
1751973490126 684.0513916015625 19105
1751973490666 337.3170166015625 19106
1751973491203 941.4597778320312 19107
1751973491739 539.3618774414062 19108
1751973492275 1174.2308349609375 19109
1751973492811 406.3490295410156 19110
1751973493348 2011.2197265625 19111
1751973493884 459.302734375 19112
1751973494418 679.5829467773438 19113
1751973494954 512.6578979492188 19114
1751973495498 1100.82080078125 19115
1751973496038 602.4722900390625 19116
1751973496577 836.7525634765625 19117
1751973497113 330.30419921875 19118
1751973497650 513.3059692382812 19119
1751973498185 1213.6243896484375 19120
1751973498722 608.094482421875 19121
1751973499257 1224.06982421875 19122
1751973499794 319.2672424316406 19123
1751973500330 811.3646850585938 19124
1751973500863 725.5942993164062 19125
1751973501395 540.71044921875 19126
1751973501932 685.4619750976562 19127
1751973502467 803.8203125 19128
1751973503004 862.1008911132812 19129
1751973503540 1315.8785400390625 19130
1751973504075 734.0812377929688 19131
1751973504610 1811.1683349609375 19132
1751973505145 1380.7713623046875 19133
1751973505685 755.5087890625 19134
1751973506222 1474.7213134765625 19135
1751973506756 714.7174072265625 19136
1751973507292 2028.7430419921875 19137
1751973507830 1281.6512451171875 19138
1751973508368 872.3407592773438 19139
1751973508903 876.5439453125 19140
1751973509440 820.748046875 19141
1751973509975 2312.821044921875 19142
1751973510521 736.9915161132812 19143
1751973511058 802.93212890625 19144
1751973511595 898.6357421875 19145
1751973512130 640.6280517578125 19146
1751973512666 1183.050048828125 19147
1751973513205 1270.5745849609375 19148
1751973513743 842.7247924804688 19149
1751973514280 1173.8262939453125 19150
1751973514816 500.8317565917969 19151
1751973515353 768.3428344726562 19152
1751973515890 725.8595581054688 19153
1751973516429 1358.816650390625 19154
1751973517010 1268.45849609375 19155
1751973517545 311.689453125 19156
1751973518081 396.0419921875 19157
1751973518783 1442.868408203125 19158
1751973519418 506.9380798339844 19159
1751973520080 837.8041381835938 19160
1751973520677 594.70556640625 19161
1751973521215 836.3234252929688 19162
1751973521755 1128.500244140625 19163
1751973522292 613.8265991210938 19164
1751973522826 778.1055908203125 19165
1751973523362 558.5525512695312 19166
1751973523900 1485.3616943359375 19167
1751973524437 535.2197265625 19168
1751973524972 965.6486206054688 19169
1751973525515 651.9940795898438 19170
1751973526054 365.5440368652344 19171
1751973526592 501.53399658203125 19172
1751973527126 513.9857177734375 19173
1751973527658 683.27734375 19174
1751973528193 500.5174865722656 19175
1751973528728 1207.471435546875 19176
1751973529263 1045.3187255859375 19177
1751973529797 499.805908203125 19178
1751973530332 624.5850219726562 19179
1751973530866 842.6497192382812 19180
1751973531403 478.9508361816406 19181
1751973531936 942.0795288085938 19182
1751973532475 814.8912963867188 19183
1751973533010 409.3039245605469 19184
1751973533545 785.551513671875 19185
1751973534082 483.1161804199219 19186
1751973534614 611.5485229492188 19187
1751973535151 663.762451171875 19188
1751973535694 1074.740234375 19189
1751973536230 955.87890625 19190
1751973536766 891.06982421875 19191
1751973537303 1473.9228515625 19192
1751973537842 522.1013793945312 19193
1751973538378 664.677978515625 19194
1751973538912 1163.6043701171875 19195
1751973539449 635.7025756835938 19196
1751973539987 1322.7777099609375 19197
1751973540542 599.7339477539062 19198
1751973541089 772.5682983398438 19199
1751973541624 330.3368835449219 19200
1751973542161 420.7450256347656 19201
1751973543390 583.5173950195312 19202
1751973543923 715.09814453125 19203
1751973544457 611.86181640625 19204
1751973544990 507.1683654785156 19205
1751973545527 781.6389770507812 19206
1751973546064 563.9454956054688 19207
1751973546599 830.1517944335938 19208
1751973547158 473.4837341308594 19209
1751973547697 481.13531494140625 19210
1751973548233 627.51171875 19211
1751973548772 722.0665283203125 19212
1751973549310 943.5072631835938 19213
1751973549846 490.119140625 19214
1751973550382 1291.0855712890625 19215
1751973550917 965.4580078125 19216
1751973551454 1755.0599365234375 19217
1751973551993 620.07421875 19218
1751973552527 1572.5198974609375 19219
1751973553063 877.0281372070312 19220
1751973553600 1328.6209716796875 19221
1751973554137 1841.1484375 19222
1751973554672 826.4879150390625 19223
1751973555212 988.57373046875 19224
1751973555750 959.1004028320312 19225
1751973556284 711.3468627929688 19226
1751973556824 630.3644409179688 19227
1751973557361 1019.1708374023438 19228
1751973557897 2228.92578125 19229
1751973558434 1267.9268798828125 19230
1751973558968 1074.532470703125 19231
1751973559506 1347.26123046875 19232
1751973560043 1136.4342041015625 19233
1751973560587 858.4127807617188 19234
1751973561124 568.3478393554688 19235
1751973561661 573.8843994140625 19236
1751973562197 540.2149658203125 19237
1751973562736 1563.2137451171875 19238
1751973563272 829.2927856445312 19239
1751973563812 739.1240844726562 19240
1751973564348 726.4382934570312 19241
1751973564884 926.3023681640625 19242
1751973565421 397.4597473144531 19243
1751973565958 534.6560668945312 19244
1751973566493 520.8072509765625 19245
1751973567029 957.8899536132812 19246
1751973567565 1196.6785888671875 19247
1751973568104 533.1914672851562 19248
1751973568641 397.69329833984375 19249
1751973569177 546.2479858398438 19250
1751973569713 708.5030517578125 19251
1751973570248 1274.3021240234375 19252
1751973570786 810.2667236328125 19253
1751973571324 317.32861328125 19254
1751973571862 357.26123046875 19255
1751973572398 1121.73876953125 19256
1751973572937 789.9078979492188 19257
1751973573477 487.3134765625 19258
1751973574016 824.8119506835938 19259
1751973574556 1412.6610107421875 19260
1751973575095 615.9973754882812 19261
1751973575629 964.4154663085938 19262
1751973576167 874.1583862304688 19263
1751973576702 519.6779174804688 19264
1751973577274 781.4733276367188 19265
1751973577809 586.1864624023438 19266
1751973578342 659.9107055664062 19267
1751973579050 895.0875854492188 19268
1751973579675 620.0737915039062 19269
1751973580303 528.3858032226562 19270
1751973580842 499.5584411621094 19271
1751973581379 696.4367065429688 19272
1751973581916 776.3311767578125 19273
1751973582453 745.8840942382812 19274
1751973582988 509.654052734375 19275
1751973583531 702.830810546875 19276
1751973584069 1322.983642578125 19277
1751973584607 680.1331176757812 19278
1751973585144 814.1842041015625 19279
1751973585683 875.7693481445312 19280
1751973586219 751.7533569335938 19281
1751973586754 2241.857421875 19282
1751973587292 672.1796875 19283
1751973587831 333.5855407714844 19284
1751973588368 650.7451171875 19285
1751973588906 594.4552612304688 19286
1751973589442 330.6716003417969 19287
1751973589979 367.6062316894531 19288
1751973590513 479.6849670410156 19289
1751973591050 572.93505859375 19290
1751973591585 294.2452087402344 19291
1751973592121 497.3663635253906 19292
1751973592660 768.1842651367188 19293
1751973593194 945.1840209960938 19294
1751973593734 558.0272827148438 19295
1751973594270 902.4413452148438 19296
1751973594810 533.3681640625 19297
1751973595347 956.4016723632812 19298
1751973595886 921.3264770507812 19299
1751973596424 896.1100463867188 19300
1751973596961 875.7357788085938 19301
1751973598128 645.2330932617188 19302
1751973598664 627.15625 19303
1751973599198 358.192626953125 19304
1751973599736 716.4267578125 19305
1751973600272 538.2955932617188 19306
1751973600820 2010.1318359375 19307
1751973601370 531.2734985351562 19308
1751973601907 668.6920776367188 19309
1751973602442 458.11407470703125 19310
1751973602981 537.8301391601562 19311
1751973603521 323.028076171875 19312
1751973604059 378.4377136230469 19313
1751973604594 1011.0783081054688 19314
1751973605132 472.38189697265625 19315
1751973605668 646.0697021484375 19316
1751973606204 1574.37646484375 19317
1751973606741 824.3176879882812 19318
1751973607294 695.03466796875 19319
1751973607829 361.5422668457031 19320
1751973608368 863.1514892578125 19321
1751973608906 686.9306030273438 19322
1751973609440 432.34161376953125 19323
1751973609975 697.8028564453125 19324
1751973610514 458.052978515625 19325
1751973611048 537.4909057617188 19326
1751973611584 525.6682739257812 19327
1751973612131 446.1230163574219 19328
1751973612669 733.1163940429688 19329
1751973613207 716.8884887695312 19330
1751973613748 578.8627319335938 19331
1751973614282 514.7577514648438 19332
1751973614818 2484.56884765625 19333
1751973615356 360.5187683105469 19334
1751973615893 348.54052734375 19335
1751973616430 540.1681518554688 19336
1751973616965 482.3766784667969 19337
1751973617501 509.1927185058594 19338
1751973618043 342.0956115722656 19339
1751973618585 422.7214050292969 19340
1751973619121 913.0640869140625 19341
1751973619660 664.6491088867188 19342
1751973620200 437.2814636230469 19343
1751973620737 962.6571655273438 19344
1751973621272 687.2017822265625 19345
1751973621808 454.5511169433594 19346
1751973622346 1015.5385131835938 19347
1751973622880 686.3909912109375 19348
1751973623419 439.3973083496094 19349
1751973623955 287.32861328125 19350
1751973624491 760.0179443359375 19351
1751973625026 1400.1612548828125 19352
1751973625563 536.2940063476562 19353
1751973626098 445.33447265625 19354
1751973626637 563.5692749023438 19355
1751973627174 508.85626220703125 19356
1751973627714 1013.8623046875 19357
1751973628253 451.7716369628906 19358
1751973628795 773.5321655273438 19359
1751973629333 1052.6451416015625 19360
1751973629869 544.4186401367188 19361
1751973630407 673.3532104492188 19362
1751973630944 2991.938232421875 19363
1751973631481 529.2898559570312 19364
1751973632017 754.39013671875 19365
1751973632555 708.8634033203125 19366
1751973633090 532.4801025390625 19367
1751973633635 724.7761840820312 19368
1751973634170 632.7814331054688 19369
1751973634707 466.8168029785156 19370
1751973635244 711.7716064453125 19371
1751973635780 474.221923828125 19372
1751973636316 682.1315307617188 19373
1751973636852 1248.20458984375 19374
1751973637405 1081.5263671875 19375
1751973638018 754.3174438476562 19376
1751973638555 531.9867553710938 19377
1751973639196 1443.2259521484375 19378
1751973639859 859.4136962890625 19379
1751973640504 315.4002380371094 19380
1751973641115 1199.114501953125 19381
1751973641652 406.0068664550781 19382
1751973642188 493.2110900878906 19383
1751973642725 414.3294982910156 19384
1751973643264 762.0487670898438 19385
1751973643801 790.236328125 19386
1751973644337 710.0126342773438 19387
1751973644870 347.3636779785156 19388
1751973645411 759.1539916992188 19389
1751973645949 473.07843017578125 19390
1751973646485 507.0656433105469 19391
1751973647021 756.4100952148438 19392
1751973647558 842.5482788085938 19393
1751973648094 506.671630859375 19394
1751973648636 534.19091796875 19395
1751973649172 909.330078125 19396
1751973649707 491.7235412597656 19397
1751973650242 1044.689208984375 19398
1751973650779 737.5575561523438 19399
1751973651315 861.47314453125 19400
1751973651852 1239.4119873046875 19401
1751973653243 494.51934814453125 19402
1751973653788 527.1221313476562 19403
1751973654327 869.0545043945312 19404
1751973654862 316.77099609375 19405
1751973655398 992.39306640625 19406
1751973655932 580.7071533203125 19407
1751973656465 373.6493835449219 19408
1751973657000 679.048828125 19409
1751973657539 875.353515625 19410
1751973658070 474.3736267089844 19411
1751973658612 589.1480102539062 19412
1751973659147 970.1161499023438 19413
1751973659684 347.4464416503906 19414
1751973660221 839.4581298828125 19415
1751973660771 878.7155151367188 19416
1751973661320 430.9981994628906 19417
1751973661857 952.8451538085938 19418
1751973662396 1072.378173828125 19419
1751973662935 850.8297119140625 19420
1751973663472 475.5998229980469 19421
1751973664010 561.8217163085938 19422
1751973664545 380.8022155761719 19423
1751973665080 1092.2913818359375 19424
1751973665616 473.9869079589844 19425
1751973666154 405.93951416015625 19426
1751973666689 904.0372314453125 19427
1751973667226 441.2670593261719 19428
1751973667785 482.6566467285156 19429
1751973668335 531.1469116210938 19430
1751973668920 782.6626586914062 19431
1751973669455 725.592041015625 19432
1751973669999 1994.2662353515625 19433
1751973670534 2432.425537109375 19434
1751973671070 434.8953552246094 19435
1751973671606 1224.6185302734375 19436
1751973672144 319.7490234375 19437
1751973672682 579.0615234375 19438
1751973673218 767.8775634765625 19439
1751973673754 700.7006225585938 19440
1751973674290 765.1304321289062 19441
1751973674828 267.8133239746094 19442
1751973675367 1726.3150634765625 19443
1751973675903 1291.36181640625 19444
1751973676437 473.0080261230469 19445
1751973676972 810.5285034179688 19446
1751973677509 394.2961120605469 19447
1751973678047 341.00067138671875 19448
1751973678583 749.5875854492188 19449
1751973679120 404.1123352050781 19450
1751973679659 503.29571533203125 19451
1751973680196 988.7621459960938 19452
1751973680737 405.5943908691406 19453
1751973681273 449.125732421875 19454
1751973681811 1240.7620849609375 19455
1751973682347 817.1262817382812 19456
1751973682887 342.6824645996094 19457
1751973683426 230.95396423339844 19458
1751973683964 1662.6396484375 19459
1751973684500 402.9683532714844 19460
1751973685039 1487.2830810546875 19461
1751973685577 1028.81982421875 19462
1751973686124 342.619140625 19463
1751973686663 1112.7891845703125 19464
1751973687205 546.1857299804688 19465
1751973687740 490.0618591308594 19466
1751973688276 548.3126831054688 19467
1751973688815 752.6093139648438 19468
1751973689353 884.951171875 19469
1751973689888 582.0277709960938 19470
1751973690430 501.2731628417969 19471
1751973690966 323.9308776855469 19472
1751973691504 703.69677734375 19473
1751973692044 598.8231811523438 19474
1751973692580 390.4420471191406 19475
1751973693116 615.500732421875 19476
1751973693657 819.6088256835938 19477
1751973694196 453.53564453125 19478
1751973694733 1579.967041015625 19479
1751973695272 778.4523315429688 19480
1751973695809 712.66943359375 19481
1751973696346 1003.8267822265625 19482
1751973696884 440.3842468261719 19483
1751973697423 591.8018798828125 19484
1751973697977 700.5054931640625 19485
1751973698515 1110.2587890625 19486
1751973699052 1011.0990600585938 19487
1751973699745 1118.7828369140625 19488
1751973700374 1458.616455078125 19489
1751973701034 1364.8785400390625 19490
1751973701631 762.52001953125 19491
1751973702168 824.3531494140625 19492
1751973702703 568.7901611328125 19493
1751973703241 403.5325622558594 19494
1751973703779 504.7173767089844 19495
1751973704319 881.7890014648438 19496
1751973704857 834.3433837890625 19497
1751973705394 602.3173217773438 19498
1751973705931 568.5519409179688 19499
1751973706466 419.472412109375 19500
1751973707003 1412.0318603515625 19501
1751973708232 690.7086181640625 19502
1751973708772 551.441650390625 19503
1751973709309 559.7245483398438 19504
1751973709846 350.6001892089844 19505
1751973710382 1333.3184814453125 19506
1751973710920 391.5450744628906 19507
1751973711457 765.74267578125 19508
1751973711994 606.2172241210938 19509
1751973712531 738.2243041992188 19510
1751973713069 441.63433837890625 19511
1751973713606 1566.658203125 19512
1751973714143 836.6232299804688 19513
1751973714679 981.1039428710938 19514
1751973715215 938.494140625 19515
1751973715752 1112.002685546875 19516
1751973716289 476.5506286621094 19517
1751973716827 564.5436401367188 19518
1751973717367 995.6822509765625 19519
1751973717903 621.6925048828125 19520
1751973718442 806.1591186523438 19521
1751973718986 539.4862670898438 19522
1751973719523 603.1430053710938 19523
1751973720060 539.2429809570312 19524
1751973720616 801.0791625976562 19525
1751973721158 713.2171020507812 19526
1751973721694 784.8878784179688 19527
1751973722230 645.8121948242188 19528
1751973722767 574.0587768554688 19529
1751973723357 459.8351135253906 19530
1751973723898 768.46044921875 19531
1751973724433 592.5927124023438 19532
1751973724968 1289.4847412109375 19533
1751973725504 784.4478759765625 19534
1751973726038 922.76708984375 19535
1751973726575 1221.01318359375 19536
1751973727111 484.8518981933594 19537
1751973727646 1197.15185546875 19538
1751973728208 1358.8900146484375 19539
1751973728742 577.0768432617188 19540
1751973729282 859.4099731445312 19541
1751973729819 368.5884704589844 19542
1751973730359 625.6605834960938 19543
1751973730895 942.8612670898438 19544
1751973731431 1162.0234375 19545
1751973731965 974.6295166015625 19546
1751973732504 940.9747314453125 19547
1751973733039 861.3861694335938 19548
1751973733576 1095.2545166015625 19549
1751973734120 502.4056701660156 19550
1751973734658 1311.8826904296875 19551
1751973735194 868.7911376953125 19552
1751973735728 1617.9403076171875 19553
1751973736266 950.8939819335938 19554
1751973736801 1503.0123291015625 19555
1751973737338 423.3910217285156 19556
1751973737874 527.2997436523438 19557
1751973738409 919.3718872070312 19558
1751973738952 819.2045288085938 19559
1751973739489 809.1033935546875 19560
1751973740025 860.4791870117188 19561
1751973740562 961.1339721679688 19562
1751973741098 2505.122314453125 19563
1751973741632 514.6588745117188 19564
1751973742172 469.0923767089844 19565
1751973742710 801.6376953125 19566
1751973743245 785.1286010742188 19567
1751973743784 1059.8040771484375 19568
1751973744323 1088.8763427734375 19569
1751973744860 514.1163940429688 19570
1751973745399 717.7293090820312 19571
1751973745936 2910.5859375 19572
1751973746473 2212.054443359375 19573
1751973747010 506.4689636230469 19574
1751973747547 442.2765197753906 19575
1751973748087 691.1376953125 19576
1751973748621 561.4389038085938 19577
1751973749161 471.46661376953125 19578
1751973749696 978.31103515625 19579
1751973750234 1105.6417236328125 19580
1751973750772 776.7496337890625 19581
1751973751311 739.966796875 19582
1751973751849 654.0199584960938 19583
1751973752388 750.2930908203125 19584
1751973752924 598.5282592773438 19585
1751973753458 377.291015625 19586
1751973753995 1194.6873779296875 19587
1751973754530 635.9293823242188 19588
1751973755064 739.8410034179688 19589
1751973755605 557.5621948242188 19590
1751973756145 459.77105712890625 19591
1751973756682 379.01458740234375 19592
1751973757219 614.1535034179688 19593
1751973757757 764.4609375 19594
1751973758319 863.7175903320312 19595
1751973758855 697.6587524414062 19596
1751973759392 355.8300476074219 19597
1751973759926 460.5575256347656 19598
1751973760465 959.8107299804688 19599
1751973761002 433.21563720703125 19600
1751973761538 1686.4296875 19601
1751973762806 442.23760986328125 19602
1751973763340 712.0051879882812 19603
1751973763878 937.9098510742188 19604
1751973764415 336.1607360839844 19605
1751973764953 575.4833984375 19606
1751973765489 823.9439697265625 19607
1751973766024 1279.1156005859375 19608
1751973766562 627.4911499023438 19609
1751973767100 1863.9390869140625 19610
1751973767635 861.2141723632812 19611
1751973768171 1430.93994140625 19612
1751973768707 347.87841796875 19613
1751973769241 377.8048400878906 19614
1751973769777 661.7164916992188 19615
1751973770317 444.4945373535156 19616
1751973770852 429.4485778808594 19617
1751973771395 868.4093017578125 19618
1751973771932 713.9345703125 19619
1751973772467 1463.4974365234375 19620
1751973773002 399.82354736328125 19621
1751973773536 580.7114868164062 19622
1751973774070 477.7381896972656 19623
1751973774607 545.3268432617188 19624
1751973775147 327.2205505371094 19625
1751973775685 892.2127075195312 19626
1751973776223 671.7033081054688 19627
1751973776760 444.0772399902344 19628
1751973777297 1870.8463134765625 19629
1751973777835 1722.0357666015625 19630
1751973778372 724.084228515625 19631
1751973778908 1474.3116455078125 19632
1751973779443 831.7301635742188 19633
1751973779986 831.9230346679688 19634
1751973780540 736.7880859375 19635
1751973781087 1089.370361328125 19636
1751973781621 598.3994140625 19637
1751973782158 730.1322631835938 19638
1751973782693 1378.0511474609375 19639
1751973783227 1443.00634765625 19640
1751973783806 1113.2720947265625 19641
1751973784343 577.9895629882812 19642
1751973784882 668.7994995117188 19643
1751973785422 729.3711547851562 19644
1751973785958 749.79541015625 19645
1751973786493 1060.5482177734375 19646
1751973787028 1483.716064453125 19647
1751973787566 530.9589233398438 19648
1751973788106 719.1781616210938 19649
1751973788765 2122.81005859375 19650
1751973789300 610.3228759765625 19651
1751973789839 731.3568725585938 19652
1751973790378 545.6994018554688 19653
1751973790912 922.1431884765625 19654
1751973791450 388.2802734375 19655
1751973791987 317.649658203125 19656
1751973792520 371.5937194824219 19657
1751973793056 1360.373046875 19658
1751973793591 733.0399780273438 19659
1751973794128 684.4136962890625 19660
1751973794664 450.2458190917969 19661
1751973795204 812.3739624023438 19662
1751973795740 527.6312866210938 19663
1751973796364 652.3001098632812 19664
1751973796911 788.590576171875 19665
1751973797447 792.0343627929688 19666
1751973797982 340.7593078613281 19667
1751973798519 810.2268676757812 19668
1751973799056 232.4322967529297 19669
1751973799590 990.0404663085938 19670
1751973800129 606.5828247070312 19671
1751973800666 551.8781127929688 19672
1751973801201 579.9121704101562 19673
1751973801737 1049.5543212890625 19674
1751973802272 491.47418212890625 19675
1751973802808 1003.0297241210938 19676
1751973803348 376.57293701171875 19677
1751973803884 669.750732421875 19678
1751973804419 940.9207153320312 19679
1751973804961 286.7757263183594 19680
1751973805497 382.6148376464844 19681
1751973806033 570.1962280273438 19682
1751973806568 391.9672546386719 19683
1751973807104 378.9862365722656 19684
1751973807640 429.53515625 19685
1751973808176 1724.4185791015625 19686
1751973808712 420.14581298828125 19687
1751973809248 864.2482299804688 19688
1751973809783 451.9388122558594 19689
1751973810325 660.382568359375 19690
1751973810860 1515.77685546875 19691
1751973811400 494.8648376464844 19692
1751973811937 891.0131225585938 19693
1751973812473 331.947021484375 19694
1751973813009 912.74072265625 19695
1751973813548 326.592529296875 19696
1751973814084 450.6766052246094 19697
1751973814620 1115.3050537109375 19698
1751973815163 491.3968200683594 19699
1751973815700 467.6620788574219 19700
1751973816240 1206.4100341796875 19701
1751973817511 642.4588012695312 19702
1751973818047 1146.833984375 19703
1751973818606 712.2619018554688 19704
1751973819142 577.610595703125 19705
1751973819678 371.24359130859375 19706
1751973820217 559.7338256835938 19707
1751973820752 604.8185424804688 19708
1751973821289 525.8200073242188 19709
1751973821825 374.9972839355469 19710
1751973822365 626.4796752929688 19711
1751973822901 862.58984375 19712
1751973823441 1392.958740234375 19713
1751973823980 457.537109375 19714
1751973824519 362.6722412109375 19715
1751973825060 371.763427734375 19716
1751973825593 398.64923095703125 19717
1751973826128 978.2037963867188 19718
1751973826667 615.0230712890625 19719
1751973827204 589.029052734375 19720
1751973827739 1176.3349609375 19721
1751973828275 508.60089111328125 19722
1751973828813 722.5851440429688 19723
1751973829350 717.502685546875 19724
1751973829887 701.869384765625 19725
1751973830473 951.4529418945312 19726
1751973831013 456.47509765625 19727
1751973831549 311.7035827636719 19728
1751973832086 419.78570556640625 19729
1751973832620 779.0414428710938 19730
1751973833156 705.897705078125 19731
1751973833694 1576.6759033203125 19732
1751973834229 929.5478515625 19733
1751973834765 390.7189636230469 19734
1751973835307 565.1055908203125 19735
1751973835844 444.38604736328125 19736
1751973836382 1728.7757568359375 19737
1751973836917 356.0002746582031 19738
1751973837455 362.10333251953125 19739
1751973837995 422.6488342285156 19740
1751973838531 611.6965942382812 19741
1751973839066 1293.31884765625 19742
1751973839604 633.0628051757812 19743
1751973840149 496.5430603027344 19744
1751973840711 1090.30615234375 19745
1751973841251 274.68341064453125 19746
1751973841787 674.6654052734375 19747
1751973842324 539.8905029296875 19748
1751973842861 423.6940612792969 19749
1751973843406 760.5770263671875 19750
1751973843942 687.15185546875 19751
1751973844480 1006.0709228515625 19752
1751973845016 464.4455261230469 19753
1751973845555 595.3251342773438 19754
1751973846083 535.7962036132812 19755
1751973846620 2111.581787109375 19756
1751973847159 489.17266845703125 19757
1751973847699 479.5192565917969 19758
1751973848236 287.1416931152344 19759
1751973848814 629.4288940429688 19760
1751973849351 369.96337890625 19761
1751973849912 545.5712280273438 19762
1751973850589 626.3425903320312 19763
1751973851197 797.9563598632812 19764
1751973851899 619.6651611328125 19765
1751973852489 1378.5443115234375 19766
1751973853025 325.0731506347656 19767
1751973853564 746.3707275390625 19768
1751973854098 321.6994323730469 19769
1751973854636 770.07470703125 19770
1751973855172 529.7149047851562 19771
1751973855708 435.3478698730469 19772
1751973856249 323.07745361328125 19773
1751973856787 288.485107421875 19774
1751973857325 1115.778564453125 19775
1751973857862 711.6825561523438 19776
1751973858400 385.6592712402344 19777
1751973858935 644.6049194335938 19778
1751973859471 551.5718994140625 19779
1751973860007 477.7519226074219 19780
1751973860545 328.48309326171875 19781
1751973861085 1359.0089111328125 19782
1751973861624 291.65045166015625 19783
1751973862160 460.8289489746094 19784
1751973862698 544.1669311523438 19785
1751973863235 449.9662170410156 19786
1751973863772 486.9562072753906 19787
1751973864308 574.8180541992188 19788
1751973864844 917.1710815429688 19789
1751973865381 527.2958374023438 19790
1751973865923 464.294921875 19791
1751973866457 698.4944458007812 19792
1751973866993 594.0509643554688 19793
1751973867530 727.4140014648438 19794
1751973868065 424.628662109375 19795
1751973868601 1249.5322265625 19796
1751973869138 426.50958251953125 19797
1751973869675 1160.5941162109375 19798
1751973870212 415.52392578125 19799
1751973870747 343.5277404785156 19800
1751973871283 643.2259521484375 19801
1751973872513 467.71295166015625 19802
1751973873052 758.1466064453125 19803
1751973873589 816.8291015625 19804
1751973874126 908.8787231445312 19805
1751973874665 683.2684936523438 19806
1751973875202 392.6018981933594 19807
1751973875740 1078.4635009765625 19808
1751973876279 418.015625 19809
1751973876819 362.3419494628906 19810
1751973877354 268.7054138183594 19811
1751973877889 465.144287109375 19812
1751973878425 1357.254638671875 19813
1751973878999 753.9218139648438 19814
1751973879539 571.4984741210938 19815
1751973880077 545.1775512695312 19816
1751973880620 486.495361328125 19817
1751973881162 384.0917663574219 19818
1751973881697 415.3995056152344 19819
1751973882235 533.3973999023438 19820
1751973882772 1108.6019287109375 19821
1751973883308 590.2852783203125 19822
1751973883843 460.89898681640625 19823
1751973884379 400.5744323730469 19824
1751973884916 362.8946533203125 19825
1751973885452 690.5916137695312 19826
1751973885988 436.16680908203125 19827
1751973886526 616.7150268554688 19828
1751973887060 429.2809753417969 19829
1751973887596 930.3751831054688 19830
1751973888132 913.1795043945312 19831
1751973888667 492.94854736328125 19832
1751973889204 634.0587768554688 19833
1751973889740 403.48675537109375 19834
1751973890277 427.0294494628906 19835
1751973890814 576.5717163085938 19836
1751973891352 2624.403564453125 19837
1751973891887 760.0068359375 19838
1751973892425 654.103271484375 19839
1751973892965 1282.7838134765625 19840
1751973893501 671.7743530273438 19841
1751973894035 658.1786499023438 19842
1751973894569 497.59063720703125 19843
1751973895102 352.8883972167969 19844
1751973895638 673.2189331054688 19845
1751973896178 1105.9996337890625 19846
1751973896714 929.798828125 19847
1751973897252 901.6301879882812 19848
1751973897787 730.31787109375 19849
1751973898323 1295.7255859375 19850
1751973898859 481.91510009765625 19851
1751973899396 527.9690551757812 19852
1751973899938 979.9686889648438 19853
1751973900486 462.25244140625 19854
1751973901032 1920.8902587890625 19855
1751973901572 662.656494140625 19856
1751973902108 1326.585205078125 19857
1751973902644 481.9933776855469 19858
1751973903181 334.92724609375 19859
1751973903717 659.7198486328125 19860
1751973904255 490.0983581542969 19861
1751973904790 854.3578491210938 19862
1751973905330 778.0399780273438 19863
1751973905865 1208.01708984375 19864
1751973906402 509.8255310058594 19865
1751973906939 481.2005310058594 19866
1751973907477 452.8888244628906 19867
1751973908015 1450.500732421875 19868
1751973908550 632.9089965820312 19869
1751973909124 375.4593200683594 19870
1751973909657 422.455078125 19871
1751973910198 517.529296875 19872
1751973910902 774.9302368164062 19873
1751973911503 478.30303955078125 19874
1751973912203 999.5478515625 19875
1751973912756 1443.8238525390625 19876
1751973913296 558.6110229492188 19877
1751973913834 396.5787658691406 19878
1751973914367 303.4922790527344 19879
1751973914903 838.9635620117188 19880
1751973915438 863.6643676757812 19881
1751973915972 321.10382080078125 19882
1751973916510 329.9871520996094 19883
1751973917079 352.3094177246094 19884
1751973917678 709.0675048828125 19885
1751973918217 1624.6900634765625 19886
1751973918793 671.5553588867188 19887
1751973919447 272.521484375 19888
1751973919982 803.6216430664062 19889
1751973920519 466.62115478515625 19890
1751973921052 528.326416015625 19891
1751973921588 982.8935546875 19892
1751973922124 439.1669921875 19893
1751973922660 384.6235046386719 19894
1751973923196 860.7388916015625 19895
1751973923730 1032.2210693359375 19896
1751973924267 803.4221801757812 19897
1751973924802 832.3385009765625 19898
1751973925341 1105.9217529296875 19899
1751973925876 745.765869140625 19900
1751973926414 638.6434936523438 19901
1751973927640 1358.5877685546875 19902
1751973928176 381.7554931640625 19903
1751973928712 1282.5238037109375 19904
1751973929247 2342.14208984375 19905
1751973929782 419.87725830078125 19906
1751973930317 576.5101928710938 19907
1751973930854 746.0272827148438 19908
1751973931400 323.0123596191406 19909
1751973931936 1433.6383056640625 19910
1751973932471 502.1513671875 19911
1751973933007 920.6004028320312 19912
1751973933543 754.5103149414062 19913
1751973934080 1031.3441162109375 19914
1751973934613 354.3675231933594 19915
1751973935147 1211.1204833984375 19916
1751973935685 1011.9959106445312 19917
1751973936221 357.41845703125 19918
1751973936759 1410.9605712890625 19919
1751973937298 887.5375366210938 19920
1751973937833 409.0939025878906 19921
1751973938372 1270.4674072265625 19922
1751973938910 1115.3985595703125 19923
1751973939531 295.3543395996094 19924
1751973940067 494.1109313964844 19925
1751973940604 564.9183349609375 19926
1751973941142 697.1244506835938 19927
1751973941679 650.3338012695312 19928
1751973942214 577.4042358398438 19929
1751973942751 1051.1888427734375 19930
1751973943287 1149.2467041015625 19931
1751973943828 1243.5726318359375 19932
1751973944362 1629.763916015625 19933
1751973944899 740.0357666015625 19934
1751973945436 647.0787963867188 19935
1751973945976 644.6949462890625 19936
1751973946511 728.8786010742188 19937
1751973947045 725.2166137695312 19938
1751973947582 464.0365295410156 19939
1751973948119 885.6500244140625 19940
1751973948655 678.2142944335938 19941
1751973949194 407.6238098144531 19942
1751973949728 697.42578125 19943
1751973950263 747.0379028320312 19944
1751973950799 639.7079467773438 19945
1751973951336 1227.384521484375 19946
1751973951871 637.6200561523438 19947
1751973952406 659.0845947265625 19948
1751973952943 565.2158813476562 19949
1751973953481 558.2962646484375 19950
1751973954019 993.5120239257812 19951
1751973954553 761.0396728515625 19952
1751973955089 396.4952087402344 19953
1751973955625 771.8339233398438 19954
1751973956161 950.3012084960938 19955
1751973956701 600.6057739257812 19956
1751973957237 1592.4732666015625 19957
1751973957770 776.7710571289062 19958
1751973958307 448.55841064453125 19959
1751973958844 594.8079223632812 19960
1751973959380 566.0573120117188 19961
1751973959921 854.6840209960938 19962
1751973960471 672.0886840820312 19963
1751973961023 811.0891723632812 19964
1751973961566 458.7532653808594 19965
1751973962102 453.7518615722656 19966
1751973962638 796.9409790039062 19967
1751973963174 464.3348083496094 19968
1751973963712 476.31201171875 19969
1751973964249 895.7810668945312 19970
1751973964787 318.7434387207031 19971
1751973965323 2167.865478515625 19972
1751973965863 1348.233154296875 19973
1751973966407 816.9564819335938 19974
1751973966942 702.5432739257812 19975
1751973967478 459.40264892578125 19976
1751973968016 594.4757690429688 19977
1751973968554 576.3453979492188 19978
1751973969097 1182.4124755859375 19979
1751973969747 431.48443603515625 19980
1751973970286 601.0391845703125 19981
1751973970826 456.5941467285156 19982
1751973971366 862.3300170898438 19983
1751973971903 1478.4149169921875 19984
1751973972439 715.55322265625 19985
1751973972979 465.8664245605469 19986
1751973973518 1231.9332275390625 19987
1751973974057 863.6510009765625 19988
1751973974593 1194.5169677734375 19989
1751973975128 822.1434936523438 19990
1751973975663 708.4943237304688 19991
1751973976199 371.6548767089844 19992
1751973976737 524.9804077148438 19993
1751973977275 1358.7314453125 19994
1751973977813 504.0632019042969 19995
1751973978348 1967.394775390625 19996
1751973978883 758.9099731445312 19997
1751973979418 805.0071411132812 19998
1751973979954 531.5111694335938 19999
1751973980491 490.783935546875 20000
1751973981027 557.38037109375 20001
1751973982311 650.3743286132812 20002
1751973982844 801.8495483398438 20003
1751973983381 360.7821044921875 20004
1751973983918 566.7304077148438 20005
1751973984458 417.98681640625 20006
1751973984998 514.2566528320312 20007
1751973985533 674.5299682617188 20008
1751973986069 1099.159912109375 20009
1751973986603 809.9296264648438 20010
1751973987136 940.8909301757812 20011
1751973987671 762.2670288085938 20012
1751973988207 806.5035400390625 20013
1751973988743 1193.259765625 20014
1751973989282 1198.6903076171875 20015
1751973989818 1133.783203125 20016
1751973990352 1383.048095703125 20017
1751973990889 591.5509643554688 20018
1751973991425 555.1902465820312 20019
1751973991959 418.33575439453125 20020
1751973992496 891.9719848632812 20021
1751973993030 769.4107055664062 20022
1751973993564 474.6654968261719 20023
1751973994104 406.18841552734375 20024
1751973994638 343.1549987792969 20025
1751973995176 385.46270751953125 20026
1751973995712 428.02960205078125 20027
1751973996248 563.8806762695312 20028
1751973996785 1319.060791015625 20029
1751973997319 440.400634765625 20030
1751973997855 1080.6624755859375 20031
1751973998394 916.13232421875 20032
1751973998928 924.6423950195312 20033
1751973999492 379.4294128417969 20034
1751974000027 594.2103881835938 20035
1751974000562 541.5270385742188 20036
1751974001235 701.0948486328125 20037
1751974001884 295.7901306152344 20038
1751974002539 362.1625671386719 20039
1751974003131 545.3670043945312 20040
1751974003669 860.0496215820312 20041
1751974004209 669.0673217773438 20042
1751974004746 990.0090942382812 20043
1751974005282 340.2809143066406 20044
1751974005819 414.6455993652344 20045
1751974006353 347.0092468261719 20046
1751974006891 566.7638549804688 20047
1751974007427 1141.585693359375 20048
1751974007967 860.3154296875 20049
1751974008504 578.3855590820312 20050
1751974009044 997.2992553710938 20051
1751974009579 693.8112182617188 20052
1751974010113 597.84423828125 20053
1751974010647 430.65771484375 20054
1751974011187 453.5882873535156 20055
1751974011721 509.2787170410156 20056
1751974012258 1583.9615478515625 20057
1751974012793 796.5941772460938 20058
1751974013330 636.7691650390625 20059
1751974013863 595.4929809570312 20060
1751974014403 520.6705932617188 20061
1751974014940 637.874267578125 20062
1751974015477 597.8113403320312 20063
1751974016017 552.6796875 20064
1751974016553 505.3312683105469 20065
1751974017090 1688.091064453125 20066
1751974017626 763.2266845703125 20067
1751974018161 662.10986328125 20068
1751974018699 771.60986328125 20069
1751974019243 649.3258666992188 20070
1751974019784 592.6322631835938 20071
1751974020331 824.4389038085938 20072
1751974020878 511.64654541015625 20073
1751974021413 734.0128784179688 20074
1751974021950 461.12213134765625 20075
1751974022485 521.4244384765625 20076
1751974023022 564.7041015625 20077
1751974023556 416.6200866699219 20078
1751974024094 1012.9581909179688 20079
1751974024630 753.4816284179688 20080
1751974025165 657.081298828125 20081
1751974025699 655.0203857421875 20082
1751974026236 493.14190673828125 20083
1751974026774 1243.1883544921875 20084
1751974027310 687.1588134765625 20085
1751974027846 399.59661865234375 20086
1751974028386 382.2292175292969 20087
1751974028925 326.0615234375 20088
1751974029485 1655.3177490234375 20089
1751974030088 427.4694519042969 20090
1751974030623 1298.5531005859375 20091
1751974031159 503.3387756347656 20092
1751974031694 548.3836669921875 20093
1751974032226 987.6423950195312 20094
1751974032763 596.4552612304688 20095
1751974033299 422.1790466308594 20096
1751974033833 646.4929809570312 20097
1751974034378 420.4942932128906 20098
1751974034913 1008.5925903320312 20099
1751974035450 390.3849182128906 20100
1751974035985 584.1397094726562 20101
1751974037204 1655.2322998046875 20102
1751974037737 534.7482299804688 20103
1751974038276 1376.7655029296875 20104
1751974038819 890.4432983398438 20105
1751974039362 388.9041442871094 20106
1751974039896 405.6064453125 20107
1751974040433 1040.83984375 20108
1751974040970 531.9157104492188 20109
1751974041508 369.3429870605469 20110
1751974042049 385.944580078125 20111
1751974042584 1181.3905029296875 20112
1751974043120 702.328125 20113
1751974043653 939.5609741210938 20114
1751974044192 1665.634033203125 20115
1751974044730 733.1332397460938 20116
1751974045264 849.0606689453125 20117
1751974045800 706.7213745117188 20118
1751974046339 522.32568359375 20119
1751974046878 723.6608276367188 20120
1751974047413 411.3615417480469 20121
1751974047951 562.2579956054688 20122
1751974048491 1047.6590576171875 20123
1751974049030 424.78662109375 20124
1751974049569 400.23370361328125 20125
1751974050108 561.4843139648438 20126
1751974050643 590.87451171875 20127
1751974051179 492.8692321777344 20128
1751974051716 348.98858642578125 20129
1751974052254 509.0690002441406 20130
1751974052791 506.9175720214844 20131
1751974053327 700.8396606445312 20132
1751974053866 573.8534545898438 20133
1751974054409 877.6599731445312 20134
1751974054949 257.5725402832031 20135
1751974055485 1260.524169921875 20136
1751974056022 536.1923828125 20137
1751974056557 924.4142456054688 20138
1751974057094 1791.3291015625 20139
1751974057633 646.49267578125 20140
1751974058169 1007.4475708007812 20141
1751974058707 1015.8583984375 20142
1751974059244 627.5635986328125 20143
1751974059806 675.7246704101562 20144
1751974060339 331.25634765625 20145
1751974060873 859.1238403320312 20146
1751974061546 475.14312744140625 20147
1751974062197 777.3795166015625 20148
1751974062851 416.40899658203125 20149
1751974063424 860.01708984375 20150
1751974063961 407.5357971191406 20151
1751974064502 596.40576171875 20152
1751974065045 415.9761657714844 20153
1751974065583 591.374755859375 20154
1751974066119 743.4799194335938 20155
1751974066658 568.5131225585938 20156
1751974067197 368.9915466308594 20157
1751974067733 1044.1795654296875 20158
1751974068268 1018.1135864257812 20159
1751974068803 402.6116638183594 20160
1751974069342 695.5391845703125 20161
1751974069877 1023.7623901367188 20162
1751974070416 601.5399780273438 20163
1751974070950 346.5546569824219 20164
1751974071489 583.2852783203125 20165
1751974072029 1428.3787841796875 20166
1751974072565 593.20654296875 20167
1751974073100 582.1612548828125 20168
1751974073637 718.4739379882812 20169
1751974074174 1262.7705078125 20170
1751974074708 497.96270751953125 20171
1751974075245 779.9688720703125 20172
1751974075782 507.8529357910156 20173
1751974076320 948.9223022460938 20174
1751974076854 417.15582275390625 20175
1751974077389 535.7994995117188 20176
1751974077924 336.99444580078125 20177
1751974078457 494.149658203125 20178
1751974078995 1168.4603271484375 20179
1751974079531 509.1040954589844 20180
1751974080076 381.5631103515625 20181
1751974080633 566.529052734375 20182
1751974081172 495.5761413574219 20183
1751974081713 352.8565368652344 20184
1751974082249 494.0207214355469 20185
1751974082785 1493.3719482421875 20186
1751974083318 679.5631103515625 20187
1751974083856 861.166015625 20188
1751974084393 546.5889892578125 20189
1751974084928 1321.779296875 20190
1751974085465 1440.520751953125 20191
1751974086007 385.4064636230469 20192
1751974086546 469.26171875 20193
1751974087081 491.74609375 20194
1751974087616 1047.6654052734375 20195
1751974088153 1142.6829833984375 20196
1751974088687 623.7357788085938 20197
1751974089226 1438.5699462890625 20198
1751974089768 1363.1522216796875 20199
1751974090424 1052.068603515625 20200
1751974090962 733.3751831054688 20201
1751974092194 750.67138671875 20202
1751974092730 507.091796875 20203
1751974093267 692.3046264648438 20204
1751974093877 916.1082153320312 20205
1751974094515 405.050048828125 20206
1751974095145 385.5652770996094 20207
1751974095681 976.4441528320312 20208
1751974096239 667.7813720703125 20209
1751974096830 648.8654174804688 20210
1751974097396 808.2573852539062 20211
1751974097932 1230.014892578125 20212
1751974098523 1301.318603515625 20213
1751974099057 892.7095947265625 20214
1751974099640 1037.6395263671875 20215
1751974100191 1818.107421875 20216
1751974100765 1211.0504150390625 20217
1751974101311 1700.3485107421875 20218
1751974101858 853.6748046875 20219
1751974102440 502.69024658203125 20220
1751974103006 331.39617919921875 20221
1751974103569 2256.62109375 20222
1751974104128 1438.0238037109375 20223
1751974104660 834.3322143554688 20224
1751974105197 1255.982421875 20225
1751974105754 464.3744812011719 20226
1751974106284 1226.96533203125 20227
1751974106817 523.88818359375 20228
1751974107429 358.73931884765625 20229
1751974108026 627.74560546875 20230
1751974108660 892.45947265625 20231
1751974109328 754.427734375 20232
1751974110010 900.1217041015625 20233
1751974110668 352.9143981933594 20234
1751974111231 1217.135009765625 20235
1751974111834 973.8661499023438 20236
1751974112524 1230.82421875 20237
1751974113091 698.0006103515625 20238
1751974113728 809.3267822265625 20239
1751974114324 1148.39453125 20240
1751974114913 256.21685791015625 20241
1751974116552 742.8201293945312 20242
1751974117275 1232.0247802734375 20243
1751974119840 706.4646606445312 20244
1751974120595 630.6102905273438 20245
1751974122183 648.3616943359375 20246
1751974123550 750.8497924804688 20247
1751974124123 374.4560852050781 20248
1751974124747 687.7576904296875 20249
1751974125836 1568.0458984375 20250
1751974126460 697.1212768554688 20251
1751974127123 297.50616455078125 20252
1751974127782 602.9093017578125 20253
1751974128763 769.7506103515625 20254
1751974129886 431.9315490722656 20255
1751974130635 718.6090698242188 20256
1751974131550 402.5694885253906 20257
1751974132685 1441.2576904296875 20258
1751974133717 895.4400634765625 20259
1751974134870 1273.3319091796875 20260
1751974135758 242.15200805664062 20261
1751974136357 1232.426025390625 20262
1751974136918 495.2216491699219 20263
1751974137557 357.1830749511719 20264
1751974138213 896.9802856445312 20265
1751974138758 663.7789306640625 20266
1751974139300 1617.475341796875 20267
1751974139872 785.9013061523438 20268
1751974140579 483.6820373535156 20269
1751974141266 807.1693725585938 20270
1751974141836 1429.8724365234375 20271
1751974142493 580.0728759765625 20272
1751974143219 540.8463134765625 20273
1751974143892 550.9885864257812 20274
1751974144518 542.1273803710938 20275
1751974145062 663.2312622070312 20276
1751974145616 854.8645629882812 20277
1751974146126 360.2336730957031 20278
1751974146765 283.9617614746094 20279
1751974147367 379.47802734375 20280
1751974147963 892.3314819335938 20281
1751974148721 1080.9381103515625 20282
1751974149542 1802.220703125 20283
1751974150299 732.1773681640625 20284
1751974150813 378.220703125 20285
1751974151403 731.27978515625 20286
1751974152026 529.10888671875 20287
1751974152598 319.26263427734375 20288
1751974153111 1112.6776123046875 20289
1751974153681 649.4472045898438 20290
1751974154203 656.9337158203125 20291
1751974154755 936.5400390625 20292
1751974155285 406.925048828125 20293
1751974155855 742.8812866210938 20294
1751974156537 743.8395385742188 20295
1751974157076 992.3443603515625 20296
1751974157631 692.8303833007812 20297
1751974158215 823.1791381835938 20298
1751974158782 488.39508056640625 20299
1751974159331 584.0507202148438 20300
1751974159882 509.81475830078125 20301
1751974160851 1029.3037109375 20302
1751974161586 528.3306884765625 20303
1751974162132 836.9882202148438 20304
1751974162649 465.0718688964844 20305
