1751922486295 51868.9296875 1
1751922486748 41966.20703125 2
1751922486995 44341.4375 3
1751922487246 49713.23828125 4
1751922487495 49095.24609375 5
1751922487744 41788.98046875 6
1751922487987 41400.15625 7
1751922488241 49657.62109375 8
1751922488496 39491.34375 9
1751922488747 46707.58984375 10
1751922489005 42485.82421875 11
1751922489263 46364.16015625 12
1751922489532 49728.73046875 13
1751922489790 47562.77734375 14
1751922490052 50053.6640625 15
1751922490315 37363.4453125 16
1751922490579 44595.11328125 17
1751922490836 42375.01171875 18
1751922491091 39925.5703125 19
1751922491349 55507.26953125 20
1751922491607 44440.5859375 21
1751922491868 45668.234375 22
1751922492126 49562.44921875 23
1751922492385 47152.62890625 24
1751922492648 45849.07421875 25
1751922492912 47925.79296875 26
1751922493172 45294.57421875 27
1751922493432 39386.92578125 28
1751922493691 46291.73828125 29
1751922493949 43965.70703125 30
1751922494208 41816.2421875 31
1751922494470 51146.11328125 32
1751922494738 43391.5078125 33
1751922495005 55879.67578125 34
1751922495271 46129.04296875 35
1751922495531 50920.859375 36
1751922495790 48008.92578125 37
1751922496047 49785.71484375 38
1751922496306 49308.5 39
1751922496563 42432.515625 40
1751922496819 47264.890625 41
1751922497074 48527.65234375 42
1751922497330 47677.390625 43
1751922497593 55469.59375 44
1751922497858 44013.765625 45
1751922498116 45317.32421875 46
1751922498373 55559.03125 47
1751922498634 49660.734375 48
1751922498892 44206.94921875 49
1751922499151 43160.33984375 50
1751922499409 45787.96484375 51
1751922499666 41427.09375 52
1751922499922 44057.32421875 53
1751922500189 51887.33203125 54
1751922500452 42050.98828125 55
1751922500706 44889.37890625 56
1751922500964 53901.01953125 57
1751922501224 41803.00390625 58
1751922501482 45007.0625 59
1751922501747 48141.4609375 60
1751922502011 48531.13671875 61
1751922502276 48648.09765625 62
1751922502539 46550.4921875 63
1751922502801 47512.71484375 64
1751922503066 53928.84375 65
1751922503330 50025.23046875 66
1751922503593 46501.00390625 67
1751922503858 45047.17578125 68
1751922504117 46887.26953125 69
1751922504382 43028.88671875 70
1751922504645 49654.48828125 71
1751922504909 49795.6640625 72
1751922505172 46365.13671875 73
1751922505437 44405.2890625 74
1751922505694 46239.40625 75
1751922505950 53123.23046875 76
1751922506206 48880.87109375 77
1751922506464 44504.76171875 78
1751922506717 45365.90234375 79
1751922506973 43660.54296875 80
1751922507226 48519.21875 81
1751922507485 40533.48046875 82
1751922507741 43163.89453125 83
1751922507993 43124.70703125 84
1751922508241 42181.78125 85
1751922508493 46535.01171875 86
1751922508748 50167.1875 87
1751922509005 48548.04296875 88
1751922509268 48814.93359375 89
1751922509524 48625.17578125 90
1751922509785 47837.640625 91
1751922510048 40812.84375 92
1751922510310 44404.90234375 93
1751922510572 46130.92578125 94
1751922510833 51243.19140625 95
1751922511089 42739.51953125 96
1751922511344 48520.1875 97
1751922511600 47625.26171875 98
1751922511857 45313.57421875 99
1751922512113 47741.40625 100
1751922512370 43576.59765625 101
1751922512921 43319.71875 102
1751922513178 39987.45703125 103
1751922513435 48125.7265625 104
1751922513690 45943.63671875 105
1751922513949 40932.0390625 106
1751922514205 50182.48046875 107
1751922514464 48378.35546875 108
1751922514729 44530.96484375 109
1751922514988 41364.52734375 110
1751922515253 43463.98828125 111
1751922515520 40495.55859375 112
1751922515780 47040.09375 113
1751922516044 44794.046875 114
1751922516300 45850.52734375 115
1751922516563 50400.359375 116
1751922516823 47370.08203125 117
1751922517085 50176.58984375 118
1751922517345 44567.74609375 119
1751922517610 41466.2578125 120
1751922517873 45549.3828125 121
1751922518130 41065.80078125 122
1751922518387 43374.83984375 123
1751922518646 41747.86328125 124
1751922518901 48370.47265625 125
1751922519159 43785.70703125 126
1751922519417 46043.8203125 127
1751922519672 46457.59765625 128
1751922519929 48591.88671875 129
1751922520194 43110.9765625 130
1751922520457 39866.7265625 131
1751922520714 38919.25390625 132
1751922520971 42150.44921875 133
1751922521228 45272.52734375 134
1751922521486 44758.7734375 135
1751922521748 48247.29296875 136
1751922522007 52393.41796875 137
1751922522263 48072.03515625 138
1751922522523 41985.51171875 139
1751922522786 48734.49609375 140
1751922523044 45166.80859375 141
1751922523303 48804.94921875 142
1751922523564 46272.25390625 143
1751922523826 40889.46875 144
1751922524086 43049.77734375 145
1751922524342 47361.4375 146
1751922524598 52177.45703125 147
1751922524855 43165.515625 148
1751922525118 39693.07421875 149
1751922525384 49246.40625 150
1751922525655 50077.7265625 151
1751922525922 39528.64453125 152
1751922526185 42973.33984375 153
1751922526450 45246.796875 154
1751922526704 48004.81640625 155
1751922526960 49038.4140625 156
1751922527211 46907.36328125 157
1751922527460 48431.86328125 158
1751922527719 43477.59375 159
1751922527969 41392.23046875 160
1751922528210 48870.73828125 161
1751922528450 49023.71484375 162
1751922528696 47447.3125 163
1751922528937 40817.23046875 164
1751922529194 43195.234375 165
1751922529437 43770.3203125 166
1751922529678 42041.953125 167
1751922529917 40206.25390625 168
1751922530155 39757.4140625 169
1751922530392 50470.421875 170
1751922530633 54014.73828125 171
1751922530892 48975.4765625 172
1751922531151 44395.31640625 173
1751922531413 44084.49609375 174
1751922531672 52122.1875 175
1751922531921 44493.01171875 176
1751922532165 42175.34765625 177
1751922532408 50183.0625 178
1751922532648 45526.07421875 179
1751922532887 46139.24609375 180
1751922533142 42209.9765625 181
1751922533402 46194.87109375 182
1751922533657 40061.83203125 183
1751922533914 40723.1640625 184
1751922534164 48812.54296875 185
1751922534414 42252.97265625 186
1751922534667 41512.39453125 187
1751922534918 52037.87109375 188
1751922535169 44285.80859375 189
1751922535431 46200.33203125 190
1751922535681 42909.8984375 191
1751922535934 43327.21875 192
1751922536188 42973.84375 193
1751922536441 49024.90625 194
1751922536692 39622.734375 195
1751922536960 51305.51953125 196
1751922537210 54110.68359375 197
1751922537463 57362.71484375 198
1751922537714 38433.09765625 199
1751922537967 45945.484375 200
1751922538228 50037.18359375 201
1751922538997 43810.6875 202
1751922539288 45435.65625 203
1751922539578 47212.90234375 204
1751922539870 42329.734375 205
1751922540170 39341.77734375 206
1751922540459 46570.7578125 207
1751922540738 45651.00390625 208
1751922541016 47830.37890625 209
1751922541297 48433.484375 210
1751922541568 46296.87109375 211
1751922541835 49423.68359375 212
1751922542097 47602.640625 213
1751922542361 41040.7890625 214
1751922542623 42398.5546875 215
1751922542886 50905.8203125 216
1751922543148 52075.21484375 217
1751922543411 43755.5703125 218
1751922543681 48390.2890625 219
1751922543948 41560.9140625 220
1751922544218 43894.65625 221
1751922544488 45174.42578125 222
1751922544751 53154.33984375 223
1751922545020 40648.5703125 224
1751922545291 44782.80859375 225
1751922545543 47542.26953125 226
1751922545787 50916.47265625 227
1751922546024 48521.5703125 228
1751922546264 46401.25 229
1751922546506 43726.125 230
1751922546745 46609.88671875 231
1751922546984 48244.51171875 232
1751922547223 48557.27734375 233
1751922547464 48684.62109375 234
1751922547702 55331.87109375 235
1751922547942 45641.89453125 236
1751922548190 51592.68359375 237
1751922548452 52053.75 238
1751922548709 40234.33203125 239
1751922548967 41185.01171875 240
1751922549219 40965.6953125 241
1751922549470 45220.60546875 242
1751922549720 46626.61328125 243
1751922549972 46742.03125 244
1751922550224 46079.94921875 245
1751922550476 51306.24609375 246
1751922550727 46808.8125 247
1751922550978 51598.65625 248
1751922551231 41886.32421875 249
1751922551484 37936.88671875 250
1751922551738 45640.3046875 251
1751922551991 51372.95703125 252
1751922552244 48661.26953125 253
1751922552517 41941.49609375 254
1751922552768 42150.24609375 255
1751922553021 50013.45703125 256
1751922553277 49691.30859375 257
1751922553569 43097.82421875 258
1751922553863 46832.03125 259
1751922554161 45403.6796875 260
1751922554464 41333.51171875 261
1751922554754 43425.328125 262
1751922555049 45631.05078125 263
1751922555342 39589.35546875 264
1751922555638 44364.1875 265
1751922555928 46664.73046875 266
1751922556224 44260.39453125 267
1751922556521 49342.7265625 268
1751922556822 48831.41015625 269
1751922557120 42927.41796875 270
1751922557418 47382.87109375 271
1751922557716 38191.15625 272
1751922558006 50678.66796875 273
1751922558296 45487.30859375 274
1751922558587 48095.2890625 275
1751922558877 44954.0859375 276
1751922559157 47158.55859375 277
1751922559444 48170.51171875 278
1751922559746 45863.63671875 279
1751922560029 43807.84375 280
1751922560303 40752.98046875 281
1751922560578 51600.31640625 282
1751922560856 47725.5 283
1751922561135 45387.5625 284
1751922561409 42494.7578125 285
1751922561681 47859.88671875 286
1751922561962 47449.65234375 287
1751922562247 52432.83984375 288
1751922562529 45593.3515625 289
1751922562806 46040.9296875 290
1751922563098 49660.93359375 291
1751922563392 43768.765625 292
1751922563686 42167.9453125 293
1751922563977 49374.77734375 294
1751922564264 47901.74609375 295
1751922564572 40671.6171875 296
1751922564866 42929.7265625 297
1751922565139 45693.65234375 298
1751922565407 46162.77734375 299
1751922565678 41911.0234375 300
1751922565955 45470.90625 301
1751922566717 42557.53125 302
1751922566995 44702.02734375 303
1751922567279 46293.0703125 304
1751922567570 35908.64453125 305
1751922567859 46377.96875 306
1751922568148 44490.48828125 307
1751922568438 41832.76953125 308
1751922568724 48956.5625 309
1751922569015 44344.76171875 310
1751922569300 41899.19921875 311
1751922569552 44857.58984375 312
1751922569802 41433.265625 313
1751922570050 42781.95703125 314
1751922570296 43489.91796875 315
1751922570547 44248.54296875 316
1751922570797 50963.4453125 317
1751922571050 48338.69921875 318
1751922571296 46885.390625 319
1751922571546 46891.3203125 320
1751922571792 46184.33984375 321
1751922572048 41265.078125 322
1751922572303 53214.4453125 323
1751922572557 42649.4765625 324
1751922572809 37417.60546875 325
1751922573057 49119.5546875 326
1751922573306 47403.96484375 327
1751922573558 45269.99609375 328
1751922573812 45947.25390625 329
1751922574067 41024.8515625 330
1751922574317 48424.33203125 331
1751922574570 50417.18359375 332
1751922574824 45611.3671875 333
1751922575079 41520.67578125 334
1751922575335 49108.30859375 335
1751922575588 50008.3203125 336
1751922575838 44314.0 337
1751922576100 50712.65234375 338
1751922576372 44154.45703125 339
1751922576629 47925.9609375 340
1751922576882 50993.3359375 341
1751922577132 47126.41015625 342
1751922577376 42219.17578125 343
1751922577628 45599.55859375 344
1751922577879 47814.66796875 345
1751922578134 49547.21875 346
1751922578390 46632.87890625 347
1751922578643 46537.9609375 348
1751922578900 45999.5546875 349
1751922579154 43340.953125 350
1751922579412 42038.3125 351
1751922579680 44820.30078125 352
1751922579949 45014.125 353
1751922580212 37815.015625 354
1751922580479 48908.48828125 355
1751922580744 45201.515625 356
1751922581008 43419.3203125 357
1751922581265 44456.3203125 358
1751922581524 45691.52734375 359
1751922581786 44871.28125 360
1751922582046 44382.52734375 361
1751922582307 47124.05859375 362
1751922582570 45143.38671875 363
1751922582834 42395.41796875 364
1751922583096 41143.6015625 365
1751922583356 40681.37109375 366
1751922583622 51001.68359375 367
1751922583886 41235.02734375 368
1751922584149 40656.49609375 369
1751922584406 49397.5625 370
1751922584664 41501.3203125 371
1751922584928 46003.13671875 372
1751922585193 43473.15234375 373
1751922585457 40875.60546875 374
1751922585713 40776.66796875 375
1751922585967 50012.984375 376
1751922586223 46468.0390625 377
1751922586477 37684.6328125 378
1751922586731 41448.109375 379
1751922586984 40567.8515625 380
1751922587238 43894.48046875 381
1751922587509 47867.0234375 382
1751922587765 40600.45703125 383
1751922588015 43621.3203125 384
1751922588267 39534.2265625 385
1751922588523 45647.66796875 386
1751922588773 43766.83984375 387
1751922589029 44066.62890625 388
1751922589280 42056.8984375 389
1751922589534 38209.03515625 390
1751922589802 42276.86328125 391
1751922590066 39086.26953125 392
1751922590343 46560.6328125 393
1751922590599 44630.20703125 394
1751922590864 42865.51171875 395
1751922591121 46247.47265625 396
1751922591378 48263.19921875 397
1751922591635 43418.9375 398
1751922591893 48745.85546875 399
1751922592149 47228.9140625 400
1751922592406 52081.7265625 401
1751922592963 43680.4375 402
1751922593220 35885.74609375 403
1751922593479 48583.90234375 404
1751922593740 46277.54296875 405
1751922594001 41631.6171875 406
1751922594260 43820.6171875 407
1751922594524 46431.00390625 408
1751922594788 45302.45703125 409
1751922595051 43069.77734375 410
1751922595314 43372.91015625 411
1751922595579 41164.34765625 412
1751922595849 49020.3984375 413
1751922596113 46318.99609375 414
1751922596379 38153.15625 415
1751922596644 40590.7578125 416
1751922596908 44731.1953125 417
1751922597174 46518.2109375 418
1751922597442 47396.515625 419
1751922597707 41978.4765625 420
1751922597969 40671.90625 421
1751922598245 50969.84375 422
1751922598510 44080.8046875 423
1751922598774 46207.82421875 424
1751922599041 40682.0625 425
1751922599300 51183.78125 426
1751922599556 45553.8671875 427
1751922599814 45605.32421875 428
1751922600077 42579.82421875 429
1751922600344 46515.9453125 430
1751922600603 42079.1328125 431
1751922600869 41720.06640625 432
1751922601131 45725.26171875 433
1751922601386 50442.73046875 434
1751922601643 42925.58203125 435
1751922601899 48772.34765625 436
1751922602155 44204.17578125 437
1751922602414 44440.4609375 438
1751922602679 44967.96484375 439
1751922602941 37550.46484375 440
1751922603197 47923.34765625 441
1751922603454 46595.375 442
1751922603710 43423.80859375 443
1751922603967 37827.77734375 444
1751922604224 35903.87109375 445
1751922604481 42622.58203125 446
1751922604736 43684.90625 447
1751922604998 42978.703125 448
1751922605262 48911.390625 449
1751922605522 45489.40234375 450
1751922605779 54068.875 451
1751922606038 43600.33984375 452
1751922606294 45686.0 453
1751922606548 44812.61328125 454
1751922606807 44724.8828125 455
1751922607069 44737.484375 456
1751922607328 47542.375 457
1751922607588 51671.1171875 458
1751922607851 44329.19140625 459
1751922608105 48538.59375 460
1751922608364 42734.8203125 461
1751922608618 51807.51171875 462
1751922608871 40543.5390625 463
1751922609130 37938.421875 464
1751922609396 40336.8515625 465
1751922609655 42957.16015625 466
1751922609913 39204.53125 467
1751922610180 45664.4140625 468
1751922610442 39859.62109375 469
1751922610712 53734.04296875 470
1751922610967 43005.078125 471
1751922611224 42621.08984375 472
1751922611490 43091.2890625 473
1751922611746 50575.0625 474
1751922612001 42632.7578125 475
1751922612257 46242.484375 476
1751922612517 43711.44921875 477
1751922612782 48510.05859375 478
1751922613041 39196.171875 479
1751922613296 43523.68359375 480
1751922613554 43410.7109375 481
1751922613809 38717.64453125 482
1751922614073 43352.4140625 483
1751922614339 45765.08984375 484
1751922614595 45709.6953125 485
1751922614851 49573.640625 486
1751922615114 39576.48046875 487
1751922615384 45959.57421875 488
1751922615641 41070.46875 489
1751922615896 38834.5078125 490
1751922616150 37552.32421875 491
1751922616405 45596.4765625 492
1751922616661 43408.88671875 493
1751922616919 50873.921875 494
1751922617175 44587.58984375 495
1751922617436 44736.375 496
1751922617702 41823.13671875 497
1751922617965 43469.29296875 498
1751922618224 39628.15234375 499
1751922618481 44720.83984375 500
1751922618736 39614.5390625 501
1751922619278 40451.65625 502
1751922619535 47591.828125 503
1751922619794 41175.40625 504
1751922620055 49076.69921875 505
1751922620321 45892.0703125 506
1751922620591 44231.90625 507
1751922620856 43500.4765625 508
1751922621119 46099.19921875 509
1751922621382 43847.23046875 510
1751922621647 42691.80859375 511
1751922621911 52343.11328125 512
1751922622173 42787.65234375 513
1751922622437 40131.08203125 514
1751922622706 37409.4375 515
1751922622972 42975.68359375 516
1751922623244 43707.984375 517
1751922623503 47117.63671875 518
1751922623759 41262.359375 519
1751922624024 36905.2890625 520
1751922624291 46897.32421875 521
1751922624549 43724.96484375 522
1751922624817 44813.83203125 523
1751922625081 46545.40234375 524
1751922625338 44569.34375 525
1751922625592 42996.55859375 526
1751922625841 34983.79296875 527
1751922626088 43591.58984375 528
1751922626338 39112.23046875 529
1751922626593 37420.15625 530
1751922626850 45298.5625 531
1751922627106 45782.5703125 532
1751922627354 41229.0 533
1751922627601 44401.09765625 534
1751922627882 42723.59375 535
1751922628169 39770.609375 536
1751922628450 47823.12890625 537
1751922628740 44614.23828125 538
1751922629021 37244.79296875 539
1751922629306 46163.08203125 540
1751922629591 39635.96875 541
1751922629874 47898.3125 542
1751922630156 38475.53125 543
1751922630444 40650.26171875 544
1751922630709 45644.40234375 545
1751922631000 44429.48046875 546
1751922631291 45718.5546875 547
1751922631565 45980.03515625 548
1751922631843 43007.15625 549
1751922632127 40356.265625 550
1751922632408 46194.6328125 551
1751922632673 43927.60546875 552
1751922632940 45241.45703125 553
1751922633211 44554.765625 554
1751922633476 44188.35546875 555
1751922633740 46498.8828125 556
1751922634002 43715.45703125 557
1751922634268 41438.09375 558
1751922634544 42691.21875 559
1751922634818 39671.52734375 560
1751922635091 39197.01171875 561
1751922635362 41533.875 562
1751922635625 50445.12109375 563
1751922635896 42654.16796875 564
1751922636166 48955.14453125 565
1751922636434 46580.26953125 566
1751922636679 46653.74609375 567
1751922636920 41707.94921875 568
1751922637160 45307.375 569
1751922637401 42857.8828125 570
1751922637641 39661.86328125 571
1751922637882 41899.76171875 572
1751922638120 44876.5078125 573
1751922638360 39124.15625 574
1751922638600 48340.49609375 575
1751922638839 42294.23828125 576
1751922639080 45860.95703125 577
1751922639320 43821.29296875 578
1751922639561 41535.1640625 579
1751922639799 41556.7890625 580
1751922640039 38674.1640625 581
1751922640278 40422.05078125 582
1751922640516 41548.94921875 583
1751922640757 46451.47265625 584
1751922640995 44451.08203125 585
1751922641236 53262.875 586
1751922641476 37127.0390625 587
1751922641718 43024.875 588
1751922641959 40755.36328125 589
1751922642199 41005.89453125 590
1751922642439 43655.5234375 591
1751922642679 47897.9296875 592
1751922642919 42080.08984375 593
1751922643158 47946.93359375 594
1751922643399 39800.87109375 595
1751922643638 46093.375 596
1751922643878 42746.54296875 597
1751922644118 44168.07421875 598
1751922644363 47273.36328125 599
1751922644604 41740.20703125 600
1751922644852 46326.21484375 601
1751922645397 42669.171875 602
1751922645653 43322.6015625 603
1751922645907 40681.6640625 604
1751922646155 45669.54296875 605
1751922646406 42420.16796875 606
1751922646654 45579.3359375 607
1751922646904 40866.23828125 608
1751922647159 41650.80859375 609
1751922647409 44649.14453125 610
1751922647661 44678.953125 611
1751922647913 42643.625 612
1751922648165 38140.375 613
1751922648416 45650.4140625 614
1751922648670 41961.67578125 615
1751922648924 42839.48046875 616
1751922649175 41763.17578125 617
1751922649427 40064.8828125 618
1751922649679 47093.91796875 619
1751922649930 48227.26171875 620
1751922650188 38229.1796875 621
1751922650486 39974.35546875 622
1751922650779 45128.40234375 623
1751922651064 46760.3359375 624
1751922651354 40035.71875 625
1751922651654 50436.7890625 626
1751922651953 48116.01953125 627
1751922652226 48773.76953125 628
1751922652499 44710.40234375 629
1751922652779 49757.1015625 630
1751922653061 40147.21484375 631
1751922653328 44024.39453125 632
1751922653615 44813.6796875 633
1751922653903 41698.2734375 634
1751922654196 49367.1328125 635
1751922654501 44846.7265625 636
1751922654774 46970.70703125 637
1751922655051 48339.80859375 638
1751922655330 42804.44921875 639
1751922655605 41159.73046875 640
1751922655873 44295.84765625 641
1751922656147 40655.44921875 642
1751922656426 43992.9609375 643
1751922656692 42778.08984375 644
1751922656956 42314.62109375 645
1751922657217 37500.7578125 646
1751922657462 40345.29296875 647
1751922657707 37546.89453125 648
1751922657951 39881.96875 649
1751922658191 44817.70703125 650
1751922658442 42531.1875 651
1751922658684 47964.23828125 652
1751922658932 40578.6640625 653
1751922659174 40048.3515625 654
1751922659416 38917.76171875 655
1751922659656 39136.94921875 656
1751922659904 41137.9453125 657
1751922660142 36954.1015625 658
1751922660388 47499.015625 659
1751922660627 40402.74609375 660
1751922660869 37804.48046875 661
1751922661111 44278.07421875 662
1751922661352 38161.0625 663
1751922661596 43191.14453125 664
1751922661834 41028.03515625 665
1751922662081 39598.80859375 666
1751922662324 36650.94921875 667
1751922662564 50605.625 668
1751922662805 40598.80859375 669
1751922663043 47735.84765625 670
1751922663283 36586.07421875 671
1751922663544 44692.73046875 672
1751922663799 43940.62890625 673
1751922664061 39478.73046875 674
1751922664299 44545.82421875 675
1751922664542 41549.19921875 676
1751922664787 39215.07421875 677
1751922665033 37649.10546875 678
1751922665291 45155.92578125 679
1751922665532 47345.83203125 680
1751922665783 41481.99609375 681
1751922666027 40693.453125 682
1751922666292 40713.4609375 683
1751922666554 43775.10546875 684
1751922666820 40217.3125 685
1751922667077 38935.1875 686
1751922667321 38143.69921875 687
1751922667565 48685.04296875 688
1751922667808 39544.62109375 689
1751922668062 38353.42578125 690
1751922668309 39697.10546875 691
1751922668558 41091.92578125 692
1751922668819 39574.984375 693
1751922669085 49593.5078125 694
1751922669345 39128.32421875 695
1751922669608 43396.64453125 696
1751922669873 48800.875 697
1751922670133 42630.53125 698
1751922670398 39564.8359375 699
1751922670658 37356.0234375 700
1751922670923 41713.55859375 701
1751922671483 39457.80859375 702
1751922671747 41122.515625 703
1751922672090 44066.7890625 704
1751922672373 40582.71484375 705
1751922672637 44388.38671875 706
1751922672901 41239.1484375 707
1751922673162 45655.171875 708
1751922673423 51152.84375 709
1751922673682 38622.36328125 710
1751922673943 43571.57421875 711
1751922674207 39526.953125 712
1751922674472 39358.55078125 713
1751922674736 44335.4140625 714
1751922675005 36882.6328125 715
1751922675273 46257.52734375 716
1751922675539 40646.921875 717
1751922675804 39668.25390625 718
1751922676064 36618.52734375 719
1751922676327 36623.43359375 720
1751922676592 41701.50390625 721
1751922676852 42716.54296875 722
1751922677113 38910.0546875 723
1751922677383 42999.390625 724
1751922677647 42120.63671875 725
1751922677906 47828.18359375 726
1751922678164 42846.52734375 727
1751922678426 38672.30078125 728
1751922678690 40524.8515625 729
1751922678954 43286.78125 730
1751922679211 36450.73046875 731
1751922679469 44140.3125 732
1751922679728 39311.890625 733
1751922679989 43423.40625 734
1751922680258 38592.1328125 735
1751922680525 38006.41796875 736
1751922680791 38360.0234375 737
1751922681056 40041.84375 738
1751922681320 36298.28515625 739
1751922681583 40861.6328125 740
1751922681847 38464.60546875 741
1751922682112 42544.65625 742
1751922682377 41069.24609375 743
1751922682644 40658.08203125 744
1751922682910 41686.3359375 745
1751922683178 43823.51171875 746
1751922683439 42018.046875 747
1751922683704 41601.375 748
1751922683968 43793.30859375 749
1751922684233 37122.40234375 750
1751922684498 42916.1015625 751
1751922684760 36147.27734375 752
1751922685028 44849.73046875 753
1751922685289 37556.7265625 754
1751922685550 37466.8125 755
1751922685809 38748.89453125 756
1751922686072 39296.16015625 757
1751922686337 38948.4921875 758
1751922686600 44736.85546875 759
1751922686856 38826.29296875 760
1751922687110 41210.7265625 761
1751922687376 43178.046875 762
1751922687637 43046.68359375 763
1751922687894 43817.08984375 764
1751922688154 40466.4140625 765
1751922688417 34889.34375 766
1751922688676 39995.75 767
1751922688944 36094.37890625 768
1751922689205 45292.6015625 769
1751922689471 41840.01953125 770
1751922689730 37561.375 771
1751922689988 39818.45703125 772
1751922690246 42830.578125 773
1751922690504 43281.8515625 774
1751922690764 41318.8125 775
1751922691023 42648.48828125 776
1751922691288 38819.94140625 777
1751922691553 42079.59375 778
1751922691814 40609.484375 779
1751922692074 43112.48828125 780
1751922692336 40591.6875 781
1751922692598 42911.53125 782
1751922692859 41113.71484375 783
1751922693118 40093.15234375 784
1751922693381 43572.87890625 785
1751922693643 37329.29296875 786
1751922693909 42554.5390625 787
1751922694189 42226.44140625 788
1751922694456 41567.20703125 789
1751922694722 42951.90234375 790
1751922694981 40823.08984375 791
1751922695241 41877.8515625 792
1751922695502 40612.83984375 793
1751922695763 39501.99609375 794
1751922696026 41135.80078125 795
1751922696291 39178.83984375 796
1751922696555 44071.15625 797
1751922696814 42075.35546875 798
1751922697069 41108.57421875 799
1751922697318 43906.65234375 800
1751922697574 35371.69921875 801
1751922698097 41470.8203125 802
1751922698344 41476.90234375 803
1751922698596 41134.75390625 804
1751922698836 35589.37109375 805
1751922699088 40933.30078125 806
1751922699340 45170.94921875 807
1751922699603 37259.66796875 808
1751922699871 40783.44921875 809
1751922700136 43591.6015625 810
1751922700400 43606.61328125 811
1751922700661 41202.6640625 812
1751922700916 38344.43359375 813
1751922701171 38788.88671875 814
1751922701419 38918.37890625 815
1751922701670 40254.01953125 816
1751922701925 34152.46875 817
1751922702182 46473.1484375 818
1751922702441 42779.05078125 819
1751922702696 40886.44921875 820
1751922702951 40532.17578125 821
1751922703198 38901.1953125 822
1751922703449 41046.3984375 823
1751922703699 35429.37109375 824
1751922703951 39547.30859375 825
1751922704204 44727.66796875 826
1751922704450 43314.625 827
1751922704697 39825.2890625 828
1751922704947 43414.86328125 829
1751922705195 37862.6640625 830
1751922705447 37840.7265625 831
1751922705694 39225.625 832
1751922705947 37832.71484375 833
1751922706207 43748.68359375 834
1751922706471 42593.7890625 835
1751922706734 37505.16015625 836
1751922706988 41846.05078125 837
1751922707247 41523.328125 838
1751922707509 35386.8203125 839
1751922707771 40276.1875 840
1751922708031 42422.640625 841
1751922708290 40596.08203125 842
1751922708552 44179.4296875 843
1751922708815 41782.7578125 844
1751922709080 36358.203125 845
1751922709341 42127.15625 846
1751922709601 40293.01953125 847
1751922709867 39176.44140625 848
1751922710129 48239.88671875 849
1751922710388 35616.40234375 850
1751922710641 44210.39453125 851
1751922710900 38898.75 852
1751922711148 39414.41015625 853
1751922711400 43550.9453125 854
1751922711653 40562.1171875 855
1751922711904 41508.52734375 856
1751922712158 42077.93359375 857
1751922712407 36839.83984375 858
1751922712664 40507.05078125 859
1751922712922 38951.58984375 860
1751922713176 41926.5625 861
1751922713434 39498.79296875 862
1751922713700 44512.640625 863
1751922713964 36716.02734375 864
1751922714229 36544.05078125 865
1751922714491 43113.6015625 866
1751922714749 39239.17578125 867
1751922714998 40891.19921875 868
1751922715256 41247.6328125 869
1751922715508 37603.37109375 870
1751922715756 36947.9765625 871
1751922715999 38454.42578125 872
1751922716244 40272.0 873
1751922716490 42032.40234375 874
1751922716737 41578.68359375 875
1751922716982 35743.73046875 876
1751922717228 36761.33984375 877
1751922717474 36565.0390625 878
1751922717723 35307.66796875 879
1751922717963 38324.48828125 880
1751922718203 38078.5078125 881
1751922718444 39687.3125 882
1751922718689 38834.46875 883
1751922718931 40808.5078125 884
1751922719173 37733.20703125 885
1751922719413 38179.96484375 886
1751922719661 41242.0 887
1751922719902 44885.74609375 888
1751922720141 36649.24609375 889
1751922720384 37966.93359375 890
1751922720623 38029.6953125 891
1751922720865 39582.015625 892
1751922721105 35810.9453125 893
1751922721347 40448.23828125 894
1751922721584 43977.9765625 895
1751922721828 37492.27734375 896
1751922722071 36324.80859375 897
1751922722317 39487.98828125 898
1751922722559 38689.03125 899
1751922722800 35311.38671875 900
1751922723041 39023.1875 901
1751922723561 44262.8046875 902
1751922723802 37839.30859375 903
1751922724041 39901.40234375 904
1751922724281 41098.14453125 905
1751922724521 40041.6328125 906
1751922724761 43664.8203125 907
1751922725000 41266.44921875 908
1751922725242 38285.015625 909
1751922725486 38979.85546875 910
1751922725729 35755.15234375 911
1751922725968 38580.73046875 912
1751922726208 40717.79296875 913
1751922726457 38199.01953125 914
1751922726706 39779.83984375 915
1751922726949 39142.98046875 916
1751922727190 41821.58203125 917
1751922727432 44158.65234375 918
1751922727679 40061.9453125 919
1751922727933 37707.24609375 920
1751922728179 36231.83984375 921
1751922728421 40251.6015625 922
1751922728673 39468.21875 923
1751922728917 36311.96484375 924
1751922729159 44135.1171875 925
1751922729401 38680.27734375 926
1751922729640 40613.1875 927
1751922729881 40793.16015625 928
1751922730120 42187.69921875 929
1751922730360 38946.58984375 930
1751922730600 38549.88671875 931
1751922730841 39037.21484375 932
1751922731080 34825.90234375 933
1751922731320 39313.03125 934
1751922731560 39084.89453125 935
1751922731802 35977.3203125 936
1751922732042 43976.42578125 937
1751922732282 40418.109375 938
1751922732522 41393.69921875 939
1751922732761 36152.9921875 940
1751922733001 40341.4921875 941
1751922733248 37704.20703125 942
1751922733491 37694.48046875 943
1751922733734 39091.21875 944
1751922733973 47396.90234375 945
1751922734219 39740.49609375 946
1751922734460 40170.87890625 947
1751922734699 35147.9921875 948
1751922734942 39474.43359375 949
1751922735181 36009.06640625 950
1751922735429 41815.82421875 951
1751922735670 35954.92578125 952
1751922735913 36909.33203125 953
1751922736156 34239.71484375 954
1751922736399 41975.40625 955
1751922736645 40326.29296875 956
1751922736893 37188.3515625 957
1751922737133 39785.49609375 958
1751922737373 39545.74609375 959
1751922737614 35273.30078125 960
1751922737858 40097.95703125 961
1751922738108 41551.875 962
1751922738353 37696.34765625 963
1751922738597 39189.69140625 964
1751922738839 38821.4609375 965
1751922739081 39740.4765625 966
1751922739321 38161.07421875 967
1751922739563 38956.0703125 968
1751922739802 39527.71875 969
1751922740043 41170.91015625 970
1751922740281 40533.73828125 971
1751922740522 38261.96484375 972
1751922740761 39126.875 973
1751922741002 35710.7890625 974
1751922741242 33844.79296875 975
1751922741481 40904.19921875 976
1751922741722 39496.2421875 977
1751922741962 40347.28125 978
1751922742201 37468.71875 979
1751922742439 38070.33203125 980
1751922742680 42265.296875 981
1751922742922 37238.9375 982
1751922743162 39753.3125 983
1751922743401 37344.16796875 984
1751922743644 38334.87109375 985
1751922743886 38243.15625 986
1751922744127 41196.9921875 987
1751922744367 33672.76171875 988
1751922744610 42486.23046875 989
1751922744853 41826.40234375 990
1751922745092 35969.23046875 991
1751922745331 37097.73046875 992
1751922745572 37135.16796875 993
1751922745812 35735.640625 994
1751922746061 38274.93359375 995
1751922746301 37479.58203125 996
1751922746540 35510.52734375 997
1751922746783 42921.79296875 998
1751922747024 41555.7265625 999
1751922747264 37326.21484375 1000
1751922747506 37570.41015625 1001
1751922748035 36035.09375 1002
1751922748274 40510.58984375 1003
1751922748515 41353.80859375 1004
1751922748756 36045.55859375 1005
1751922748996 37017.82421875 1006
1751922749235 36508.43359375 1007
1751922749476 36649.24609375 1008
1751922749719 37509.18359375 1009
1751922749970 37946.60546875 1010
1751922750212 37382.24609375 1011
1751922750452 36783.7421875 1012
1751922750693 39235.96875 1013
1751922750934 36671.30078125 1014
1751922751178 36180.94921875 1015
1751922751419 39066.58203125 1016
1751922751661 36043.45703125 1017
1751922751902 37319.33203125 1018
1751922752142 39772.41015625 1019
1751922752402 37833.17578125 1020
1751922752661 39245.23828125 1021
1751922752918 34781.4375 1022
1751922753171 35885.80078125 1023
1751922753429 39687.41015625 1024
1751922753681 41241.45703125 1025
1751922753933 38519.81640625 1026
1751922754184 34944.82421875 1027
1751922754437 37596.98828125 1028
1751922754688 36873.51171875 1029
1751922754940 36899.0390625 1030
1751922755192 41368.83984375 1031
1751922755445 42261.125 1032
1751922755696 33186.6328125 1033
1751922755949 38138.6640625 1034
1751922756201 42208.71875 1035
1751922756450 40133.859375 1036
1751922756702 37622.3203125 1037
1751922756954 35452.06640625 1038
1751922757206 41224.17578125 1039
1751922757503 36598.65234375 1040
1751922757798 37291.1015625 1041
1751922758084 32595.916015625 1042
1751922758374 39797.5 1043
1751922758666 37023.71875 1044
1751922758965 40416.54296875 1045
1751922759261 41455.94921875 1046
1751922759552 35702.44921875 1047
1751922759841 32970.05078125 1048
1751922760133 36387.578125 1049
1751922760423 40965.1796875 1050
1751922760711 36570.17578125 1051
1751922761001 34688.14453125 1052
1751922761298 38438.4921875 1053
1751922761596 36524.40234375 1054
1751922761887 35648.9375 1055
1751922762181 39447.57421875 1056
1751922762478 33068.95703125 1057
1751922762767 38521.85546875 1058
1751922763055 36620.66796875 1059
1751922763351 38510.22265625 1060
1751922763636 35674.703125 1061
1751922763930 40671.94921875 1062
1751922764222 34377.6875 1063
1751922764524 36327.27734375 1064
1751922764803 40032.40234375 1065
1751922765090 37028.17578125 1066
1751922765375 35959.0625 1067
1751922765661 38626.23046875 1068
1751922765945 33507.75 1069
1751922766236 34361.85546875 1070
1751922766530 33985.34765625 1071
1751922766816 33400.40234375 1072
1751922767099 37156.04296875 1073
1751922767389 36433.2890625 1074
1751922767681 35885.0859375 1075
1751922767974 38827.125 1076
1751922768266 40738.69921875 1077
1751922768561 37418.0859375 1078
1751922768858 34260.39453125 1079
1751922769152 36286.6640625 1080
1751922769449 35888.43359375 1081
1751922769740 36081.39453125 1082
1751922770031 35330.43359375 1083
1751922770326 36361.55859375 1084
1751922770629 36428.09765625 1085
1751922770925 35138.01953125 1086
1751922771200 39228.84375 1087
1751922771497 36467.36328125 1088
1751922771787 35918.9140625 1089
1751922772080 37604.35546875 1090
1751922772380 39920.02734375 1091
1751922772675 39465.69921875 1092
1751922772967 38784.453125 1093
1751922773272 39442.63671875 1094
1751922773575 40660.7265625 1095
1751922773882 37337.3125 1096
1751922774185 37415.33203125 1097
1751922774489 36024.609375 1098
1751922774792 36822.5390625 1099
1751922775095 38789.07421875 1100
1751922775394 33138.8203125 1101
1751922776187 40741.3125 1102
1751922776479 38232.32421875 1103
1751922776771 36420.4453125 1104
1751922777067 35019.40234375 1105
1751922777357 35183.42578125 1106
1751922777650 35535.54296875 1107
1751922777940 35990.46875 1108
1751922778228 40417.87890625 1109
1751922778518 34290.09375 1110
1751922778804 36979.1953125 1111
1751922779102 38575.55078125 1112
1751922779383 36797.52734375 1113
1751922779676 37476.76953125 1114
1751922779968 36310.95703125 1115
1751922780258 34222.51953125 1116
1751922780549 34728.21875 1117
1751922780839 36110.55078125 1118
1751922781130 34582.9140625 1119
1751922781427 35383.1953125 1120
1751922781719 37249.18359375 1121
1751922782012 38506.328125 1122
1751922782300 37821.56640625 1123
1751922782594 32578.388671875 1124
1751922782886 38623.82421875 1125
1751922783180 40119.7421875 1126
1751922783467 33733.765625 1127
1751922783759 40297.03125 1128
1751922784051 32726.40625 1129
1751922784340 37744.84375 1130
1751922784632 34728.07421875 1131
1751922784922 36176.21875 1132
1751922785208 34181.43359375 1133
1751922785493 38649.375 1134
1751922785790 37432.69921875 1135
1751922786074 37104.35546875 1136
1751922786368 37020.8125 1137
1751922786652 34954.65234375 1138
1751922786938 37149.87109375 1139
1751922787227 35609.4140625 1140
1751922787522 34609.56640625 1141
1751922787813 36422.4140625 1142
1751922788104 36121.0703125 1143
1751922788377 38040.40234375 1144
1751922788670 38479.51953125 1145
1751922788970 38238.07421875 1146
1751922789266 33961.171875 1147
1751922789563 36954.6015625 1148
1751922789857 34919.71875 1149
1751922790146 36313.13671875 1150
1751922790437 31997.46875 1151
1751922790729 35203.17578125 1152
1751922791018 35726.50390625 1153
1751922791314 36801.87109375 1154
1751922791616 38488.1953125 1155
1751922791909 36671.078125 1156
1751922792205 34864.4140625 1157
1751922792497 37709.078125 1158
1751922792790 35478.65234375 1159
1751922793085 34521.05859375 1160
1751922793374 36495.97265625 1161
1751922793670 36340.48046875 1162
1751922793965 34555.8125 1163
1751922794261 40083.84375 1164
1751922794554 34680.24609375 1165
1751922794845 33677.17578125 1166
1751922795135 34692.10546875 1167
1751922795425 39623.0390625 1168
1751922795712 37528.5703125 1169
1751922795999 34807.39453125 1170
1751922796284 38138.125 1171
1751922796585 35165.73046875 1172
1751922796881 36937.11328125 1173
1751922797175 36014.30859375 1174
1751922797464 36959.43359375 1175
1751922797769 35763.125 1176
1751922798060 36932.55078125 1177
1751922798356 35527.90234375 1178
1751922798641 37924.17578125 1179
1751922798934 35504.08984375 1180
1751922799229 34035.3828125 1181
1751922799516 38341.25 1182
1751922799807 33112.42578125 1183
1751922800097 37850.20703125 1184
1751922800392 36844.7734375 1185
1751922800675 36124.1953125 1186
1751922800960 34588.8984375 1187
1751922801252 37370.37109375 1188
1751922801550 34957.6640625 1189
1751922801842 36173.54296875 1190
1751922802129 34918.19921875 1191
1751922802414 35911.51171875 1192
1751922802715 36793.21875 1193
1751922803011 35488.5078125 1194
1751922803301 37041.05859375 1195
1751922803588 33729.46484375 1196
1751922803885 36171.26171875 1197
1751922804181 34620.0625 1198
1751922804453 39477.57421875 1199
1751922804740 35046.63671875 1200
1751922805034 36553.37109375 1201
1751922805799 37489.0703125 1202
1751922806089 36248.41796875 1203
1751922806386 35459.28125 1204
1751922806671 37468.79296875 1205
1751922806960 34446.52734375 1206
1751922807252 37553.61328125 1207
1751922807543 36477.37890625 1208
1751922807841 38828.04296875 1209
1751922808139 36244.52734375 1210
1751922808436 34534.45703125 1211
1751922808726 33622.7109375 1212
1751922809024 35987.71875 1213
1751922809324 33725.30859375 1214
1751922809618 35296.73828125 1215
1751922809910 33028.38671875 1216
1751922810204 38080.9140625 1217
1751922810496 37290.66796875 1218
1751922810790 34467.4140625 1219
1751922811086 32836.80859375 1220
1751922811381 38355.125 1221
1751922811679 33807.84375 1222
1751922811971 34402.453125 1223
1751922812262 34164.5078125 1224
1751922812555 35329.27734375 1225
1751922812861 36273.234375 1226
1751922813141 37605.703125 1227
1751922813432 36222.6328125 1228
1751922813729 32532.287109375 1229
1751922814028 37389.6328125 1230
1751922814319 35201.02734375 1231
1751922814608 36231.5625 1232
1751922814898 36138.53125 1233
1751922815179 35415.40625 1234
1751922815471 33803.25390625 1235
1751922815761 35153.78125 1236
1751922816052 33097.2265625 1237
1751922816349 32743.08203125 1238
1751922816645 34207.62890625 1239
1751922816939 35172.78515625 1240
1751922817233 34334.43359375 1241
1751922817526 33884.16796875 1242
1751922817824 34132.46484375 1243
1751922818115 35762.06640625 1244
1751922818397 34571.48046875 1245
1751922818684 37096.484375 1246
1751922818983 35488.3203125 1247
1751922819280 37036.40625 1248
1751922819568 35848.54296875 1249
1751922819849 33594.4921875 1250
1751922820120 36360.19140625 1251
1751922820398 35849.58984375 1252
1751922820677 36757.69921875 1253
1751922820964 36664.44921875 1254
1751922821251 32077.46875 1255
1751922821532 32876.890625 1256
1751922821812 34107.60546875 1257
1751922822102 34162.20703125 1258
1751922822384 34212.71484375 1259
1751922822661 34427.83984375 1260
1751922822940 34772.33203125 1261
1751922823224 35457.0625 1262
1751922823517 34240.18359375 1263
1751922823804 36320.55078125 1264
1751922824092 34529.11328125 1265
1751922824376 33109.29296875 1266
1751922824658 37530.38671875 1267
1751922824947 32336.36328125 1268
1751922825230 35440.61328125 1269
1751922825518 35512.13671875 1270
1751922825808 32956.828125 1271
1751922826098 35420.3125 1272
1751922826382 37352.45703125 1273
1751922826664 33305.63671875 1274
1751922826939 35365.6015625 1275
1751922827227 35212.27734375 1276
1751922827521 34594.87890625 1277
1751922827815 34985.3515625 1278
1751922828101 33265.12109375 1279
1751922828375 32574.853515625 1280
1751922828654 36215.78125 1281
1751922828937 33403.171875 1282
1751922829214 33896.2109375 1283
1751922829494 36865.453125 1284
1751922829773 36344.55859375 1285
1751922830046 33700.73046875 1286
1751922830328 35346.08203125 1287
1751922830608 34240.78125 1288
1751922830891 32253.521484375 1289
1751922831165 36311.52734375 1290
1751922831441 32811.87109375 1291
1751922831718 32355.306640625 1292
1751922832012 33991.61328125 1293
1751922832286 34397.04296875 1294
1751922832558 32504.40625 1295
1751922832837 35121.38671875 1296
1751922833119 31231.341796875 1297
1751922833399 34521.87109375 1298
1751922833685 36275.79296875 1299
1751922833957 31605.86328125 1300
1751922834231 36487.08984375 1301
1751922834999 34660.765625 1302
1751922835284 32109.263671875 1303
1751922835564 31836.36328125 1304
1751922835841 32949.171875 1305
1751922836084 35031.4453125 1306
1751922836331 37894.4375 1307
1751922836581 36760.5625 1308
1751922836830 31432.044921875 1309
1751922837077 34291.05078125 1310
1751922837324 33312.57421875 1311
1751922837570 33135.125 1312
1751922837821 33359.046875 1313
1751922838064 32877.75 1314
1751922838314 34542.76171875 1315
1751922838563 33432.3671875 1316
1751922838808 32148.61328125 1317
1751922839057 34136.55078125 1318
1751922839308 32619.951171875 1319
1751922839566 32758.22265625 1320
1751922839827 35198.66796875 1321
1751922840068 33280.26953125 1322
1751922840313 33150.10546875 1323
1751922840560 32457.384765625 1324
1751922840809 33672.37890625 1325
1751922841057 33692.015625 1326
1751922841305 35677.83203125 1327
1751922841551 33545.20703125 1328
1751922841801 34649.32421875 1329
1751922842061 32786.78125 1330
1751922842306 37285.5078125 1331
1751922842554 34427.484375 1332
1751922842800 33094.86328125 1333
1751922843047 35622.16796875 1334
1751922843295 34202.05859375 1335
1751922843552 32823.74609375 1336
1751922843807 32070.951171875 1337
1751922844052 31743.431640625 1338
1751922844303 31656.17578125 1339
1751922844548 33278.67578125 1340
1751922844795 33773.61328125 1341
1751922845042 34140.03515625 1342
1751922845287 33711.125 1343
1751922845534 34858.03515625 1344
1751922845780 34347.7890625 1345
1751922846024 32114.150390625 1346
1751922846272 35467.43359375 1347
1751922846518 33628.703125 1348
1751922846764 33463.0078125 1349
1751922847013 32088.216796875 1350
1751922847259 33870.140625 1351
1751922847507 33899.08984375 1352
1751922847754 32325.23828125 1353
1751922848000 32346.818359375 1354
1751922848245 33051.78125 1355
1751922848492 32169.794921875 1356
1751922848738 35480.71484375 1357
1751922848986 32363.412109375 1358
1751922849231 33521.10546875 1359
1751922849477 33549.6875 1360
1751922849722 33948.4453125 1361
1751922849967 34294.54296875 1362
1751922850214 33486.125 1363
1751922850461 33061.95703125 1364
1751922850707 32274.685546875 1365
1751922850954 34670.9921875 1366
1751922851200 33329.93359375 1367
1751922851447 32273.990234375 1368
1751922851694 32254.900390625 1369
1751922851941 31418.927734375 1370
1751922852187 35067.17578125 1371
1751922852434 32379.240234375 1372
1751922852680 34626.38671875 1373
1751922852927 32990.46484375 1374
1751922853173 34427.74609375 1375
1751922853420 32826.1796875 1376
1751922853666 33097.37109375 1377
1751922853913 33887.9375 1378
1751922854158 35081.484375 1379
1751922854403 32252.599609375 1380
1751922854650 33325.5546875 1381
1751922854896 34297.94140625 1382
1751922855143 32428.828125 1383
1751922855390 30887.787109375 1384
1751922855637 32914.7890625 1385
1751922855884 32505.03125 1386
1751922856131 31881.59375 1387
1751922856378 34497.0078125 1388
1751922856625 32600.794921875 1389
1751922856872 32110.71875 1390
1751922857119 33161.83203125 1391
1751922857364 33478.53515625 1392
1751922857615 35412.0390625 1393
1751922857863 35292.74609375 1394
1751922858109 32741.8125 1395
1751922858356 32426.318359375 1396
1751922858604 33136.17578125 1397
1751922858851 33095.6796875 1398
1751922859100 33798.34765625 1399
1751922859346 33945.87109375 1400
1751922859596 31054.9375 1401
1751922860130 32562.685546875 1402
1751922860375 34197.75390625 1403
1751922860622 31976.109375 1404
1751922860869 33503.56640625 1405
1751922861119 32594.20703125 1406
1751922861368 35360.05859375 1407
1751922861614 34615.80078125 1408
1751922861862 33256.5 1409
1751922862110 33016.0703125 1410
1751922862363 32697.21875 1411
1751922862614 32562.826171875 1412
1751922862863 33002.2265625 1413
1751922863111 34339.58203125 1414
1751922863357 31439.875 1415
1751922863614 32542.140625 1416
1751922863860 33109.55078125 1417
1751922864107 31588.068359375 1418
1751922864353 35042.24609375 1419
1751922864601 32597.67578125 1420
1751922864846 31808.01953125 1421
1751922865093 34610.8515625 1422
1751922865340 31952.693359375 1423
1751922865589 32231.4375 1424
1751922865836 31711.62890625 1425
1751922866082 32982.70703125 1426
1751922866327 34179.2265625 1427
1751922866576 35833.7890625 1428
1751922866821 31513.818359375 1429
1751922867071 31039.65625 1430
1751922867320 35021.234375 1431
1751922867568 32524.724609375 1432
1751922867816 33071.64453125 1433
1751922868064 31536.22265625 1434
1751922868320 32772.25 1435
1751922868567 31469.478515625 1436
1751922868815 35563.1015625 1437
1751922869067 33613.63671875 1438
1751922869314 34065.42578125 1439
1751922869560 33069.875 1440
1751922869812 33519.41796875 1441
1751922870056 37214.45703125 1442
1751922870303 31261.587890625 1443
1751922870553 34120.02734375 1444
1751922870801 31365.388671875 1445
1751922871049 32843.46484375 1446
1751922871295 33463.8359375 1447
1751922871542 30950.443359375 1448
1751922871788 32291.193359375 1449
1751922872038 34074.76171875 1450
1751922872287 32481.498046875 1451
1751922872534 33101.2265625 1452
1751922872782 33113.21484375 1453
1751922873030 30622.70703125 1454
1751922873277 32178.146484375 1455
1751922873527 32017.052734375 1456
1751922873774 32277.0 1457
1751922874023 33045.78125 1458
1751922874271 31897.037109375 1459
1751922874521 32410.337890625 1460
1751922874770 30754.69140625 1461
1751922875026 32247.31640625 1462
1751922875281 32592.427734375 1463
1751922875530 32278.181640625 1464
1751922875779 30997.662109375 1465
1751922876031 31998.931640625 1466
1751922876286 31715.208984375 1467
1751922876536 32219.75 1468
1751922876787 33630.98046875 1469
1751922877039 31805.880859375 1470
1751922877287 31090.01953125 1471
1751922877537 31840.447265625 1472
1751922877784 31621.943359375 1473
1751922878032 32063.130859375 1474
1751922878280 32606.22265625 1475
1751922878538 32418.013671875 1476
1751922878806 30988.64453125 1477
1751922879065 32134.724609375 1478
1751922879324 30900.369140625 1479
1751922879583 31902.84375 1480
1751922879843 34549.3046875 1481
1751922880097 32052.15625 1482
1751922880359 31916.037109375 1483
1751922880617 33515.46484375 1484
1751922880878 32672.09375 1485
1751922881137 34179.40234375 1486
1751922881402 32207.115234375 1487
1751922881661 32111.625 1488
1751922881918 31572.64453125 1489
1751922882176 30151.498046875 1490
1751922882435 31959.521484375 1491
1751922882694 30863.75390625 1492
1751922882954 30447.232421875 1493
1751922883216 31981.650390625 1494
1751922883474 31197.826171875 1495
1751922883739 32409.8125 1496
1751922884030 30707.375 1497
1751922884320 30951.181640625 1498
1751922884606 30684.23828125 1499
1751922884863 34140.54296875 1500
1751922885111 31276.984375 1501
1751922885657 30804.599609375 1502
1751922885911 31825.353515625 1503
1751922886160 32065.56640625 1504
1751922886406 31737.322265625 1505
1751922886655 31716.994140625 1506
1751922886912 30746.86328125 1507
1751922887161 32471.291015625 1508
1751922887414 33527.875 1509
1751922887660 31477.015625 1510
1751922887936 33692.11328125 1511
1751922888197 31679.87890625 1512
1751922888464 30838.888671875 1513
1751922888726 34617.6875 1514
1751922888994 31234.880859375 1515
1751922889258 30988.869140625 1516
1751922889521 30899.060546875 1517
1751922889782 34408.52734375 1518
1751922890041 31114.787109375 1519
1751922890307 30781.388671875 1520
1751922890578 31473.787109375 1521
1751922890841 32592.89453125 1522
1751922891095 32520.697265625 1523
1751922891345 30843.380859375 1524
1751922891593 31502.072265625 1525
1751922891841 31884.619140625 1526
1751922892125 32930.015625 1527
1751922892401 33427.82421875 1528
1751922892684 30785.83203125 1529
1751922892972 31015.33203125 1530
1751922893251 31090.40625 1531
1751922893528 32741.388671875 1532
1751922893816 30898.404296875 1533
1751922894106 29272.505859375 1534
1751922894396 31639.30078125 1535
1751922894683 31939.20703125 1536
1751922894970 31133.15625 1537
1751922895254 31375.51953125 1538
1751922895534 32235.087890625 1539
1751922895825 32030.103515625 1540
1751922896107 31879.138671875 1541
1751922896395 31834.72265625 1542
1751922896680 31055.95703125 1543
1751922896968 31951.166015625 1544
1751922897266 32018.5 1545
1751922897559 31331.494140625 1546
1751922897854 30558.443359375 1547
1751922898143 30768.638671875 1548
1751922898433 30815.212890625 1549
1751922898716 31749.5 1550
1751922899014 30890.92578125 1551
1751922899309 30580.953125 1552
1751922899604 31136.013671875 1553
1751922899898 31582.318359375 1554
1751922900193 30112.240234375 1555
1751922900490 32077.4375 1556
1751922900783 30980.513671875 1557
1751922901071 30852.013671875 1558
1751922901368 33689.37109375 1559
1751922901655 29873.650390625 1560
1751922901947 32028.61328125 1561
1751922902233 29688.349609375 1562
1751922902527 31691.46875 1563
1751922902813 32884.14453125 1564
1751922903104 29890.873046875 1565
1751922903384 31919.837890625 1566
1751922903668 30739.869140625 1567
1751922903947 30970.904296875 1568
1751922904231 31326.357421875 1569
1751922904520 30183.837890625 1570
1751922904795 30552.30078125 1571
1751922905077 31512.607421875 1572
1751922905355 30911.275390625 1573
1751922905641 29012.78125 1574
1751922905911 31043.337890625 1575
1751922906179 29839.84375 1576
1751922906440 30683.09375 1577
1751922906703 31969.369140625 1578
1751922906971 30529.904296875 1579
1751922907226 31573.61328125 1580
1751922907484 29922.169921875 1581
1751922907756 30983.744140625 1582
1751922908009 30743.337890625 1583
1751922908282 31123.787109375 1584
1751922908556 29765.994140625 1585
1751922908829 29593.794921875 1586
1751922909104 32285.33203125 1587
1751922909378 30110.162109375 1588
1751922909655 31067.5625 1589
1751922909908 31374.837890625 1590
1751922910162 31122.181640625 1591
1751922910403 31239.880859375 1592
1751922910651 30550.271484375 1593
1751922910899 29535.53125 1594
1751922911146 30918.919921875 1595
1751922911396 31237.23828125 1596
1751922911657 31671.01953125 1597
1751922911915 31955.701171875 1598
1751922912174 30892.287109375 1599
1751922912426 31570.19140625 1600
1751922912678 30882.822265625 1601
1751922913204 31426.880859375 1602
1751922913459 30674.01953125 1603
1751922913714 31743.73828125 1604
1751922913965 29848.900390625 1605
1751922914218 30138.6875 1606
1751922914472 31647.40625 1607
1751922914724 31212.11328125 1608
1751922914980 29019.025390625 1609
1751922915235 29150.474609375 1610
1751922915489 30324.869140625 1611
1751922915743 29922.119140625 1612
1751922915997 30944.779296875 1613
1751922916249 30115.490234375 1614
1751922916505 29775.84375 1615
1751922916800 30662.8125 1616
1751922917098 29685.568359375 1617
1751922917396 29965.849609375 1618
1751922917692 30684.962890625 1619
1751922917986 30786.71875 1620
1751922918264 31026.396484375 1621
1751922918565 29804.412109375 1622
1751922918847 30876.869140625 1623
1751922919128 30657.58203125 1624
1751922919399 29367.92578125 1625
1751922919682 29014.84375 1626
1751922919952 32196.21875 1627
1751922920225 30919.123046875 1628
1751922920499 30703.498046875 1629
1751922920773 31104.041015625 1630
1751922921036 31178.099609375 1631
1751922921307 30071.244140625 1632
1751922921576 30845.505859375 1633
1751922921821 29569.828125 1634
1751922922098 30501.84375 1635
1751922922374 30866.009765625 1636
1751922922643 31644.984375 1637
1751922922913 29539.01953125 1638
1751922923184 28696.025390625 1639
1751922923426 30614.107421875 1640
1751922923670 30161.162109375 1641
1751922923910 30136.431640625 1642
1751922924152 30334.138671875 1643
1751922924394 30562.73828125 1644
1751922924634 30199.06640625 1645
1751922924874 28787.11328125 1646
1751922925136 30026.119140625 1647
1751922925376 30238.625 1648
1751922925618 31015.015625 1649
1751922925859 29832.603515625 1650
1751922926109 30919.763671875 1651
1751922926351 28968.046875 1652
1751922926594 29770.03515625 1653
1751922926837 30285.388671875 1654
1751922927076 29282.14453125 1655
1751922927318 29218.744140625 1656
1751922927562 29850.84375 1657
1751922927805 28850.544921875 1658
1751922928050 30244.318359375 1659
1751922928289 30138.326171875 1660
1751922928531 30240.634765625 1661
1751922928773 28389.28125 1662
1751922929012 29028.39453125 1663
1751922929255 28945.806640625 1664
1751922929494 29694.625 1665
1751922929734 29510.912109375 1666
1751922929973 28949.28125 1667
1751922930215 29832.58203125 1668
1751922930456 29559.013671875 1669
1751922930699 29719.318359375 1670
1751922930944 29210.068359375 1671
1751922931207 29668.357421875 1672
1751922931459 28642.826171875 1673
1751922931726 28737.26953125 1674
1751922931972 29171.419921875 1675
1751922932225 30082.794921875 1676
1751922932466 29940.70703125 1677
1751922932709 31697.431640625 1678
1751922932952 29544.587890625 1679
1751922933191 29367.650390625 1680
1751922933432 29490.791015625 1681
1751922933673 29660.494140625 1682
1751922933912 29842.294921875 1683
1751922934155 29535.478515625 1684
1751922934396 30007.412109375 1685
1751922934656 30422.005859375 1686
1751922934908 27955.380859375 1687
1751922935155 31050.353515625 1688
1751922935400 28877.625 1689
1751922935643 29373.982421875 1690
1751922935898 28783.640625 1691
1751922936156 28717.353515625 1692
1751922936401 28544.119140625 1693
1751922936653 29899.08203125 1694
1751922936896 29886.318359375 1695
1751922937140 29610.384765625 1696
1751922937384 28834.59765625 1697
1751922937624 27988.666015625 1698
1751922937865 30808.294921875 1699
1751922938104 29593.625 1700
1751922938346 29576.494140625 1701
1751922938881 29398.53515625 1702
1751922939126 30346.03125 1703
1751922939366 28833.619140625 1704
1751922939609 29175.826171875 1705
1751922939848 28676.984375 1706
1751922940088 29606.1875 1707
1751922940330 29652.912109375 1708
1751922940574 28576.966796875 1709
1751922940833 31724.693359375 1710
1751922941078 28487.607421875 1711
1751922941320 28810.380859375 1712
1751922941564 28075.513671875 1713
1751922941806 29822.025390625 1714
1751922942048 30404.794921875 1715
1751922942292 28330.587890625 1716
1751922942534 27603.357421875 1717
1751922942776 28422.150390625 1718
1751922943019 30563.0 1719
1751922943260 27465.1875 1720
1751922943500 27584.474609375 1721
1751922943743 29134.609375 1722
1751922943984 29058.431640625 1723
1751922944223 28539.681640625 1724
1751922944462 29231.95703125 1725
1751922944703 28378.03515625 1726
1751922944945 28806.091796875 1727
1751922945187 29811.390625 1728
1751922945429 29289.17578125 1729
1751922945668 29416.96875 1730
1751922945909 28972.419921875 1731
1751922946150 29137.056640625 1732
1751922946392 29560.412109375 1733
1751922946633 27612.396484375 1734
1751922946875 29778.755859375 1735
1751922947116 28663.765625 1736
1751922947371 27832.23828125 1737
1751922947622 28559.01953125 1738
1751922947875 29681.662109375 1739
1751922948120 29997.462890625 1740
1751922948361 28776.685546875 1741
1751922948614 28843.083984375 1742
1751922948875 28636.638671875 1743
1751922949134 28597.98828125 1744
1751922949393 28073.494140625 1745
1751922949646 29679.994140625 1746
1751922949897 30638.603515625 1747
1751922950148 28897.42578125 1748
1751922950401 29250.83203125 1749
1751922950655 29069.61328125 1750
1751922950907 29150.09375 1751
1751922951158 28343.984375 1752
1751922951408 28497.244140625 1753
1751922951659 28929.337890625 1754
1751922951911 29192.84375 1755
1751922952163 28788.818359375 1756
1751922952415 28447.244140625 1757
1751922952668 29837.294921875 1758
1751922952921 29114.443359375 1759
1751922953173 29163.525390625 1760
1751922953424 27710.302734375 1761
1751922953679 29625.884765625 1762
1751922953977 28283.947265625 1763
1751922954279 28089.482421875 1764
1751922954575 28317.029296875 1765
1751922954874 27441.794921875 1766
1751922955171 29164.982421875 1767
1751922955471 29411.419921875 1768
1751922955771 28533.37890625 1769
1751922956060 29183.349609375 1770
1751922956359 28909.17578125 1771
1751922956658 29306.14453125 1772
1751922956958 28712.12890625 1773
1751922957256 28393.40625 1774
1751922957555 29561.9375 1775
1751922957852 28347.693359375 1776
1751922958148 28103.125 1777
1751922958444 29577.162109375 1778
1751922958741 28492.005859375 1779
1751922959040 28132.703125 1780
1751922959339 28235.669921875 1781
1751922959632 30226.48828125 1782
1751922959923 28824.97265625 1783
1751922960216 27936.302734375 1784
1751922960506 28011.42578125 1785
1751922960797 27342.716796875 1786
1751922961089 28950.271484375 1787
1751922961388 29179.603515625 1788
1751922961657 28216.11328125 1789
1751922961930 28684.404296875 1790
1751922962210 28066.3125 1791
1751922962493 28842.291015625 1792
1751922962765 29571.681640625 1793
1751922963031 29168.951171875 1794
1751922963295 28842.359375 1795
1751922963568 27170.916015625 1796
1751922963840 28811.123046875 1797
1751922964115 28842.19140625 1798
1751922964389 28365.65625 1799
1751922964659 27873.556640625 1800
1751922964914 26811.984375 1801
1751922965753 30091.060546875 1802
1751922966022 27913.453125 1803
1751922966296 28913.87890625 1804
1751922966601 29093.5 1805
1751922966853 27752.525390625 1806
1751922967106 28102.33203125 1807
1751922967349 28750.982421875 1808
1751922967592 27888.66015625 1809
1751922967833 27114.958984375 1810
1751922968073 27393.40625 1811
1751922968313 28785.58203125 1812
1751922968554 29520.65625 1813
1751922968796 29000.849609375 1814
1751922969035 27703.80078125 1815
1751922969293 28305.109375 1816
1751922969537 26953.328125 1817
1751922969781 28302.013671875 1818
1751922970038 28752.41015625 1819
1751922970288 27890.037109375 1820
1751922970530 29147.26953125 1821
1751922970773 27326.890625 1822
1751922971029 28491.71875 1823
1751922971283 29019.443359375 1824
1751922971529 28639.0625 1825
1751922971770 29011.099609375 1826
1751922972020 28481.84375 1827
1751922972264 26872.119140625 1828
1751922972507 27705.875 1829
1751922972752 27070.83203125 1830
1751922972994 28073.171875 1831
1751922973233 28146.837890625 1832
1751922973473 27943.61328125 1833
1751922973728 27181.763671875 1834
1751922973969 28166.306640625 1835
1751922974210 28715.087890625 1836
1751922974465 27793.01953125 1837
1751922974708 27497.474609375 1838
1751922974963 27949.86328125 1839
1751922975208 27288.029296875 1840
1751922975461 29206.857421875 1841
1751922975708 26416.388671875 1842
1751922975951 26588.400390625 1843
1751922976195 28088.599609375 1844
1751922976441 27480.078125 1845
1751922976681 28676.060546875 1846
1751922976926 26855.044921875 1847
1751922977181 27190.958984375 1848
1751922977425 27300.92578125 1849
1751922977668 28479.134765625 1850
1751922977910 27884.75 1851
1751922978151 27324.583984375 1852
1751922978391 28935.916015625 1853
1751922978632 27614.201171875 1854
1751922978875 27737.962890625 1855
1751922979117 28286.697265625 1856
1751922979358 27341.744140625 1857
1751922979600 27798.416015625 1858
1751922979845 27995.08203125 1859
1751922980097 28816.853515625 1860
1751922980354 26476.23828125 1861
1751922980605 26447.857421875 1862
1751922980853 28353.03515625 1863
1751922981111 26902.22265625 1864
1751922981369 27319.06640625 1865
1751922981628 28548.056640625 1866
1751922981885 28385.060546875 1867
1751922982139 27394.244140625 1868
1751922982392 28008.701171875 1869
1751922982644 27147.837890625 1870
1751922982896 26892.353515625 1871
1751922983148 28114.837890625 1872
1751922983400 27803.056640625 1873
1751922983649 27685.759765625 1874
1751922983912 28103.609375 1875
1751922984158 26082.83984375 1876
1751922984408 26894.53125 1877
1751922984668 28444.06640625 1878
1751922984919 27301.98828125 1879
1751922985165 26361.384765625 1880
1751922985412 28282.841796875 1881
1751922985662 26428.943359375 1882
1751922985915 27632.740234375 1883
1751922986171 26629.482421875 1884
1751922986452 27328.419921875 1885
1751922986733 26872.9375 1886
1751922987013 25313.384765625 1887
1751922987296 26569.775390625 1888
1751922987582 26731.08203125 1889
1751922987873 29153.888671875 1890
1751922988161 27556.28125 1891
1751922988458 27743.833984375 1892
1751922988750 28178.01953125 1893
1751922989039 27431.302734375 1894
1751922989319 26168.384765625 1895
1751922989603 26587.9375 1896
1751922989879 26456.982421875 1897
1751922990170 27376.40625 1898
1751922990462 27576.46875 1899
1751922990754 27374.384765625 1900
1751922991057 27486.005859375 1901
1751922991844 27676.90625 1902
1751922992137 26117.32421875 1903
1751922992415 26966.26953125 1904
1751922992706 27822.544921875 1905
1751922993005 25910.369140625 1906
1751922993300 27165.21875 1907
1751922993601 27535.966796875 1908
1751922993901 25105.068359375 1909
1751922994200 27551.92578125 1910
1751922994492 26940.544921875 1911
1751922994784 27648.931640625 1912
1751922995077 26519.359375 1913
1751922995379 26681.796875 1914
1751922995675 27426.400390625 1915
1751922995955 27660.294921875 1916
1751922996254 26575.287109375 1917
1751922996547 26459.068359375 1918
1751922996838 26908.806640625 1919
1751922997131 26544.013671875 1920
1751922997430 26745.5 1921
1751922997725 26439.978515625 1922
1751922998014 27079.80078125 1923
1751922998309 27446.775390625 1924
1751922998607 27236.138671875 1925
1751922998902 26249.91015625 1926
1751922999195 26510.5625 1927
1751922999484 26330.45703125 1928
1751922999776 27540.05078125 1929
1751923000074 28089.884765625 1930
1751923000369 25399.62890625 1931
1751923000662 25824.966796875 1932
1751923000956 27087.150390625 1933
1751923001256 25471.529296875 1934
1751923001551 26575.900390625 1935
1751923001849 26594.8125 1936
1751923002138 26767.609375 1937
1751923002431 27744.365234375 1938
1751923002722 26758.8125 1939
1751923003015 27039.259765625 1940
1751923003303 27131.041015625 1941
1751923003596 27228.81640625 1942
1751923003890 26138.0859375 1943
1751923004192 25851.498046875 1944
1751923004473 27378.576171875 1945
1751923004758 26906.107421875 1946
1751923005051 26346.884765625 1947
1751923005339 26207.08203125 1948
1751923005626 26617.044921875 1949
1751923005923 26545.365234375 1950
1751923006212 26670.669921875 1951
1751923006507 25692.146484375 1952
1751923006789 28018.86328125 1953
1751923007078 27057.556640625 1954
1751923007376 26044.169921875 1955
1751923007672 27090.498046875 1956
1751923007967 27436.708984375 1957
1751923008263 26241.86328125 1958
1751923008557 25925.6953125 1959
1751923008844 25014.494140625 1960
1751923009133 25484.3046875 1961
1751923009433 26197.427734375 1962
1751923009740 26286.76953125 1963
1751923010019 26792.53515625 1964
1751923010296 24932.833984375 1965
1751923010577 27562.40625 1966
1751923010860 28402.328125 1967
1751923011132 26095.638671875 1968
1751923011413 26855.412109375 1969
1751923011692 26153.087890625 1970
1751923011972 25356.849609375 1971
1751923012253 26538.099609375 1972
1751923012533 25827.4375 1973
1751923012804 25917.408203125 1974
1751923013086 25467.71875 1975
1751923013369 25906.96484375 1976
1751923013648 25669.630859375 1977
1751923013931 26893.4375 1978
1751923014214 25395.947265625 1979
1751923014493 27328.373046875 1980
1751923014762 25831.6640625 1981
1751923015043 26762.880859375 1982
1751923015310 25354.560546875 1983
1751923015591 27961.20703125 1984
1751923015870 27531.974609375 1985
1751923016151 26660.828125 1986
1751923016434 25164.92578125 1987
1751923016711 26372.056640625 1988
1751923016991 25117.310546875 1989
1751923017271 26025.1171875 1990
1751923017550 25858.0234375 1991
1751923017833 27046.443359375 1992
1751923018102 26409.84375 1993
1751923018383 26627.779296875 1994
1751923018659 26352.25 1995
1751923018939 26143.796875 1996
1751923019225 25568.8515625 1997
1751923019505 26700.16015625 1998
1751923019786 23883.40234375 1999
1751923020069 26727.26953125 2000
1751923020354 25776.404296875 2001
1751923021142 25233.177734375 2002
1751923021436 25954.021484375 2003
1751923021725 25168.8203125 2004
1751923022005 28386.759765625 2005
1751923022296 25272.279296875 2006
1751923022588 25092.2578125 2007
1751923022883 25166.740234375 2008
1751923023178 25588.10546875 2009
1751923023468 26640.412109375 2010
1751923023757 25277.44140625 2011
1751923024048 26455.40625 2012
1751923024339 26937.107421875 2013
1751923024630 25936.724609375 2014
1751923024921 26371.23828125 2015
1751923025214 25038.669921875 2016
1751923025510 24941.498046875 2017
1751923025809 25770.123046875 2018
1751923026102 26531.53515625 2019
1751923026393 26612.0 2020
1751923026690 26492.982421875 2021
1751923026980 23856.552734375 2022
1751923027271 25525.169921875 2023
1751923027560 24415.84765625 2024
1751923027851 24532.412109375 2025
1751923028145 26242.037109375 2026
1751923028433 24788.26953125 2027
1751923028720 26053.9453125 2028
1751923029009 24810.154296875 2029
1751923029296 23878.341796875 2030
1751923029589 26662.947265625 2031
1751923029880 23906.806640625 2032
1751923030171 26665.599609375 2033
1751923030468 26980.53515625 2034
1751923030759 24962.396484375 2035
1751923031052 25153.61328125 2036
1751923031343 27011.26953125 2037
1751923031638 25780.958984375 2038
1751923031935 25386.37890625 2039
1751923032229 27559.59765625 2040
1751923032524 26942.107421875 2041
1751923032819 25473.630859375 2042
1751923033117 26695.31640625 2043
1751923033413 26322.607421875 2044
1751923033704 27430.740234375 2045
1751923033999 26132.427734375 2046
1751923034288 26077.21875 2047
1751923034581 26683.560546875 2048
1751923034871 22838.515625 2049
1751923035159 24977.326171875 2050
1751923035462 25523.322265625 2051
1751923035762 24735.4765625 2052
1751923036051 25484.654296875 2053
1751923036349 24051.888671875 2054
1751923036636 25715.642578125 2055
1751923036929 25072.990234375 2056
1751923037222 25472.857421875 2057
1751923037516 27275.056640625 2058
1751923037809 26277.23828125 2059
1751923038095 26380.294921875 2060
1751923038392 25590.091796875 2061
1751923038684 25782.408203125 2062
1751923038976 25633.513671875 2063
1751923039267 24261.62890625 2064
1751923039555 24504.181640625 2065
1751923039846 24755.126953125 2066
1751923040132 25984.560546875 2067
1751923040427 24027.935546875 2068
1751923040725 27323.888671875 2069
1751923041017 27715.162109375 2070
1751923041344 25212.619140625 2071
1751923041639 25683.498046875 2072
1751923041934 25462.443359375 2073
1751923042226 24754.771484375 2074
1751923042516 24833.958984375 2075
1751923042812 25704.697265625 2076
1751923043108 26390.724609375 2077
1751923043403 24800.103515625 2078
1751923043702 24550.5703125 2079
1751923043999 25643.123046875 2080
1751923044284 26455.529296875 2081
1751923044582 26004.40625 2082
1751923044878 25982.6640625 2083
1751923045173 24961.8203125 2084
1751923045475 24881.755859375 2085
1751923045779 25402.380859375 2086
1751923046079 27104.53515625 2087
1751923046375 24481.990234375 2088
1751923046669 23601.95703125 2089
1751923046963 23599.16796875 2090
1751923047254 24359.287109375 2091
1751923047546 23392.396484375 2092
1751923047841 25225.96875 2093
1751923048139 25173.591796875 2094
1751923048438 24380.662109375 2095
1751923048733 26001.541015625 2096
1751923049026 25009.544921875 2097
1751923049318 23112.9375 2098
1751923049607 25206.3125 2099
1751923049899 24356.16796875 2100
1751923050192 26551.177734375 2101
1751923050978 25219.19140625 2102
1751923051268 26062.990234375 2103
1751923051561 23995.12890625 2104
1751923051852 22964.861328125 2105
1751923052146 24957.701171875 2106
1751923052435 24600.2890625 2107
1751923052729 24434.00390625 2108
1751923053029 23704.982421875 2109
1751923053328 25659.09375 2110
1751923053621 25238.65234375 2111
1751923053916 25080.392578125 2112
1751923054208 24184.654296875 2113
1751923054500 24572.208984375 2114
1751923054788 24861.560546875 2115
1751923055078 26099.904296875 2116
1751923055371 24036.15625 2117
1751923055670 23449.490234375 2118
1751923055959 23556.72265625 2119
1751923056249 23460.498046875 2120
1751923056536 24062.12109375 2121
1751923056823 24613.490234375 2122
1751923057113 23281.7265625 2123
1751923057402 26561.025390625 2124
1751923057696 23988.091796875 2125
1751923057996 24874.345703125 2126
1751923058294 24159.990234375 2127
1751923058582 24824.837890625 2128
1751923058873 24932.33203125 2129
1751923059163 24766.3515625 2130
1751923059456 22013.693359375 2131
1751923059749 24301.126953125 2132
1751923060041 24659.75 2133
1751923060336 26556.84375 2134
1751923060634 23238.423828125 2135
1751923060929 24392.3828125 2136
1751923061225 25637.404296875 2137
1751923061516 25163.630859375 2138
1751923061808 24017.623046875 2139
1751923062105 27787.83203125 2140
1751923062406 25322.818359375 2141
1751923062702 24012.177734375 2142
1751923062998 25846.025390625 2143
1751923063291 28982.443359375 2144
1751923063582 24239.0703125 2145
1751923063874 24333.177734375 2146
1751923064165 24891.15234375 2147
1751923064455 25374.21484375 2148
1751923064749 27072.640625 2149
1751923065038 24225.919921875 2150
1751923065331 26484.326171875 2151
1751923065627 25107.935546875 2152
1751923065922 25392.029296875 2153
1751923066215 24831.404296875 2154
1751923066506 26528.279296875 2155
1751923066798 23666.357421875 2156
1751923067085 26465.431640625 2157
1751923067376 23770.46484375 2158
1751923067667 23889.419921875 2159
1751923067963 27436.671875 2160
1751923068256 23702.625 2161
1751923068546 23134.75390625 2162
1751923068836 23182.962890625 2163
1751923069123 26369.6875 2164
1751923069404 24328.71875 2165
1751923069692 26256.11328125 2166
1751923069977 24311.556640625 2167
1751923070263 25949.849609375 2168
1751923070559 25276.583984375 2169
1751923070856 24929.958984375 2170
1751923071135 25386.201171875 2171
1751923071433 24323.123046875 2172
1751923071732 23795.5078125 2173
1751923072028 24082.93359375 2174
1751923072324 24338.697265625 2175
1751923072623 23180.939453125 2176
1751923072921 23211.583984375 2177
1751923073219 23318.791015625 2178
1751923073516 23438.009765625 2179
1751923073814 24820.068359375 2180
1751923074111 24612.068359375 2181
1751923074408 24192.283203125 2182
1751923074707 22491.529296875 2183
1751923075006 25960.029296875 2184
1751923075304 23933.81640625 2185
1751923075602 23226.275390625 2186
1751923075900 23320.19921875 2187
1751923076192 24389.15625 2188
1751923076482 26129.73828125 2189
1751923076770 24690.591796875 2190
1751923077065 23838.900390625 2191
1751923077362 24617.98828125 2192
1751923077654 23461.041015625 2193
1751923077953 25403.392578125 2194
1751923078249 24119.498046875 2195
1751923078543 24515.171875 2196
1751923078833 22735.171875 2197
1751923079126 22868.25 2198
1751923079421 24734.7890625 2199
1751923079717 25200.07421875 2200
1751923080012 23426.798828125 2201
1751923080799 25293.357421875 2202
1751923081092 25044.7578125 2203
1751923081384 24334.626953125 2204
1751923081683 21616.521484375 2205
1751923081982 25238.001953125 2206
1751923082275 22426.779296875 2207
1751923082570 25457.498046875 2208
1751923082865 23776.912109375 2209
1751923083164 23916.373046875 2210
1751923083461 26139.666015625 2211
1751923083753 24182.01953125 2212
1751923084045 23924.482421875 2213
1751923084331 23581.939453125 2214
1751923084622 23390.56640625 2215
1751923084913 24860.615234375 2216
1751923085207 23848.833984375 2217
1751923085508 24549.86328125 2218
1751923085804 24261.443359375 2219
1751923086107 22002.591796875 2220
1751923086402 22222.576171875 2221
1751923086689 24702.884765625 2222
1751923086981 22129.810546875 2223
1751923087277 22119.083984375 2224
1751923087565 22849.287109375 2225
1751923087855 24784.029296875 2226
1751923088151 24515.080078125 2227
1751923088442 23759.228515625 2228
1751923088731 22489.34765625 2229
1751923089020 26086.201171875 2230
1751923089310 23916.09375 2231
1751923089602 24398.44140625 2232
1751923089889 23051.791015625 2233
1751923090179 24519.267578125 2234
1751923090475 23444.20703125 2235
1751923090773 24345.505859375 2236
1751923091065 23054.4140625 2237
1751923091357 25868.59765625 2238
1751923091655 24240.03515625 2239
1751923091951 23685.724609375 2240
1751923092247 24889.154296875 2241
1751923092540 23201.884765625 2242
1751923092835 23071.310546875 2243
1751923093132 27215.009765625 2244
1751923093422 22322.138671875 2245
1751923093713 24413.806640625 2246
1751923094008 23226.46875 2247
1751923094300 22636.271484375 2248
1751923094596 23280.0234375 2249
1751923094886 20947.501953125 2250
1751923095177 23055.904296875 2251
1751923095474 23759.61328125 2252
1751923095772 24393.328125 2253
1751923096066 22632.306640625 2254
1751923096358 20714.921875 2255
1751923096644 22539.0625 2256
1751923096935 24023.845703125 2257
1751923097228 23955.71484375 2258
1751923097522 23742.11328125 2259
1751923097817 24073.166015625 2260
1751923098117 23079.666015625 2261
1751923098413 24119.12109375 2262
1751923098702 24760.994140625 2263
1751923098996 23001.39453125 2264
1751923099285 24199.560546875 2265
1751923099575 23148.806640625 2266
1751923099864 23037.19140625 2267
1751923100152 21429.1328125 2268
1751923100448 23063.140625 2269
1751923100747 24445.708984375 2270
1751923101037 20977.322265625 2271
1751923101330 21208.8125 2272
1751923101626 23107.7265625 2273
1751923101924 22574.5546875 2274
1751923102223 25080.015625 2275
1751923102509 23599.69140625 2276
1751923102805 24393.044921875 2277
1751923103102 22227.982421875 2278
1751923103401 24128.01953125 2279
1751923103696 22672.19921875 2280
1751923103994 23119.560546875 2281
1751923104292 22490.44140625 2282
1751923104589 24299.4765625 2283
1751923104863 24511.421875 2284
1751923105160 22978.888671875 2285
1751923105460 21803.150390625 2286
1751923105756 25210.45703125 2287
1751923106056 20422.333984375 2288
1751923106353 22804.083984375 2289
1751923106648 21721.484375 2290
1751923106939 23633.873046875 2291
1751923107226 21991.583984375 2292
1751923107510 23046.91796875 2293
1751923107797 26388.349609375 2294
1751923108091 24674.564453125 2295
1751923108382 23035.83203125 2296
1751923108669 22149.23046875 2297
1751923108960 21914.962890625 2298
1751923109246 22689.173828125 2299
1751923109535 22741.826171875 2300
1751923109821 21356.775390625 2301
1751923110600 23564.74609375 2302
1751923110893 22619.810546875 2303
1751923111186 21716.943359375 2304
1751923111478 22838.103515625 2305
1751923111772 23255.818359375 2306
1751923112063 22243.078125 2307
1751923112356 23406.078125 2308
1751923112649 24039.271484375 2309
1751923112941 21420.732421875 2310
1751923113240 22737.935546875 2311
1751923113537 21701.3984375 2312
1751923113826 22233.853515625 2313
1751923114120 24052.146484375 2314
1751923114411 22114.763671875 2315
1751923114703 22541.771484375 2316
1751923114993 20984.44140625 2317
1751923115285 23034.935546875 2318
1751923115584 21686.458984375 2319
1751923115877 21776.125 2320
1751923116164 21853.107421875 2321
1751923116460 22788.154296875 2322
1751923116753 22460.79296875 2323
1751923117044 24400.216796875 2324
1751923117340 22866.94140625 2325
1751923117632 25416.771484375 2326
1751923117931 21506.146484375 2327
1751923118226 23033.95703125 2328
1751923118519 21734.904296875 2329
1751923118817 22239.31640625 2330
1751923119110 23372.64453125 2331
1751923119406 22618.154296875 2332
1751923119696 21771.083984375 2333
1751923119994 24361.23828125 2334
1751923120289 21531.55078125 2335
1751923120583 22023.44140625 2336
1751923120880 23437.291015625 2337
1751923121172 24264.26953125 2338
1751923121466 20331.48046875 2339
1751923121762 22894.78515625 2340
1751923122055 21534.515625 2341
1751923122349 22352.421875 2342
1751923122641 21224.263671875 2343
1751923122940 21400.857421875 2344
1751923123239 23027.205078125 2345
1751923123531 22948.70703125 2346
1751923123821 21762.65625 2347
1751923124110 24291.380859375 2348
1751923124406 22059.759765625 2349
1751923124699 21673.2421875 2350
1751923124993 20343.76953125 2351
1751923125285 23022.8515625 2352
1751923125586 22270.953125 2353
1751923125882 21142.544921875 2354
1751923126175 21515.490234375 2355
1751923126467 21651.978515625 2356
1751923126758 22556.921875 2357
1751923127053 23282.279296875 2358
1751923127349 21178.630859375 2359
1751923127644 23042.28125 2360
1751923127939 20354.298828125 2361
1751923128240 24057.087890625 2362
1751923128536 21004.326171875 2363
1751923128831 23942.125 2364
1751923129127 20045.47265625 2365
1751923129425 20913.302734375 2366
1751923129719 24081.515625 2367
1751923130017 22869.05078125 2368
1751923130311 19285.685546875 2369
1751923130607 22956.294921875 2370
1751923130905 22471.2734375 2371
1751923131202 20919.734375 2372
1751923131505 21411.875 2373
1751923131803 23101.552734375 2374
1751923132104 24871.759765625 2375
1751923132403 23604.12890625 2376
1751923132702 25504.021484375 2377
1751923132998 21583.255859375 2378
1751923133296 20683.640625 2379
1751923133597 21176.728515625 2380
1751923133894 21598.341796875 2381
1751923134175 24005.919921875 2382
1751923134462 20515.544921875 2383
1751923134730 22064.0 2384
1751923135014 22993.056640625 2385
1751923135276 22284.82421875 2386
1751923135539 21363.5703125 2387
1751923135804 21767.78125 2388
1751923136078 19933.75390625 2389
1751923136340 19651.59375 2390
1751923136603 20906.115234375 2391
1751923136870 19438.55859375 2392
1751923137142 19764.41015625 2393
1751923137404 21827.67578125 2394
1751923137675 22618.373046875 2395
1751923137936 20060.671875 2396
1751923138199 20411.533203125 2397
1751923138470 22072.0 2398
1751923138732 21250.537109375 2399
1751923138993 22561.310546875 2400
1751923139233 20850.828125 2401
1751923139750 20191.953125 2402
1751923140009 20960.63671875 2403
1751923140267 21777.669921875 2404
1751923140509 20745.138671875 2405
1751923140760 20624.107421875 2406
1751923141003 22759.732421875 2407
1751923141245 20826.47265625 2408
1751923141493 25511.453125 2409
1751923141734 21218.857421875 2410
1751923141974 22900.119140625 2411
1751923142213 20787.560546875 2412
1751923142453 23757.490234375 2413
1751923142701 21540.568359375 2414
1751923142960 20885.224609375 2415
1751923143214 21736.609375 2416
1751923143456 23016.1171875 2417
1751923143696 20520.029296875 2418
1751923143936 20897.068359375 2419
1751923144175 20127.900390625 2420
1751923144418 23203.419921875 2421
1751923144659 22043.328125 2422
1751923144905 21381.67578125 2423
1751923145149 20641.162109375 2424
1751923145393 21434.068359375 2425
1751923145635 21119.529296875 2426
1751923145876 22720.376953125 2427
1751923146117 21208.34375 2428
1751923146357 20767.42578125 2429
1751923146601 19348.669921875 2430
1751923146840 23389.736328125 2431
1751923147080 23575.173828125 2432
1751923147319 23027.322265625 2433
1751923147561 20641.123046875 2434
1751923147803 22677.4375 2435
1751923148042 21748.931640625 2436
1751923148284 22937.791015625 2437
1751923148526 19506.11328125 2438
1751923148768 22003.166015625 2439
1751923149016 22122.625 2440
1751923149258 21286.890625 2441
1751923149505 20436.333984375 2442
1751923149747 21376.123046875 2443
1751923149986 21538.396484375 2444
1751923150227 20885.431640625 2445
1751923150469 21610.015625 2446
1751923150709 20140.8515625 2447
1751923150952 21544.560546875 2448
1751923151192 21368.76953125 2449
1751923151436 21903.72265625 2450
1751923151675 19276.36328125 2451
1751923151915 20533.2421875 2452
1751923152158 19227.59375 2453
1751923152402 20887.865234375 2454
1751923152641 21779.484375 2455
1751923152882 24213.61328125 2456
1751923153123 24321.78515625 2457
1751923153365 22812.748046875 2458
1751923153618 22189.919921875 2459
1751923153866 22028.9296875 2460
1751923154114 22475.849609375 2461
1751923154359 18831.537109375 2462
1751923154599 19880.47265625 2463
1751923154856 20558.333984375 2464
1751923155103 20108.666015625 2465
1751923155360 23354.216796875 2466
1751923155605 20464.150390625 2467
1751923155853 21590.62109375 2468
1751923156113 20239.513671875 2469
1751923156356 21374.896484375 2470
1751923156596 22138.740234375 2471
1751923156836 22006.419921875 2472
1751923157078 23030.701171875 2473
1751923157326 22622.759765625 2474
1751923157568 21712.435546875 2475
1751923157812 17932.0546875 2476
1751923158068 19118.392578125 2477
1751923158317 21038.31640625 2478
1751923158563 22456.416015625 2479
1751923158802 19241.46875 2480
1751923159043 22372.818359375 2481
1751923159291 22860.6171875 2482
1751923159538 22187.357421875 2483
1751923159779 21552.498046875 2484
1751923160020 19623.021484375 2485
1751923160262 23621.728515625 2486
1751923160504 20124.521484375 2487
1751923160748 18061.279296875 2488
1751923161006 19906.978515625 2489
1751923161253 21420.84375 2490
1751923161499 19539.990234375 2491
1751923161739 20743.380859375 2492
1751923161987 21238.724609375 2493
1751923162229 19189.091796875 2494
1751923162473 21430.337890625 2495
1751923162713 22339.8125 2496
1751923162953 19421.626953125 2497
1751923163193 20286.3046875 2498
1751923163438 19377.484375 2499
1751923163680 20313.119140625 2500
1751923163929 20438.291015625 2501
1751923164465 20836.037109375 2502
1751923164705 22291.822265625 2503
1751923164947 19509.15625 2504
1751923165188 20395.076171875 2505
1751923165429 20141.302734375 2506
1751923165671 19838.396484375 2507
1751923165910 20768.921875 2508
1751923166149 19997.341796875 2509
1751923166392 22125.865234375 2510
1751923166633 21880.25 2511
1751923166873 21474.623046875 2512
1751923167114 18869.44140625 2513
1751923167360 17938.74609375 2514
1751923167604 20260.615234375 2515
1751923167851 21919.544921875 2516
1751923168108 19845.06640625 2517
1751923168361 20381.412109375 2518
1751923168616 19878.154296875 2519
1751923168861 19327.896484375 2520
1751923169103 20389.03515625 2521
1751923169342 19664.388671875 2522
1751923169583 22478.6875 2523
1751923169831 19856.537109375 2524
1751923170080 18911.548828125 2525
1751923170326 19082.552734375 2526
1751923170575 22717.068359375 2527
1751923170835 20540.7734375 2528
1751923171090 18661.818359375 2529
1751923171330 21852.2578125 2530
1751923171582 19473.9375 2531
1751923171834 20103.197265625 2532
1751923172086 20691.341796875 2533
1751923172333 22055.5 2534
1751923172572 20272.732421875 2535
1751923172812 23602.595703125 2536
1751923173051 17839.951171875 2537
1751923173291 21941.5546875 2538
1751923173532 18895.638671875 2539
1751923173774 24478.294921875 2540
1751923174020 20703.802734375 2541
1751923174260 20606.09765625 2542
1751923174502 20687.0625 2543
1751923174749 20037.431640625 2544
1751923175003 21145.3984375 2545
1751923175259 19387.787109375 2546
1751923175508 21438.78515625 2547
1751923175762 23659.685546875 2548
1751923176018 21115.1953125 2549
1751923176274 22225.029296875 2550
1751923176528 19793.474609375 2551
1751923176780 20314.59765625 2552
1751923177030 20846.943359375 2553
1751923177286 21289.62890625 2554
1751923177529 19118.474609375 2555
1751923177772 19850.1875 2556
1751923178016 19975.103515625 2557
1751923178263 16901.71875 2558
1751923178508 21964.58203125 2559
1751923178749 18151.4765625 2560
1751923178989 21199.619140625 2561
1751923179233 20482.953125 2562
1751923179474 18174.94140625 2563
1751923179729 19411.341796875 2564
1751923179974 19821.716796875 2565
1751923180219 23953.451171875 2566
1751923180469 16375.8623046875 2567
1751923180711 21997.37890625 2568
1751923180956 22408.072265625 2569
1751923181211 18873.373046875 2570
1751923181456 21518.798828125 2571
1751923181709 20029.544921875 2572
1751923181955 17290.978515625 2573
1751923182198 19726.17578125 2574
1751923182441 23087.880859375 2575
1751923182688 19546.7421875 2576
1751923182947 20706.65625 2577
1751923183191 17627.037109375 2578
1751923183434 20824.447265625 2579
1751923183675 19853.61328125 2580
1751923183915 19994.337890625 2581
1751923184157 20908.6796875 2582
1751923184396 16771.103515625 2583
1751923184648 21878.185546875 2584
1751923184894 22355.216796875 2585
1751923185141 18146.66796875 2586
1751923185390 21039.572265625 2587
1751923185634 21307.60546875 2588
1751923185877 21168.3125 2589
1751923186118 19066.181640625 2590
1751923186357 19113.578125 2591
1751923186597 20305.919921875 2592
1751923186836 19214.3046875 2593
1751923187076 19468.88671875 2594
1751923187316 19850.244140625 2595
1751923187556 18104.65234375 2596
1751923187802 18390.458984375 2597
1751923188043 20494.337890625 2598
1751923188284 18265.3671875 2599
1751923188529 17743.953125 2600
1751923188780 21021.869140625 2601
1751923189322 21094.37890625 2602
1751923189563 20741.81640625 2603
1751923189811 20546.857421875 2604
1751923190062 18679.330078125 2605
1751923190308 21184.9453125 2606
1751923190560 21397.375 2607
1751923190800 20600.625 2608
1751923191042 21607.818359375 2609
1751923191291 19234.6796875 2610
1751923191534 19207.837890625 2611
1751923191793 23380.240234375 2612
1751923192035 17946.599609375 2613
1751923192275 20522.53125 2614
1751923192515 20623.388671875 2615
1751923192760 18477.681640625 2616
1751923193002 20083.572265625 2617
1751923193244 21671.61328125 2618
1751923193485 18258.974609375 2619
1751923193725 17285.478515625 2620
1751923193966 19240.9375 2621
1751923194205 20543.58984375 2622
1751923194450 18365.6484375 2623
1751923194695 21346.212890625 2624
1751923194954 18469.962890625 2625
1751923195211 20441.029296875 2626
1751923195466 18315.59375 2627
1751923195719 16231.140625 2628
1751923195969 18262.353515625 2629
1751923196221 21102.193359375 2630
1751923196477 19519.775390625 2631
1751923196731 22582.404296875 2632
1751923196985 17118.564453125 2633
1751923197237 20082.931640625 2634
1751923197492 17442.328125 2635
1751923197745 21755.52734375 2636
1751923198002 18054.138671875 2637
1751923198255 20505.107421875 2638
1751923198508 18145.5625 2639
1751923198760 18510.060546875 2640
1751923199015 18048.76953125 2641
1751923199270 17727.515625 2642
1751923199521 21012.51171875 2643
1751923199771 19357.052734375 2644
1751923200028 16657.61328125 2645
1751923200335 19801.677734375 2646
1751923200621 20816.560546875 2647
1751923200896 17989.150390625 2648
1751923201175 18890.74609375 2649
1751923201456 20566.724609375 2650
1751923201730 20097.130859375 2651
1751923202005 18531.619140625 2652
1751923202287 19423.884765625 2653
1751923202576 21589.044921875 2654
1751923202880 20189.708984375 2655
1751923203169 20772.919921875 2656
1751923203463 20221.00390625 2657
1751923203751 20624.81640625 2658
1751923204041 18865.91015625 2659
1751923204325 17460.353515625 2660
1751923204607 21088.611328125 2661
1751923204898 16708.505859375 2662
1751923205188 19313.953125 2663
1751923205485 18251.681640625 2664
1751923205762 16747.177734375 2665
1751923206047 18381.74609375 2666
1751923206326 18643.857421875 2667
1751923206607 21781.16015625 2668
1751923206885 20465.306640625 2669
1751923207175 21961.962890625 2670
1751923207461 20794.291015625 2671
1751923207750 19598.578125 2672
1751923208043 19800.234375 2673
1751923208336 18395.75390625 2674
1751923208624 18949.693359375 2675
1751923208906 19985.009765625 2676
1751923209178 19424.052734375 2677
1751923209459 20850.205078125 2678
1751923209748 17628.740234375 2679
1751923210025 18182.09765625 2680
1751923210312 20119.068359375 2681
1751923210610 19353.62890625 2682
1751923210904 18214.990234375 2683
1751923211195 22664.83203125 2684
1751923211488 18786.00390625 2685
1751923211763 21874.76953125 2686
1751923212043 19312.265625 2687
1751923212328 19550.591796875 2688
1751923212619 21542.890625 2689
1751923212916 17808.521484375 2690
1751923213207 19728.6875 2691
1751923213499 20395.728515625 2692
1751923213793 17228.630859375 2693
1751923214078 19992.900390625 2694
1751923214390 18517.802734375 2695
1751923214685 17795.26171875 2696
1751923214977 15925.2451171875 2697
1751923215268 17143.77734375 2698
1751923215560 18037.904296875 2699
1751923215847 17725.943359375 2700
1751923216135 18226.912109375 2701
1751923216918 19679.919921875 2702
1751923217346 20903.224609375 2703
1751923217643 17492.71875 2704
1751923217935 18624.208984375 2705
1751923218220 19796.380859375 2706
1751923218496 22871.689453125 2707
1751923218780 19465.099609375 2708
1751923219075 17926.427734375 2709
1751923219362 18840.744140625 2710
1751923219631 17112.431640625 2711
1751923219914 18904.763671875 2712
1751923220195 19182.890625 2713
1751923220484 21021.291015625 2714
1751923220777 20200.505859375 2715
1751923221084 18900.59375 2716
1751923221372 21766.19140625 2717
1751923221658 16102.103515625 2718
1751923221950 18196.568359375 2719
1751923222242 19489.0859375 2720
1751923222535 17195.62109375 2721
1751923222827 20472.625 2722
1751923223117 20664.447265625 2723
1751923223406 18232.755859375 2724
1751923223698 20004.263671875 2725
1751923223988 19769.39453125 2726
1751923224277 15850.6279296875 2727
1751923224568 20198.201171875 2728
1751923224859 18634.255859375 2729
1751923225146 19265.3125 2730
1751923225435 20599.552734375 2731
1751923225730 17814.533203125 2732
1751923226019 19927.05078125 2733
1751923226315 16553.46875 2734
1751923226615 18008.701171875 2735
1751923226909 19083.302734375 2736
1751923227202 16872.029296875 2737
1751923227495 20548.462890625 2738
1751923227786 16967.37109375 2739
1751923228078 18305.474609375 2740
1751923228369 16388.833984375 2741
1751923228660 19424.359375 2742
1751923228947 18975.134765625 2743
1751923229240 19788.529296875 2744
1751923229527 17388.466796875 2745
1751923229817 18179.720703125 2746
1751923230110 19405.291015625 2747
1751923230404 18751.7265625 2748
1751923230696 17649.759765625 2749
1751923230990 16506.55859375 2750
1751923231285 21871.869140625 2751
1751923231576 19139.591796875 2752
1751923231870 19569.4453125 2753
1751923232160 15928.234375 2754
1751923232452 18320.0546875 2755
1751923232748 16763.736328125 2756
1751923233045 15474.861328125 2757
1751923233338 19166.052734375 2758
1751923233631 19348.685546875 2759
1751923233924 15932.619140625 2760
1751923234215 19207.435546875 2761
1751923234507 18083.576171875 2762
1751923234797 18992.19921875 2763
1751923235088 16475.89453125 2764
1751923235380 19592.962890625 2765
1751923235673 18859.796875 2766
1751923235966 18562.24609375 2767
1751923236257 17109.5859375 2768
1751923236549 20224.638671875 2769
1751923236840 17934.42578125 2770
1751923237128 19611.763671875 2771
1751923237416 15792.892578125 2772
1751923237706 18849.794921875 2773
1751923238000 18911.134765625 2774
1751923238286 21293.078125 2775
1751923238577 16569.419921875 2776
1751923238866 16622.365234375 2777
1751923239155 17707.5625 2778
1751923239446 17374.765625 2779
1751923239737 18642.771484375 2780
1751923240027 18817.8125 2781
1751923240318 18593.36328125 2782
1751923240611 15853.9443359375 2783
1751923240904 17623.14453125 2784
1751923241194 17904.28125 2785
1751923241481 19650.26953125 2786
1751923241775 15764.0380859375 2787
1751923242064 19532.640625 2788
1751923242351 15498.5595703125 2789
1751923242635 17648.53515625 2790
1751923242924 19639.587890625 2791
1751923243215 19639.255859375 2792
1751923243496 20574.787109375 2793
1751923243779 19026.9453125 2794
1751923244060 16070.517578125 2795
1751923244343 15686.306640625 2796
1751923244623 18766.931640625 2797
1751923244904 17553.07421875 2798
1751923245187 17220.935546875 2799
1751923245477 18784.607421875 2800
1751923245768 17425.490234375 2801
1751923246498 21735.373046875 2802
1751923246785 16455.02734375 2803
1751923247078 18017.994140625 2804
1751923247373 18523.880859375 2805
1751923247661 18860.609375 2806
1751923247953 16430.037109375 2807
1751923248248 15664.8408203125 2808
1751923248536 14793.0302734375 2809
1751923248830 17789.958984375 2810
1751923249123 18830.03125 2811
1751923249413 19606.677734375 2812
1751923249706 16974.8984375 2813
1751923249996 19408.734375 2814
1751923250287 17348.619140625 2815
1751923250583 15442.025390625 2816
1751923250878 17300.8984375 2817
1751923251169 18736.662109375 2818
1751923251460 16468.478515625 2819
1751923251751 20669.162109375 2820
1751923252043 19045.55859375 2821
1751923252336 19377.326171875 2822
1751923252631 20751.984375 2823
1751923252924 18556.1640625 2824
1751923253214 17315.841796875 2825
1751923253507 17613.4140625 2826
1751923253781 16558.203125 2827
1751923254075 16341.4345703125 2828
1751923254368 16782.763671875 2829
1751923254653 17039.09765625 2830
1751923254944 15612.3935546875 2831
1751923255255 19581.859375 2832
1751923255550 15126.671875 2833
1751923255845 20223.513671875 2834
1751923256138 19961.28515625 2835
1751923256430 18280.458984375 2836
1751923256721 18953.69921875 2837
1751923257013 17284.462890625 2838
1751923257301 18118.478515625 2839
1751923257594 18709.013671875 2840
1751923257885 15554.3193359375 2841
1751923258177 16809.990234375 2842
1751923258466 16011.8671875 2843
1751923258754 17534.83203125 2844
1751923259044 18681.119140625 2845
1751923259336 17957.05078125 2846
1751923259627 16775.646484375 2847
1751923259916 16447.349609375 2848
1751923260208 17917.388671875 2849
1751923260499 16065.7158203125 2850
1751923260790 14920.822265625 2851
1751923261075 15667.4658203125 2852
1751923261367 17797.365234375 2853
1751923261658 17012.744140625 2854
1751923261949 18614.357421875 2855
1751923262233 16179.84375 2856
1751923262514 15524.7939453125 2857
1751923262798 17323.412109375 2858
1751923263082 17993.484375 2859
1751923263368 20805.8515625 2860
1751923263658 19710.4921875 2861
1751923263943 19726.919921875 2862
1751923264223 16946.791015625 2863
1751923264503 17934.458984375 2864
1751923264781 18847.0390625 2865
1751923265053 17211.283203125 2866
1751923265333 17192.3125 2867
1751923265626 17677.396484375 2868
1751923265910 18416.109375 2869
1751923266193 19976.177734375 2870
1751923266484 16060.8701171875 2871
1751923266777 19820.033203125 2872
1751923267060 15339.7685546875 2873
1751923267354 19797.2265625 2874
1751923267641 17182.708984375 2875
1751923267934 17378.216796875 2876
1751923268230 17545.837890625 2877
1751923268524 17016.00390625 2878
1751923268813 16381.09375 2879
1751923269104 19545.060546875 2880
1751923269396 16665.748046875 2881
1751923269684 17751.21875 2882
1751923269972 18698.484375 2883
1751923270262 17771.703125 2884
1751923270558 17958.84765625 2885
1751923270847 18036.99609375 2886
1751923271132 15252.8310546875 2887
1751923271424 16871.150390625 2888
1751923271717 18965.927734375 2889
1751923272004 15559.017578125 2890
1751923272294 16269.017578125 2891
1751923272583 19612.5625 2892
1751923272872 18546.611328125 2893
1751923273163 16945.255859375 2894
1751923273454 14977.2080078125 2895
1751923273744 19662.671875 2896
1751923274030 17242.763671875 2897
1751923274320 17982.921875 2898
1751923274608 16130.9609375 2899
1751923274898 20499.169921875 2900
1751923275186 16174.048828125 2901
1751923275959 16654.3359375 2902
1751923276258 18402.77734375 2903
1751923276551 19457.109375 2904
1751923276840 18717.28125 2905
1751923277125 17678.029296875 2906
1751923277408 16651.84375 2907
1751923277704 16531.033203125 2908
1751923277991 20649.865234375 2909
1751923278284 18089.818359375 2910
1751923278582 18200.0859375 2911
1751923278854 20845.32421875 2912
1751923279129 18804.5625 2913
1751923279420 19740.23828125 2914
1751923279704 19331.8125 2915
1751923279992 17418.591796875 2916
1751923280282 19040.638671875 2917
1751923280566 16990.44921875 2918
1751923280849 17460.47265625 2919
1751923281120 19274.740234375 2920
1751923281400 17992.583984375 2921
1751923281684 17445.599609375 2922
1751923281958 15933.3125 2923
1751923282243 18793.228515625 2924
1751923282519 15565.0126953125 2925
1751923282797 18134.89453125 2926
1751923283073 18237.103515625 2927
1751923283358 14357.486328125 2928
1751923283633 15531.90625 2929
1751923283924 20407.517578125 2930
1751923284215 16825.423828125 2931
1751923284503 18211.490234375 2932
1751923284788 16956.400390625 2933
1751923285063 16499.294921875 2934
1751923285336 16876.794921875 2935
1751923285621 17007.09375 2936
1751923285913 17479.50390625 2937
1751923286194 17636.70703125 2938
1751923286485 18594.353515625 2939
1751923286774 18906.25390625 2940
1751923287048 14415.3037109375 2941
1751923287337 15423.9423828125 2942
1751923287605 15945.9716796875 2943
1751923287893 17717.353515625 2944
1751923288164 14047.7685546875 2945
1751923288449 17713.03515625 2946
1751923288733 19929.529296875 2947
1751923289022 16483.078125 2948
1751923289313 19340.25390625 2949
1751923289593 15697.1796875 2950
1751923289898 15902.8671875 2951
1751923290184 15193.5107421875 2952
1751923290472 16357.7880859375 2953
1751923290713 16477.67578125 2954
1751923290987 15513.4365234375 2955
1751923291257 14286.306640625 2956
1751923291536 21824.927734375 2957
1751923291808 20710.525390625 2958
1751923292078 17272.041015625 2959
1751923292349 17112.365234375 2960
1751923292620 16221.9091796875 2961
1751923292893 19825.203125 2962
1751923293161 17311.880859375 2963
1751923293430 18282.134765625 2964
1751923293699 18244.115234375 2965
1751923293968 13944.3330078125 2966
1751923294239 14158.416015625 2967
1751923294507 16907.421875 2968
1751923294749 15812.5966796875 2969
1751923294996 18777.794921875 2970
1751923295236 18715.982421875 2971
1751923295476 15019.3349609375 2972
1751923295719 16422.587890625 2973
1751923295967 16222.0888671875 2974
1751923296215 15361.1123046875 2975
1751923296456 17715.865234375 2976
1751923296706 19860.279296875 2977
1751923296967 16902.16796875 2978
1751923297225 16596.435546875 2979
1751923297481 21105.044921875 2980
1751923297740 18544.794921875 2981
1751923297989 21591.2265625 2982
1751923298238 13641.267578125 2983
1751923298487 16884.521484375 2984
1751923298736 16414.71484375 2985
1751923298986 11847.6708984375 2986
1751923299233 14998.9287109375 2987
1751923299478 15591.2841796875 2988
1751923299719 12322.9736328125 2989
1751923299971 13125.3720703125 2990
1751923300219 16508.3359375 2991
1751923300476 16855.001953125 2992
1751923300725 20398.22265625 2993
1751923300979 14052.4208984375 2994
1751923301247 18424.037109375 2995
1751923301495 17509.759765625 2996
1751923301746 17225.755859375 2997
1751923301995 19217.087890625 2998
1751923302252 14841.3193359375 2999
1751923302511 18599.39453125 3000
1751923302768 15409.916015625 3001
1751923303303 15650.6943359375 3002
1751923303559 15387.625 3003
1751923303818 16364.134765625 3004
1751923304074 17416.1484375 3005
1751923304335 17030.873046875 3006
1751923304595 17962.419921875 3007
1751923304864 16806.701171875 3008
1751923305122 16892.115234375 3009
1751923305376 21128.6171875 3010
1751923305631 17314.650390625 3011
1751923305886 17618.400390625 3012
1751923306144 19608.138671875 3013
1751923306402 17428.837890625 3014
1751923306662 17532.6875 3015
1751923306920 16846.978515625 3016
1751923307178 15553.7216796875 3017
1751923307436 17962.927734375 3018
1751923307696 13147.4453125 3019
1751923307954 19068.93359375 3020
1751923308211 18577.5546875 3021
1751923308469 16964.544921875 3022
1751923308727 18656.294921875 3023
1751923308985 15707.3544921875 3024
1751923309243 18933.755859375 3025
1751923309499 18138.546875 3026
1751923309756 19432.681640625 3027
1751923310016 18018.50390625 3028
1751923310278 15547.611328125 3029
1751923310537 13944.931640625 3030
1751923310796 15235.3125 3031
1751923311053 20576.544921875 3032
1751923311310 18184.89453125 3033
1751923311570 15351.884765625 3034
1751923311827 17175.615234375 3035
1751923312083 13764.4248046875 3036
1751923312344 18908.859375 3037
1751923312603 19716.556640625 3038
1751923312864 16345.791015625 3039
1751923313133 14555.3955078125 3040
1751923313390 14084.28125 3041
1751923313649 13105.2177734375 3042
1751923313910 16047.478515625 3043
1751923314172 18785.365234375 3044
1751923314432 18043.365234375 3045
1751923314696 13435.5048828125 3046
1751923314957 16196.4892578125 3047
1751923315214 19364.216796875 3048
1751923315472 18762.326171875 3049
1751923315728 15680.1201171875 3050
1751923315984 13456.7685546875 3051
1751923316245 17373.212890625 3052
1751923316506 13796.111328125 3053
1751923316767 17377.59765625 3054
1751923317026 16069.1943359375 3055
1751923317291 17044.193359375 3056
1751923317550 18041.546875 3057
1751923317808 18111.58984375 3058
1751923318065 16342.1083984375 3059
1751923318330 15094.736328125 3060
1751923318589 15060.8876953125 3061
1751923318846 16931.015625 3062
1751923319103 15492.619140625 3063
1751923319361 18967.740234375 3064
1751923319608 15665.4580078125 3065
1751923319865 18223.021484375 3066
1751923320124 17028.701171875 3067
1751923320373 14486.2294921875 3068
1751923320627 15825.8974609375 3069
1751923320878 19157.916015625 3070
1751923321123 18306.919921875 3071
1751923321367 16497.87890625 3072
1751923321610 13503.533203125 3073
1751923321855 15915.3564453125 3074
1751923322105 16751.84765625 3075
1751923322365 17587.048828125 3076
1751923322623 16189.8251953125 3077
1751923322877 17099.390625 3078
1751923323124 19825.296875 3079
1751923323371 15048.1328125 3080
1751923323629 16685.1171875 3081
1751923323886 17898.119140625 3082
1751923324143 16783.345703125 3083
1751923324400 16362.0029296875 3084
1751923324659 14776.8037109375 3085
1751923324923 18612.041015625 3086
1751923325182 16584.037109375 3087
1751923325439 15937.6689453125 3088
1751923325696 15765.1533203125 3089
1751923325956 16650.3359375 3090
1751923326214 17430.76171875 3091
1751923326473 16459.240234375 3092
1751923326734 15424.875 3093
1751923326991 18863.041015625 3094
1751923327247 13702.0078125 3095
1751923327506 17550.021484375 3096
1751923327763 19653.263671875 3097
1751923328019 14858.0458984375 3098
1751923328277 15174.0185546875 3099
1751923328538 15154.609375 3100
1751923328800 17143.84375 3101
1751923329350 13938.2177734375 3102
1751923329608 17235.90625 3103
1751923329869 15184.1533203125 3104
1751923330129 16100.0029296875 3105
1751923330389 16232.8505859375 3106
1751923330649 15446.853515625 3107
1751923330907 16151.8505859375 3108
1751923331168 16807.658203125 3109
1751923331427 17682.390625 3110
1751923331686 15197.796875 3111
1751923331944 17643.7578125 3112
1751923332203 15117.3720703125 3113
1751923332467 13817.5126953125 3114
1751923332729 17562.9140625 3115
1751923332988 16286.9404296875 3116
1751923333245 19511.228515625 3117
1751923333502 16048.244140625 3118
1751923333756 16744.337890625 3119
1751923334012 12689.48828125 3120
1751923334272 13997.7939453125 3121
1751923334530 16478.328125 3122
1751923334793 16070.361328125 3123
1751923335054 15068.345703125 3124
1751923335311 17097.625 3125
1751923335567 16697.708984375 3126
1751923335826 14953.7626953125 3127
1751923336086 17249.234375 3128
1751923336346 15252.3486328125 3129
1751923336605 17181.36328125 3130
1751923336866 16797.734375 3131
1751923337123 15911.2060546875 3132
1751923337384 13950.2158203125 3133
1751923337647 16177.9765625 3134
1751923337906 14705.8642578125 3135
1751923338163 18419.373046875 3136
1751923338422 16813.822265625 3137
1751923338678 16963.888671875 3138
1751923338936 18047.447265625 3139
1751923339197 15618.1669921875 3140
1751923339454 17487.951171875 3141
1751923339707 16114.072265625 3142
1751923339969 16093.78125 3143
1751923340224 16356.0927734375 3144
1751923340478 15045.9609375 3145
1751923340730 16949.6796875 3146
1751923340979 17402.662109375 3147
1751923341232 14735.3876953125 3148
1751923341495 15912.9521484375 3149
1751923341755 14076.837890625 3150
1751923342012 14989.640625 3151
1751923342272 16085.3623046875 3152
1751923342530 14856.9111328125 3153
1751923342788 15646.673828125 3154
1751923343051 18440.740234375 3155
1751923343308 13547.619140625 3156
1751923343569 18641.814453125 3157
1751923343831 13157.6396484375 3158
1751923344102 15313.2919921875 3159
1751923344362 17031.572265625 3160
1751923344622 17680.37890625 3161
1751923344894 17237.220703125 3162
1751923345151 20521.236328125 3163
1751923345406 14994.5498046875 3164
1751923345663 16920.669921875 3165
1751923345920 15060.7880859375 3166
1751923346179 16288.4501953125 3167
1751923346443 16230.0810546875 3168
1751923346700 16147.6513671875 3169
1751923346959 13879.34375 3170
1751923347220 16431.251953125 3171
1751923347481 16095.1455078125 3172
1751923347740 16883.576171875 3173
1751923348001 16974.9765625 3174
1751923348260 19743.78125 3175
1751923348522 16368.34375 3176
1751923348783 17851.427734375 3177
1751923349044 12471.8896484375 3178
1751923349301 19921.494140625 3179
1751923349561 17431.41796875 3180
1751923349823 13580.7265625 3181
1751923350086 16516.44921875 3182
1751923350346 14021.046875 3183
1751923350602 15278.314453125 3184
1751923350866 16650.3125 3185
1751923351126 17239.388671875 3186
1751923351386 18901.14453125 3187
1751923351652 17783.224609375 3188
1751923351911 14038.1435546875 3189
1751923352169 13168.5048828125 3190
1751923352431 12815.1328125 3191
1751923352686 14485.3974609375 3192
1751923352941 13016.216796875 3193
1751923353196 14754.3330078125 3194
1751923353445 16138.2470703125 3195
1751923353710 16963.76953125 3196
1751923353956 18242.587890625 3197
1751923354202 13949.2890625 3198
1751923354446 18228.32421875 3199
1751923354690 14753.625 3200
1751923354934 13505.0029296875 3201
1751923355461 15785.775390625 3202
1751923355703 15980.6064453125 3203
1751923355946 15476.3505859375 3204
1751923356192 15494.421875 3205
1751923356435 18086.06640625 3206
1751923356680 16039.4912109375 3207
1751923356923 15236.0390625 3208
1751923357168 19459.603515625 3209
1751923357415 15381.9501953125 3210
1751923357665 14858.2919921875 3211
1751923357906 18796.314453125 3212
1751923358148 17627.39453125 3213
1751923358393 16934.482421875 3214
1751923358635 17930.552734375 3215
1751923358879 14532.1376953125 3216
1751923359119 16710.380859375 3217
1751923359385 15777.3662109375 3218
1751923359640 17670.9609375 3219
1751923359892 16287.375 3220
1751923360143 15118.2451171875 3221
1751923360394 14822.84375 3222
1751923360649 12874.5068359375 3223
1751923360902 19459.123046875 3224
1751923361153 15934.408203125 3225
1751923361407 17408.779296875 3226
1751923361666 14834.4443359375 3227
1751923361918 13694.4951171875 3228
1751923362178 16344.681640625 3229
1751923362428 14388.056640625 3230
1751923362678 14446.4375 3231
1751923362929 12419.107421875 3232
1751923363181 15629.0380859375 3233
1751923363433 11909.7158203125 3234
1751923363682 14107.4248046875 3235
1751923363934 15540.5751953125 3236
1751923364181 13699.3662109375 3237
1751923364478 12995.1904296875 3238
1751923364771 15456.017578125 3239
1751923365070 11732.8623046875 3240
1751923365365 13354.4873046875 3241
1751923365657 15445.28125 3242
1751923365952 16952.357421875 3243
1751923366242 13601.8974609375 3244
1751923366534 15827.875 3245
1751923366831 15641.908203125 3246
1751923367127 15457.1591796875 3247
1751923367422 13614.892578125 3248
1751923367714 17003.396484375 3249
1751923368009 16470.9375 3250
1751923368303 11698.7177734375 3251
1751923368593 15822.5654296875 3252
1751923368844 17543.474609375 3253
1751923369129 15896.4375 3254
1751923369395 13477.2314453125 3255
1751923369662 17057.115234375 3256
1751923369932 15401.015625 3257
1751923370203 14717.431640625 3258
1751923370473 15696.78125 3259
1751923370745 13348.203125 3260
1751923371013 12875.6396484375 3261
1751923371284 15907.4091796875 3262
1751923371558 15706.728515625 3263
1751923371835 15053.8798828125 3264
1751923372112 16839.373046875 3265
1751923372387 14975.3662109375 3266
1751923372660 12769.619140625 3267
1751923372923 15530.423828125 3268
1751923373192 13704.5029296875 3269
1751923373455 14222.3115234375 3270
1751923373692 12284.21484375 3271
1751923373932 19124.42578125 3272
1751923374170 12387.1201171875 3273
1751923374415 16695.271484375 3274
1751923374659 14530.484375 3275
1751923374905 17504.390625 3276
1751923375149 14114.9716796875 3277
1751923375390 13114.7001953125 3278
1751923375632 16696.263671875 3279
1751923375872 17608.91796875 3280
1751923376116 13642.7685546875 3281
1751923376359 14546.3251953125 3282
1751923376599 14511.1533203125 3283
1751923376844 12259.478515625 3284
1751923377092 14989.884765625 3285
1751923377335 17164.56640625 3286
1751923377578 15588.1435546875 3287
1751923377822 16592.419921875 3288
1751923378063 12181.5361328125 3289
1751923378303 19173.080078125 3290
1751923378544 15429.6708984375 3291
1751923378786 14858.283203125 3292
1751923379026 15043.7255859375 3293
1751923379267 14348.3466796875 3294
1751923379511 15158.2333984375 3295
1751923379755 12681.5224609375 3296
1751923380002 14401.6328125 3297
1751923380244 14891.931640625 3298
1751923380483 14499.8427734375 3299
1751923380724 15618.2626953125 3300
1751923380970 14395.6904296875 3301
1751923381493 13389.673828125 3302
1751923381738 17771.458984375 3303
1751923381993 16631.640625 3304
1751923382239 11936.986328125 3305
1751923382487 15125.345703125 3306
1751923382737 13772.1533203125 3307
1751923382977 17171.5078125 3308
1751923383218 12439.3125 3309
1751923383457 13778.806640625 3310
1751923383695 11713.0439453125 3311
1751923383936 18644.263671875 3312
1751923384187 14812.3349609375 3313
1751923384446 12842.7685546875 3314
1751923384698 15565.181640625 3315
1751923384951 14218.3720703125 3316
1751923385203 14597.197265625 3317
1751923385454 14120.9189453125 3318
1751923385705 14298.5859375 3319
1751923385956 13910.2255859375 3320
1751923386209 18429.939453125 3321
1751923386460 12834.2685546875 3322
1751923386713 13966.1064453125 3323
1751923386965 15109.0595703125 3324
1751923387216 14594.8203125 3325
1751923387475 15739.0283203125 3326
1751923387747 14965.9814453125 3327
1751923388003 12688.4326171875 3328
1751923388250 15336.791015625 3329
1751923388491 17325.708984375 3330
1751923388736 15051.7802734375 3331
1751923388995 11492.939453125 3332
1751923389245 15608.3388671875 3333
1751923389494 13617.806640625 3334
1751923389738 16457.822265625 3335
1751923389981 12986.6318359375 3336
1751923390222 12940.0458984375 3337
1751923390464 14008.5283203125 3338
1751923390710 15288.7939453125 3339
1751923390970 13533.3486328125 3340
1751923391226 14202.9892578125 3341
1751923391478 15571.7490234375 3342
1751923391730 16921.9765625 3343
1751923391982 15717.681640625 3344
1751923392235 15302.3310546875 3345
1751923392507 14784.361328125 3346
1751923392761 14179.8251953125 3347
1751923393013 17610.212890625 3348
1751923393265 14400.4052734375 3349
1751923393518 15786.875 3350
1751923393768 15127.0625 3351
1751923394022 16516.78125 3352
1751923394272 10242.9345703125 3353
1751923394523 14932.5205078125 3354
1751923394777 17601.5234375 3355
1751923395030 13514.5205078125 3356
1751923395281 14267.626953125 3357
1751923395535 14379.8505859375 3358
1751923395788 17410.62109375 3359
1751923396085 15503.1474609375 3360
1751923396374 15193.7841796875 3361
1751923396667 12375.7451171875 3362
1751923396968 15503.7294921875 3363
1751923397260 14396.453125 3364
1751923397549 13081.94921875 3365
1751923397841 15025.501953125 3366
1751923398128 12362.431640625 3367
1751923398415 16884.841796875 3368
1751923398710 12462.2802734375 3369
1751923399001 15128.4560546875 3370
1751923399299 14702.8251953125 3371
1751923399595 13636.375 3372
1751923399890 13804.6533203125 3373
1751923400183 12874.5283203125 3374
1751923400476 15154.5185546875 3375
1751923400771 17118.150390625 3376
1751923401058 15124.4677734375 3377
1751923401346 13922.1279296875 3378
1751923401637 14028.5439453125 3379
1751923401931 16958.740234375 3380
1751923402226 15550.8388671875 3381
1751923402517 17902.83984375 3382
1751923402810 12220.3544921875 3383
1751923403100 15155.9375 3384
1751923403393 11867.1865234375 3385
1751923403683 13224.5263671875 3386
1751923403971 14357.0517578125 3387
1751923404266 15480.1923828125 3388
1751923404558 16669.1640625 3389
1751923404852 12058.736328125 3390
1751923405150 13924.666015625 3391
1751923405444 15409.6201171875 3392
1751923405741 13987.7841796875 3393
1751923406039 13195.9736328125 3394
1751923406334 15092.2939453125 3395
1751923406629 13087.7021484375 3396
1751923406925 16080.8544921875 3397
1751923407222 12850.853515625 3398
1751923407517 13214.8359375 3399
1751923407817 15366.3857421875 3400
1751923408105 15045.7763671875 3401
1751923408859 15035.884765625 3402
1751923409158 11113.7529296875 3403
1751923409453 13431.1220703125 3404
1751923409750 11567.9892578125 3405
1751923410046 16335.806640625 3406
1751923410342 11944.4697265625 3407
1751923410632 14888.8642578125 3408
1751923410926 14828.7607421875 3409
1751923411218 13428.9345703125 3410
1751923411513 15415.1943359375 3411
1751923411812 14641.6240234375 3412
1751923412113 15217.345703125 3413
1751923412407 11117.9423828125 3414
1751923412702 14920.978515625 3415
1751923412996 13945.796875 3416
1751923413289 16966.70703125 3417
1751923413584 11859.86328125 3418
1751923413879 13820.6513671875 3419
1751923414172 13062.419921875 3420
1751923414471 11689.3310546875 3421
1751923414764 15929.228515625 3422
1751923415055 15298.2890625 3423
1751923415345 13293.923828125 3424
1751923415635 12802.095703125 3425
1751923415924 16671.025390625 3426
1751923416220 17803.951171875 3427
1751923416511 14942.517578125 3428
1751923416806 11994.498046875 3429
1751923417097 14529.4404296875 3430
1751923417390 15241.7783203125 3431
1751923417682 14756.7529296875 3432
1751923417972 16704.998046875 3433
1751923418261 14274.390625 3434
1751923418540 13483.7236328125 3435
1751923418822 11785.34375 3436
1751923419087 15536.478515625 3437
1751923419357 16322.4375 3438
1751923419627 11668.3740234375 3439
1751923419900 17014.83203125 3440
1751923420194 15292.0888671875 3441
1751923420480 14073.6240234375 3442
1751923420766 14201.9873046875 3443
1751923421038 16074.095703125 3444
1751923421309 13102.927734375 3445
1751923421576 14928.580078125 3446
1751923421845 15078.3271484375 3447
1751923422114 16893.279296875 3448
1751923422387 12699.7080078125 3449
1751923422656 11829.345703125 3450
1751923422928 13132.8984375 3451
1751923423202 15601.884765625 3452
1751923423442 14068.9345703125 3453
1751923423682 12064.0693359375 3454
1751923423924 16399.64453125 3455
1751923424161 13163.9287109375 3456
1751923424417 14911.2001953125 3457
1751923424682 14725.6845703125 3458
1751923424941 14361.5625 3459
1751923425202 12845.625 3460
1751923425465 12681.3642578125 3461
1751923425726 12673.3564453125 3462
1751923425987 11767.4990234375 3463
1751923426250 13485.681640625 3464
1751923426513 15970.0908203125 3465
1751923426781 13746.2861328125 3466
1751923427031 15888.1845703125 3467
1751923427273 14248.8505859375 3468
1751923427512 11939.1552734375 3469
1751923427755 14606.166015625 3470
1751923427997 14540.5625 3471
1751923428238 11884.2646484375 3472
1751923428478 14754.4580078125 3473
1751923428718 13651.09375 3474
1751923428959 14663.3408203125 3475
1751923429198 13093.5107421875 3476
1751923429438 10947.486328125 3477
1751923429677 14482.517578125 3478
1751923429919 16459.365234375 3479
1751923430158 11858.2392578125 3480
1751923430398 14895.8505859375 3481
1751923430638 14573.7470703125 3482
1751923430877 12163.8427734375 3483
1751923431117 13571.578125 3484
1751923431357 14959.947265625 3485
1751923431597 14450.8046875 3486
1751923431835 15657.6064453125 3487
1751923432076 14528.7578125 3488
1751923432317 12494.4521484375 3489
1751923432557 13271.9677734375 3490
1751923432797 15728.2529296875 3491
1751923433037 14178.2158203125 3492
1751923433276 11853.595703125 3493
1751923433515 12715.01171875 3494
1751923433763 10281.1064453125 3495
1751923434024 14386.1787109375 3496
1751923434291 12402.7548828125 3497
1751923434548 12661.4892578125 3498
1751923434794 14252.3818359375 3499
1751923435039 14493.9599609375 3500
1751923435287 14020.353515625 3501
1751923435819 16083.7685546875 3502
1751923436059 14104.6689453125 3503
1751923436300 15807.21875 3504
1751923436541 13566.3037109375 3505
1751923436783 11382.203125 3506
1751923437035 17455.390625 3507
1751923437283 13850.8740234375 3508
1751923437539 14247.078125 3509
1751923437781 16251.0908203125 3510
1751923438023 11249.5341796875 3511
1751923438263 15439.5498046875 3512
1751923438506 13271.5078125 3513
1751923438746 9829.931640625 3514
1751923438985 14505.697265625 3515
1751923439227 10926.8447265625 3516
1751923439465 15639.0751953125 3517
1751923439706 11582.2099609375 3518
1751923439946 15567.2958984375 3519
1751923440187 14646.7392578125 3520
1751923440428 12458.6279296875 3521
1751923440668 13352.923828125 3522
1751923440908 13539.171875 3523
1751923441147 10074.3642578125 3524
1751923441394 14262.109375 3525
1751923441637 13428.4560546875 3526
1751923441879 12428.9677734375 3527
1751923442122 14768.0146484375 3528
1751923442363 14108.8115234375 3529
1751923442619 16073.5859375 3530
1751923442864 11656.791015625 3531
1751923443114 11586.4990234375 3532
1751923443359 12952.1923828125 3533
1751923443600 16208.5537109375 3534
1751923443843 13070.890625 3535
1751923444083 19505.275390625 3536
1751923444323 14139.3740234375 3537
1751923444564 12755.6669921875 3538
1751923444803 16194.8408203125 3539
1751923445043 13245.1533203125 3540
1751923445283 13460.8857421875 3541
1751923445524 12196.310546875 3542
1751923445764 15991.0068359375 3543
1751923446005 11752.068359375 3544
1751923446267 14193.3828125 3545
1751923446509 12876.6982421875 3546
1751923446752 16247.0185546875 3547
1751923446994 16532.8984375 3548
1751923447233 11577.1220703125 3549
1751923447473 12188.8232421875 3550
1751923447713 15918.6279296875 3551
1751923447953 9867.7490234375 3552
1751923448192 14696.9248046875 3553
1751923448433 17569.453125 3554
1751923448695 11937.16796875 3555
1751923448960 13062.5947265625 3556
1751923449227 13990.3046875 3557
1751923449493 13950.4990234375 3558
1751923449754 14688.728515625 3559
1751923450015 15157.0908203125 3560
1751923450280 15896.453125 3561
1751923450541 15243.6357421875 3562
1751923450802 13230.5849609375 3563
1751923451064 11131.681640625 3564
1751923451325 14942.8251953125 3565
1751923451588 12951.3779296875 3566
1751923451853 14421.9951171875 3567
1751923452117 12055.1748046875 3568
1751923452383 13457.0107421875 3569
1751923452648 13830.6376953125 3570
1751923452913 14095.376953125 3571
1751923453175 16925.359375 3572
1751923453441 14076.376953125 3573
1751923453705 14573.3310546875 3574
1751923453998 11530.4130859375 3575
1751923454288 15093.275390625 3576
1751923454586 14187.4609375 3577
1751923454866 14852.869140625 3578
1751923455134 11297.0380859375 3579
1751923455406 13594.1044921875 3580
1751923455678 12946.9052734375 3581
1751923455949 11414.22265625 3582
1751923456211 11617.0927734375 3583
1751923456461 13155.6435546875 3584
1751923456726 14119.142578125 3585
1751923457002 14151.9501953125 3586
1751923457271 13373.7841796875 3587
1751923457544 11029.091796875 3588
1751923457822 15159.6279296875 3589
1751923458096 13524.337890625 3590
1751923458364 13957.4501953125 3591
1751923458638 15730.9033203125 3592
1751923458907 14707.1015625 3593
1751923459179 12384.9765625 3594
1751923459452 11619.7216796875 3595
1751923459734 14710.0625 3596
1751923459980 14876.1748046875 3597
1751923460224 10904.7177734375 3598
1751923460467 14008.5849609375 3599
1751923460721 13257.140625 3600
1751923460967 11842.2783203125 3601
1751923461498 14316.7998046875 3602
1751923461835 11475.498046875 3603
1751923462079 13254.1630859375 3604
1751923462324 9958.3291015625 3605
1751923462575 12567.8232421875 3606
1751923462828 12807.9169921875 3607
1751923463082 11515.2138671875 3608
1751923463327 10187.74609375 3609
1751923463569 12989.7822265625 3610
1751923463812 15785.8564453125 3611
1751923464058 14017.1240234375 3612
1751923464299 10615.953125 3613
1751923464537 15062.6220703125 3614
1751923464795 14707.859375 3615
1751923465036 16638.326171875 3616
1751923465278 12434.8916015625 3617
1751923465522 11938.9775390625 3618
1751923465766 13351.9501953125 3619
1751923466006 12011.2490234375 3620
1751923466245 15841.7412109375 3621
1751923466490 12560.6650390625 3622
1751923466734 13596.5 3623
1751923466974 12605.9951171875 3624
1751923467215 13098.6845703125 3625
1751923467455 14184.103515625 3626
1751923467697 11876.8857421875 3627
1751923467937 13386.8505859375 3628
1751923468176 16295.5126953125 3629
1751923468416 14601.994140625 3630
1751923468658 12937.1259765625 3631
1751923468923 12443.5927734375 3632
1751923469180 14130.8349609375 3633
1751923469430 14409.65625 3634
1751923469681 13970.400390625 3635
1751923469933 14626.2880859375 3636
1751923470185 11222.0625 3637
1751923470438 9924.802734375 3638
1751923470688 9236.3623046875 3639
1751923470942 12102.984375 3640
1751923471192 13015.302734375 3641
1751923471444 13465.0341796875 3642
1751923471695 12995.0380859375 3643
1751923471960 11698.564453125 3644
1751923472213 14494.6357421875 3645
1751923472464 13075.4560546875 3646
1751923472719 14410.2705078125 3647
1751923472972 12243.03125 3648
1751923473231 12796.5673828125 3649
1751923473482 12363.697265625 3650
1751923473734 10426.3564453125 3651
1751923474031 15982.3125 3652
1751923474328 14812.4716796875 3653
1751923474623 14543.634765625 3654
1751923474914 11735.5078125 3655
1751923475209 14674.3583984375 3656
1751923475499 11207.947265625 3657
1751923475791 12254.3828125 3658
1751923476082 13298.2626953125 3659
1751923476374 10059.09765625 3660
1751923476668 10349.802734375 3661
1751923476965 12158.3984375 3662
1751923477256 11905.1982421875 3663
1751923477548 14097.619140625 3664
1751923477842 11752.6103515625 3665
1751923478120 12333.16796875 3666
1751923478413 12746.048828125 3667
1751923478706 13796.8408203125 3668
1751923478997 11676.4365234375 3669
1751923479296 12227.7041015625 3670
1751923479578 11580.1337890625 3671
1751923479851 12554.8349609375 3672
1751923480119 9950.775390625 3673
1751923480391 14600.853515625 3674
1751923480662 10743.7099609375 3675
1751923480939 13723.0595703125 3676
1751923481215 12708.1435546875 3677
1751923481482 13401.15625 3678
1751923481744 13594.369140625 3679
1751923482015 13141.2021484375 3680
1751923482287 12802.2705078125 3681
1751923482557 17078.875 3682
1751923482831 11061.482421875 3683
1751923483111 13003.2041015625 3684
1751923483391 13055.9609375 3685
1751923483662 8925.8173828125 3686
1751923483933 15325.5888671875 3687
1751923484206 12378.1064453125 3688
1751923484447 11492.3818359375 3689
1751923484686 11160.068359375 3690
1751923484932 14294.3076171875 3691
1751923485175 12738.7177734375 3692
1751923485414 13151.3193359375 3693
1751923485654 13292.578125 3694
1751923485906 13749.4482421875 3695
1751923486152 13815.7216796875 3696
1751923486398 11552.1181640625 3697
1751923486638 10103.9443359375 3698
1751923486890 16186.203125 3699
1751923487140 11688.4775390625 3700
1751923487387 14894.041015625 3701
1751923487918 12203.3701171875 3702
1751923488162 11614.4384765625 3703
1751923488403 13451.626953125 3704
1751923488647 11981.3349609375 3705
1751923488890 12818.5126953125 3706
1751923489130 10310.7255859375 3707
1751923489371 15128.8671875 3708
1751923489617 9895.88671875 3709
1751923489859 14013.0693359375 3710
1751923490100 14612.4501953125 3711
1751923490338 10438.4560546875 3712
1751923490579 11234.0888671875 3713
1751923490820 12818.689453125 3714
1751923491067 14709.8701171875 3715
1751923491309 15373.962890625 3716
1751923491549 13321.265625 3717
1751923491799 12336.84375 3718
1751923492040 14220.603515625 3719
1751923492280 11667.05078125 3720
1751923492522 14114.5654296875 3721
1751923492764 10128.1396484375 3722
1751923493004 14970.3310546875 3723
1751923493251 13950.0185546875 3724
1751923493496 12348.4912109375 3725
1751923493738 12028.4326171875 3726
1751923493982 13632.603515625 3727
1751923494226 14861.189453125 3728
1751923494467 12612.3525390625 3729
1751923494715 8666.3955078125 3730
1751923494970 17027.611328125 3731
1751923495223 11957.3583984375 3732
1751923495474 12974.87109375 3733
1751923495728 12973.8984375 3734
1751923495979 12058.53125 3735
1751923496230 9974.041015625 3736
1751923496480 10935.0029296875 3737
1751923496730 11923.34765625 3738
1751923496980 8169.0947265625 3739
1751923497232 13873.3662109375 3740
1751923497483 9938.828125 3741
1751923497734 16261.0654296875 3742
1751923497988 13976.009765625 3743
1751923498238 14893.001953125 3744
1751923498490 14950.2412109375 3745
1751923498741 10778.6796875 3746
1751923498995 14066.8310546875 3747
1751923499246 11492.7763671875 3748
1751923499498 13515.9033203125 3749
1751923499752 12339.3515625 3750
1751923500048 8762.86328125 3751
1751923500341 7260.64306640625 3752
1751923500636 14767.4287109375 3753
1751923500924 12701.111328125 3754
1751923501214 14030.400390625 3755
1751923501500 12013.052734375 3756
1751923501797 12214.208984375 3757
1751923502089 14879.2490234375 3758
1751923502379 13864.1435546875 3759
1751923502660 15244.7783203125 3760
1751923502946 12548.9140625 3761
1751923503227 14347.369140625 3762
1751923503504 12455.4423828125 3763
1751923503767 15370.640625 3764
1751923504035 13230.1533203125 3765
1751923504306 14645.015625 3766
1751923504585 15095.6533203125 3767
1751923504862 10785.3271484375 3768
1751923505147 13639.6669921875 3769
1751923505430 11773.5029296875 3770
1751923505726 13652.728515625 3771
1751923506007 11307.9482421875 3772
1751923506289 11739.95703125 3773
1751923506574 12744.6923828125 3774
1751923506864 10487.0751953125 3775
1751923507157 12731.7998046875 3776
1751923507445 11197.361328125 3777
1751923507736 16498.763671875 3778
1751923508026 13255.0283203125 3779
1751923508285 9241.736328125 3780
1751923508545 11231.322265625 3781
1751923508806 11483.388671875 3782
1751923509065 11310.931640625 3783
1751923509331 14815.59375 3784
1751923509595 11588.7646484375 3785
1751923509852 12427.9609375 3786
1751923510112 9763.001953125 3787
1751923510370 12697.4287109375 3788
1751923510634 11323.7333984375 3789
1751923510904 14036.46875 3790
1751923511164 11189.7158203125 3791
1751923511427 13961.2958984375 3792
1751923511688 13038.578125 3793
1751923511955 13091.1982421875 3794
1751923512216 10658.673828125 3795
1751923512474 13638.2470703125 3796
1751923512735 11628.2294921875 3797
1751923512999 10484.5419921875 3798
1751923513256 8423.48828125 3799
1751923513514 12720.4814453125 3800
1751923513778 9505.5927734375 3801
1751923514334 10492.7333984375 3802
1751923514611 10691.55078125 3803
1751923514873 12885.533203125 3804
1751923515135 10794.3798828125 3805
1751923515395 13584.728515625 3806
1751923515659 10913.1884765625 3807
1751923515927 10809.7763671875 3808
1751923516187 12253.4326171875 3809
1751923516452 12538.1708984375 3810
1751923516717 9861.029296875 3811
1751923516982 12074.798828125 3812
1751923517247 12181.1640625 3813
1751923517507 13980.572265625 3814
1751923517766 10453.8798828125 3815
1751923518033 10796.359375 3816
1751923518296 10335.2744140625 3817
1751923518557 13131.869140625 3818
1751923518815 10959.935546875 3819
1751923519081 10541.7607421875 3820
1751923519349 11844.197265625 3821
1751923519619 14563.400390625 3822
1751923519881 12476.1904296875 3823
1751923520142 8315.0361328125 3824
1751923520406 13419.7294921875 3825
1751923520670 10413.671875 3826
1751923520936 13518.673828125 3827
1751923521199 12377.580078125 3828
1751923521460 13586.4970703125 3829
1751923521724 10597.30859375 3830
1751923521986 14013.9111328125 3831
1751923522249 13435.2880859375 3832
1751923522513 10929.2802734375 3833
1751923522773 14646.9736328125 3834
1751923523034 12714.9931640625 3835
1751923523302 13505.453125 3836
1751923523565 13713.046875 3837
1751923523825 10838.1083984375 3838
1751923524084 11897.349609375 3839
1751923524346 11872.193359375 3840
1751923524611 12507.4462890625 3841
1751923524880 10345.87890625 3842
1751923525146 11586.578125 3843
1751923525410 11765.5419921875 3844
1751923525676 13018.6044921875 3845
1751923525942 11568.5947265625 3846
1751923526206 12049.1396484375 3847
1751923526470 13427.6640625 3848
1751923526734 9652.7451171875 3849
1751923526999 12769.3955078125 3850
1751923527266 10082.0107421875 3851
1751923527532 14307.1826171875 3852
1751923527798 13217.1767578125 3853
1751923528064 11442.736328125 3854
1751923528334 10017.048828125 3855
1751923528599 10551.1298828125 3856
1751923528863 9633.11328125 3857
1751923529126 13401.4638671875 3858
1751923529394 12600.9755859375 3859
1751923529659 11103.2685546875 3860
1751923529922 14547.525390625 3861
1751923530183 12448.6875 3862
1751923530445 12214.744140625 3863
1751923530709 11761.677734375 3864
1751923530972 13010.8779296875 3865
1751923531232 9742.2626953125 3866
1751923531494 12487.876953125 3867
1751923531760 10013.6796875 3868
1751923532028 9871.525390625 3869
1751923532291 14800.4248046875 3870
1751923532549 12043.45703125 3871
1751923532807 18134.83203125 3872
1751923533071 11752.1669921875 3873
1751923533335 11268.587890625 3874
1751923533596 10955.15234375 3875
1751923533856 14286.509765625 3876
1751923534118 13681.265625 3877
1751923534385 12396.1982421875 3878
1751923534655 11386.7451171875 3879
1751923534922 10542.8046875 3880
1751923535183 11773.9208984375 3881
1751923535445 10358.8623046875 3882
1751923535706 11387.416015625 3883
1751923535965 14175.3818359375 3884
1751923536229 8650.640625 3885
1751923536498 13691.611328125 3886
1751923536769 13547.7099609375 3887
1751923537035 13738.095703125 3888
1751923537296 11305.3505859375 3889
1751923537558 10464.7646484375 3890
1751923537827 10143.9833984375 3891
1751923538094 14094.6376953125 3892
1751923538353 13786.4375 3893
1751923538613 12241.892578125 3894
1751923538891 14338.7138671875 3895
1751923539155 14249.3583984375 3896
1751923539412 11211.048828125 3897
1751923539666 15322.4345703125 3898
1751923539919 11895.9287109375 3899
1751923540158 12180.4990234375 3900
1751923540402 11980.9794921875 3901
1751923540929 10138.984375 3902
1751923541170 12911.5107421875 3903
1751923541414 9813.9365234375 3904
1751923541654 8889.564453125 3905
1751923541900 10501.8310546875 3906
1751923542185 10972.4794921875 3907
1751923542445 8929.9912109375 3908
1751923542704 16344.3662109375 3909
1751923542955 12537.9560546875 3910
1751923543213 13531.978515625 3911
1751923543454 10500.373046875 3912
1751923543701 11237.4814453125 3913
1751923543965 10510.0263671875 3914
1751923544209 12920.1298828125 3915
1751923544450 14025.7568359375 3916
1751923544692 12667.48046875 3917
1751923544931 11537.4111328125 3918
1751923545172 10803.048828125 3919
1751923545434 11230.9697265625 3920
1751923545703 10625.8330078125 3921
1751923545962 11604.3642578125 3922
1751923546222 12646.9345703125 3923
1751923546481 13300.9716796875 3924
1751923546747 11671.6328125 3925
1751923547012 10152.908203125 3926
1751923547275 10036.8857421875 3927
1751923547541 11758.32421875 3928
1751923547801 9525.7998046875 3929
1751923548059 14469.228515625 3930
1751923548317 12423.876953125 3931
1751923548573 11813.3310546875 3932
1751923548832 11173.408203125 3933
1751923549090 9529.7734375 3934
1751923549358 11187.072265625 3935
1751923549621 11209.8212890625 3936
1751923549881 12592.1923828125 3937
1751923550148 10367.7978515625 3938
1751923550411 10847.771484375 3939
1751923550673 11965.4130859375 3940
1751923550936 11505.1875 3941
1751923551204 9255.6826171875 3942
1751923551470 11522.3349609375 3943
1751923551734 11177.8740234375 3944
1751923551999 10470.009765625 3945
1751923552264 12141.291015625 3946
1751923552530 12609.693359375 3947
1751923552797 12497.7705078125 3948
1751923553061 9434.4248046875 3949
1751923553326 12044.72265625 3950
1751923553595 8900.46875 3951
1751923553863 10498.025390625 3952
1751923554128 11779.2841796875 3953
1751923554392 10653.2880859375 3954
1751923554657 11387.0615234375 3955
1751923554923 11327.21875 3956
1751923555187 12111.916015625 3957
1751923555452 13685.90625 3958
1751923555717 9897.2568359375 3959
1751923555981 11358.0654296875 3960
1751923556239 11525.6181640625 3961
1751923556499 11551.6416015625 3962
1751923556765 14128.2490234375 3963
1751923557030 13340.3310546875 3964
1751923557293 8969.447265625 3965
1751923557554 10128.888671875 3966
1751923557816 11999.7177734375 3967
1751923558075 10268.9501953125 3968
1751923558334 11229.1982421875 3969
1751923558593 11570.2802734375 3970
1751923558850 10843.2490234375 3971
1751923559113 14254.5390625 3972
1751923559379 10949.0712890625 3973
1751923559642 10697.2724609375 3974
1751923559903 13686.4736328125 3975
1751923560166 12204.2958984375 3976
1751923560429 10630.0703125 3977
1751923560690 11149.6123046875 3978
1751923560952 12019.890625 3979
1751923561208 11248.021484375 3980
1751923561470 9782.15625 3981
1751923561732 8855.7958984375 3982
1751923561997 12389.140625 3983
1751923562264 9625.751953125 3984
1751923562524 8597.6083984375 3985
1751923562792 12492.6591796875 3986
1751923563052 9021.669921875 3987
1751923563312 8978.111328125 3988
1751923563573 10109.4794921875 3989
1751923563831 12540.2421875 3990
1751923564090 13316.640625 3991
1751923564352 10555.6279296875 3992
1751923564617 12713.59765625 3993
1751923564876 10394.2646484375 3994
1751923565138 9009.1083984375 3995
1751923565401 11973.5517578125 3996
1751923565664 10133.2529296875 3997
1751923565927 12202.4365234375 3998
1751923566189 12786.48828125 3999
1751923566453 12548.908203125 4000
1751923566718 10308.283203125 4001
1751923567276 13347.009765625 4002
1751923567540 9952.9287109375 4003
1751923567806 12843.79296875 4004
1751923568068 11949.119140625 4005
1751923568331 11303.322265625 4006
1751923568593 9179.83984375 4007
1751923568858 10310.439453125 4008
1751923569121 11087.3076171875 4009
1751923569388 9251.3427734375 4010
1751923569651 11968.166015625 4011
1751923569916 12057.4580078125 4012
1751923570179 10840.296875 4013
1751923570444 13665.9765625 4014
1751923570705 10249.7294921875 4015
1751923570964 9751.34375 4016
1751923571226 12490.646484375 4017
1751923571488 11979.533203125 4018
1751923571753 9378.4833984375 4019
1751923572019 13315.5751953125 4020
1751923572283 11141.8310546875 4021
1751923572544 11479.744140625 4022
1751923572805 10881.84765625 4023
1751923573064 13988.2236328125 4024
1751923573323 11213.6240234375 4025
1751923573584 8838.6474609375 4026
1751923573844 15382.376953125 4027
1751923574105 9857.8701171875 4028
1751923574373 10122.6064453125 4029
1751923574635 11819.9560546875 4030
1751923574898 13185.2236328125 4031
1751923575159 12814.2646484375 4032
1751923575420 11703.6005859375 4033
1751923575686 9863.5615234375 4034
1751923575947 11497.8310546875 4035
1751923576209 9835.0439453125 4036
1751923576470 10905.705078125 4037
1751923576735 13254.7099609375 4038
1751923576998 14667.2255859375 4039
1751923577259 11113.5166015625 4040
1751923577520 11344.408203125 4041
1751923577780 11905.0 4042
1751923578039 11307.8828125 4043
1751923578301 10532.6298828125 4044
1751923578565 11155.7998046875 4045
1751923578828 12433.1572265625 4046
1751923579093 12039.1962890625 4047
1751923579358 8320.0458984375 4048
1751923579623 9462.4345703125 4049
1751923579885 11036.7236328125 4050
1751923580145 10242.978515625 4051
1751923580408 10849.0068359375 4052
1751923580673 11957.3935546875 4053
1751923580937 8943.9462890625 4054
1751923581202 14306.0966796875 4055
1751923581466 9508.4560546875 4056
1751923581732 12965.0322265625 4057
1751923581996 10632.697265625 4058
1751923582261 11530.8310546875 4059
1751923582525 13017.0576171875 4060
1751923582803 9325.4189453125 4061
1751923583067 9652.1298828125 4062
1751923583335 10836.4541015625 4063
1751923583600 14952.9287109375 4064
1751923583865 9713.8310546875 4065
1751923584129 12168.9384765625 4066
1751923584393 9680.447265625 4067
1751923584662 12736.537109375 4068
1751923584911 11429.935546875 4069
1751923585162 13264.369140625 4070
1751923585413 14185.8095703125 4071
1751923585659 10369.703125 4072
1751923585900 11191.9990234375 4073
1751923586138 10718.3837890625 4074
1751923586378 13538.3359375 4075
1751923586617 11963.9482421875 4076
1751923586860 11888.3408203125 4077
1751923587102 10544.9248046875 4078
1751923587349 12411.958984375 4079
1751923587591 11323.96875 4080
1751923587831 10587.3173828125 4081
1751923588075 14290.6796875 4082
1751923588316 9973.283203125 4083
1751923588556 13092.8974609375 4084
1751923588795 13023.111328125 4085
1751923589040 9405.0224609375 4086
1751923589278 8195.1220703125 4087
1751923589531 9958.6865234375 4088
1751923589773 10035.0126953125 4089
1751923590033 11633.9521484375 4090
1751923590271 12804.6865234375 4091
1751923590513 10388.0205078125 4092
1751923590779 11454.833984375 4093
1751923591036 9053.923828125 4094
1751923591279 9543.806640625 4095
1751923591537 13170.2080078125 4096
1751923591783 9345.9404296875 4097
1751923592024 11102.7724609375 4098
1751923592273 9560.5869140625 4099
1751923592513 9002.171875 4100
1751923592753 10394.54296875 4101
1751923593292 10136.9150390625 4102
1751923593533 10911.8759765625 4103
1751923593775 9579.740234375 4104
1751923594016 12683.1396484375 4105
1751923594257 12630.052734375 4106
1751923594506 10256.2119140625 4107
1751923594764 11970.4208984375 4108
1751923595006 9453.0751953125 4109
1751923595246 11247.40234375 4110
1751923595495 10828.611328125 4111
1751923595743 9666.96484375 4112
1751923595998 11073.830078125 4113
1751923596253 12453.171875 4114
1751923596504 9014.4951171875 4115
1751923596746 9339.107421875 4116
1751923597003 13477.962890625 4117
1751923597246 11904.1171875 4118
1751923597492 10389.0322265625 4119
1751923597736 12210.0537109375 4120
1751923597980 9862.8818359375 4121
1751923598228 9312.3701171875 4122
1751923598469 10342.1083984375 4123
1751923598716 9704.5078125 4124
1751923598961 8264.1669921875 4125
1751923599203 11217.927734375 4126
1751923599442 11333.470703125 4127
1751923599692 10793.673828125 4128
1751923599962 9714.470703125 4129
1751923600213 10452.609375 4130
1751923600467 10042.5576171875 4131
1751923600719 12528.5234375 4132
1751923600971 9942.9560546875 4133
1751923601222 8682.5263671875 4134
1751923601473 8480.4609375 4135
1751923601723 10972.9560546875 4136
1751923601974 12810.2802734375 4137
1751923602225 11958.439453125 4138
1751923602478 8680.7265625 4139
1751923602730 11534.1708984375 4140
1751923602981 10430.060546875 4141
1751923603234 9764.4013671875 4142
1751923603491 12228.369140625 4143
1751923603741 10225.2763671875 4144
1751923604006 11708.3896484375 4145
1751923604246 12679.2861328125 4146
1751923604491 7093.10498046875 4147
1751923604732 11143.78125 4148
1751923604975 9623.1064453125 4149
1751923605222 6862.90087890625 4150
1751923605464 9946.775390625 4151
1751923605712 11643.2255859375 4152
1751923605967 8723.4580078125 4153
1751923606207 10600.2314453125 4154
1751923606455 11776.8583984375 4155
1751923606713 8664.71484375 4156
1751923606966 13560.494140625 4157
1751923607223 8744.650390625 4158
1751923607468 10278.6591796875 4159
1751923607727 11370.697265625 4160
1751923607972 12328.1923828125 4161
1751923608233 11720.2275390625 4162
1751923608481 8334.67578125 4163
1751923608724 10288.41796875 4164
1751923608969 9958.8828125 4165
1751923609215 11666.015625 4166
1751923609462 9043.603515625 4167
1751923609705 9506.09765625 4168
1751923609951 9423.7265625 4169
1751923610192 9791.6171875 4170
1751923610451 8448.2958984375 4171
1751923610694 9779.779296875 4172
1751923610938 9750.0595703125 4173
1751923611196 11291.376953125 4174
1751923611439 9556.2568359375 4175
1751923611688 9451.5126953125 4176
1751923611929 12264.3427734375 4177
1751923612177 9193.51171875 4178
1751923612417 9259.744140625 4179
1751923612658 12497.3193359375 4180
1751923612916 10125.4951171875 4181
1751923613156 10116.1171875 4182
1751923613400 9190.7548828125 4183
1751923613659 10420.8955078125 4184
1751923613907 8301.54296875 4185
1751923614148 10717.58984375 4186
1751923614394 9129.875 4187
1751923614644 11407.8271484375 4188
1751923614894 12215.84375 4189
1751923615143 12326.3369140625 4190
1751923615407 8832.1201171875 4191
1751923615661 9471.8955078125 4192
1751923615914 11343.4150390625 4193
1751923616162 9258.6826171875 4194
1751923616408 10660.8447265625 4195
1751923616648 9599.7880859375 4196
1751923616887 9864.5146484375 4197
1751923617131 8155.55810546875 4198
1751923617374 10716.734375 4199
1751923617617 10792.7646484375 4200
1751923617861 6933.50927734375 4201
1751923618393 8309.1533203125 4202
1751923618637 10963.900390625 4203
1751923618879 9270.8076171875 4204
1751923619127 11905.208984375 4205
1751923619366 7341.30322265625 4206
1751923619606 12059.15625 4207
1751923619850 12406.53515625 4208
1751923620094 9030.7060546875 4209
1751923620336 9526.134765625 4210
1751923620580 9956.0615234375 4211
1751923620824 8989.923828125 4212
1751923621064 9145.9658203125 4213
1751923621307 11138.0576171875 4214
1751923621552 9837.8662109375 4215
1751923621798 12408.9140625 4216
1751923622040 10619.2177734375 4217
1751923622281 11855.9765625 4218
1751923622529 11400.1318359375 4219
1751923622777 12451.0625 4220
1751923623019 10862.2666015625 4221
1751923623262 8092.8359375 4222
1751923623506 12752.55859375 4223
1751923623746 9689.4365234375 4224
1751923623988 12451.7373046875 4225
1751923624230 10403.615234375 4226
1751923624472 8486.0458984375 4227
1751923624712 9335.328125 4228
1751923624963 9790.9716796875 4229
1751923625203 10044.2080078125 4230
1751923625445 8293.9833984375 4231
1751923625689 9781.361328125 4232
1751923625935 9650.5966796875 4233
1751923626181 10638.658203125 4234
1751923626428 9851.2763671875 4235
1751923626670 9863.9990234375 4236
1751923626916 10936.6513671875 4237
1751923627157 10500.1875 4238
1751923627399 8824.765625 4239
1751923627643 10381.5146484375 4240
1751923627886 9289.232421875 4241
1751923628129 9640.8662109375 4242
1751923628370 11188.0703125 4243
1751923628612 7561.95654296875 4244
1751923628858 8657.37890625 4245
1751923629098 9735.6083984375 4246
1751923629339 9507.2470703125 4247
1751923629583 10629.9033203125 4248
1751923629826 9389.853515625 4249
1751923630068 10794.732421875 4250
1751923630317 11053.6083984375 4251
1751923630559 9177.1259765625 4252
1751923630799 11196.9619140625 4253
1751923631041 9602.4521484375 4254
1751923631291 12235.8466796875 4255
1751923631534 9675.291015625 4256
1751923631775 11601.185546875 4257
1751923632017 9389.4619140625 4258
1751923632255 10259.7158203125 4259
1751923632497 11136.1572265625 4260
1751923632739 9118.9013671875 4261
1751923632980 11761.326171875 4262
1751923633222 9760.775390625 4263
1751923633466 7398.7626953125 4264
1751923633706 8743.6220703125 4265
1751923633945 7897.37060546875 4266
1751923634191 10799.3349609375 4267
1751923634431 7770.26025390625 4268
1751923634685 8421.7880859375 4269
1751923634930 8901.072265625 4270
1751923635177 9391.390625 4271
1751923635424 9701.783203125 4272
1751923635675 11527.6337890625 4273
1751923635919 10646.8642578125 4274
1751923636160 11872.853515625 4275
1751923636408 10777.0224609375 4276
1751923636655 10106.4033203125 4277
1751923636898 11878.1943359375 4278
1751923637139 10394.9736328125 4279
1751923637383 9505.2578125 4280
1751923637626 9625.4951171875 4281
1751923637865 12881.16796875 4282
1751923638107 10928.5908203125 4283
1751923638352 9615.3212890625 4284
1751923638595 10357.24609375 4285
1751923638834 10384.1142578125 4286
1751923639083 10188.4609375 4287
1751923639323 8717.4658203125 4288
1751923639569 7659.58984375 4289
1751923639808 8332.6259765625 4290
1751923640053 8471.1357421875 4291
1751923640298 10182.822265625 4292
1751923640544 9034.990234375 4293
1751923640793 10392.7314453125 4294
1751923641034 11876.154296875 4295
1751923641278 8198.6845703125 4296
1751923641517 10623.1416015625 4297
1751923641757 8761.1015625 4298
1751923641996 7678.42431640625 4299
1751923642246 8442.451171875 4300
1751923642496 9659.3857421875 4301
1751923643028 8963.0693359375 4302
1751923643268 10961.5625 4303
1751923643512 10287.314453125 4304
1751923643756 10381.31640625 4305
1751923644001 9034.7099609375 4306
1751923644243 10352.1201171875 4307
1751923644486 9501.1708984375 4308
1751923644733 8737.146484375 4309
1751923644977 10419.2265625 4310
1751923645226 10268.2333984375 4311
1751923645473 10511.642578125 4312
1751923645714 13372.6708984375 4313
1751923645954 7010.0 4314
1751923646194 9699.8193359375 4315
1751923646438 9041.048828125 4316
1751923646689 9433.2939453125 4317
1751923646930 11916.5927734375 4318
1751923647178 10729.658203125 4319
1751923647423 9870.294921875 4320
1751923647672 9674.87890625 4321
1751923647922 9712.3583984375 4322
1751923648169 9146.1025390625 4323
1751923648413 11234.720703125 4324
1751923648675 11570.9755859375 4325
1751923648925 8221.251953125 4326
1751923649176 10457.521484375 4327
1751923649421 8596.826171875 4328
1751923649672 10370.978515625 4329
1751923649919 10379.1201171875 4330
1751923650160 10370.2900390625 4331
1751923650408 8704.958984375 4332
1751923650650 10021.607421875 4333
1751923650892 7257.30810546875 4334
1751923651138 9538.1474609375 4335
1751923651380 9024.0576171875 4336
1751923651624 10010.392578125 4337
1751923651872 8931.0478515625 4338
1751923652130 8653.337890625 4339
1751923652387 9281.1826171875 4340
1751923652630 7924.29052734375 4341
1751923652874 10924.8486328125 4342
1751923653119 8743.525390625 4343
1751923653362 10631.431640625 4344
1751923653608 8798.9169921875 4345
1751923653849 10756.0361328125 4346
1751923654093 9549.7294921875 4347
1751923654336 8729.470703125 4348
1751923654579 11249.6748046875 4349
1751923654822 11191.6484375 4350
1751923655064 10508.75 4351
1751923655309 8809.3037109375 4352
1751923655549 8565.48046875 4353
1751923655798 11142.8046875 4354
1751923656040 9474.78125 4355
1751923656281 9657.53125 4356
1751923656525 9748.6513671875 4357
1751923656773 11758.8271484375 4358
1751923657017 8488.78125 4359
1751923657257 10596.9755859375 4360
1751923657498 10333.4091796875 4361
1751923657742 7875.52978515625 4362
1751923657984 8859.6689453125 4363
1751923658228 8729.041015625 4364
1751923658473 8957.44921875 4365
1751923658714 8919.109375 4366
1751923658960 8149.82177734375 4367
1751923659210 7768.18603515625 4368
1751923659467 7561.58984375 4369
1751923659722 8184.4970703125 4370
1751923659969 9144.3662109375 4371
1751923660223 8673.36328125 4372
1751923660465 6239.82763671875 4373
1751923660707 8819.7763671875 4374
1751923660947 8548.8232421875 4375
1751923661190 10010.5869140625 4376
1751923661433 9627.2724609375 4377
1751923661675 8142.47802734375 4378
1751923661927 8860.2333984375 4379
1751923662186 8493.8291015625 4380
1751923662438 8151.3359375 4381
1751923662682 10611.60546875 4382
1751923662932 8909.5498046875 4383
1751923663175 9692.51953125 4384
1751923663416 10406.9208984375 4385
1751923663658 10455.37890625 4386
1751923663899 10327.6640625 4387
1751923664152 9526.015625 4388
1751923664395 8651.0771484375 4389
1751923664648 12134.638671875 4390
1751923664899 9831.1982421875 4391
1751923665144 10248.2646484375 4392
1751923665387 12764.3154296875 4393
1751923665629 8933.505859375 4394
1751923665871 9575.7294921875 4395
1751923666123 10763.7841796875 4396
1751923666377 7984.21240234375 4397
1751923666628 9439.140625 4398
1751923666868 9968.830078125 4399
1751923667119 10595.1767578125 4400
1751923667367 9090.34375 4401
1751923667896 7011.3134765625 4402
1751923668156 10832.1201171875 4403
1751923668427 7911.44873046875 4404
1751923668684 11751.1220703125 4405
1751923668947 9845.5693359375 4406
1751923669207 7599.70703125 4407
1751923669472 9097.345703125 4408
1751923669733 9834.9482421875 4409
1751923669992 11635.3623046875 4410
1751923670251 9630.5537109375 4411
1751923670509 8904.1943359375 4412
1751923670767 10095.7021484375 4413
1751923671021 9964.1552734375 4414
1751923671276 9560.2919921875 4415
1751923671531 10253.2353515625 4416
1751923671787 11384.076171875 4417
1751923672041 9920.2099609375 4418
1751923672293 9646.8818359375 4419
1751923672559 7100.3173828125 4420
1751923672815 8500.9736328125 4421
1751923673064 12451.447265625 4422
1751923673371 9153.751953125 4423
1751923673665 10438.1298828125 4424
1751923673958 7760.79296875 4425
1751923674253 9743.3623046875 4426
1751923674549 8564.1728515625 4427
1751923674844 8827.8056640625 4428
1751923675139 7388.34130859375 4429
1751923675437 11484.9140625 4430
1751923675728 10266.3701171875 4431
1751923676028 9395.2490234375 4432
1751923676322 10269.6708984375 4433
1751923676616 10856.078125 4434
1751923676904 8867.0693359375 4435
1751923677195 9133.287109375 4436
1751923677490 8105.63818359375 4437
1751923677774 9941.26171875 4438
1751923678064 8309.9912109375 4439
1751923678359 8740.4951171875 4440
1751923678654 8115.8056640625 4441
1751923678945 8516.2548828125 4442
1751923679234 8308.96875 4443
1751923679525 7901.15869140625 4444
1751923679816 10558.37890625 4445
1751923680106 9316.609375 4446
1751923680400 9250.365234375 4447
1751923680691 6293.71826171875 4448
1751923680986 12058.6484375 4449
1751923681273 8193.0419921875 4450
1751923681558 11828.4169921875 4451
1751923681840 9519.2109375 4452
1751923682138 8858.544921875 4453
1751923682427 8536.7880859375 4454
1751923682715 11274.7919921875 4455
1751923683007 13911.2451171875 4456
1751923683298 8087.91943359375 4457
1751923683590 8927.021484375 4458
1751923683881 8254.708984375 4459
1751923684167 8308.984375 4460
1751923684460 9252.640625 4461
1751923684746 10023.0068359375 4462
1751923685035 9849.9423828125 4463
1751923685326 8483.8818359375 4464
1751923685618 6824.66552734375 4465
1751923685911 9470.7060546875 4466
1751923686205 10270.794921875 4467
1751923686493 8351.5732421875 4468
1751923686778 9180.1826171875 4469
1751923687064 9125.986328125 4470
1751923687354 7725.22998046875 4471
1751923687648 10282.1064453125 4472
1751923687940 8222.2490234375 4473
1751923688226 8506.2958984375 4474
1751923688521 11553.1943359375 4475
1751923688813 8648.259765625 4476
1751923689105 8092.3125 4477
1751923689394 10533.2099609375 4478
1751923689689 7000.9658203125 4479
1751923689981 9125.2529296875 4480
1751923690271 8988.115234375 4481
1751923690566 8486.3388671875 4482
1751923690862 8111.18701171875 4483
1751923691159 7065.5673828125 4484
1751923691452 9324.9560546875 4485
1751923691741 9107.9326171875 4486
1751923692032 8630.580078125 4487
1751923692325 7010.0595703125 4488
1751923692615 9428.890625 4489
1751923692908 7592.35791015625 4490
1751923693201 6710.23828125 4491
1751923693496 8395.12109375 4492
1751923693788 8355.486328125 4493
1751923694074 9826.0810546875 4494
1751923694365 9014.2978515625 4495
1751923694656 7545.23291015625 4496
1751923694945 7537.41552734375 4497
1751923695234 10738.1201171875 4498
1751923695522 8326.462890625 4499
1751923695816 8505.6279296875 4500
1751923696112 9068.376953125 4501
1751923696843 7936.23681640625 4502
1751923697282 7542.24560546875 4503
1751923697570 8423.5888671875 4504
1751923697861 9956.765625 4505
1751923698150 8687.4169921875 4506
1751923698445 8563.134765625 4507
1751923698737 8919.9287109375 4508
1751923699021 11754.1787109375 4509
1751923699304 9137.2373046875 4510
1751923699600 7981.859375 4511
1751923699895 7611.48583984375 4512
1751923700181 10859.9521484375 4513
1751923700469 8670.4267578125 4514
1751923700758 8824.9287109375 4515
1751923701051 8641.978515625 4516
1751923701345 7571.3798828125 4517
1751923701643 9611.572265625 4518
1751923701938 11379.609375 4519
1751923702230 9398.6142578125 4520
1751923702519 8025.3017578125 4521
1751923702805 7626.26904296875 4522
1751923703097 8952.9482421875 4523
1751923703395 12181.7880859375 4524
1751923703690 11341.384765625 4525
1751923703985 8596.185546875 4526
1751923704281 9495.0390625 4527
1751923704577 7855.328125 4528
1751923704868 8311.8583984375 4529
1751923705162 9416.328125 4530
1751923705456 7625.21875 4531
1751923705743 6288.4931640625 4532
1751923706038 10043.8896484375 4533
1751923706335 6892.66015625 4534
1751923706623 9283.767578125 4535
1751923706917 10006.2421875 4536
1751923707210 6874.80029296875 4537
1751923707499 8784.818359375 4538
1751923707791 10194.2685546875 4539
1751923708087 7028.0078125 4540
1751923708387 9037.2060546875 4541
1751923708683 8941.5029296875 4542
1751923708971 10582.0791015625 4543
1751923709262 8434.8798828125 4544
1751923709547 8464.1357421875 4545
1751923709838 8211.4638671875 4546
1751923710124 9363.7822265625 4547
1751923710407 6853.2470703125 4548
1751923710698 8392.47265625 4549
1751923710990 8063.62109375 4550
1751923711288 7591.9736328125 4551
1751923711578 10387.5888671875 4552
1751923711860 10028.9580078125 4553
1751923712148 9330.1083984375 4554
1751923712436 7850.28125 4555
1751923712723 9310.986328125 4556
1751923713010 9107.7265625 4557
1751923713294 8977.8740234375 4558
1751923713588 6157.31982421875 4559
1751923713882 10148.2060546875 4560
1751923714178 7054.88916015625 4561
1751923714467 9939.076171875 4562
1751923714755 10243.4619140625 4563
1751923715049 8633.6123046875 4564
1751923715338 9540.0849609375 4565
1751923715630 9385.8857421875 4566
1751923715920 8732.0634765625 4567
1751923716214 8479.5341796875 4568
1751923716507 5665.60595703125 4569
1751923716803 8345.1923828125 4570
1751923717093 7798.1181640625 4571
1751923717379 8362.8125 4572
1751923717666 7477.8564453125 4573
1751923717950 8693.7880859375 4574
1751923718238 7718.63134765625 4575
1751923718527 7169.20166015625 4576
1751923718815 8147.40771484375 4577
1751923719102 7978.546875 4578
1751923719398 8231.1513671875 4579
1751923719688 7606.79296875 4580
1751923719975 9965.7578125 4581
1751923720262 7275.51904296875 4582
1751923720553 6831.1015625 4583
1751923720844 10954.6796875 4584
1751923721137 8126.3720703125 4585
1751923721428 8060.74853515625 4586
1751923721720 9046.171875 4587
1751923722013 7171.27734375 4588
1751923722306 7743.97900390625 4589
1751923722599 8576.0400390625 4590
1751923722891 8568.966796875 4591
1751923723183 7659.3359375 4592
1751923723474 7744.4501953125 4593
1751923723770 8311.2216796875 4594
1751923724058 8372.7763671875 4595
1751923724359 8765.3251953125 4596
1751923724652 7259.4296875 4597
1751923724938 8323.0498046875 4598
1751923725233 8493.7451171875 4599
1751923725522 7267.40185546875 4600
1751923725813 8834.8349609375 4601
1751923726591 8154.76171875 4602
1751923726883 9989.1904296875 4603
1751923727167 8925.8115234375 4604
1751923727449 7517.74169921875 4605
1751923727726 7557.64306640625 4606
1751923727994 10842.7919921875 4607
1751923728257 9234.2880859375 4608
1751923728525 8499.4052734375 4609
1751923728792 7983.7265625 4610
1751923729043 9482.009765625 4611
1751923729303 7806.0439453125 4612
1751923729572 8364.1669921875 4613
1751923729830 9468.2421875 4614
1751923730094 8119.5439453125 4615
1751923730360 6805.81103515625 4616
1751923730608 7445.29052734375 4617
1751923730885 6761.33154296875 4618
1751923731156 9357.2587890625 4619
1751923731432 9729.126953125 4620
1751923731699 7353.43310546875 4621
1751923731970 9146.6123046875 4622
1751923732211 7162.93603515625 4623
1751923732450 10522.673828125 4624
1751923732697 6563.06591796875 4625
1751923732971 6741.41748046875 4626
1751923733233 6638.6923828125 4627
1751923733484 8598.7861328125 4628
1751923733734 7711.33740234375 4629
1751923733985 9400.16796875 4630
1751923734259 9904.349609375 4631
1751923734510 8613.6943359375 4632
1751923734751 8284.009765625 4633
1751923734994 8813.7041015625 4634
1751923735237 7033.01416015625 4635
1751923735479 8747.6923828125 4636
1751923735720 7016.3017578125 4637
1751923735968 8762.830078125 4638
1751923736220 7300.43994140625 4639
1751923736460 6068.56005859375 4640
1751923736704 7347.5205078125 4641
1751923736950 8489.5732421875 4642
1751923737202 10939.845703125 4643
1751923737460 7374.93115234375 4644
1751923737710 6571.08447265625 4645
1751923737952 7373.7783203125 4646
1751923738205 6533.7109375 4647
1751923738462 9580.1044921875 4648
1751923738702 8856.3115234375 4649
1751923738948 7695.59130859375 4650
1751923739202 9418.9482421875 4651
1751923739467 8508.3056640625 4652
1751923739723 9051.150390625 4653
1751923739977 6401.5712890625 4654
1751923740235 7965.30419921875 4655
1751923740496 8079.29296875 4656
1751923740751 9321.0810546875 4657
1751923741005 8074.91796875 4658
1751923741275 10534.376953125 4659
1751923741543 7807.4111328125 4660
1751923741806 9268.5537109375 4661
1751923742067 7880.9375 4662
1751923742331 8748.7060546875 4663
1751923742594 8295.240234375 4664
1751923742854 8866.12109375 4665
1751923743112 8940.7900390625 4666
1751923743369 8698.1513671875 4667
1751923743636 7453.88427734375 4668
1751923743901 9144.0185546875 4669
1751923744160 7621.59228515625 4670
1751923744456 9677.5625 4671
1751923744749 6547.1474609375 4672
1751923745039 9187.2294921875 4673
1751923745327 7507.03466796875 4674
1751923745619 7512.35009765625 4675
1751923745909 7166.51171875 4676
1751923746203 9799.7958984375 4677
1751923746498 8512.8935546875 4678
1751923746794 8247.6376953125 4679
1751923747090 9281.357421875 4680
1751923747370 8864.0283203125 4681
1751923747643 9751.8466796875 4682
1751923747912 7734.8203125 4683
1751923748184 7342.89990234375 4684
1751923748451 7721.48583984375 4685
1751923748724 10166.5341796875 4686
1751923748997 8544.2431640625 4687
1751923749267 9135.0263671875 4688
1751923749533 7902.09619140625 4689
1751923749800 6217.6044921875 4690
1751923750077 7875.33447265625 4691
1751923750345 8847.935546875 4692
1751923750610 5455.43115234375 4693
1751923750874 7373.1220703125 4694
1751923751141 7809.03759765625 4695
1751923751410 7738.01171875 4696
1751923751675 7449.88916015625 4697
1751923751937 7660.63134765625 4698
1751923752179 9663.9580078125 4699
1751923752438 6023.431640625 4700
1751923752679 6793.55029296875 4701
1751923753201 7427.04052734375 4702
1751923753462 5894.72412109375 4703
1751923753712 7132.4814453125 4704
1751923753954 9006.2158203125 4705
1751923754207 8308.7763671875 4706
1751923754448 6822.78125 4707
1751923754691 6839.16552734375 4708
1751923754931 7662.68310546875 4709
1751923755174 8864.8583984375 4710
1751923755415 5995.63232421875 4711
1751923755671 6164.55615234375 4712
1751923755909 7706.41259765625 4713
1751923756153 9857.341796875 4714
1751923756391 7325.7548828125 4715
1751923756632 9206.6630859375 4716
1751923756875 8238.0341796875 4717
1751923757116 7989.53076171875 4718
1751923757356 6161.2138671875 4719
1751923757602 8633.9921875 4720
1751923757862 6067.1123046875 4721
1751923758108 6539.9873046875 4722
1751923758348 7488.74560546875 4723
1751923758601 7899.63525390625 4724
1751923758841 6824.14697265625 4725
1751923759086 8295.4892578125 4726
1751923759333 8069.63525390625 4727
1751923759576 7509.06005859375 4728
1751923759815 9950.8896484375 4729
1751923760058 8266.7216796875 4730
1751923760303 9806.923828125 4731
1751923760552 7824.05419921875 4732
1751923760792 7758.70458984375 4733
1751923761034 9390.345703125 4734
1751923761274 6491.08056640625 4735
1751923761520 8746.951171875 4736
1751923761764 6404.05322265625 4737
1751923762008 5832.39453125 4738
1751923762251 8375.53515625 4739
1751923762509 8739.6298828125 4740
1751923762754 7549.7109375 4741
1751923763016 7129.12841796875 4742
1751923763260 7347.0439453125 4743
1751923763503 9959.6845703125 4744
1751923763745 8861.0986328125 4745
1751923763987 7495.37646484375 4746
1751923764233 5930.2685546875 4747
1751923764476 8372.2607421875 4748
1751923764721 7603.1220703125 4749
1751923764962 7933.47607421875 4750
1751923765205 6988.23388671875 4751
1751923765450 8110.7783203125 4752
1751923765690 8809.9404296875 4753
1751923765931 6149.98193359375 4754
1751923766173 7004.984375 4755
1751923766425 9191.9296875 4756
1751923766666 7625.0390625 4757
1751923766909 6839.02978515625 4758
1751923767150 7257.9501953125 4759
1751923767394 8222.7646484375 4760
1751923767637 6827.95166015625 4761
1751923767883 6978.27685546875 4762
1751923768126 6677.765625 4763
1751923768369 6032.2509765625 4764
1751923768609 11735.5830078125 4765
1751923768849 9040.4921875 4766
1751923769093 8880.1201171875 4767
1751923769345 8032.90185546875 4768
1751923769611 7387.0517578125 4769
1751923769856 5127.064453125 4770
1751923770097 9405.40625 4771
1751923770339 5642.7861328125 4772
1751923770578 6859.79541015625 4773
1751923770819 6835.16650390625 4774
1751923771061 8172.6484375 4775
1751923771301 9333.0078125 4776
1751923771542 8082.86962890625 4777
1751923771781 4997.84912109375 4778
1751923772028 7534.9892578125 4779
1751923772276 6878.8203125 4780
1751923772521 6647.93359375 4781
1751923772769 7244.33740234375 4782
1751923773009 6290.6474609375 4783
1751923773252 7957.37646484375 4784
1751923773501 7845.92041015625 4785
1751923773739 6429.12451171875 4786
1751923773986 8200.453125 4787
1751923774229 8776.970703125 4788
1751923774471 9404.3759765625 4789
1751923774708 5967.29541015625 4790
1751923774952 7486.5986328125 4791
1751923775193 7649.99169921875 4792
1751923775434 7360.26416015625 4793
1751923775680 5454.70556640625 4794
1751923775920 7809.51123046875 4795
1751923776165 8520.0498046875 4796
1751923776405 7190.7470703125 4797
1751923776649 7883.4267578125 4798
1751923776895 8301.82421875 4799
1751923777140 8469.3515625 4800
1751923777389 6685.1767578125 4801
1751923777952 6788.7109375 4802
1751923778193 7485.21875 4803
1751923778436 6140.15869140625 4804
1751923778676 9714.39453125 4805
1751923778918 7303.0126953125 4806
1751923779161 6262.67724609375 4807
1751923779408 7972.42041015625 4808
1751923779675 8319.3701171875 4809
1751923779914 8249.3427734375 4810
1751923780158 7306.90478515625 4811
1751923780401 6648.0673828125 4812
1751923780645 6579.9296875 4813
1751923780892 7405.015625 4814
1751923781136 8686.830078125 4815
1751923781376 6972.32568359375 4816
1751923781640 8870.2451171875 4817
1751923781881 9387.2978515625 4818
1751923782125 6508.21435546875 4819
1751923782363 6514.04052734375 4820
1751923782613 7716.51953125 4821
1751923782857 7657.81494140625 4822
1751923783107 6933.89208984375 4823
1751923783350 7389.74169921875 4824
1751923783608 8715.671875 4825
1751923783864 6343.82958984375 4826
1751923784115 7379.27490234375 4827
1751923784374 8664.6337890625 4828
1751923784627 6455.248046875 4829
1751923784880 10778.708984375 4830
1751923785132 8033.19677734375 4831
1751923785385 8779.1416015625 4832
1751923785637 6837.11572265625 4833
1751923785889 6812.3515625 4834
1751923786139 7341.10791015625 4835
1751923786391 7822.7275390625 4836
1751923786649 8149.09228515625 4837
1751923786912 7136.85693359375 4838
1751923787165 8197.5009765625 4839
1751923787415 7272.8291015625 4840
1751923787666 8531.0234375 4841
1751923787920 6078.91943359375 4842
1751923788170 7218.33837890625 4843
1751923788421 7588.1416015625 4844
1751923788690 7805.48974609375 4845
1751923788986 6739.05615234375 4846
1751923789275 8802.4755859375 4847
1751923789566 7577.25927734375 4848
1751923789853 5966.09912109375 4849
1751923790146 7087.4814453125 4850
1751923790440 8594.0810546875 4851
1751923790715 9137.671875 4852
1751923791013 5825.8681640625 4853
1751923791306 5782.43115234375 4854
1751923791596 6775.7861328125 4855
1751923791887 8451.5498046875 4856
1751923792174 8592.2568359375 4857
1751923792470 5901.14990234375 4858
1751923792767 7799.76953125 4859
1751923793057 7942.0234375 4860
1751923793345 5626.78369140625 4861
1751923793634 6708.87353515625 4862
1751923793931 6416.53515625 4863
1751923794226 8603.1865234375 4864
1751923794519 9567.6201171875 4865
1751923794806 6608.3994140625 4866
1751923795101 9732.765625 4867
1751923795399 7870.046875 4868
1751923795694 6626.20703125 4869
1751923795980 7058.3955078125 4870
1751923796274 7037.23828125 4871
1751923796570 9122.75390625 4872
1751923796864 8797.0361328125 4873
1751923797160 7999.93603515625 4874
1751923797441 8350.0869140625 4875
1751923797719 7474.15185546875 4876
1751923797993 6751.08740234375 4877
1751923798265 6762.79052734375 4878
1751923798534 5982.5908203125 4879
1751923798806 9256.4453125 4880
1751923799075 6932.0126953125 4881
1751923799347 7183.5625 4882
1751923799614 5615.84619140625 4883
1751923799897 6761.54052734375 4884
1751923800187 7940.37451171875 4885
1751923800473 6636.54833984375 4886
1751923800759 7189.8359375 4887
1751923801049 5455.328125 4888
1751923801341 5564.98095703125 4889
1751923801631 7771.29833984375 4890
1751923801920 6885.61572265625 4891
1751923802203 9398.0283203125 4892
1751923802465 7678.63037109375 4893
1751923802728 7929.078125 4894
1751923802987 7646.6298828125 4895
1751923803244 7147.72216796875 4896
1751923803508 6162.37841796875 4897
1751923803774 7149.83984375 4898
1751923804040 5556.87451171875 4899
1751923804301 8660.7216796875 4900
1751923804562 6528.2314453125 4901
1751923805128 8592.9814453125 4902
1751923805392 8293.5498046875 4903
1751923805659 7190.54052734375 4904
1751923805916 6322.884765625 4905
1751923806173 5352.64453125 4906
1751923806435 6804.95458984375 4907
1751923806701 6849.58984375 4908
1751923806972 7221.9970703125 4909
1751923807235 8301.7158203125 4910
1751923807492 6577.70166015625 4911
1751923807751 7009.73193359375 4912
1751923808008 8010.546875 4913
1751923808264 7120.1962890625 4914
1751923808525 7096.9033203125 4915
1751923808782 7365.45166015625 4916
1751923809039 8169.57568359375 4917
1751923809296 6282.78076171875 4918
1751923809562 6033.712890625 4919
1751923809851 7467.67578125 4920
1751923810142 8008.0205078125 4921
1751923810428 6276.8837890625 4922
1751923810722 9098.0380859375 4923
1751923811012 6835.8056640625 4924
1751923811300 7512.66748046875 4925
1751923811588 8320.73828125 4926
1751923811885 5724.0078125 4927
1751923812179 5965.4677734375 4928
1751923812472 7414.74072265625 4929
1751923812764 7332.3369140625 4930
1751923813053 7276.24853515625 4931
1751923813338 8362.3173828125 4932
1751923813625 6678.92333984375 4933
1751923813913 6968.7626953125 4934
1751923814199 5595.44287109375 4935
1751923814491 6970.63427734375 4936
1751923814790 7447.02294921875 4937
1751923815081 7443.97216796875 4938
1751923815369 7009.32666015625 4939
1751923815656 5607.35546875 4940
1751923815941 7987.42529296875 4941
1751923816231 4283.52197265625 4942
1751923816515 7050.70703125 4943
1751923816796 5629.92138671875 4944
1751923817093 8522.3251953125 4945
1751923817389 6826.1015625 4946
1751923817678 6630.63916015625 4947
1751923817968 7278.42529296875 4948
1751923818256 6390.68603515625 4949
1751923818544 5979.263671875 4950
1751923818831 6704.29248046875 4951
1751923819117 6634.03759765625 4952
1751923819406 6597.578125 4953
1751923819704 4745.806640625 4954
1751923819995 6659.29052734375 4955
1751923820279 6455.29052734375 4956
1751923820566 6837.21337890625 4957
1751923820853 6622.61962890625 4958
1751923821138 5824.78173828125 4959
1751923821426 8239.0693359375 4960
1751923821713 6046.52880859375 4961
1751923822006 6199.3720703125 4962
1751923822301 8218.6689453125 4963
1751923822585 9956.435546875 4964
1751923822872 8833.8662109375 4965
1751923823157 7158.69140625 4966
1751923823439 5187.29443359375 4967
1751923823733 5935.25830078125 4968
1751923824031 4676.0888671875 4969
1751923824327 9502.59375 4970
1751923824623 6571.9619140625 4971
1751923824914 5850.7197265625 4972
1751923825209 7174.2314453125 4973
1751923825503 6302.31494140625 4974
1751923825795 6943.37060546875 4975
1751923826081 6254.00244140625 4976
1751923826363 7511.4580078125 4977
1751923826652 5352.89794921875 4978
1751923826936 8820.6484375 4979
1751923827233 6117.60888671875 4980
1751923827510 6466.1953125 4981
1751923827793 6759.7080078125 4982
1751923828062 6505.01708984375 4983
1751923828327 5615.3251953125 4984
1751923828592 6108.4814453125 4985
1751923828858 5709.91845703125 4986
1751923829128 7898.8359375 4987
1751923829398 5771.634765625 4988
1751923829667 7393.00927734375 4989
1751923829935 6090.03173828125 4990
1751923830201 7262.77490234375 4991
1751923830469 6420.21728515625 4992
1751923830738 7288.91015625 4993
1751923831005 6144.681640625 4994
1751923831273 6877.58447265625 4995
1751923831555 6927.05859375 4996
1751923831838 6836.9384765625 4997
1751923832133 6022.91943359375 4998
1751923832433 7217.34521484375 4999
1751923832719 7534.8046875 5000
