1752008068182 32547.66015625 1
1752008069303 31361.111328125 2
1752008070258 37407.87890625 3
1752008071214 33466.88671875 4
1752008072173 34143.27734375 5
1752008073129 34772.0 6
1752008074084 37141.95703125 7
1752008075041 34480.1171875 8
1752008075992 31348.056640625 9
1752008076944 62229.66796875 10
1752008077899 41603.66796875 11
1752008078855 35243.765625 12
1752008079811 37563.0234375 13
1752008080769 37933.5546875 14
1752008081735 31160.3671875 15
1752008082698 36256.8125 16
1752008083658 32978.0234375 17
1752008084622 37087.6015625 18
1752008085587 37712.421875 19
1752008086544 35852.109375 20
1752008087503 45589.58203125 21
1752008088489 37506.8125 22
1752008089490 39961.44921875 23
1752008090486 43805.515625 24
1752008091442 36081.15234375 25
1752008092397 44066.80078125 26
1752008093359 40395.5 27
1752008094325 35697.58984375 28
1752008095283 52729.05859375 29
1752008096240 56209.7890625 30
1752008097198 33921.671875 31
1752008098165 34619.94140625 32
1752008099124 28894.72265625 33
1752008100079 38695.3046875 34
1752008101060 51987.59375 35
1752008102010 36455.2421875 36
1752008102969 33719.375 37
1752008103927 46984.8359375 38
1752008104886 42675.984375 39
1752008105848 32178.2890625 40
1752008106804 40799.65625 41
1752008107773 35241.03515625 42
1752008108728 37680.6796875 43
1752008109683 40289.75 44
1752008110636 30592.5390625 45
1752008111597 32372.95703125 46
1752008112558 35704.4375 47
1752008113513 36526.1953125 48
1752008114470 36650.02734375 49
1752008115428 36168.65625 50
1752008116384 85851.578125 51
1752008117339 51777.8671875 52
1752008118301 36950.7734375 53
1752008119255 28227.716796875 54
1752008120216 30841.71484375 55
1752008121177 34734.1875 56
1752008122130 41171.4296875 57
1752008123088 51314.75 58
1752008124042 34816.92578125 59
1752008125000 32828.80859375 60
1752008125958 53790.61328125 61
1752008126913 32280.568359375 62
1752008127871 44469.57421875 63
1752008128829 41948.375 64
1752008129789 42668.21484375 65
1752008130747 33289.34375 66
1752008131705 34761.6328125 67
1752008132660 39702.1640625 68
1752008133619 41353.56640625 69
1752008134574 37194.984375 70
1752008135533 40375.0703125 71
1752008136489 38202.7265625 72
1752008137451 34418.4375 73
1752008138416 38929.53125 74
1752008139368 34283.46484375 75
1752008140326 33052.5078125 76
1752008141287 41285.43359375 77
1752008142243 45621.14453125 78
1752008143202 34641.37109375 79
1752008144161 34805.0234375 80
1752008145122 39139.421875 81
1752008146077 32577.0 82
1752008147039 35271.703125 83
1752008147998 40082.12890625 84
1752008149012 38066.0234375 85
1752008150012 39523.078125 86
1752008150976 31014.48046875 87
1752008151930 34043.1953125 88
1752008152886 36824.6484375 89
1752008153843 34847.16015625 90
1752008154799 39634.5625 91
1752008155754 36323.8984375 92
1752008156715 38484.80859375 93
1752008157673 34362.6484375 94
1752008158626 35845.68359375 95
1752008159582 36704.59765625 96
1752008160559 41372.03515625 97
1752008161525 43079.6484375 98
1752008162485 43315.0 99
1752008163443 45656.1171875 100
1752008164399 47887.125 101
1752008165356 35500.53515625 102
1752008166314 36088.90625 103
1752008167273 37507.8203125 104
1752008168229 31763.07421875 105
1752008169185 42576.796875 106
1752008170146 31593.85546875 107
1752008171102 34762.46875 108
1752008172054 38277.63671875 109
1752008173017 37777.38671875 110
1752008173971 37386.48046875 111
1752008174927 34718.7265625 112
1752008175887 39076.8671875 113
1752008176843 37386.015625 114
1752008177796 52685.8046875 115
1752008178759 34899.50390625 116
1752008179722 29766.154296875 117
1752008180682 94942.0390625 118
1752008181642 36905.4375 119
1752008182606 36958.671875 120
1752008183568 38665.9765625 121
1752008184529 34211.7109375 122
1752008185521 39562.07421875 123
1752008186528 51225.94140625 124
1752008187528 44289.515625 125
1752008188488 35847.375 126
1752008190080 39554.6875 127
1752008191049 32537.27734375 128
1752008192012 84240.8125 129
1752008192980 38569.26171875 130
1752008193943 33896.3828125 131
1752008194910 41563.8125 132
1752008195871 35227.921875 133
1752008196834 31479.576171875 134
1752008197788 41993.37890625 135
1752008198749 40698.3046875 136
1752008199711 30382.21875 137
1752008200697 34871.609375 138
1752008201743 48188.09375 139
1752008202759 34143.953125 140
1752008203794 37503.0078125 141
1752008204788 34314.1484375 142
1752008205777 33426.140625 143
1752008206800 46208.6953125 144
1752008207913 46601.03125 145
1752008208890 33811.12109375 146
1752008209962 39491.6484375 147
1752008210983 36484.1953125 148
1752008211946 44773.4140625 149
1752008212903 34460.7734375 150
1752008213864 35358.421875 151
1752008214823 40402.1484375 152
1752008215777 46773.71875 153
1752008216732 33001.5625 154
1752008217689 30301.3984375 155
1752008218648 36664.5703125 156
1752008219604 76507.5625 157
1752008220579 48107.5 158
1752008221543 38920.1171875 159
1752008222497 33503.90234375 160
1752008223460 39874.9609375 161
1752008224414 40195.5 162
1752008225366 49683.734375 163
1752008226332 49962.46875 164
1752008227289 35284.40625 165
1752008228244 32868.796875 166
1752008229207 39222.125 167
1752008230161 36293.6796875 168
1752008231114 38831.640625 169
1752008232072 40122.23828125 170
1752008233027 31551.73828125 171
1752008233980 34453.0 172
1752008234936 35936.94921875 173
1752008235889 31996.921875 174
1752008236841 47106.9765625 175
1752008237795 39951.8515625 176
1752008238751 34374.48828125 177
1752008239705 42620.890625 178
1752008240663 36700.7890625 179
1752008241626 47480.2421875 180
1752008242580 31422.666015625 181
1752008243540 30423.458984375 182
1752008244496 39544.57421875 183
1752008245450 38418.328125 184
1752008246415 29321.58203125 185
1752008247376 56297.6875 186
1752008248335 31279.5546875 187
1752008249295 29368.337890625 188
1752008250256 31907.26171875 189
1752008251213 35100.51171875 190
1752008252174 55933.3984375 191
1752008253137 33469.140625 192
1752008254091 38129.77734375 193
1752008255052 36607.3203125 194
1752008256007 40772.34375 195
1752008256968 37789.08984375 196
1752008257932 49312.3203125 197
1752008258893 36005.828125 198
1752008259851 45561.375 199
1752008260806 48381.5 200
1752008261770 34628.9296875 201
1752008262728 45655.4453125 202
1752008263683 35519.3046875 203
1752008264646 43089.18359375 204
1752008265605 30132.23046875 205
1752008266563 33125.859375 206
1752008267518 29280.865234375 207
1752008268476 42676.93359375 208
1752008269431 27798.23828125 209
1752008270383 37934.4375 210
1752008271337 45219.953125 211
1752008272290 38683.37109375 212
1752008273248 35645.1328125 213
1752008274203 36528.3671875 214
1752008275155 43100.0703125 215
1752008276107 32906.1953125 216
1752008277067 37365.5703125 217
1752008278021 32867.265625 218
1752008278974 33197.1328125 219
1752008279928 35690.36328125 220
1752008280908 34299.08984375 221
1752008281864 48980.09765625 222
1752008282818 32554.451171875 223
1752008283772 33558.3515625 224
1752008284731 49635.734375 225
1752008285685 39365.5703125 226
1752008286642 42947.125 227
1752008287597 34511.37109375 228
1752008288551 43672.08203125 229
1752008289502 34491.3984375 230
1752008290462 43066.234375 231
1752008291417 36914.30078125 232
1752008292374 60878.9140625 233
1752008293329 33606.484375 234
1752008294284 67799.03125 235
1752008295238 35607.34375 236
1752008296191 41275.390625 237
1752008297147 38332.8828125 238
1752008298111 26399.26953125 239
1752008299071 30623.90625 240
1752008300033 28734.68359375 241
1752008300987 40493.203125 242
1752008301942 47778.875 243
1752008302904 35078.9765625 244
1752008303863 39362.34375 245
1752008304824 44730.2265625 246
1752008305780 44090.48046875 247
1752008306745 31817.701171875 248
1752008307707 36246.31640625 249
1752008308666 39515.7578125 250
1752008309628 35256.984375 251
1752008311186 33266.453125 252
1752008312149 57185.4921875 253
1752008313111 33553.31640625 254
1752008314074 46912.8203125 255
1752008315033 34068.6796875 256
1752008315994 41336.0 257
1752008316956 35437.609375 258
1752008317914 29630.408203125 259
1752008318879 33577.41796875 260
1752008319833 73568.6484375 261
1752008320790 37708.2265625 262
1752008321750 44125.25 263
1752008322708 39987.2265625 264
1752008323673 35631.99609375 265
1752008324635 50646.328125 266
1752008325591 35098.6171875 267
1752008326546 34300.578125 268
1752008327507 78984.5703125 269
1752008328488 30420.41015625 270
1752008329487 32970.3046875 271
1752008330487 35549.31640625 272
1752008331445 38325.234375 273
1752008332402 39445.125 274
1752008333359 33190.59765625 275
1752008334315 34239.2421875 276
1752008335268 34487.66015625 277
1752008336223 28352.8828125 278
1752008337183 41606.7265625 279
1752008338140 33872.46875 280
1752008339093 42844.015625 281
1752008340051 31788.546875 282
1752008341038 35128.52734375 283
1752008341992 29357.46875 284
1752008342948 30268.79296875 285
1752008343908 29289.55859375 286
1752008344862 31163.69140625 287
1752008345824 44056.57421875 288
1752008346785 42656.421875 289
1752008347746 39692.1484375 290
1752008348705 36753.671875 291
1752008349666 34799.46875 292
1752008350620 34000.125 293
1752008351582 32207.6875 294
1752008352537 33186.58203125 295
1752008353492 35414.30078125 296
1752008354449 32305.865234375 297
1752008355407 33836.3828125 298
1752008356366 32440.5390625 299
1752008357320 37939.42578125 300
1752008358277 49798.5859375 301
1752008359232 46779.1484375 302
1752008360191 39979.58203125 303
1752008361143 35970.7734375 304
1752008362107 38749.65625 305
1752008363067 31740.75 306
1752008364027 31559.12109375 307
1752008364989 31383.1015625 308
1752008365949 49963.046875 309
1752008366903 57717.80078125 310
1752008367858 36578.9765625 311
1752008368858 34512.25 312
1752008369854 33083.140625 313
1752008370832 36886.7421875 314
1752008371792 32500.98046875 315
1752008372757 33185.3984375 316
1752008373710 33317.703125 317
1752008374668 33616.44140625 318
1752008375627 33561.4921875 319
1752008376578 29638.58984375 320
1752008377535 35283.9765625 321
1752008378495 38808.20703125 322
1752008379454 33331.515625 323
1752008380409 35322.4453125 324
1752008381363 45582.26953125 325
1752008382318 39830.45703125 326
1752008383273 30647.29296875 327
1752008384223 29772.306640625 328
1752008385179 32963.7265625 329
1752008386131 29547.23828125 330
1752008387089 32887.43359375 331
1752008388043 35903.3359375 332
1752008388997 38381.75 333
1752008389951 45673.921875 334
1752008390902 27587.751953125 335
1752008391858 35163.16015625 336
1752008392812 64815.0546875 337
1752008393764 31312.75390625 338
1752008394717 32105.908203125 339
1752008395674 30606.671875 340
1752008396628 32324.892578125 341
1752008397582 38254.0078125 342
1752008398536 32647.734375 343
1752008399490 34022.8046875 344
1752008400460 32675.896484375 345
1752008401427 31896.2890625 346
1752008402384 32804.375 347
1752008403337 37171.5078125 348
1752008404294 31366.583984375 349
1752008405252 29647.5859375 350
1752008406208 37964.94921875 351
1752008407162 35802.9765625 352
1752008408116 39381.69921875 353
1752008409072 30225.53515625 354
1752008410027 36241.1953125 355
1752008410980 42979.32421875 356
1752008411933 33446.8515625 357
1752008412887 39867.43359375 358
1752008413842 36480.0078125 359
1752008414794 40239.4765625 360
1752008415754 29998.12109375 361
1752008416707 40992.5234375 362
1752008417669 36407.625 363
1752008418633 36964.27734375 364
1752008419595 33770.74609375 365
1752008420552 32932.6171875 366
1752008421515 34434.9765625 367
1752008422471 33231.5 368
1752008423429 32900.66796875 369
1752008424389 61814.6484375 370
1752008425350 30769.09375 371
1752008426310 44692.9296875 372
1752008427268 51857.1171875 373
1752008428224 33296.5078125 374
1752008429177 37953.76171875 375
1752008430136 33515.296875 376
1752008431681 31675.654296875 377
1752008432636 32884.8125 378
1752008433587 34613.1484375 379
1752008434543 33636.23828125 380
1752008435495 32402.943359375 381
1752008436449 34633.8125 382
1752008437405 37893.78125 383
1752008438362 34704.84375 384
1752008439315 33721.41015625 385
1752008440268 29469.6875 386
1752008441231 31668.04296875 387
1752008442189 31361.548828125 388
1752008443148 33066.3359375 389
1752008444103 32765.1640625 390
1752008445053 43552.28125 391
1752008446010 33279.50390625 392
1752008446964 43468.5390625 393
1752008447919 38412.1796875 394
1752008448927 35308.609375 395
1752008449918 31799.14453125 396
1752008450902 33122.25 397
1752008451858 44247.1796875 398
1752008452814 40449.328125 399
1752008453764 38060.484375 400
1752008454715 28364.076171875 401
1752008455667 41622.7734375 402
1752008456621 53095.1015625 403
1752008457580 32351.41796875 404
1752008458538 33739.9375 405
1752008459499 34993.5 406
1752008460469 36039.765625 407
1752008461443 34443.3671875 408
1752008462399 31100.25390625 409
1752008463359 49708.40234375 410
1752008464317 37686.15625 411
1752008465273 27498.06640625 412
1752008466224 46993.87890625 413
1752008467187 46449.27734375 414
1752008468143 32482.78515625 415
1752008469110 29585.3828125 416
1752008470063 36051.296875 417
1752008471020 30835.51171875 418
1752008471974 35305.671875 419
1752008472929 32477.169921875 420
1752008473888 78845.9140625 421
1752008474845 31961.78515625 422
1752008475801 36100.15625 423
1752008476756 27872.84375 424
1752008477718 34423.9765625 425
1752008478672 41010.796875 426
1752008479628 33478.3359375 427
1752008480580 39322.390625 428
1752008481535 39279.5234375 429
1752008482489 30843.46484375 430
1752008483443 41904.7265625 431
1752008484397 39067.73828125 432
1752008485353 30352.513671875 433
1752008486309 43546.59375 434
1752008487264 50558.828125 435
1752008488218 43518.2265625 436
1752008489173 27618.474609375 437
1752008490127 31870.13671875 438
1752008491084 32628.890625 439
1752008492037 41485.69140625 440
1752008492991 37076.8515625 441
1752008493949 28238.591796875 442
1752008494910 35111.5703125 443
1752008495868 35681.46875 444
1752008496827 86870.1640625 445
1752008497781 30319.998046875 446
1752008498740 48076.9140625 447
1752008499698 29676.359375 448
1752008500650 27685.828125 449
1752008501608 34076.48046875 450
1752008502565 32059.99609375 451
1752008503521 28578.59375 452
1752008504475 32863.26171875 453
1752008505428 36754.4609375 454
1752008506384 39767.96875 455
1752008507335 29941.09765625 456
1752008508303 33898.2421875 457
1752008509312 32059.09765625 458
1752008510333 35773.60546875 459
1752008511288 27236.046875 460
1752008512241 37379.09375 461
1752008513195 62414.51171875 462
1752008514148 45048.1875 463
1752008515101 40124.328125 464
1752008516057 44519.01171875 465
1752008517011 33212.90234375 466
1752008517967 33423.5 467
1752008518924 70434.8359375 468
1752008519880 35393.2265625 469
1752008520861 31677.369140625 470
1752008521819 32608.45703125 471
1752008522773 32713.41015625 472
1752008523724 36014.37890625 473
1752008524675 37295.22265625 474
1752008525629 37010.734375 475
1752008526581 40726.46875 476
1752008527540 28805.517578125 477
1752008528496 32728.609375 478
1752008529447 59963.4375 479
1752008530399 32452.380859375 480
1752008531356 28557.171875 481
1752008532309 31094.3828125 482
1752008533262 33465.56640625 483
1752008534218 34160.6328125 484
1752008535175 32919.265625 485
1752008536128 33615.43359375 486
1752008537085 67731.015625 487
1752008538052 26629.2578125 488
1752008539007 30694.390625 489
1752008539961 27642.79296875 490
1752008540916 30023.19140625 491
1752008541874 30253.88671875 492
1752008542827 29163.828125 493
1752008543785 35680.61328125 494
1752008544738 36594.8828125 495
1752008545707 44639.08984375 496
1752008546662 40220.0 497
1752008547622 33118.453125 498
1752008548587 34036.921875 499
1752008549540 30677.876953125 500
1752008550498 27452.998046875 501
1752008552326 28321.482421875 502
1752008553333 41803.5078125 503
1752008554301 25123.404296875 504
1752008555260 26144.57421875 505
1752008556218 36780.953125 506
1752008557174 38050.8046875 507
1752008558135 42925.734375 508
1752008559088 53149.265625 509
1752008560042 48865.453125 510
1752008560999 34542.8671875 511
1752008561955 35739.30078125 512
1752008562914 33290.375 513
1752008563869 34219.5546875 514
1752008564827 39497.75390625 515
1752008565781 87855.875 516
1752008566733 37788.3671875 517
1752008567688 35565.0546875 518
1752008568644 35621.3515625 519
1752008569603 33294.87109375 520
1752008570557 26812.0625 521
1752008571511 30560.78515625 522
1752008572466 30087.21484375 523
1752008573422 42498.296875 524
1752008574381 37605.609375 525
1752008575345 35089.08984375 526
1752008576305 31313.572265625 527
1752008577262 51523.85546875 528
1752008578227 32584.28125 529
1752008579185 30853.42578125 530
1752008580145 33153.453125 531
1752008581124 32310.76953125 532
1752008582080 32343.73046875 533
1752008583037 36102.09375 534
1752008583993 27387.333984375 535
1752008584949 28867.248046875 536
1752008585901 28843.421875 537
1752008586853 39619.8984375 538
1752008587811 34850.18359375 539
1752008588769 31260.4921875 540
1752008589722 53403.23046875 541
1752008590679 30535.8359375 542
1752008591638 27579.97265625 543
1752008592599 29594.83984375 544
1752008593556 46526.15625 545
1752008594519 31849.216796875 546
1752008595473 43736.0625 547
1752008596431 27107.958984375 548
1752008597392 34880.53125 549
1752008598348 35977.09765625 550
1752008599303 42091.61328125 551
1752008600257 37798.5546875 552
1752008601210 30350.7109375 553
1752008602169 28956.88671875 554
1752008603130 28060.6015625 555
1752008604085 31741.845703125 556
1752008605037 44676.609375 557
1752008605988 35680.1875 558
1752008606943 47046.0625 559
1752008607900 32106.28125 560
1752008608857 35628.52734375 561
1752008609812 42894.03125 562
1752008610770 33547.68359375 563
1752008611728 30112.79296875 564
1752008612682 33146.2421875 565
1752008613637 30679.337890625 566
1752008614591 54536.61328125 567
1752008615546 30347.77734375 568
1752008616498 37388.296875 569
1752008617457 29510.052734375 570
1752008618412 31305.88671875 571
1752008619367 85044.359375 572
1752008620318 36112.94140625 573
1752008621275 27610.791015625 574
1752008622232 25769.0078125 575
1752008623180 36667.390625 576
1752008624136 34495.78125 577
1752008625091 32832.4375 578
1752008626045 33855.46875 579
1752008627002 26810.23046875 580
1752008627957 38872.59375 581
1752008628972 32125.83203125 582
1752008629966 31035.015625 583
1752008630955 31696.546875 584
1752008631910 32249.767578125 585
1752008632865 33389.3515625 586
1752008633817 40830.90234375 587
1752008634779 29595.4453125 588
1752008635734 38149.3046875 589
1752008636688 33485.34375 590
1752008637645 31045.4296875 591
1752008638601 28435.345703125 592
1752008639560 36440.3203125 593
1752008640528 34763.39453125 594
1752008641499 59764.8515625 595
1752008642451 31312.9296875 596
1752008643406 45760.51171875 597
1752008644361 33225.65625 598
1752008645315 31680.3671875 599
1752008646268 36339.66015625 600
1752008647224 39887.4296875 601
1752008648177 28886.041015625 602
1752008649132 29766.03515625 603
1752008650089 33090.5234375 604
1752008651046 33969.203125 605
1752008651999 47454.0546875 606
1752008652951 34546.28125 607
1752008653907 33671.71484375 608
1752008654857 30906.48828125 609
1752008655816 32235.984375 610
1752008656768 38750.625 611
1752008657723 37752.7578125 612
1752008658688 29256.23828125 613
1752008659640 35119.3671875 614
1752008660595 27642.478515625 615
1752008661550 34850.94140625 616
1752008662506 51943.3515625 617
1752008663464 34526.40625 618
1752008664425 27674.3203125 619
1752008665387 29850.8046875 620
1752008666346 38657.8984375 621
1752008667302 35635.29296875 622
1752008668256 49317.76171875 623
1752008669212 38811.7890625 624
1752008670167 30938.361328125 625
1752008671126 26400.052734375 626
1752008672915 29766.6484375 627
1752008673871 33385.8046875 628
1752008674829 37920.60546875 629
1752008675786 32184.5234375 630
1752008676742 30910.447265625 631
1752008677693 31019.28125 632
1752008678647 31803.50390625 633
1752008679599 46783.7578125 634
1752008680565 41439.23046875 635
1752008681524 32689.16015625 636
1752008682479 26712.033203125 637
1752008683436 29777.046875 638
1752008684396 39221.8984375 639
1752008685350 56858.8046875 640
1752008686310 41142.375 641
1752008687265 35789.59765625 642
1752008688224 33002.640625 643
1752008689233 37119.80078125 644
1752008690237 31664.76171875 645
1752008691206 29065.37890625 646
1752008692161 34507.73828125 647
1752008693114 29650.2734375 648
1752008694068 29233.71875 649
1752008695021 32524.5234375 650
1752008695978 40546.50390625 651
1752008696931 34649.25 652
1752008697888 35421.1875 653
1752008698844 31637.564453125 654
1752008699801 34595.1875 655
1752008700783 39609.06640625 656
1752008701739 30190.265625 657
1752008702696 29470.466796875 658
1752008703649 30161.46875 659
1752008704605 27335.673828125 660
1752008705571 26706.103515625 661
1752008706528 30123.8125 662
1752008707485 43093.125 663
1752008708441 37905.8359375 664
1752008709400 41847.51171875 665
1752008710358 30429.625 666
1752008711311 32255.615234375 667
1752008712265 26499.26171875 668
1752008713224 51780.83984375 669
1752008714179 44043.90234375 670
1752008715135 51195.28125 671
1752008716092 38861.9375 672
1752008717050 47429.59375 673
1752008718005 31928.05859375 674
1752008718960 35783.0703125 675
1752008719914 45810.796875 676
1752008720867 27592.259765625 677
1752008721823 57726.8203125 678
1752008722779 29831.6953125 679
1752008723739 31030.22265625 680
1752008724691 32476.84765625 681
1752008725644 32731.484375 682
1752008726596 29092.48046875 683
1752008727559 34838.9375 684
1752008728518 33628.39453125 685
1752008729476 28888.3359375 686
1752008730430 28439.892578125 687
1752008731388 30042.060546875 688
1752008732342 29192.150390625 689
1752008733299 31532.884765625 690
1752008734265 30814.912109375 691
1752008735271 24656.0625 692
1752008736276 28173.169921875 693
1752008737231 29020.271484375 694
1752008738184 33261.265625 695
1752008739148 28927.970703125 696
1752008740103 30797.712890625 697
1752008741059 77809.984375 698
1752008742015 30088.1015625 699
1752008742967 31599.17578125 700
1752008743920 43961.92578125 701
1752008744877 29312.81640625 702
1752008745837 30038.669921875 703
1752008746793 25782.55078125 704
1752008747746 28905.26171875 705
1752008748701 28151.986328125 706
1752008749656 26702.1484375 707
1752008750609 26984.51171875 708
1752008751562 29241.177734375 709
1752008752519 27695.73046875 710
1752008753474 30746.14453125 711
1752008754431 46172.1328125 712
1752008755385 32652.267578125 713
1752008756341 28316.26953125 714
1752008757292 31795.45703125 715
1752008758250 31214.056640625 716
1752008759201 26746.60546875 717
1752008760162 28878.82421875 718
1752008761132 22311.357421875 719
1752008762085 31612.03515625 720
1752008763038 47843.53125 721
1752008763991 30807.044921875 722
1752008764945 29594.09765625 723
1752008765896 31412.85546875 724
1752008766849 26803.9921875 725
1752008767806 31986.91015625 726
1752008768760 33736.4609375 727
1752008769712 29153.078125 728
1752008770665 40654.609375 729
1752008771619 29425.859375 730
1752008772572 30526.62109375 731
1752008773527 29050.18359375 732
1752008774484 34437.96875 733
1752008775436 28380.74609375 734
1752008776391 26906.931640625 735
1752008777353 35167.5 736
1752008778306 26048.87109375 737
1752008779266 41400.15625 738
1752008780225 32952.64453125 739
1752008781183 26907.24609375 740
1752008782141 35124.0625 741
1752008783101 27518.71484375 742
1752008784060 24888.310546875 743
1752008785022 29753.634765625 744
1752008785983 30688.423828125 745
1752008786947 26968.583984375 746
1752008787911 33000.69921875 747
1752008788870 25976.240234375 748
1752008789830 28252.73828125 749
1752008790787 29810.1171875 750
1752008791749 30786.78515625 751
1752008793416 39553.3671875 752
1752008794384 25246.662109375 753
1752008795342 38018.49609375 754
1752008796299 25155.830078125 755
1752008797259 27804.38671875 756
1752008798216 40323.46875 757
1752008799171 24798.015625 758
1752008800127 28600.876953125 759
1752008801086 28763.98046875 760
1752008802041 29580.66796875 761
1752008803002 30449.197265625 762
1752008803961 30477.673828125 763
1752008804915 30866.720703125 764
1752008805877 28584.30078125 765
1752008806832 30670.3125 766
1752008807788 30255.484375 767
1752008808785 29023.658203125 768
1752008809782 27337.166015625 769
1752008810775 29148.9140625 770
1752008811743 26283.60546875 771
1752008812705 28836.232421875 772
1752008813659 36367.30078125 773
1752008814621 31801.203125 774
1752008815576 40697.703125 775
1752008816539 40665.28125 776
1752008817499 30212.3046875 777
1752008818454 32754.7421875 778
1752008819411 30996.48828125 779
1752008820389 34756.65625 780
1752008821358 28068.244140625 781
1752008822319 21449.47265625 782
1752008823274 27819.458984375 783
1752008824234 39331.71484375 784
1752008825189 35527.94140625 785
1752008826145 34755.41796875 786
1752008827100 43820.7734375 787
1752008828058 29088.630859375 788
1752008829023 28740.17578125 789
1752008829979 28769.41015625 790
1752008830932 32020.8359375 791
1752008831894 28972.2109375 792
1752008832858 31438.958984375 793
1752008833820 38245.1484375 794
1752008834779 30811.185546875 795
1752008835739 31698.07421875 796
1752008836703 28532.25 797
1752008837657 35458.34375 798
1752008838624 24477.580078125 799
1752008839577 25785.96875 800
1752008840532 31222.95703125 801
1752008841488 47312.515625 802
1752008842448 26089.03125 803
1752008843405 27899.71484375 804
1752008844369 29911.1328125 805
1752008845321 34307.46875 806
1752008846279 28571.67578125 807
1752008847239 28354.00390625 808
1752008848191 30889.546875 809
1752008849145 25242.337890625 810
1752008850110 34373.171875 811
1752008851068 23772.064453125 812
1752008852030 44570.76171875 813
1752008852982 33740.0390625 814
1752008853937 27559.68359375 815
1752008854900 34914.23046875 816
1752008855854 30640.34375 817
1752008856817 46038.703125 818
1752008857770 26538.7109375 819
1752008858733 28180.18359375 820
1752008859685 24235.94140625 821
1752008860642 32300.87109375 822
1752008861597 26827.23828125 823
1752008862554 32810.84375 824
1752008863515 31116.369140625 825
1752008864472 28876.552734375 826
1752008865428 31111.890625 827
1752008866390 30318.5859375 828
1752008867345 31078.5859375 829
1752008868303 32806.94140625 830
1752008869257 41081.0234375 831
1752008870213 34985.6796875 832
1752008871162 29382.41015625 833
1752008872115 28027.7734375 834
1752008873072 28044.791015625 835
1752008874027 39568.93359375 836
1752008874983 29837.455078125 837
1752008875938 28857.1953125 838
1752008876892 25780.14453125 839
1752008877843 33585.56640625 840
1752008878798 25508.04296875 841
1752008879754 30078.458984375 842
1752008880729 21149.822265625 843
1752008881690 28769.033203125 844
1752008882645 35805.265625 845
1752008883597 29414.17578125 846
1752008884578 32769.828125 847
1752008885570 51173.125 848
1752008886567 32814.1875 849
1752008887520 26123.7265625 850
1752008888473 31226.96875 851
1752008889428 27478.00390625 852
1752008890379 25637.04296875 853
1752008891334 26152.4453125 854
1752008892284 31635.99609375 855
1752008893242 30148.857421875 856
1752008894198 31872.6953125 857
1752008895151 28335.388671875 858
1752008896110 29532.9140625 859
1752008897064 29168.2265625 860
1752008898030 25901.703125 861
1752008898984 22381.8671875 862
1752008899944 24872.474609375 863
1752008900901 25771.765625 864
1752008901859 24231.87109375 865
1752008902820 24401.294921875 866
1752008903777 28553.759765625 867
1752008904733 26738.732421875 868
1752008905689 23293.23828125 869
1752008906645 25379.76171875 870
1752008907614 31292.41015625 871
1752008908570 21905.87109375 872
1752008909528 29854.458984375 873
1752008910490 25586.80859375 874
1752008911446 28306.609375 875
1752008912402 25765.0703125 876
1752008913985 42229.765625 877
1752008914942 33664.21484375 878
1752008915904 31011.4140625 879
1752008916864 31792.28125 880
1752008917829 59917.90625 881
1752008918843 37668.0078125 882
1752008919838 48157.21875 883
1752008920822 27438.546875 884
1752008921786 33673.00390625 885
1752008922743 24338.6484375 886
1752008923700 29477.7734375 887
1752008924663 27118.97265625 888
1752008925621 28892.60546875 889
1752008926586 51937.4921875 890
1752008927551 38478.296875 891
1752008928505 29150.53125 892
1752008929460 30736.8984375 893
1752008930416 27179.67578125 894
1752008931371 24452.0546875 895
1752008932331 32161.54296875 896
1752008933288 27972.53125 897
1752008934245 23640.17578125 898
1752008935202 28792.572265625 899
1752008936158 22545.572265625 900
1752008937114 27027.86328125 901
1752008938070 25582.1640625 902
1752008939032 23920.837890625 903
1752008939984 36128.8125 904
1752008940968 26668.310546875 905
1752008941932 35789.140625 906
1752008942890 23487.9453125 907
1752008943846 34622.89453125 908
1752008944806 25064.88671875 909
1752008945766 26385.6484375 910
1752008946724 28497.07421875 911
1752008947688 25229.130859375 912
1752008948654 24005.01953125 913
1752008949611 45645.46875 914
1752008950574 40328.7109375 915
1752008951531 26558.861328125 916
1752008952485 36214.3984375 917
1752008953443 26557.712890625 918
1752008954403 26836.4609375 919
1752008955360 31962.02734375 920
1752008956315 37684.2265625 921
1752008957271 30698.494140625 922
1752008958226 27780.45703125 923
1752008959188 32223.73828125 924
1752008960148 51268.08203125 925
1752008961108 26389.0 926
1752008962069 27149.50390625 927
1752008963030 30436.078125 928
1752008963990 43970.84765625 929
1752008964944 29444.609375 930
1752008965896 25691.595703125 931
1752008966852 27123.55859375 932
1752008967804 35549.4296875 933
1752008968762 26177.3671875 934
1752008969719 28998.029296875 935
1752008970680 24748.3984375 936
1752008971638 24819.05078125 937
1752008972591 29916.43359375 938
1752008973550 30384.76171875 939
1752008974516 28213.89453125 940
1752008975476 26044.228515625 941
1752008976438 30581.54296875 942
1752008977394 24897.58203125 943
1752008978353 36964.01171875 944
1752008979312 30225.361328125 945
1752008980268 24982.091796875 946
1752008981227 24709.66015625 947
1752008982187 35585.22265625 948
1752008983140 26697.23046875 949
1752008984093 32506.23046875 950
1752008985048 22239.056640625 951
1752008986014 40194.96875 952
1752008986968 20808.216796875 953
1752008987924 29485.30859375 954
1752008988930 25912.703125 955
1752008989925 29676.41015625 956
1752008990897 21645.90234375 957
1752008991851 27068.349609375 958
1752008992808 33841.35546875 959
1752008993761 27009.796875 960
1752008994715 24823.28125 961
1752008995669 26370.171875 962
1752008996627 32674.828125 963
1752008997582 60500.6328125 964
1752008998539 27696.328125 965
1752008999494 38377.58984375 966
1752009000464 27565.021484375 967
1752009001426 26585.90625 968
1752009002384 31053.1328125 969
1752009003345 28502.16015625 970
1752009004299 30476.4140625 971
1752009005253 26543.5703125 972
1752009006213 27257.40234375 973
1752009007170 23094.88671875 974
1752009008122 24336.0546875 975
1752009009082 31804.31640625 976
1752009010039 25700.9765625 977
1752009010994 39768.46484375 978
1752009011949 31180.72265625 979
1752009012903 22888.380859375 980
1752009013862 25283.16796875 981
1752009014820 31513.318359375 982
1752009015773 37183.41015625 983
1752009016727 26211.6484375 984
1752009017690 24426.546875 985
1752009018656 34535.3203125 986
1752009019618 24681.01171875 987
1752009020582 18595.53125 988
1752009021542 26599.0546875 989
1752009022495 29563.48046875 990
1752009023458 37563.0078125 991
1752009024411 26482.861328125 992
1752009025375 23512.91796875 993
1752009026339 23684.2421875 994
1752009027302 27444.7890625 995
1752009028263 27099.54296875 996
1752009029224 23989.9453125 997
1752009030185 26919.79296875 998
1752009031138 29866.95703125 999
1752009032104 30966.255859375 1000
1752009033063 27994.3046875 1001
1752009034645 35613.68359375 1002
1752009035609 28260.05078125 1003
1752009036571 27341.703125 1004
1752009037533 30087.67578125 1005
1752009038491 24049.6015625 1006
1752009039451 23566.048828125 1007
1752009040407 24080.77734375 1008
1752009041364 24235.9296875 1009
1752009042327 22776.380859375 1010
1752009043285 29727.2734375 1011
1752009044243 25261.703125 1012
1752009045198 27248.765625 1013
1752009046160 23624.515625 1014
1752009047111 26240.841796875 1015
1752009048067 28757.4296875 1016
1752009049081 26378.486328125 1017
1752009050079 26118.91796875 1018
1752009051049 41378.09375 1019
1752009052006 22085.421875 1020
1752009052971 27700.158203125 1021
1752009053930 24910.921875 1022
1752009054886 34038.40625 1023
1752009055840 25931.662109375 1024
1752009056796 29674.416015625 1025
1752009057754 23606.150390625 1026
1752009058709 31981.73046875 1027
1752009059667 23257.93359375 1028
1752009060646 26824.32421875 1029
1752009061612 29058.80078125 1030
1752009062569 27787.68359375 1031
1752009063526 26832.04296875 1032
1752009064478 24328.240234375 1033
1752009065435 28112.97265625 1034
1752009066393 23629.8515625 1035
1752009067347 41644.62890625 1036
1752009068300 21669.8359375 1037
1752009069261 30563.9765625 1038
1752009070218 23779.931640625 1039
1752009071172 24904.70703125 1040
1752009072129 24216.0234375 1041
1752009073085 26229.580078125 1042
1752009074042 24915.734375 1043
1752009074998 28206.5078125 1044
1752009075952 35837.6484375 1045
1752009076906 31987.00390625 1046
1752009077863 32514.4765625 1047
1752009078816 25475.109375 1048
1752009079770 19467.55078125 1049
1752009080726 24000.87890625 1050
1752009081684 32076.17578125 1051
1752009082637 23701.71484375 1052
1752009083592 28458.01171875 1053
1752009084547 21915.68359375 1054
1752009085503 32070.35546875 1055
1752009086458 24362.16015625 1056
1752009087414 26085.5703125 1057
1752009088370 27523.619140625 1058
1752009089326 26441.6015625 1059
1752009090284 26480.65625 1060
1752009091238 24744.837890625 1061
1752009092199 25669.6171875 1062
1752009093157 25386.9140625 1063
1752009094112 29065.85546875 1064
1752009095068 17364.453125 1065
1752009096024 23080.748046875 1066
1752009096980 22143.81640625 1067
1752009097933 28444.265625 1068
1752009098889 29210.771484375 1069
1752009099847 28519.16796875 1070
1752009100853 30850.58984375 1071
1752009101852 25877.9140625 1072
1752009102834 37296.6875 1073
1752009103787 22264.59375 1074
1752009104744 27372.45703125 1075
1752009105696 21433.3046875 1076
1752009106653 27432.515625 1077
1752009107609 27128.322265625 1078
1752009108565 25980.97265625 1079
1752009109523 20475.53125 1080
1752009110477 27175.24609375 1081
1752009111431 32614.25 1082
1752009112387 23909.3671875 1083
1752009113341 26200.318359375 1084
1752009114297 25693.4375 1085
1752009115250 22653.83203125 1086
1752009116206 26749.015625 1087
1752009117164 23681.42578125 1088
1752009118118 33501.2109375 1089
1752009119072 24905.6796875 1090
1752009120025 31878.75390625 1091
1752009121003 26304.18359375 1092
1752009121964 37660.86328125 1093
1752009122919 25346.65625 1094
1752009123872 28297.7890625 1095
1752009124829 25645.3828125 1096
1752009125783 24736.599609375 1097
1752009126739 25242.47265625 1098
1752009127693 29377.76953125 1099
1752009128646 32192.259765625 1100
1752009129601 23944.130859375 1101
1752009130560 28410.904296875 1102
1752009131512 23101.625 1103
1752009132465 25822.2265625 1104
1752009133422 24120.029296875 1105
1752009134379 27534.6640625 1106
1752009135332 29881.73828125 1107
1752009136295 29096.734375 1108
1752009137251 28155.322265625 1109
1752009138208 36718.625 1110
1752009139168 24443.2890625 1111
1752009140122 26482.232421875 1112
1752009141076 36274.62890625 1113
1752009142033 26387.26953125 1114
1752009142990 22893.640625 1115
1752009143957 29725.02734375 1116
1752009144915 27561.6875 1117
1752009145869 25074.43359375 1118
1752009146823 24111.89453125 1119
1752009147780 23223.291015625 1120
1752009148733 28879.32421875 1121
1752009149693 27149.87890625 1122
1752009150646 20368.533203125 1123
1752009151608 22092.302734375 1124
1752009152561 40220.890625 1125
1752009153516 32443.9921875 1126
1752009155537 25804.970703125 1127
1752009156492 24447.08203125 1128
1752009157450 26427.990234375 1129
1752009158404 17867.056640625 1130
1752009159359 23479.06640625 1131
1752009160320 38170.61328125 1132
1752009161278 23286.748046875 1133
1752009162233 25250.54296875 1134
1752009163189 22020.251953125 1135
1752009164142 23473.2109375 1136
1752009165097 24414.482421875 1137
1752009166054 31928.494140625 1138
1752009167006 28993.2890625 1139
1752009167964 21247.765625 1140
1752009168969 21445.181640625 1141
1752009169963 30083.71875 1142
1752009170936 19985.8203125 1143
1752009171890 32253.0625 1144
1752009172846 28117.265625 1145
1752009173804 23638.60546875 1146
1752009174756 30480.908203125 1147
1752009175709 34196.5546875 1148
1752009176674 28869.30859375 1149
1752009177625 23496.96875 1150
1752009178580 26934.392578125 1151
1752009179536 25337.05078125 1152
1752009180511 24732.359375 1153
1752009181480 23098.1328125 1154
1752009182442 36529.07421875 1155
1752009183403 25762.4453125 1156
1752009184357 21801.306640625 1157
1752009185311 23950.90625 1158
1752009186265 27068.75390625 1159
1752009187222 21973.34765625 1160
1752009188178 28277.951171875 1161
1752009189135 21940.7265625 1162
1752009190089 23944.94140625 1163
1752009191047 21681.875 1164
1752009192006 24981.892578125 1165
1752009192961 24224.85546875 1166
1752009193920 21474.1328125 1167
1752009194877 53691.20703125 1168
1752009195830 90172.25 1169
1752009196785 22910.12109375 1170
1752009197739 28152.77734375 1171
1752009198695 24456.61328125 1172
1752009199650 28763.53125 1173
1752009200608 22519.982421875 1174
1752009201561 23303.734375 1175
1752009202516 22871.30859375 1176
1752009203472 30070.2890625 1177
1752009204426 23200.48046875 1178
1752009205380 23289.0078125 1179
1752009206339 18977.869140625 1180
1752009207294 17226.15234375 1181
1752009208250 21668.02734375 1182
1752009209206 60582.46875 1183
1752009210161 31326.310546875 1184
1752009211117 28811.5390625 1185
1752009212071 22514.84375 1186
1752009213028 21448.5625 1187
1752009213989 25617.806640625 1188
1752009214944 23008.07421875 1189
1752009215898 21427.845703125 1190
1752009216852 26476.31640625 1191
1752009217804 26804.78125 1192
1752009218758 18022.583984375 1193
1752009219713 24704.630859375 1194
1752009220668 21299.474609375 1195
1752009221631 18809.01171875 1196
1752009222587 26065.08203125 1197
1752009223541 23393.537109375 1198
1752009224501 26238.5 1199
1752009225455 24213.724609375 1200
1752009226412 21043.00390625 1201
1752009227366 20694.43359375 1202
1752009228337 30501.39453125 1203
1752009229335 21197.8515625 1204
1752009230345 18778.6796875 1205
1752009231299 21016.365234375 1206
1752009232254 23060.36328125 1207
1752009233212 27679.1796875 1208
1752009234164 27371.71875 1209
1752009235120 21605.125 1210
1752009236072 21605.5625 1211
1752009237027 21980.630859375 1212
1752009237983 24738.498046875 1213
1752009238935 24603.3828125 1214
1752009239890 26373.951171875 1215
1752009240868 21296.6328125 1216
1752009241829 20117.90234375 1217
1752009242784 24387.62890625 1218
1752009243735 36998.58984375 1219
1752009244688 21809.5390625 1220
1752009245644 29238.447265625 1221
1752009246602 20661.9296875 1222
1752009247559 26264.443359375 1223
1752009248514 17010.0 1224
1752009249467 18788.35546875 1225
1752009250420 19554.359375 1226
1752009251374 21966.7109375 1227
1752009252324 21094.09765625 1228
1752009253280 36710.7421875 1229
1752009254230 21315.580078125 1230
1752009255183 21537.82421875 1231
1752009256139 24870.46875 1232
1752009257095 21664.755859375 1233
1752009258061 20113.14453125 1234
1752009259020 22931.9296875 1235
1752009259975 29712.6171875 1236
1752009260929 22672.76953125 1237
1752009261879 24954.712890625 1238
1752009262836 25662.09375 1239
1752009263793 24577.466796875 1240
1752009264751 28115.234375 1241
1752009265713 29233.099609375 1242
1752009266667 20767.2890625 1243
1752009267620 22658.837890625 1244
1752009268574 25282.572265625 1245
1752009269537 36501.13671875 1246
1752009270492 17653.1953125 1247
1752009271448 19112.3515625 1248
1752009272400 29385.103515625 1249
1752009273355 26055.80078125 1250
1752009274310 18891.21484375 1251
1752009275855 25988.05859375 1252
1752009276811 22888.08203125 1253
1752009277768 26021.095703125 1254
1752009278722 21729.58984375 1255
1752009279677 28481.48828125 1256
1752009280631 20040.91015625 1257
1752009281591 25075.47265625 1258
1752009282552 26285.052734375 1259
1752009283535 18921.84765625 1260
1752009284531 21939.349609375 1261
1752009285531 21044.07421875 1262
1752009286485 20625.7421875 1263
1752009287441 21304.31640625 1264
1752009288396 30177.576171875 1265
1752009289351 18706.919921875 1266
1752009290306 20742.373046875 1267
1752009291261 21260.23046875 1268
1752009292210 26387.55078125 1269
1752009293173 26326.703125 1270
1752009294127 27941.80078125 1271
1752009295082 24692.525390625 1272
1752009296039 21347.263671875 1273
1752009296997 25439.796875 1274
1752009297951 19273.59765625 1275
1752009298911 21350.98828125 1276
1752009299870 24919.75390625 1277
1752009300853 20795.36328125 1278
1752009301809 22849.5859375 1279
1752009302770 25495.01171875 1280
1752009303726 28213.681640625 1281
1752009304683 25979.85546875 1282
1752009305638 22180.2421875 1283
1752009306593 20878.56640625 1284
1752009307547 24726.5234375 1285
1752009308507 50759.98828125 1286
1752009309461 29607.01953125 1287
1752009310416 31440.0234375 1288
1752009311377 14621.6572265625 1289
1752009312337 17121.185546875 1290
1752009313295 23086.626953125 1291
1752009314251 22630.48046875 1292
1752009315204 20438.359375 1293
1752009316162 23932.62109375 1294
1752009317120 18758.8046875 1295
1752009318074 28147.58203125 1296
1752009319031 22179.77734375 1297
1752009319986 30354.46484375 1298
1752009320938 24913.890625 1299
1752009321897 23623.7578125 1300
1752009322856 21429.84765625 1301
1752009323810 24042.00390625 1302
1752009324767 19983.791015625 1303
1752009325721 19798.79296875 1304
1752009326677 19516.09765625 1305
1752009327633 24413.712890625 1306
1752009328592 23950.392578125 1307
1752009329546 30397.43359375 1308
1752009330507 19597.27734375 1309
1752009331463 24354.09765625 1310
1752009332421 24307.857421875 1311
1752009333384 23279.349609375 1312
1752009334334 20984.35546875 1313
1752009335291 23786.9296875 1314
1752009336249 17988.15234375 1315
1752009337204 21759.28515625 1316
1752009338161 23665.06640625 1317
1752009339115 23410.36328125 1318
1752009340071 21667.84765625 1319
1752009341027 22570.537109375 1320
1752009341984 15661.767578125 1321
1752009342943 19014.39453125 1322
1752009343901 30655.8046875 1323
1752009344855 21316.921875 1324
1752009345810 22041.74609375 1325
1752009346769 20895.41015625 1326
1752009347728 19829.46875 1327
1752009348725 18138.8046875 1328
1752009349719 23262.671875 1329
1752009350713 24039.35546875 1330
1752009351668 16538.44921875 1331
1752009352627 22743.3203125 1332
1752009353582 22272.46875 1333
1752009354539 24482.25390625 1334
1752009355494 20278.298828125 1335
1752009356446 26184.41015625 1336
1752009357406 20756.80859375 1337
1752009358361 32515.4765625 1338
1752009359318 22918.08984375 1339
1752009360289 25221.755859375 1340
1752009361260 19254.8984375 1341
1752009362215 21137.37890625 1342
1752009363167 17588.544921875 1343
1752009364123 26177.93359375 1344
1752009365080 19177.4375 1345
1752009366036 25138.517578125 1346
1752009366988 16463.11328125 1347
1752009367944 19090.44140625 1348
1752009368900 23739.84765625 1349
1752009369856 25500.20703125 1350
1752009370814 29279.478515625 1351
1752009371768 23195.376953125 1352
1752009372722 18019.90234375 1353
1752009373673 19604.078125 1354
1752009374632 26345.23046875 1355
1752009375587 18937.16796875 1356
1752009376540 22094.82421875 1357
1752009377499 29134.240234375 1358
1752009378455 26226.533203125 1359
1752009379417 20556.990234375 1360
1752009380378 23619.1796875 1361
1752009381336 20406.01953125 1362
1752009382296 21316.146484375 1363
1752009383257 21249.392578125 1364
1752009384215 16972.02734375 1365
1752009385168 18151.97265625 1366
1752009386127 20648.935546875 1367
1752009387090 25014.966796875 1368
1752009388048 20730.4140625 1369
1752009389009 22170.005859375 1370
1752009389973 25954.34765625 1371
1752009390938 21100.23828125 1372
1752009391898 29855.796875 1373
1752009392861 19378.93359375 1374
1752009393820 16458.8203125 1375
1752009394782 18925.88671875 1376
1752009396374 20552.716796875 1377
1752009397334 23757.421875 1378
1752009398293 17104.80859375 1379
1752009399251 25730.8046875 1380
1752009400209 26766.67578125 1381
1752009401165 16810.248046875 1382
1752009402124 17957.90234375 1383
1752009403089 31295.48828125 1384
1752009404055 18856.890625 1385
1752009405009 17220.630859375 1386
1752009405966 18687.23046875 1387
1752009406925 25275.44140625 1388
1752009407882 20739.89453125 1389
1752009408888 23920.71484375 1390
1752009409882 20009.97265625 1391
1752009410867 22775.78515625 1392
1752009411828 19299.19140625 1393
1752009412786 23481.138671875 1394
1752009413741 20750.13671875 1395
1752009414702 21289.21875 1396
1752009415659 22470.376953125 1397
1752009416617 22977.703125 1398
1752009417576 20659.71875 1399
1752009418538 22456.54296875 1400
1752009419494 17941.23828125 1401
1752009420471 19803.81640625 1402
1752009421439 25052.140625 1403
1752009422400 24264.466796875 1404
1752009423363 36091.9375 1405
1752009424322 20813.1875 1406
1752009425277 23765.96875 1407
1752009426238 20047.48828125 1408
1752009427189 19907.98046875 1409
1752009428140 17395.63671875 1410
1752009429106 32555.3984375 1411
1752009430064 21292.90234375 1412
1752009431023 23125.96484375 1413
1752009431983 44830.60546875 1414
1752009432951 14505.7607421875 1415
1752009433913 32377.33203125 1416
1752009434877 26848.27734375 1417
1752009435833 18962.53515625 1418
1752009436789 25669.12890625 1419
1752009437749 50328.53515625 1420
1752009438703 25594.36328125 1421
1752009439661 23492.75 1422
1752009440622 21749.7265625 1423
1752009441583 28755.59765625 1424
1752009442539 25956.01171875 1425
1752009443498 20230.6015625 1426
1752009444458 28334.16796875 1427
1752009445419 21922.904296875 1428
1752009446376 21103.328125 1429
1752009447330 18938.85546875 1430
1752009448288 15216.5751953125 1431
1752009449243 24816.19140625 1432
1752009450209 23052.71875 1433
1752009451166 32048.2578125 1434
1752009452126 22291.91015625 1435
1752009453084 19614.904296875 1436
1752009454040 21354.4375 1437
1752009454995 31070.71484375 1438
1752009455953 20935.94921875 1439
1752009456910 16632.912109375 1440
1752009457870 19804.50390625 1441
1752009458826 17189.1328125 1442
1752009459782 20980.990234375 1443
1752009460741 21974.96875 1444
1752009461697 48680.59375 1445
1752009462666 20937.484375 1446
1752009463624 20382.705078125 1447
1752009464580 19086.9765625 1448
1752009465543 22066.662109375 1449
1752009466500 18994.400390625 1450
1752009467457 22896.384765625 1451
1752009468413 27039.83203125 1452
1752009469366 22355.1875 1453
1752009470325 24299.181640625 1454
1752009471277 19624.359375 1455
1752009472231 19356.2890625 1456
1752009473188 23919.19921875 1457
1752009474143 21729.634765625 1458
1752009475098 15290.791015625 1459
1752009476055 17209.5 1460
1752009477007 24941.77734375 1461
1752009477963 22592.365234375 1462
1752009478916 21127.48046875 1463
1752009479873 23369.521484375 1464
1752009480849 21388.9375 1465
1752009481806 20911.939453125 1466
1752009482759 19922.64453125 1467
1752009483713 16619.78125 1468
1752009484667 18294.423828125 1469
1752009485624 27963.33984375 1470
1752009486622 21487.2265625 1471
1752009487621 28297.890625 1472
1752009488614 20099.9609375 1473
1752009489570 22438.359375 1474
1752009490521 15998.27734375 1475
1752009491477 24771.89453125 1476
1752009492429 16493.76171875 1477
1752009493383 26270.12109375 1478
1752009494338 19119.33984375 1479
1752009495295 21669.220703125 1480
1752009496251 22101.8125 1481
1752009497215 17247.28515625 1482
1752009498171 17459.107421875 1483
1752009499132 18899.478515625 1484
1752009500088 16996.35546875 1485
1752009501046 13775.3955078125 1486
1752009502009 21576.66015625 1487
1752009502974 19313.19921875 1488
1752009503934 19516.1015625 1489
1752009504892 17281.43359375 1490
1752009505847 18126.875 1491
1752009506806 17776.310546875 1492
1752009507762 21848.498046875 1493
1752009508720 26575.841796875 1494
1752009509688 20542.875 1495
1752009510655 17093.576171875 1496
1752009511611 20500.3984375 1497
1752009512573 19616.267578125 1498
1752009513531 33847.609375 1499
1752009514494 21491.369140625 1500
1752009515452 16762.857421875 1501
1752009517033 15567.576171875 1502
1752009517987 19706.427734375 1503
1752009518944 17706.73828125 1504
1752009519905 15843.591796875 1505
1752009520863 20406.544921875 1506
1752009521823 24147.95703125 1507
1752009522786 30138.859375 1508
1752009523743 17408.2265625 1509
1752009524702 19945.9921875 1510
1752009525662 20792.76171875 1511
1752009526625 20793.216796875 1512
1752009527584 15151.38671875 1513
1752009528564 15197.1904296875 1514
1752009529557 16851.99609375 1515
1752009530551 31785.5859375 1516
1752009531512 21376.744140625 1517
1752009532471 22626.412109375 1518
1752009533425 20426.34765625 1519
1752009534387 16319.2060546875 1520
1752009535347 23044.0625 1521
1752009536303 23113.57421875 1522
1752009537262 24713.03125 1523
1752009538223 16662.26171875 1524
1752009539186 21737.576171875 1525
1752009540142 22405.45703125 1526
1752009541124 21722.99609375 1527
1752009542085 21628.970703125 1528
1752009543041 19747.453125 1529
1752009543995 20151.453125 1530
1752009544954 22229.896484375 1531
1752009545914 31740.236328125 1532
1752009546876 18004.1328125 1533
1752009547833 16930.16015625 1534
1752009548794 20527.91015625 1535
1752009549754 36903.7421875 1536
1752009550718 28404.3671875 1537
1752009551674 22262.689453125 1538
1752009552632 20772.603515625 1539
1752009553600 21382.98828125 1540
1752009554560 16638.48046875 1541
1752009555519 20154.6796875 1542
1752009556477 18635.65625 1543
1752009557444 22727.109375 1544
1752009558408 19251.755859375 1545
1752009559370 16397.72265625 1546
1752009560334 16848.517578125 1547
1752009561291 19670.59765625 1548
1752009562251 20564.240234375 1549
1752009563207 18718.333984375 1550
1752009564161 20830.34765625 1551
1752009565115 18404.98046875 1552
1752009566072 21250.125 1553
1752009567026 16212.8701171875 1554
1752009567983 15713.4775390625 1555
1752009568944 26671.01953125 1556
1752009569899 15376.5400390625 1557
1752009570855 20819.28515625 1558
1752009571814 17726.224609375 1559
1752009572772 21927.025390625 1560
1752009573725 14291.28515625 1561
1752009574683 18380.947265625 1562
1752009575640 20043.32421875 1563
1752009576603 21067.3984375 1564
1752009577563 15538.837890625 1565
1752009578527 17391.701171875 1566
1752009579484 19465.734375 1567
1752009580439 31873.2109375 1568
1752009581396 23649.998046875 1569
1752009582351 20957.8828125 1570
1752009583309 20033.150390625 1571
1752009584264 18401.458984375 1572
1752009585221 17002.11328125 1573
1752009586173 23449.634765625 1574
1752009587131 16200.318359375 1575
1752009588090 17294.716796875 1576
1752009589098 20337.634765625 1577
1752009590108 16330.9033203125 1578
1752009591071 21259.794921875 1579
1752009592027 17519.203125 1580
1752009592988 17299.0078125 1581
1752009593945 19195.640625 1582
1752009594900 17938.876953125 1583
1752009595853 16966.8984375 1584
1752009596805 20294.580078125 1585
1752009597759 16950.13671875 1586
1752009598712 17774.208984375 1587
1752009599665 17828.3203125 1588
1752009600639 25536.8046875 1589
1752009601600 20670.92578125 1590
1752009602556 18352.22265625 1591
1752009603511 23320.71875 1592
1752009604464 15546.9287109375 1593
1752009605421 21330.75390625 1594
1752009606373 19592.25390625 1595
1752009607328 16004.7783203125 1596
1752009608286 20304.966796875 1597
1752009609246 15908.7236328125 1598
1752009610203 15903.6513671875 1599
1752009611156 19561.13671875 1600
1752009612112 22471.35546875 1601
1752009613068 17205.482421875 1602
1752009614022 13276.2685546875 1603
1752009614979 16845.8046875 1604
1752009615934 21444.3515625 1605
1752009616891 17107.26171875 1606
1752009617853 24149.69140625 1607
1752009618811 20274.3671875 1608
1752009619771 62622.9375 1609
1752009620727 21684.306640625 1610
1752009621696 17872.37890625 1611
1752009622653 18444.056640625 1612
1752009623612 18470.921875 1613
1752009624572 21087.1484375 1614
1752009625526 17325.70703125 1615
1752009626487 20821.27734375 1616
1752009627449 17928.66015625 1617
1752009628409 15503.2744140625 1618
1752009629364 14335.470703125 1619
1752009630325 18040.5625 1620
1752009631287 21428.486328125 1621
1752009632245 18372.87890625 1622
1752009633201 24850.1875 1623
1752009634158 16842.48828125 1624
1752009635118 25109.5 1625
1752009636082 26563.939453125 1626
1752009637690 19742.400390625 1627
1752009638646 21092.455078125 1628
1752009639609 24844.89453125 1629
1752009640570 19621.14453125 1630
1752009641531 23148.322265625 1631
1752009642488 21380.974609375 1632
1752009643449 21725.3984375 1633
1752009644408 22029.681640625 1634
1752009645369 17939.84765625 1635
1752009646329 23792.234375 1636
1752009647287 20866.96875 1637
1752009648243 21596.47265625 1638
1752009649206 20504.33203125 1639
1752009650213 22888.208984375 1640
1752009651224 16735.94921875 1641
1752009652186 24081.59765625 1642
1752009653144 19106.916015625 1643
1752009654100 19719.53515625 1644
1752009655059 20755.19140625 1645
1752009656018 20394.892578125 1646
1752009656977 18871.0390625 1647
1752009657933 26964.7421875 1648
1752009658889 11978.580078125 1649
1752009659842 18042.724609375 1650
1752009660820 17712.15234375 1651
1752009661780 27103.822265625 1652
1752009662734 34619.3984375 1653
1752009663688 14208.6328125 1654
1752009664646 18723.5234375 1655
1752009665605 19112.537109375 1656
1752009666562 17831.986328125 1657
1752009667519 29837.1796875 1658
1752009668472 22353.861328125 1659
1752009669428 20117.48828125 1660
1752009670386 17615.119140625 1661
1752009671346 16361.904296875 1662
1752009672299 19107.38671875 1663
1752009673255 19168.5 1664
1752009674216 16140.251953125 1665
1752009675176 19905.76953125 1666
1752009676131 14464.927734375 1667
1752009677091 16568.19921875 1668
1752009678048 18490.4609375 1669
1752009679013 18974.845703125 1670
1752009680156 13718.86328125 1671
1752009681119 23199.1875 1672
1752009682072 19120.6640625 1673
1752009683023 13375.5546875 1674
1752009683977 24724.716796875 1675
1752009684929 17658.375 1676
1752009685883 19699.57421875 1677
1752009686830 16169.546875 1678
1752009687783 19085.92578125 1679
1752009688735 19801.611328125 1680
1752009689688 25884.25 1681
1752009690641 16933.349609375 1682
1752009691591 16906.373046875 1683
1752009692542 18436.576171875 1684
1752009693496 16272.560546875 1685
1752009694456 10855.3349609375 1686
1752009695407 19795.546875 1687
1752009696362 19927.35546875 1688
1752009697311 14673.228515625 1689
1752009698261 24319.447265625 1690
1752009699210 18390.005859375 1691
1752009700164 20429.87890625 1692
1752009701114 13462.88671875 1693
1752009702063 16846.41015625 1694
1752009703014 18946.48828125 1695
1752009703965 11524.45703125 1696
1752009704920 17317.2734375 1697
1752009705874 22429.923828125 1698
1752009706826 13563.3525390625 1699
1752009707777 20534.24609375 1700
1752009708727 21823.607421875 1701
1752009709682 16583.9296875 1702
1752009710659 18051.7734375 1703
1752009711645 15019.982421875 1704
1752009712631 20581.05859375 1705
1752009713588 19658.734375 1706
1752009714543 13577.3984375 1707
1752009715491 21027.1953125 1708
1752009716446 17870.96875 1709
1752009717398 15221.6484375 1710
1752009718351 14917.0 1711
1752009719301 21465.916015625 1712
1752009720251 15122.5341796875 1713
1752009721214 26363.568359375 1714
1752009722168 20730.39453125 1715
1752009723114 17881.962890625 1716
1752009724071 18826.314453125 1717
1752009725026 21205.41015625 1718
1752009725978 16237.900390625 1719
1752009726929 16400.58984375 1720
1752009727879 17255.88671875 1721
1752009728833 28768.1328125 1722
1752009729785 17232.44140625 1723
1752009730735 16911.24609375 1724
1752009731687 16329.423828125 1725
1752009732638 26780.228515625 1726
1752009733592 22783.5546875 1727
1752009734544 17821.681640625 1728
1752009735495 13740.123046875 1729
1752009736444 21963.705078125 1730
1752009737404 21242.439453125 1731
1752009738354 20351.76953125 1732
1752009739311 25726.744140625 1733
1752009740260 16835.583984375 1734
1752009741213 43399.73046875 1735
1752009742168 14794.162109375 1736
1752009743123 17169.38671875 1737
1752009744073 20377.51171875 1738
1752009745021 18067.91015625 1739
1752009745976 17552.833984375 1740
1752009746936 19529.046875 1741
1752009747892 17436.36328125 1742
1752009748850 22794.21875 1743
1752009749804 20341.05859375 1744
1752009750757 28443.76171875 1745
1752009751708 18959.36328125 1746
1752009752658 14581.587890625 1747
1752009753610 22959.9765625 1748
1752009754560 22038.541015625 1749
1752009755510 16423.37109375 1750
1752009756459 23973.908203125 1751
1752009758038 20081.79296875 1752
1752009758998 16557.53125 1753
1752009759954 24060.98828125 1754
1752009760902 25356.55859375 1755
1752009761849 20666.71484375 1756
1752009762798 19211.130859375 1757
1752009763750 14954.20703125 1758
1752009764699 18930.03125 1759
1752009765658 16703.57421875 1760
1752009766607 19501.609375 1761
1752009767633 18870.966796875 1762
1752009768591 19675.015625 1763
1752009769544 19297.6484375 1764
1752009770495 13991.37109375 1765
1752009771465 22704.01171875 1766
1752009772445 19258.359375 1767
1752009773436 17297.3125 1768
1752009774389 15589.08984375 1769
1752009775340 18881.21484375 1770
1752009776296 17127.0390625 1771
1752009777253 16363.9091796875 1772
1752009778208 14270.7177734375 1773
1752009779166 21789.3046875 1774
1752009780120 17582.521484375 1775
1752009781080 18894.740234375 1776
1752009782032 14287.6796875 1777
1752009782980 21312.865234375 1778
1752009783930 14520.65625 1779
1752009784881 25458.205078125 1780
1752009785831 14561.2724609375 1781
1752009786785 16731.71875 1782
1752009787734 15699.330078125 1783
1752009788687 18596.453125 1784
1752009789637 21060.359375 1785
1752009790591 19230.86328125 1786
1752009791545 12784.2939453125 1787
1752009792499 17518.5859375 1788
1752009793452 20456.80078125 1789
1752009794411 15316.423828125 1790
1752009795364 19020.61328125 1791
1752009796319 16868.98828125 1792
1752009797271 12131.2626953125 1793
1752009798223 17870.88671875 1794
1752009799174 13530.673828125 1795
1752009800125 14730.501953125 1796
1752009801079 16143.45703125 1797
1752009802031 16588.265625 1798
1752009802982 13920.59375 1799
1752009803932 15617.1982421875 1800
1752009804883 14569.1220703125 1801
1752009805836 21414.58203125 1802
1752009806788 17192.06640625 1803
1752009807739 24318.791015625 1804
1752009808689 29996.4921875 1805
1752009809643 18506.05078125 1806
1752009810596 31057.888671875 1807
1752009811548 14285.349609375 1808
1752009812499 18669.9921875 1809
1752009813448 15901.9326171875 1810
1752009814399 16299.6708984375 1811
1752009815346 14408.375 1812
1752009816298 17850.4609375 1813
1752009817252 15403.9921875 1814
1752009818207 18166.333984375 1815
1752009819159 18200.6484375 1816
1752009820108 21903.2890625 1817
1752009821057 16203.857421875 1818
1752009822012 20662.46875 1819
1752009822964 17361.78515625 1820
1752009823916 26785.5546875 1821
1752009824867 16465.5859375 1822
1752009825818 19782.21875 1823
1752009826769 18235.54296875 1824
1752009827721 19370.041015625 1825
1752009828671 19462.63671875 1826
1752009829624 15684.328125 1827
1752009830573 16250.44921875 1828
1752009831524 16397.1328125 1829
1752009832497 21923.935546875 1830
1752009833485 15295.4921875 1831
1752009834475 15961.416015625 1832
1752009835423 11896.33984375 1833
1752009836373 14561.1005859375 1834
1752009837323 15479.3115234375 1835
1752009838278 20052.25 1836
1752009839226 15907.7294921875 1837
1752009840177 16352.1357421875 1838
1752009841140 18843.275390625 1839
1752009842095 17356.71875 1840
1752009843045 21456.240234375 1841
1752009843996 16615.572265625 1842
1752009844945 16969.8203125 1843
1752009845894 16542.40625 1844
1752009846846 17607.109375 1845
1752009847792 14833.67578125 1846
1752009848743 13413.7587890625 1847
1752009849695 16457.1796875 1848
1752009850646 13474.455078125 1849
1752009851594 16838.98828125 1850
1752009852546 14629.609375 1851
1752009853493 16183.7978515625 1852
1752009854444 20117.0 1853
1752009855392 16423.6953125 1854
1752009856341 16564.1796875 1855
1752009857292 19232.12890625 1856
1752009858256 17573.5703125 1857
1752009859209 11415.111328125 1858
1752009860164 14267.86328125 1859
1752009861119 17894.869140625 1860
1752009862078 17402.84765625 1861
1752009863029 17365.98046875 1862
1752009863980 16324.17578125 1863
1752009864929 18392.029296875 1864
1752009865880 17499.24609375 1865
1752009866833 15660.2470703125 1866
1752009867787 15658.5625 1867
1752009868739 14468.4736328125 1868
1752009869697 17999.296875 1869
1752009870648 17726.986328125 1870
1752009871604 11153.2060546875 1871
1752009872556 31170.47265625 1872
1752009873507 16980.6328125 1873
1752009874455 16491.3984375 1874
1752009875414 23239.72265625 1875
1752009876363 18730.681640625 1876
1752009877922 14114.53515625 1877
1752009878875 15546.83203125 1878
1752009879826 16071.115234375 1879
1752009880778 23541.60546875 1880
1752009881726 18643.60546875 1881
1752009882678 20580.98828125 1882
1752009883629 16877.578125 1883
1752009884582 18361.076171875 1884
1752009885534 18656.484375 1885
1752009886486 19432.17578125 1886
1752009887439 36341.22265625 1887
1752009888391 17586.33984375 1888
1752009889349 21602.478515625 1889
1752009890298 20774.52734375 1890
1752009891256 15379.494140625 1891
1752009892206 18480.5859375 1892
1752009893160 21663.888671875 1893
1752009894148 21012.177734375 1894
1752009895135 17942.568359375 1895
1752009896090 15616.0185546875 1896
1752009897045 15518.083984375 1897
1752009897994 17975.17578125 1898
1752009898946 17449.38671875 1899
1752009899894 18015.5625 1900
1752009900853 15234.26171875 1901
1752009901808 17938.796875 1902
1752009902763 14248.369140625 1903
1752009903715 18973.197265625 1904
1752009904667 14348.2109375 1905
1752009905624 23901.9140625 1906
1752009906580 20357.4609375 1907
1752009907532 13453.2431640625 1908
1752009908484 12705.818359375 1909
1752009909434 19949.083984375 1910
1752009910388 12250.1455078125 1911
1752009911338 15916.548828125 1912
1752009912294 18056.2265625 1913
1752009913245 16634.75390625 1914
1752009914197 19286.87109375 1915
1752009915153 21926.78515625 1916
1752009916106 17978.984375 1917
1752009917056 17797.41796875 1918
1752009918005 12407.595703125 1919
1752009918959 19377.640625 1920
1752009919912 14585.48828125 1921
1752009920862 25853.99609375 1922
1752009921809 15291.18359375 1923
1752009922764 14572.857421875 1924
1752009923717 18324.548828125 1925
1752009924668 13222.0703125 1926
1752009925619 15906.7578125 1927
1752009926570 16934.509765625 1928
1752009927522 25278.296875 1929
1752009928475 17832.27734375 1930
1752009929424 15267.1728515625 1931
1752009930377 20133.9140625 1932
1752009931326 37706.0390625 1933
1752009932277 15807.1962890625 1934
1752009933230 12892.8857421875 1935
1752009934182 19964.033203125 1936
1752009935133 20819.81640625 1937
1752009936084 71078.6015625 1938
1752009937033 20480.5546875 1939
1752009937983 14738.9775390625 1940
1752009938934 15726.33984375 1941
1752009939888 15421.359375 1942
1752009940841 18182.65234375 1943
1752009941799 15356.3857421875 1944
1752009942753 17958.35546875 1945
1752009943706 17934.052734375 1946
1752009944657 16046.3154296875 1947
1752009945616 20061.453125 1948
1752009946573 15353.427734375 1949
1752009947523 17311.08203125 1950
1752009948473 12248.974609375 1951
1752009949422 15652.7607421875 1952
1752009950372 14389.7431640625 1953
1752009951321 13410.4208984375 1954
1752009952269 20607.49609375 1955
1752009953217 16184.205078125 1956
1752009954179 16445.482421875 1957
1752009955176 13708.9453125 1958
1752009956174 19889.78515625 1959
1752009957128 23615.5234375 1960
1752009958080 17002.515625 1961
1752009959030 15179.02734375 1962
1752009959984 19265.255859375 1963
1752009960942 17974.48046875 1964
1752009961893 16831.95703125 1965
1752009962846 14537.068359375 1966
1752009963796 13653.912109375 1967
1752009964745 17957.4921875 1968
1752009965695 21601.34375 1969
1752009966643 17224.59765625 1970
1752009967595 12874.998046875 1971
1752009968546 19739.2421875 1972
1752009969494 17931.8984375 1973
1752009970444 13274.890625 1974
1752009971392 17161.189453125 1975
1752009972340 16725.15625 1976
1752009973288 12228.109375 1977
1752009974248 16167.087890625 1978
1752009975195 20661.63671875 1979
1752009976146 15119.8740234375 1980
1752009977098 11583.404296875 1981
1752009978050 18772.06640625 1982
1752009979007 15127.1044921875 1983
1752009979965 19840.84765625 1984
1752009980921 14533.798828125 1985
1752009981877 19273.8984375 1986
1752009982828 13697.6923828125 1987
1752009983784 16727.169921875 1988
1752009984743 20750.60546875 1989
1752009985695 15274.384765625 1990
1752009986651 13318.88671875 1991
1752009987617 16198.3740234375 1992
1752009988571 12629.7275390625 1993
1752009989521 14017.23046875 1994
1752009990474 15610.552734375 1995
1752009991426 20819.048828125 1996
1752009992377 13685.0537109375 1997
1752009993333 14684.751953125 1998
1752009994295 17780.884765625 1999
1752009995251 13751.2744140625 2000
1752009996205 19637.49609375 2001
1752009997771 20249.3515625 2002
1752009998727 17531.01171875 2003
1752009999677 19089.59375 2004
1752010000632 16446.2578125 2005
1752010001582 16460.94140625 2006
1752010002533 16868.6953125 2007
1752010003493 17430.40625 2008
1752010004453 11149.203125 2009
1752010005404 16705.451171875 2010
1752010006359 12126.6015625 2011
1752010007311 14997.349609375 2012
1752010008265 16891.87109375 2013
1752010009222 15965.2412109375 2014
1752010010176 14616.23828125 2015
1752010011137 15742.609375 2016
1752010012094 19385.9921875 2017
1752010013052 25969.69921875 2018
1752010014010 15193.3525390625 2019
1752010014968 16673.32421875 2020
1752010015972 12551.955078125 2021
1752010016949 15801.265625 2022
1752010017915 15363.1259765625 2023
1752010018872 14495.8134765625 2024
1752010019834 16337.5341796875 2025
1752010020793 12886.177734375 2026
1752010021751 22045.255859375 2027
1752010022709 9665.4130859375 2028
1752010023662 13909.9130859375 2029
1752010024626 15178.005859375 2030
1752010025581 12161.9423828125 2031
1752010026532 17003.13671875 2032
1752010027493 13357.2705078125 2033
1752010028446 27037.62109375 2034
1752010029397 20281.3203125 2035
1752010030348 14043.6884765625 2036
1752010031299 17882.671875 2037
1752010032257 19459.06640625 2038
1752010033209 13960.2705078125 2039
1752010034159 16162.58203125 2040
1752010035110 24604.9453125 2041
1752010036060 15125.662109375 2042
1752010037013 15953.91796875 2043
1752010037967 14124.625 2044
1752010038916 18792.900390625 2045
1752010039867 18321.0078125 2046
1752010040817 14695.55859375 2047
1752010041767 16578.82421875 2048
1752010042717 14010.9521484375 2049
1752010043665 13088.576171875 2050
1752010044621 14502.107421875 2051
1752010045579 16295.4443359375 2052
1752010046535 9611.5390625 2053
1752010047484 25396.1796875 2054
1752010048435 17622.779296875 2055
1752010049386 12948.998046875 2056
1752010050343 14924.6181640625 2057
1752010051297 15983.451171875 2058
1752010052252 15970.015625 2059
1752010053211 13598.869140625 2060
1752010054167 19374.853515625 2061
1752010055115 15532.6611328125 2062
1752010056062 13816.392578125 2063
1752010057023 20070.359375 2064
1752010057974 13515.68359375 2065
1752010058924 13962.0947265625 2066
1752010059874 17153.580078125 2067
1752010060833 11887.0615234375 2068
1752010061781 10750.615234375 2069
1752010062750 17526.87109375 2070
1752010063703 15858.54296875 2071
1752010064657 13461.5546875 2072
1752010065616 17905.19921875 2073
1752010066576 15149.1318359375 2074
1752010067528 22618.09765625 2075
1752010068480 14039.193359375 2076
1752010069431 12515.046875 2077
1752010070385 18885.8828125 2078
1752010071337 15402.87890625 2079
1752010072288 12137.376953125 2080
1752010073235 13069.08203125 2081
1752010074186 15247.677734375 2082
1752010075136 67244.890625 2083
1752010076086 21395.365234375 2084
1752010077039 11620.30078125 2085
1752010077989 13437.357421875 2086
1752010078940 16538.455078125 2087
1752010079892 12257.55078125 2088
1752010080853 17562.484375 2089
1752010081806 13687.8515625 2090
1752010082755 11994.0625 2091
1752010083705 14262.015625 2092
1752010084654 12211.3955078125 2093
1752010085605 15553.673828125 2094
1752010086558 13045.3515625 2095
1752010087510 13606.4306640625 2096
1752010088476 15228.953125 2097
1752010089469 14560.58203125 2098
1752010090454 14294.60546875 2099
1752010091403 10758.5 2100
1752010092353 13522.9140625 2101
1752010093304 16961.65234375 2102
1752010094256 14958.515625 2103
1752010095209 14892.634765625 2104
1752010096160 18377.40234375 2105
1752010097113 14679.8330078125 2106
1752010098065 18826.03125 2107
1752010099023 16535.435546875 2108
1752010099973 13853.21484375 2109
1752010100927 15283.1875 2110
1752010101882 17202.888671875 2111
1752010102842 16324.3818359375 2112
1752010103802 14582.5400390625 2113
1752010104757 20950.9453125 2114
1752010105720 25468.119140625 2115
1752010106681 13944.4765625 2116
1752010107632 18486.953125 2117
1752010108587 13303.150390625 2118
1752010109542 34459.203125 2119
1752010110498 14911.2587890625 2120
1752010111455 13483.17578125 2121
1752010112417 12739.0380859375 2122
1752010113376 17073.693359375 2123
1752010114336 13546.5859375 2124
1752010115295 18544.06640625 2125
1752010116248 16726.134765625 2126
1752010117816 23288.19921875 2127
1752010118778 15904.8271484375 2128
1752010119730 15496.98828125 2129
1752010120684 10437.8291015625 2130
1752010121632 14922.6015625 2131
1752010122583 16837.775390625 2132
1752010123538 11823.2109375 2133
1752010124496 15013.955078125 2134
1752010125451 15097.978515625 2135
1752010126409 16258.990234375 2136
1752010127360 14484.388671875 2137
1752010128312 17334.220703125 2138
1752010129265 14767.673828125 2139
1752010130225 17021.599609375 2140
1752010131177 17279.5859375 2141
1752010132134 11267.37109375 2142
1752010133085 14174.19921875 2143
1752010134039 19807.259765625 2144
1752010134993 14206.54296875 2145
1752010135945 15911.0537109375 2146
1752010136897 13739.6611328125 2147
1752010137881 14507.6748046875 2148
1752010138866 14604.791015625 2149
1752010139837 14201.7890625 2150
1752010140806 12563.9140625 2151
1752010141765 23484.5625 2152
1752010142721 14735.4501953125 2153
1752010143676 13040.0029296875 2154
1752010144627 26556.041015625 2155
1752010145583 12348.451171875 2156
1752010146538 19350.5 2157
1752010147497 15294.322265625 2158
1752010148445 16144.54296875 2159
1752010149403 15320.111328125 2160
1752010150360 15351.2265625 2161
1752010151315 17522.10546875 2162
1752010152269 13442.685546875 2163
1752010153224 16741.91796875 2164
1752010154176 18074.4296875 2165
1752010155136 27971.544921875 2166
1752010156088 20546.79296875 2167
1752010157036 12822.18359375 2168
1752010157995 15220.341796875 2169
1752010158949 32362.87109375 2170
1752010159901 15233.4560546875 2171
1752010160854 15934.2783203125 2172
1752010161815 14535.345703125 2173
1752010162768 11649.947265625 2174
1752010163723 13450.7490234375 2175
1752010164678 18505.11328125 2176
1752010165641 14886.9921875 2177
1752010166591 31103.853515625 2178
1752010167543 17843.06640625 2179
1752010168493 13668.0185546875 2180
1752010169450 12547.3623046875 2181
1752010170400 11427.494140625 2182
1752010171359 10665.26953125 2183
1752010172315 15285.28515625 2184
1752010173276 13921.2939453125 2185
1752010174236 10869.775390625 2186
1752010175188 14988.5634765625 2187
1752010176148 14259.744140625 2188
1752010177100 9900.1982421875 2189
1752010178056 14875.9814453125 2190
1752010179008 12092.23046875 2191
1752010179954 16194.4814453125 2192
1752010180908 17056.373046875 2193
1752010181869 16457.5546875 2194
1752010182829 14482.2177734375 2195
1752010183786 14253.8486328125 2196
1752010184747 12579.9462890625 2197
1752010185696 14459.7568359375 2198
1752010186648 14734.05078125 2199
1752010187595 15994.7529296875 2200
1752010188546 18126.94921875 2201
1752010189495 17850.0546875 2202
1752010190445 17440.74609375 2203
1752010191394 18319.232421875 2204
1752010192340 12071.306640625 2205
1752010193290 17426.27734375 2206
1752010194241 11268.689453125 2207
1752010195190 18138.791015625 2208
1752010196141 16076.2353515625 2209
1752010197091 23777.09375 2210
1752010198043 17895.4375 2211
1752010199035 15237.7333984375 2212
1752010200018 14556.43359375 2213
1752010200989 20475.43359375 2214
1752010201942 14250.552734375 2215
1752010202891 13179.134765625 2216
1752010203838 13634.2314453125 2217
1752010204788 14904.4013671875 2218
1752010205738 15380.712890625 2219
1752010206685 11263.2158203125 2220
1752010207637 12152.7861328125 2221
1752010208589 18641.8515625 2222
1752010209538 10117.685546875 2223
1752010210487 15304.662109375 2224
1752010211436 12087.5078125 2225
1752010212386 14856.841796875 2226
1752010213340 15920.0595703125 2227
1752010214289 14713.224609375 2228
1752010215237 12651.4052734375 2229
1752010216190 13634.76171875 2230
1752010217140 15292.232421875 2231
1752010218100 18806.47265625 2232
1752010219051 16649.76171875 2233
1752010220005 12351.158203125 2234
1752010220968 13037.4970703125 2235
1752010221924 12484.3046875 2236
1752010222879 14614.439453125 2237
1752010223841 12071.314453125 2238
1752010224802 12733.865234375 2239
1752010225750 16034.5302734375 2240
1752010226712 15755.521484375 2241
1752010227670 11138.669921875 2242
1752010228630 13045.861328125 2243
1752010229591 19164.7421875 2244
1752010230540 14403.7939453125 2245
1752010231497 10397.3984375 2246
1752010232447 17677.373046875 2247
1752010233404 12801.5126953125 2248
1752010234358 14570.224609375 2249
1752010235322 15732.041015625 2250
1752010236279 12501.6865234375 2251
1752010237940 15116.4287109375 2252
1752010238894 13197.916015625 2253
1752010239842 9807.041015625 2254
1752010240796 15853.90234375 2255
1752010241750 16118.2001953125 2256
1752010242705 17030.921875 2257
1752010243661 12160.697265625 2258
1752010244612 14569.3525390625 2259
1752010245565 16072.0234375 2260
1752010246519 16815.943359375 2261
1752010247469 14328.9169921875 2262
1752010248422 12049.58984375 2263
1752010249383 17974.62890625 2264
1752010250336 13501.9140625 2265
1752010251288 21897.083984375 2266
1752010252241 11463.9384765625 2267
1752010253191 18899.669921875 2268
1752010254143 13862.615234375 2269
1752010255096 14593.525390625 2270
1752010256050 15486.0615234375 2271
1752010256999 11208.505859375 2272
1752010257950 15030.078125 2273
1752010258906 14369.869140625 2274
1752010259866 11813.138671875 2275
1752010260824 12406.6494140625 2276
1752010261785 13723.1669921875 2277
1752010262739 13754.037109375 2278
1752010263686 14806.28125 2279
1752010264647 13697.8037109375 2280
1752010265599 15279.4697265625 2281
1752010266554 15906.755859375 2282
1752010267506 16761.255859375 2283
1752010268474 14808.7744140625 2284
1752010269461 16334.8203125 2285
1752010270449 13773.810546875 2286
1752010271401 16854.515625 2287
1752010272349 15588.150390625 2288
1752010273298 15054.39453125 2289
1752010274254 16073.17578125 2290
1752010275204 10819.7109375 2291
1752010276165 11726.2880859375 2292
1752010277113 13529.3779296875 2293
1752010278064 17335.646484375 2294
1752010279015 15992.712890625 2295
1752010279967 14988.103515625 2296
1752010280915 14203.642578125 2297
1752010281863 9285.052734375 2298
1752010282815 14869.78125 2299
1752010283768 15091.81640625 2300
1752010284722 11353.646484375 2301
1752010285675 15696.4267578125 2302
1752010286623 12477.38671875 2303
1752010287575 20304.8125 2304
1752010288529 12655.337890625 2305
1752010289483 18117.21484375 2306
1752010290432 14012.5302734375 2307
1752010291380 16872.9453125 2308
1752010292332 13873.7314453125 2309
1752010293283 14047.146484375 2310
1752010294234 11633.5078125 2311
1752010295185 14363.921875 2312
1752010296135 11299.6171875 2313
1752010297089 14134.2578125 2314
1752010298039 11615.23828125 2315
1752010298990 15149.7763671875 2316
1752010299942 14535.6435546875 2317
1752010300895 11659.142578125 2318
1752010301846 15477.5859375 2319
1752010302797 8308.486328125 2320
1752010303748 12476.6953125 2321
1752010304705 36852.41796875 2322
1752010305654 12186.201171875 2323
1752010306610 15329.8125 2324
1752010307558 18090.03125 2325
1752010308509 12370.591796875 2326
1752010309460 15182.380859375 2327
1752010310413 16689.955078125 2328
1752010311362 15821.8330078125 2329
1752010312317 17206.45703125 2330
1752010313267 16928.904296875 2331
1752010314222 14108.087890625 2332
1752010315169 14840.8154296875 2333
1752010316122 16312.8203125 2334
1752010317072 15532.3095703125 2335
1752010318024 20885.05859375 2336
1752010318972 12645.7421875 2337
1752010319926 9809.93359375 2338
1752010320930 14152.4287109375 2339
1752010321914 22943.625 2340
1752010322878 14388.220703125 2341
1752010323832 15514.7138671875 2342
1752010324785 14251.0234375 2343
1752010325738 15834.1328125 2344
1752010326686 13140.1376953125 2345
1752010327634 13493.962890625 2346
1752010328582 12329.5869140625 2347
1752010329532 13334.412109375 2348
1752010330482 9839.970703125 2349
1752010331436 17350.580078125 2350
1752010332384 10352.58984375 2351
1752010333335 14930.4130859375 2352
1752010334284 13708.775390625 2353
1752010335236 12455.689453125 2354
1752010336185 14440.837890625 2355
1752010337140 19237.666015625 2356
1752010338091 12109.4609375 2357
1752010339052 15742.15625 2358
1752010340000 18646.845703125 2359
1752010340953 16494.0546875 2360
1752010341903 13777.0478515625 2361
1752010342854 16372.826171875 2362
1752010343806 7803.43798828125 2363
1752010344760 10800.8681640625 2364
1752010345713 9217.6318359375 2365
1752010346666 13385.041015625 2366
1752010347625 11220.265625 2367
1752010348586 19452.9140625 2368
1752010349547 14428.4658203125 2369
1752010350498 15047.66796875 2370
1752010351450 11512.7421875 2371
1752010352400 13532.15625 2372
1752010353356 13333.044921875 2373
1752010354315 17483.2734375 2374
1752010355267 16960.857421875 2375
1752010356217 8640.3310546875 2376
1752010357954 16515.90625 2377
1752010358908 12967.158203125 2378
1752010359857 10220.453125 2379
1752010360807 11780.615234375 2380
1752010361753 12955.2119140625 2381
1752010362717 15016.66796875 2382
1752010363671 12137.5703125 2383
1752010364621 12212.330078125 2384
1752010365579 11646.294921875 2385
1752010366532 11499.076171875 2386
1752010367481 16153.21484375 2387
1752010368431 12683.693359375 2388
1752010369382 15499.7529296875 2389
1752010370339 10254.466796875 2390
1752010371299 16803.87109375 2391
1752010372254 13527.1240234375 2392
1752010373210 11986.025390625 2393
1752010374165 12317.291015625 2394
1752010375118 10923.279296875 2395
1752010376079 17222.54296875 2396
1752010377030 13000.17578125 2397
1752010377980 13136.259765625 2398
1752010378930 14493.6435546875 2399
1752010379887 12526.544921875 2400
1752010380848 12923.6787109375 2401
1752010381838 15143.1640625 2402
1752010382821 11762.3203125 2403
1752010383788 19337.04296875 2404
1752010384738 16534.1875 2405
1752010385690 17229.478515625 2406
1752010386643 13500.3154296875 2407
1752010387595 11469.140625 2408
1752010388545 17057.75390625 2409
1752010389496 15994.8564453125 2410
1752010390445 10723.98046875 2411
1752010391396 17687.1171875 2412
1752010392347 13950.375 2413
1752010393299 13237.439453125 2414
1752010394256 14977.03515625 2415
1752010395208 10413.5380859375 2416
1752010396163 13339.634765625 2417
1752010397113 12219.947265625 2418
1752010398064 16567.337890625 2419
1752010399013 11769.7177734375 2420
1752010399955 10567.8525390625 2421
1752010400908 13531.724609375 2422
1752010401860 10320.55859375 2423
1752010402814 15656.8974609375 2424
1752010403767 13506.255859375 2425
1752010404719 15465.8701171875 2426
1752010405670 15641.892578125 2427
1752010406626 13747.09375 2428
1752010407579 12010.06640625 2429
1752010408534 16352.5234375 2430
1752010409485 10749.451171875 2431
1752010410436 13546.0654296875 2432
1752010411388 12639.6171875 2433
1752010412338 12856.4287109375 2434
1752010413294 14573.57421875 2435
1752010414244 16058.646484375 2436
1752010415197 14062.2900390625 2437
1752010416148 15301.921875 2438
1752010417101 16383.7431640625 2439
1752010418051 12086.7734375 2440
1752010419006 13618.345703125 2441
1752010419958 9335.34765625 2442
1752010420912 12375.2822265625 2443
1752010421863 15561.046875 2444
1752010422817 15125.55078125 2445
1752010423771 11393.033203125 2446
1752010424723 14194.603515625 2447
1752010425675 12708.443359375 2448
1752010426628 11671.9091796875 2449
1752010427580 14762.8046875 2450
1752010428531 14186.59375 2451
1752010429482 14781.244140625 2452
1752010430431 14077.822265625 2453
1752010431385 16450.53515625 2454
1752010432340 14673.29296875 2455
1752010433292 15085.623046875 2456
1752010434242 14235.5654296875 2457
1752010435188 11491.02734375 2458
1752010436136 19979.50390625 2459
1752010437087 12165.748046875 2460
1752010438034 10710.966796875 2461
1752010438987 11532.9892578125 2462
1752010439939 16510.541015625 2463
1752010440902 9160.6220703125 2464
1752010441854 12290.2275390625 2465
1752010442838 12265.318359375 2466
1752010443821 11956.8857421875 2467
1752010444792 16002.02734375 2468
1752010445746 13523.73828125 2469
1752010446698 11479.6826171875 2470
1752010447646 13562.90625 2471
1752010448599 11199.5263671875 2472
1752010449550 12867.8232421875 2473
1752010450503 11073.8154296875 2474
1752010451455 13250.9287109375 2475
1752010452402 12881.3515625 2476
1752010453356 12000.271484375 2477
1752010454307 12019.322265625 2478
1752010455257 14150.533203125 2479
1752010456207 12177.052734375 2480
1752010457159 13897.4140625 2481
1752010458109 15971.279296875 2482
1752010459062 6468.533203125 2483
1752010460019 11144.955078125 2484
1752010460971 11492.828125 2485
1752010461927 14514.7685546875 2486
1752010462878 12542.271484375 2487
1752010463833 13108.6259765625 2488
1752010464786 14277.060546875 2489
1752010465740 10022.439453125 2490
1752010466693 9965.583984375 2491
1752010467649 12647.6259765625 2492
1752010468596 13577.5771484375 2493
1752010469549 14913.1787109375 2494
1752010470502 16412.9921875 2495
1752010471454 14166.2724609375 2496
1752010472407 13817.203125 2497
1752010473358 9973.6650390625 2498
1752010474308 12571.1015625 2499
1752010475257 15073.9150390625 2500
1752010476210 15701.6953125 2501
1752010477954 14542.50390625 2502
1752010478904 12784.0400390625 2503
1752010479856 12939.669921875 2504
1752010480805 11831.1318359375 2505
1752010481754 16825.025390625 2506
1752010482702 15257.681640625 2507
1752010483651 16354.810546875 2508
1752010484601 19348.919921875 2509
1752010485550 13218.068359375 2510
1752010486501 15816.853515625 2511
1752010487460 17100.00390625 2512
1752010488413 14724.234375 2513
1752010489368 14392.759765625 2514
1752010490319 19783.494140625 2515
1752010491269 14161.126953125 2516
1752010492222 13843.580078125 2517
1752010493179 16970.8984375 2518
1752010494129 9868.970703125 2519
1752010495078 13348.71484375 2520
1752010496028 13701.611328125 2521
1752010496978 13632.9970703125 2522
1752010497927 9715.1953125 2523
1752010498875 12035.626953125 2524
1752010499826 8460.4296875 2525
1752010500784 13073.7314453125 2526
1752010501736 13231.34375 2527
1752010502689 14840.80078125 2528
1752010503669 12236.9052734375 2529
1752010504652 12322.21484375 2530
1752010505622 7363.2490234375 2531
1752010506574 11267.421875 2532
1752010507524 13981.0830078125 2533
1752010508473 14181.7978515625 2534
1752010509431 10470.4755859375 2535
1752010510377 14078.5498046875 2536
1752010511329 17534.642578125 2537
1752010512285 17661.5703125 2538
1752010513235 11866.7001953125 2539
1752010514187 13666.1943359375 2540
1752010515135 12447.236328125 2541
1752010516087 13364.392578125 2542
1752010517036 14933.751953125 2543
1752010517996 10538.2734375 2544
1752010518943 14198.3603515625 2545
1752010519897 14799.3955078125 2546
1752010520847 17490.765625 2547
1752010521801 15173.4287109375 2548
1752010522755 12117.4228515625 2549
1752010523708 12711.056640625 2550
1752010524660 32951.98828125 2551
1752010525612 13746.998046875 2552
1752010526565 13351.064453125 2553
1752010527518 13453.279296875 2554
1752010528472 12023.642578125 2555
1752010529424 13533.537109375 2556
1752010530374 13138.9150390625 2557
1752010531324 10066.73046875 2558
1752010532274 13521.529296875 2559
1752010533224 11911.4541015625 2560
1752010534174 12943.658203125 2561
1752010535129 12152.8310546875 2562
1752010536079 10252.765625 2563
1752010537029 13854.2998046875 2564
1752010537990 11972.396484375 2565
1752010538941 11989.98828125 2566
1752010539890 9068.2861328125 2567
1752010540848 13825.154296875 2568
1752010541804 14740.853515625 2569
1752010542765 9300.80078125 2570
1752010543721 12681.275390625 2571
1752010544680 12491.16796875 2572
1752010545637 10406.3623046875 2573
1752010546589 15844.2978515625 2574
1752010547540 16233.1005859375 2575
1752010548489 12992.2314453125 2576
1752010549441 11783.1015625 2577
1752010550391 9964.515625 2578
1752010551343 11382.6767578125 2579
1752010552295 11963.9677734375 2580
1752010553245 15383.1279296875 2581
1752010554195 11354.3603515625 2582
1752010555143 10757.5498046875 2583
1752010556096 14825.3828125 2584
1752010557050 11877.357421875 2585
1752010558003 19187.68359375 2586
1752010558955 9851.4658203125 2587
1752010559904 17949.880859375 2588
1752010560863 15217.8505859375 2589
1752010561819 12673.310546875 2590
1752010562770 14890.0546875 2591
1752010563723 9489.7890625 2592
1752010564704 15215.048828125 2593
1752010565689 8796.3154296875 2594
1752010566669 14840.291015625 2595
1752010567619 11268.8583984375 2596
1752010568570 11010.697265625 2597
1752010569521 14770.998046875 2598
1752010570472 12932.623046875 2599
1752010571422 14458.806640625 2600
1752010572372 12663.2265625 2601
1752010573322 14384.1259765625 2602
1752010574271 13490.29296875 2603
1752010575226 10972.3701171875 2604
1752010576177 13660.21875 2605
1752010577133 13113.87890625 2606
1752010578089 16310.7275390625 2607
1752010579046 14195.1875 2608
1752010579999 11698.701171875 2609
1752010580958 12514.380859375 2610
1752010581911 13118.87109375 2611
1752010582865 12267.9716796875 2612
1752010583817 13490.1259765625 2613
1752010584773 11628.205078125 2614
1752010585728 10170.61328125 2615
1752010586684 13887.71875 2616
1752010587635 16685.01171875 2617
1752010588593 22954.42578125 2618
1752010589548 14931.4267578125 2619
1752010590499 13472.509765625 2620
1752010591451 15998.697265625 2621
1752010592404 15806.453125 2622
1752010593361 13255.75 2623
1752010594314 20368.61328125 2624
1752010595268 14641.4169921875 2625
1752010596226 21113.119140625 2626
1752010597836 12292.169921875 2627
1752010598792 15529.7177734375 2628
1752010599749 15415.0341796875 2629
1752010600710 14779.9150390625 2630
1752010601674 12135.0 2631
1752010602630 17011.92578125 2632
1752010603580 12588.111328125 2633
1752010604536 10103.6328125 2634
1752010605500 8799.052734375 2635
1752010606449 12151.8330078125 2636
1752010607401 13891.263671875 2637
1752010608355 10768.642578125 2638
1752010609305 9437.052734375 2639
1752010610257 16446.9453125 2640
1752010611214 13362.32421875 2641
1752010612172 12587.451171875 2642
1752010613127 9059.123046875 2643
1752010614079 13406.73046875 2644
1752010615036 11761.97265625 2645
1752010615989 12852.8671875 2646
1752010616938 12451.8154296875 2647
1752010617893 13759.470703125 2648
1752010618840 9538.8935546875 2649
1752010619790 13805.63671875 2650
1752010620754 12067.36328125 2651
1752010621706 12691.3916015625 2652
1752010622669 15463.27734375 2653
1752010623628 12995.58984375 2654
1752010624589 52809.66796875 2655
1752010625556 13204.46875 2656
1752010626535 9477.365234375 2657
1752010627516 16107.48046875 2658
1752010628471 12751.677734375 2659
1752010629426 9866.498046875 2660
1752010630382 11129.84765625 2661
1752010631335 10010.76171875 2662
1752010632287 12704.81640625 2663
1752010633246 9052.541015625 2664
1752010634198 13773.6005859375 2665
1752010635154 8840.9208984375 2666
1752010636111 13542.705078125 2667
1752010637065 14270.62109375 2668
1752010638026 12544.9072265625 2669
1752010638979 11538.986328125 2670
1752010639928 12433.46484375 2671
1752010640887 12419.36328125 2672
1752010641843 10935.46875 2673
1752010642802 12457.0205078125 2674
1752010643764 13017.427734375 2675
1752010644717 11452.39453125 2676
1752010645670 11013.8203125 2677
1752010646628 11509.869140625 2678
1752010647580 12186.3544921875 2679
1752010648532 9709.0087890625 2680
1752010649483 11056.23828125 2681
1752010650429 11871.646484375 2682
1752010651379 13114.888671875 2683
1752010652331 12978.4140625 2684
1752010653286 11861.01953125 2685
1752010654241 14684.5458984375 2686
1752010655201 11723.126953125 2687
1752010656159 11808.4423828125 2688
1752010657109 10412.6640625 2689
1752010658064 13846.1064453125 2690
1752010659020 9612.728515625 2691
1752010659969 10865.1435546875 2692
1752010660923 9829.1240234375 2693
1752010661876 9885.607421875 2694
1752010662829 9862.603515625 2695
1752010663785 11601.6416015625 2696
1752010664740 10448.7578125 2697
1752010665692 12767.990234375 2698
1752010666643 11989.0927734375 2699
1752010667595 15523.4736328125 2700
1752010668545 13475.185546875 2701
1752010669494 15547.1513671875 2702
1752010670445 9751.5234375 2703
1752010671397 10774.9755859375 2704
1752010672353 20325.2734375 2705
1752010673302 11469.234375 2706
1752010674254 14190.169921875 2707
1752010675201 13625.8388671875 2708
1752010676159 14285.08984375 2709
1752010677110 12087.9521484375 2710
1752010678061 11360.162109375 2711
1752010679014 16496.62109375 2712
1752010679966 12547.4150390625 2713
1752010680927 9379.3876953125 2714
1752010681880 14308.5224609375 2715
1752010682830 10634.8857421875 2716
1752010683780 8860.041015625 2717
1752010684729 12309.873046875 2718
1752010685680 11154.568359375 2719
1752010686629 8797.6943359375 2720
1752010687579 14217.771484375 2721
1752010688532 17094.015625 2722
1752010689484 12956.0234375 2723
1752010690463 12376.1748046875 2724
1752010691439 12730.51171875 2725
1752010692423 9515.90625 2726
1752010693377 11975.1640625 2727
1752010694331 10907.48046875 2728
1752010695281 9925.6328125 2729
1752010696232 12473.1201171875 2730
1752010697182 12855.6650390625 2731
1752010698131 13904.2470703125 2732
1752010699083 9638.322265625 2733
1752010700040 11630.900390625 2734
1752010700992 11008.8056640625 2735
1752010701946 11963.400390625 2736
1752010702899 11958.365234375 2737
1752010703853 12791.896484375 2738
1752010704805 13270.841796875 2739
1752010705758 13410.6875 2740
1752010706711 13763.8818359375 2741
1752010707667 10498.3388671875 2742
1752010708619 8825.2763671875 2743
1752010709569 10375.650390625 2744
1752010710531 11804.720703125 2745
1752010711488 12693.931640625 2746
1752010712449 8603.1318359375 2747
1752010713405 9278.0 2748
1752010714361 13756.1015625 2749
1752010715324 7801.4775390625 2750
1752010716278 10220.3046875 2751
1752010717852 11795.171875 2752
1752010718807 9640.7509765625 2753
1752010719761 11921.0927734375 2754
1752010720718 6532.53076171875 2755
1752010721673 8556.189453125 2756
1752010722629 12589.09375 2757
1752010723584 12326.705078125 2758
1752010724535 11188.375 2759
1752010725486 10283.75390625 2760
1752010726440 9014.056640625 2761
1752010727407 10952.884765625 2762
1752010728366 9326.830078125 2763
1752010729322 12577.294921875 2764
1752010730272 9948.640625 2765
1752010731229 11921.677734375 2766
1752010732183 11255.26953125 2767
1752010733135 10831.87890625 2768
1752010734092 10065.0927734375 2769
1752010735054 10853.1640625 2770
1752010736012 14940.734375 2771
1752010736965 10377.201171875 2772
1752010737919 11395.65625 2773
1752010738873 12194.416015625 2774
1752010739824 7896.86328125 2775
1752010740787 8700.060546875 2776
1752010741743 7716.14794921875 2777
1752010742692 11226.0478515625 2778
1752010743647 11907.1591796875 2779
1752010744604 11539.765625 2780
1752010745557 11478.4296875 2781
1752010746508 11760.365234375 2782
1752010747488 9295.7890625 2783
1752010748473 11366.4423828125 2784
1752010749456 7379.56982421875 2785
1752010750412 16470.30859375 2786
1752010751369 10522.064453125 2787
1752010752318 12977.6796875 2788
1752010753272 12588.4208984375 2789
1752010754227 9320.09375 2790
1752010755178 11668.7607421875 2791
1752010756130 12404.3046875 2792
1752010757091 10178.6279296875 2793
1752010758046 15568.02734375 2794
1752010758997 7994.4296875 2795
1752010759948 11321.056640625 2796
1752010760900 10686.66796875 2797
1752010761860 11411.4677734375 2798
1752010762810 9100.9296875 2799
1752010763761 11255.8125 2800
1752010764713 8143.623046875 2801
1752010765674 10652.5107421875 2802
1752010766625 15920.00390625 2803
1752010767583 7633.17236328125 2804
1752010768540 13024.984375 2805
1752010769492 9980.0 2806
1752010770440 10892.9013671875 2807
1752010771396 12097.533203125 2808
1752010772347 8832.380859375 2809
1752010773306 13726.642578125 2810
1752010774263 12547.3603515625 2811
1752010775216 9050.234375 2812
1752010776169 11525.2705078125 2813
1752010777125 9978.5947265625 2814
1752010778082 7208.4013671875 2815
1752010779035 9829.15234375 2816
1752010779987 30275.6015625 2817
1752010780936 9939.8671875 2818
1752010781891 12651.0869140625 2819
1752010782859 12794.220703125 2820
1752010783855 9572.478515625 2821
1752010784803 12261.5654296875 2822
1752010785754 14156.310546875 2823
1752010786705 14552.263671875 2824
1752010787659 10352.47265625 2825
1752010788609 7782.396484375 2826
1752010789563 10044.970703125 2827
1752010790514 9454.056640625 2828
1752010791463 11979.404296875 2829
1752010792413 9346.7568359375 2830
1752010793363 13415.90234375 2831
1752010794313 13294.984375 2832
1752010795264 10737.859375 2833
1752010796213 10171.2216796875 2834
1752010797162 8644.0 2835
1752010798123 11301.77734375 2836
1752010799071 10665.65234375 2837
1752010800021 8421.4501953125 2838
1752010800991 9231.603515625 2839
1752010801946 11397.615234375 2840
1752010802897 9464.23046875 2841
1752010803847 10648.6953125 2842
1752010804795 8944.8408203125 2843
1752010805749 10906.720703125 2844
1752010806707 8574.73828125 2845
1752010807657 10484.521484375 2846
1752010808608 9316.1767578125 2847
1752010809602 12701.90234375 2848
1752010810585 6493.6845703125 2849
1752010811575 15620.71484375 2850
1752010812526 12068.623046875 2851
1752010813479 9908.19140625 2852
1752010814445 9325.5498046875 2853
1752010815396 9514.916015625 2854
1752010816347 8468.021484375 2855
1752010817294 8960.1474609375 2856
1752010818245 9901.7431640625 2857
1752010819202 8598.244140625 2858
1752010820153 11808.75390625 2859
1752010821118 7340.958984375 2860
1752010822068 10790.83203125 2861
1752010823023 7565.63134765625 2862
1752010823977 6602.91015625 2863
1752010824938 12410.439453125 2864
1752010825890 11161.07421875 2865
1752010826842 13212.2783203125 2866
1752010827794 12974.7958984375 2867
1752010828748 12246.373046875 2868
1752010829701 10699.703125 2869
1752010830652 5870.34423828125 2870
1752010831600 13950.212890625 2871
1752010832550 11835.1435546875 2872
1752010833502 9174.572265625 2873
1752010834452 10144.8662109375 2874
1752010835399 18083.173828125 2875
1752010836353 9705.001953125 2876
1752010837996 9690.5078125 2877
1752010838944 12278.6884765625 2878
1752010839895 7606.9658203125 2879
1752010840846 10327.576171875 2880
1752010841801 8636.220703125 2881
1752010842763 10820.376953125 2882
1752010843716 12047.1484375 2883
1752010844669 11181.9609375 2884
1752010845625 8485.109375 2885
1752010846574 15305.740234375 2886
1752010847522 8263.771484375 2887
1752010848481 11060.353515625 2888
1752010849438 11256.7421875 2889
1752010850387 12756.814453125 2890
1752010851347 11074.56640625 2891
1752010852300 9210.759765625 2892
1752010853256 9895.1572265625 2893
1752010854211 9554.8359375 2894
1752010855162 9231.4658203125 2895
1752010856113 7144.94580078125 2896
1752010857068 11570.333984375 2897
1752010858019 7402.38671875 2898
1752010858971 12364.947265625 2899
1752010859921 9817.2021484375 2900
1752010860881 10230.6181640625 2901
1752010861830 7855.48828125 2902
1752010862780 10534.099609375 2903
1752010863734 11665.248046875 2904
1752010864686 7150.322265625 2905
1752010865637 8467.796875 2906
1752010866587 8651.3671875 2907
1752010867535 10046.90625 2908
1752010868485 11898.96484375 2909
1752010869440 7940.5185546875 2910
1752010870426 10947.8046875 2911
1752010871433 27918.62890625 2912
1752010872394 9418.466796875 2913
1752010873348 17343.40234375 2914
1752010874302 9444.9833984375 2915
1752010875251 10041.30859375 2916
1752010876203 10236.841796875 2917
1752010877156 9125.857421875 2918
1752010878110 6611.7958984375 2919
1752010879060 8669.068359375 2920
1752010880011 11185.9140625 2921
1752010880961 10540.986328125 2922
1752010881919 9896.8466796875 2923
1752010882875 13435.119140625 2924
1752010883825 8672.169921875 2925
1752010884781 9119.615234375 2926
1752010885733 13350.23046875 2927
1752010886695 8973.314453125 2928
1752010887649 9322.7275390625 2929
1752010888601 7768.5224609375 2930
1752010889554 14225.603515625 2931
1752010890508 8722.0068359375 2932
1752010891459 12850.3359375 2933
1752010892412 13062.9248046875 2934
1752010893363 12202.328125 2935
1752010894314 11193.935546875 2936
1752010895264 9199.888671875 2937
1752010896218 10007.462890625 2938
1752010897178 9043.63671875 2939
1752010898125 7308.068359375 2940
1752010899091 9274.802734375 2941
1752010900045 9928.1015625 2942
1752010900993 7804.7861328125 2943
1752010901945 10702.099609375 2944
1752010902894 10069.9921875 2945
1752010903843 10522.15625 2946
1752010904792 7898.4873046875 2947
1752010905748 10492.29296875 2948
1752010906700 8406.169921875 2949
1752010907652 8354.3828125 2950
1752010908602 9175.15234375 2951
1752010909550 6968.55859375 2952
1752010910509 9661.763671875 2953
1752010911463 22957.16015625 2954
1752010912415 10351.609375 2955
1752010913374 10786.34375 2956
1752010914327 10675.322265625 2957
1752010915279 9497.5595703125 2958
1752010916232 8165.4287109375 2959
1752010917184 8790.9033203125 2960
1752010918133 7875.3564453125 2961
1752010919086 9664.5849609375 2962
1752010920038 9102.3525390625 2963
1752010921000 7082.451171875 2964
1752010921952 10248.6845703125 2965
1752010922905 8194.017578125 2966
1752010923866 8689.3818359375 2967
1752010924816 7533.0439453125 2968
1752010925771 9187.5078125 2969
1752010926721 11575.763671875 2970
1752010927671 9150.67578125 2971
1752010928623 8965.6025390625 2972
1752010929573 11409.412109375 2973
1752010930546 10990.6806640625 2974
1752010931527 8194.025390625 2975
1752010932517 8351.650390625 2976
1752010933470 11392.001953125 2977
1752010934421 8691.228515625 2978
1752010935372 8256.40234375 2979
1752010936322 9260.48046875 2980
1752010937279 8382.748046875 2981
1752010938230 11040.896484375 2982
1752010939179 10930.58984375 2983
1752010940133 9810.3046875 2984
1752010941085 9494.822265625 2985
1752010942037 9953.212890625 2986
1752010942989 9847.482421875 2987
1752010943941 8098.84228515625 2988
1752010944891 8420.029296875 2989
1752010945844 10412.740234375 2990
1752010946797 9528.60546875 2991
1752010947751 9204.7890625 2992
1752010948701 7442.7646484375 2993
1752010949652 8270.7421875 2994
1752010950603 16528.07421875 2995
1752010951555 12502.20703125 2996
1752010952505 7452.240234375 2997
1752010953456 9487.24609375 2998
1752010954410 9539.712890625 2999
1752010955366 10552.69921875 3000
1752010956315 10901.6015625 3001
1752010957843 9397.3330078125 3002
1752010958795 9966.384765625 3003
1752010959750 8527.3984375 3004
1752010960703 10120.4169921875 3005
1752010961653 8260.32421875 3006
1752010962605 7142.6171875 3007
1752010963557 8692.732421875 3008
1752010964510 8588.123046875 3009
1752010965461 7115.08984375 3010
1752010966415 14662.7392578125 3011
1752010967368 5526.30810546875 3012
1752010968320 9189.3515625 3013
1752010969271 9863.2626953125 3014
1752010970224 7436.720703125 3015
1752010971174 13077.015625 3016
1752010972126 6131.45849609375 3017
1752010973079 11202.16015625 3018
1752010974031 9153.3720703125 3019
1752010974986 7242.8916015625 3020
1752010975937 9416.1806640625 3021
1752010976890 8257.12890625 3022
1752010977842 9708.6904296875 3023
1752010978794 7893.06298828125 3024
1752010979742 8371.818359375 3025
1752010980705 9357.98046875 3026
1752010981656 7642.8408203125 3027
1752010982608 6357.388671875 3028
1752010983559 7684.97216796875 3029
1752010984518 8787.529296875 3030
1752010985470 10687.162109375 3031
1752010986422 10309.6279296875 3032
1752010987372 9246.150390625 3033
1752010988327 8451.365234375 3034
1752010989280 16306.03125 3035
1752010990231 6780.30859375 3036
1752010991188 10527.404296875 3037
1752010992183 10295.349609375 3038
1752010993166 10024.4296875 3039
1752010994136 10325.3603515625 3040
1752010995087 9483.71484375 3041
1752010996036 9332.265625 3042
1752010996987 8576.9853515625 3043
1752010997936 11120.27734375 3044
1752010998886 17157.703125 3045
1752010999839 7914.48193359375 3046
1752011000789 10122.3984375 3047
1752011001739 7577.3427734375 3048
1752011002691 10660.921875 3049
1752011003644 7153.9375 3050
1752011004594 8781.09765625 3051
1752011005546 20649.83203125 3052
1752011006498 7348.796875 3053
1752011007447 8280.943359375 3054
1752011008396 8491.6572265625 3055
1752011009354 9280.49609375 3056
1752011010305 6741.94921875 3057
1752011011256 11356.802734375 3058
1752011012203 13540.8447265625 3059
1752011013155 8934.828125 3060
1752011014108 12340.0458984375 3061
1752011015063 8789.5126953125 3062
1752011016014 8860.521484375 3063
1752011016966 10724.123046875 3064
1752011017918 11533.5625 3065
1752011018871 6942.7216796875 3066
1752011019821 7845.8798828125 3067
1752011020773 7262.3779296875 3068
1752011021723 7175.3486328125 3069
1752011022675 10039.583984375 3070
1752011023626 8105.5419921875 3071
1752011024579 10358.4921875 3072
1752011025528 10571.7548828125 3073
1752011026479 7598.50830078125 3074
1752011027433 7459.57958984375 3075
1752011028389 7925.05078125 3076
1752011029340 6750.7783203125 3077
1752011030289 7306.7392578125 3078
1752011031242 8237.8017578125 3079
1752011032194 6180.13916015625 3080
1752011033149 7800.61328125 3081
1752011034097 8875.7021484375 3082
1752011035046 7977.1953125 3083
1752011035999 11636.423828125 3084
1752011036951 10187.537109375 3085
1752011037902 8021.82421875 3086
1752011038855 6044.4482421875 3087
1752011039805 8143.10693359375 3088
1752011040766 6303.49462890625 3089
1752011041722 11882.1669921875 3090
1752011042670 7162.4189453125 3091
1752011043621 7009.498046875 3092
1752011044572 10016.796875 3093
1752011045525 7580.6201171875 3094
1752011046479 8957.0810546875 3095
1752011047431 6156.30615234375 3096
1752011048383 8992.4990234375 3097
1752011049336 8832.15625 3098
1752011050289 8264.919921875 3099
1752011051242 7829.748046875 3100
1752011052194 9817.8974609375 3101
1752011053187 9077.59765625 3102
1752011054180 8412.947265625 3103
1752011055140 7371.01904296875 3104
1752011056095 8904.6015625 3105
1752011057049 7636.00439453125 3106
1752011058002 9184.66796875 3107
1752011058952 7893.30810546875 3108
1752011059905 6314.24853515625 3109
1752011060858 8314.9345703125 3110
1752011061811 7401.263671875 3111
1752011062765 7475.9423828125 3112
1752011063715 9482.716796875 3113
1752011064666 11299.3017578125 3114
1752011065618 8101.15087890625 3115
1752011066568 6180.53076171875 3116
1752011067519 7458.38916015625 3117
1752011068470 10235.673828125 3118
1752011069426 11011.93359375 3119
1752011070378 8179.408203125 3120
1752011071329 8430.7451171875 3121
1752011072279 8217.91796875 3122
1752011073233 7125.611328125 3123
1752011074189 9504.9140625 3124
1752011075143 10271.458984375 3125
1752011076093 13446.6923828125 3126
1752011077617 9254.484375 3127
1752011078573 6177.01806640625 3128
1752011079528 7801.1865234375 3129
1752011080482 8259.3349609375 3130
1752011081432 5678.17333984375 3131
1752011082381 11351.263671875 3132
1752011083335 9419.9736328125 3133
1752011084287 6756.39892578125 3134
1752011085237 5615.25927734375 3135
1752011086187 8529.640625 3136
1752011087140 7723.3779296875 3137
1752011088089 11190.69140625 3138
1752011089041 5859.1103515625 3139
1752011089994 7930.6494140625 3140
1752011090942 9505.310546875 3141
1752011091896 8755.1845703125 3142
1752011092855 7323.3818359375 3143
1752011093803 8761.576171875 3144
1752011094751 8458.0478515625 3145
1752011095704 7193.80419921875 3146
1752011096654 8422.486328125 3147
1752011097605 9721.671875 3148
1752011098562 6269.07861328125 3149
1752011099512 6481.26904296875 3150
1752011100463 10176.7392578125 3151
1752011101418 6184.1630859375 3152
1752011102367 8915.4990234375 3153
1752011103317 7249.5224609375 3154
1752011104267 7936.85888671875 3155
1752011105220 5829.1884765625 3156
1752011106172 8916.935546875 3157
1752011107122 9165.9296875 3158
1752011108074 10044.96484375 3159
1752011109026 5737.73583984375 3160
1752011109978 8525.6513671875 3161
1752011110932 7220.80224609375 3162
1752011111883 9965.3896484375 3163
1752011112835 6257.201171875 3164
1752011113812 5907.3427734375 3165
1752011114788 8503.259765625 3166
1752011115772 7554.30810546875 3167
1752011116723 7439.9677734375 3168
1752011117676 8514.5517578125 3169
1752011118628 6072.9130859375 3170
1752011119579 8526.75390625 3171
1752011120535 6140.90234375 3172
1752011121485 9515.65234375 3173
1752011122454 9018.7900390625 3174
1752011123407 7276.8828125 3175
1752011124360 7794.9169921875 3176
1752011125326 4152.7998046875 3177
1752011126760 6365.634765625 3178
1752011127817 12325.953125 3179
1752011128779 8977.1767578125 3180
1752011129736 10680.611328125 3181
1752011130705 4240.10205078125 3182
1752011131662 8505.6201171875 3183
1752011132787 8000.99951171875 3184
1752011133748 17674.55859375 3185
1752011134719 5397.9619140625 3186
1752011135676 7584.55029296875 3187
1752011136634 12667.0634765625 3188
1752011137592 6957.2890625 3189
1752011138541 8719.8876953125 3190
1752011139489 6994.4267578125 3191
1752011140445 6571.65966796875 3192
1752011141395 7924.37890625 3193
1752011142350 6738.0517578125 3194
1752011143296 6540.1181640625 3195
1752011144246 18329.09375 3196
1752011145194 16598.859375 3197
1752011146148 5087.5693359375 3198
1752011147101 5773.20751953125 3199
1752011148051 7636.005859375 3200
1752011149005 6683.3896484375 3201
1752011149959 7848.232421875 3202
1752011150914 6016.66796875 3203
1752011151866 8541.357421875 3204
1752011152815 7494.49609375 3205
1752011153763 8420.5546875 3206
1752011154715 7147.28271484375 3207
1752011155666 5313.23095703125 3208
1752011156615 8309.431640625 3209
1752011157565 6283.67578125 3210
1752011158519 7375.8056640625 3211
1752011159467 8229.759765625 3212
1752011160432 6534.869140625 3213
1752011161391 6993.07666015625 3214
1752011162345 9604.25390625 3215
1752011163300 7577.11181640625 3216
1752011164250 15600.90625 3217
1752011165201 5601.9052734375 3218
1752011166151 7828.53466796875 3219
1752011167112 6585.34912109375 3220
1752011168065 5615.494140625 3221
1752011169019 6707.99462890625 3222
1752011169969 6781.77490234375 3223
1752011170920 5719.00927734375 3224
1752011171872 8759.931640625 3225
1752011172826 9555.689453125 3226
1752011173781 7062.591796875 3227
1752011174770 8567.705078125 3228
1752011175759 8247.5224609375 3229
1752011176756 7083.13232421875 3230
1752011177713 7970.8408203125 3231
1752011178671 6864.04736328125 3232
1752011179623 7406.6591796875 3233
1752011180571 5088.6513671875 3234
1752011181521 8162.09130859375 3235
1752011182474 6159.65234375 3236
1752011183424 6534.15966796875 3237
1752011184376 7704.51708984375 3238
1752011185328 6729.828125 3239
1752011186280 4607.0537109375 3240
1752011187230 10419.8037109375 3241
1752011188183 7388.82421875 3242
1752011189137 8335.6884765625 3243
1752011190087 8113.4716796875 3244
1752011191042 6476.3447265625 3245
1752011191989 6764.2724609375 3246
1752011192943 7473.623046875 3247
1752011193893 6905.35595703125 3248
1752011194842 10160.7177734375 3249
1752011195793 8935.619140625 3250
1752011196741 6925.4560546875 3251
1752011198281 9538.4892578125 3252
1752011199233 8848.578125 3253
1752011200186 4797.33251953125 3254
1752011201140 5883.83203125 3255
1752011202094 8088.7373046875 3256
1752011203046 7617.6572265625 3257
1752011203998 5277.158203125 3258
1752011204949 27897.76953125 3259
1752011205897 7279.74462890625 3260
1752011206850 7426.49951171875 3261
1752011207800 6805.9365234375 3262
1752011208757 6664.32861328125 3263
1752011209707 7622.7724609375 3264
1752011210656 6188.88671875 3265
1752011211610 8093.927734375 3266
1752011212561 7699.7353515625 3267
1752011213514 8016.96533203125 3268
1752011214464 8203.87109375 3269
1752011215416 8284.9873046875 3270
1752011216365 7373.03125 3271
1752011217313 6812.82421875 3272
1752011218265 6017.38623046875 3273
1752011219217 8938.2802734375 3274
1752011220176 8849.7314453125 3275
1752011221131 6808.673828125 3276
1752011222082 7446.7138671875 3277
1752011223032 6776.3466796875 3278
1752011223980 6211.00732421875 3279
1752011224937 8397.2080078125 3280
1752011225891 7301.58154296875 3281
1752011226843 4898.1396484375 3282
1752011227796 6380.98046875 3283
1752011228752 6931.1982421875 3284
1752011229706 7546.80908203125 3285
1752011230658 6258.4814453125 3286
1752011231608 10772.4453125 3287
1752011232557 7818.95458984375 3288
1752011233510 7921.9560546875 3289
1752011234460 9961.521484375 3290
1752011235427 9595.3671875 3291
1752011236415 8274.48046875 3292
1752011237422 7353.25341796875 3293
1752011238373 8987.951171875 3294
1752011239325 10170.72265625 3295
1752011240277 7386.71484375 3296
1752011241225 8691.25390625 3297
1752011242174 7343.8134765625 3298
1752011243127 6885.50146484375 3299
1752011244083 7578.3896484375 3300
1752011245033 4926.763671875 3301
1752011245983 7182.0908203125 3302
1752011246936 4573.1025390625 3303
1752011247892 5030.0302734375 3304
1752011248845 5529.4453125 3305
1752011249794 7175.3203125 3306
1752011250745 5790.087890625 3307
1752011251694 12288.826171875 3308
1752011252664 5635.396484375 3309
1752011253615 8035.58203125 3310
1752011254573 8412.9140625 3311
1752011255527 6525.97314453125 3312
1752011256479 7309.9990234375 3313
1752011257433 6255.4248046875 3314
1752011258385 6833.3125 3315
1752011259332 6386.15234375 3316
1752011260285 7036.291015625 3317
1752011261238 5632.541015625 3318
1752011262188 8562.0078125 3319
1752011263136 6868.3642578125 3320
1752011264089 6143.55224609375 3321
1752011265042 11663.623046875 3322
1752011265994 5823.47705078125 3323
1752011266946 8652.416015625 3324
1752011267905 7654.82080078125 3325
1752011268859 6997.16845703125 3326
1752011269810 6436.31396484375 3327
1752011270761 7146.982421875 3328
1752011271711 9787.341796875 3329
1752011272661 8312.802734375 3330
1752011273615 12691.5390625 3331
1752011274566 5093.30517578125 3332
1752011275519 7662.009765625 3333
1752011276472 7405.55322265625 3334
1752011277422 5189.138671875 3335
1752011278371 6120.4775390625 3336
1752011279320 5253.9609375 3337
1752011280272 5644.08203125 3338
1752011281228 6243.1162109375 3339
1752011282180 4981.666015625 3340
1752011283133 8207.703125 3341
1752011284080 8103.673828125 3342
1752011285030 5300.90185546875 3343
1752011285985 6477.47314453125 3344
1752011286936 7736.42041015625 3345
1752011287884 5888.06396484375 3346
1752011288836 7906.9287109375 3347
1752011289787 5975.013671875 3348
1752011290735 5794.734375 3349
1752011291686 6965.3232421875 3350
1752011292637 7672.85400390625 3351
1752011293591 4704.7861328125 3352
1752011294543 5735.611328125 3353
1752011295493 5600.5078125 3354
1752011296442 8027.001953125 3355
1752011297433 10659.86328125 3356
1752011298406 8494.39453125 3357
1752011299405 6703.99609375 3358
1752011300381 5996.6982421875 3359
1752011301338 7771.30126953125 3360
1752011302284 6665.66015625 3361
1752011303235 9679.50390625 3362
1752011304190 6081.9384765625 3363
1752011305144 7345.009765625 3364
1752011306094 6098.0869140625 3365
1752011307051 5362.29833984375 3366
1752011307998 4421.31689453125 3367
1752011308956 8784.04296875 3368
1752011309910 7130.06982421875 3369
1752011310862 7061.96875 3370
1752011311830 10091.451171875 3371
1752011312795 8885.3671875 3372
1752011313746 6610.1953125 3373
1752011314697 5045.10400390625 3374
1752011315660 6984.83984375 3375
1752011316617 5907.849609375 3376
1752011318169 8961.759765625 3377
1752011319113 5678.09765625 3378
1752011320069 7304.77294921875 3379
1752011321025 6013.8076171875 3380
1752011321978 6048.4873046875 3381
1752011322939 8231.2509765625 3382
1752011323890 6941.1982421875 3383
1752011324851 7370.908203125 3384
1752011325811 6953.74072265625 3385
1752011326765 6136.93505859375 3386
1752011327713 5479.2509765625 3387
1752011328664 6227.04345703125 3388
1752011329621 11505.611328125 3389
1752011330576 4807.92822265625 3390
1752011331527 7077.6884765625 3391
1752011332480 4761.54443359375 3392
1752011333436 5607.865234375 3393
1752011334389 7147.2880859375 3394
1752011335343 5773.34765625 3395
1752011336293 7694.91650390625 3396
1752011337241 6794.7294921875 3397
1752011338197 4613.62109375 3398
1752011339147 6494.5966796875 3399
1752011340105 9309.693359375 3400
1752011341065 6724.328125 3401
1752011342016 6086.93603515625 3402
1752011342967 6145.05859375 3403
1752011343922 9316.2060546875 3404
1752011344876 8942.080078125 3405
1752011345827 5210.85888671875 3406
1752011346781 5278.5751953125 3407
1752011347730 5169.9404296875 3408
1752011348681 7967.9638671875 3409
1752011349635 14147.96875 3410
1752011350583 6953.7314453125 3411
1752011351533 6557.080078125 3412
1752011352486 5206.22119140625 3413
1752011353437 4191.814453125 3414
1752011354385 6528.9765625 3415
1752011355333 8295.6005859375 3416
1752011356282 9614.197265625 3417
1752011357235 6683.8603515625 3418
1752011358194 6568.0361328125 3419
1752011359178 5622.841796875 3420
1752011360138 6019.7783203125 3421
1752011361096 10612.2568359375 3422
1752011362092 6680.271484375 3423
1752011363091 5280.35888671875 3424
1752011364092 5670.9384765625 3425
1752011365089 25516.29296875 3426
1752011366042 5853.25 3427
1752011367003 9563.056640625 3428
1752011367964 4598.5263671875 3429
1752011368915 7056.04345703125 3430
1752011369866 6910.1259765625 3431
1752011370819 7284.5283203125 3432
1752011371771 11336.634765625 3433
1752011372721 7229.2138671875 3434
1752011373674 8382.3515625 3435
1752011374624 7224.1357421875 3436
1752011375586 6632.8544921875 3437
1752011376536 7019.9150390625 3438
1752011377487 8003.75439453125 3439
1752011378454 10101.2783203125 3440
1752011379412 5149.92041015625 3441
1752011380368 6749.08251953125 3442
1752011381317 5369.533203125 3443
1752011382269 5810.48046875 3444
1752011383219 9377.302734375 3445
1752011384172 4354.2568359375 3446
1752011385122 7703.43017578125 3447
1752011386083 7826.7451171875 3448
1752011387030 6988.88916015625 3449
1752011387979 7140.751953125 3450
1752011388929 8392.744140625 3451
1752011389880 8930.1728515625 3452
1752011390831 5223.0 3453
1752011391781 5612.1044921875 3454
1752011392729 7645.00732421875 3455
1752011393677 6368.6865234375 3456
1752011394630 6144.34619140625 3457
1752011395582 6015.1259765625 3458
1752011396533 7229.8232421875 3459
1752011397483 6986.240234375 3460
1752011398436 22093.439453125 3461
1752011399384 6196.77197265625 3462
1752011400339 5983.35546875 3463
1752011401295 5720.95556640625 3464
1752011402244 6418.0498046875 3465
1752011403193 5465.32861328125 3466
1752011404142 6900.23828125 3467
1752011405090 7012.44970703125 3468
1752011406043 6881.58935546875 3469
1752011406996 4807.5927734375 3470
1752011407943 5166.0087890625 3471
1752011408893 6509.33154296875 3472
1752011409841 6744.0302734375 3473
1752011410793 6520.044921875 3474
1752011411742 5546.41552734375 3475
1752011412693 5470.5595703125 3476
1752011413643 7755.59130859375 3477
1752011414594 6169.11181640625 3478
1752011415545 6265.962890625 3479
1752011416497 4777.42333984375 3480
1752011417450 7917.76220703125 3481
1752011418400 6425.69970703125 3482
1752011419375 6600.2490234375 3483
1752011420353 4762.1826171875 3484
1752011421357 4270.953125 3485
1752011422322 7800.1728515625 3486
1752011423271 6442.2626953125 3487
1752011424220 5219.36962890625 3488
1752011425176 4840.38671875 3489
1752011426126 3944.96240234375 3490
1752011427076 5650.88427734375 3491
1752011428025 9768.9462890625 3492
1752011428973 4551.60986328125 3493
1752011429920 7639.9287109375 3494
1752011430871 5365.7333984375 3495
1752011431822 8964.9990234375 3496
1752011432776 6472.00732421875 3497
1752011433732 5187.205078125 3498
1752011434689 4864.84423828125 3499
1752011435655 5439.8994140625 3500
1752011436615 5003.9189453125 3501
1752011438192 7967.1875 3502
1752011439143 5292.7734375 3503
1752011440095 5240.73779296875 3504
1752011441044 5552.10546875 3505
1752011442002 6500.2021484375 3506
1752011442963 6027.681640625 3507
1752011443912 6759.06494140625 3508
1752011444862 6713.9541015625 3509
1752011445815 4534.44921875 3510
1752011446767 5608.3095703125 3511
1752011447728 9659.85546875 3512
1752011448680 5584.37548828125 3513
1752011449629 5443.1572265625 3514
1752011450579 6144.27734375 3515
1752011451530 6246.333984375 3516
1752011452482 5069.3408203125 3517
1752011453433 4653.98291015625 3518
1752011454379 6095.79443359375 3519
1752011455330 5675.119140625 3520
1752011456288 5718.50634765625 3521
1752011457245 5359.7353515625 3522
1752011458203 7545.49951171875 3523
1752011459155 6133.26513671875 3524
1752011460116 5620.2548828125 3525
1752011461073 5142.6552734375 3526
1752011462024 5318.115234375 3527
1752011462985 10737.2783203125 3528
1752011463938 5492.28515625 3529
1752011464887 5200.96728515625 3530
1752011465844 6257.5537109375 3531
1752011466803 3755.78125 3532
1752011467752 5858.06689453125 3533
1752011468739 6307.833984375 3534
1752011469689 5252.2197265625 3535
1752011470638 6229.341796875 3536
1752011471588 13706.115234375 3537
1752011472541 4126.02001953125 3538
1752011473496 4807.98046875 3539
1752011474457 8850.1796875 3540
1752011475404 5145.18310546875 3541
1752011476358 4501.12548828125 3542
1752011477306 6822.0283203125 3543
1752011478262 5292.58642578125 3544
1752011479212 6939.779296875 3545
1752011480162 3670.6279296875 3546
1752011481116 5218.84423828125 3547
1752011482072 5752.689453125 3548
1752011483023 4662.6806640625 3549
1752011483976 6241.107421875 3550
1752011484926 6058.154296875 3551
1752011485878 6213.64990234375 3552
1752011486827 5038.236328125 3553
1752011487776 6370.00390625 3554
1752011488729 11235.1826171875 3555
1752011489680 4739.6171875 3556
1752011490630 5282.77783203125 3557
1752011491582 4862.255859375 3558
1752011492531 5290.19970703125 3559
1752011493483 5242.18603515625 3560
1752011494435 4663.3544921875 3561
1752011495388 6416.9306640625 3562
1752011496338 3440.8427734375 3563
1752011497291 5589.2939453125 3564
1752011498244 6253.482421875 3565
1752011499195 9112.087890625 3566
1752011500143 6473.61669921875 3567
1752011501091 6789.9189453125 3568
1752011502042 4438.162109375 3569
1752011502998 4493.548828125 3570
1752011503946 5811.6630859375 3571
1752011504898 3777.2666015625 3572
1752011505849 5820.3671875 3573
1752011506798 5677.3359375 3574
1752011507752 7602.70654296875 3575
1752011508701 4492.91015625 3576
1752011509652 5706.99169921875 3577
1752011510601 4276.9951171875 3578
1752011511550 4703.623046875 3579
1752011512504 4122.1796875 3580
1752011513456 5948.0322265625 3581
1752011514406 5314.82421875 3582
1752011515358 6274.2373046875 3583
1752011516308 5045.751953125 3584
1752011517261 12270.83984375 3585
1752011518214 6520.7509765625 3586
1752011519163 5639.033203125 3587
1752011520114 5543.07958984375 3588
1752011521079 5421.9599609375 3589
1752011522036 3857.138671875 3590
1752011522987 8029.8701171875 3591
1752011523938 5972.462890625 3592
1752011524889 6377.1357421875 3593
1752011525841 5245.7294921875 3594
1752011526797 4783.36962890625 3595
1752011527746 5906.7236328125 3596
1752011528694 17097.173828125 3597
1752011529647 6204.2802734375 3598
1752011530602 7217.2890625 3599
1752011531552 4861.7958984375 3600
1752011532502 5963.1171875 3601
1752011533452 6936.0751953125 3602
1752011534409 5939.68359375 3603
1752011535360 7417.39111328125 3604
1752011536311 5139.96240234375 3605
1752011537272 7512.38330078125 3606
1752011538231 5731.48583984375 3607
1752011539189 3517.86181640625 3608
1752011540148 4500.41796875 3609
1752011541105 5901.79052734375 3610
1752011542069 6193.44287109375 3611
1752011543029 5854.91064453125 3612
1752011543987 4630.45068359375 3613
1752011544945 5219.78271484375 3614
1752011545906 5310.53515625 3615
1752011546855 4367.5107421875 3616
1752011547813 4754.6591796875 3617
1752011548767 6877.5166015625 3618
1752011549721 4180.71923828125 3619
1752011550679 5180.6064453125 3620
1752011551637 5072.25 3621
1752011552590 6924.32861328125 3622
1752011553541 5357.466796875 3623
1752011554501 3811.0283203125 3624
1752011555461 5172.3095703125 3625
1752011556416 4824.3564453125 3626
1752011557980 3094.72509765625 3627
1752011558943 5648.73193359375 3628
1752011559891 4437.6259765625 3629
1752011560844 5772.54052734375 3630
1752011561796 6872.11279296875 3631
1752011562749 7501.3583984375 3632
1752011563699 5418.86328125 3633
1752011564651 5845.181640625 3634
1752011565602 4406.6455078125 3635
1752011566552 5741.7666015625 3636
1752011567503 5850.716796875 3637
1752011568467 5248.447265625 3638
1752011569450 4869.6884765625 3639
1752011570437 3933.927734375 3640
1752011571423 4798.5869140625 3641
1752011572379 6255.421875 3642
1752011573326 7250.4111328125 3643
1752011574277 3782.50244140625 3644
1752011575226 5608.791015625 3645
1752011576181 10757.2490234375 3646
1752011577133 5389.6904296875 3647
1752011578086 6656.1689453125 3648
1752011579039 8111.55859375 3649
1752011580002 5475.931640625 3650
1752011580964 7140.6533203125 3651
1752011581922 8303.4794921875 3652
1752011582874 6162.29296875 3653
1752011583825 12701.5029296875 3654
1752011584774 6101.974609375 3655
1752011585721 5397.6943359375 3656
1752011586673 12132.5400390625 3657
1752011587627 9799.34375 3658
1752011588581 6254.54833984375 3659
1752011589530 5925.92041015625 3660
1752011590479 4745.80078125 3661
1752011591429 6102.9384765625 3662
1752011592382 5754.48388671875 3663
1752011593334 8299.9052734375 3664
1752011594287 5804.9326171875 3665
1752011595248 4685.76123046875 3666
1752011596199 5705.03125 3667
1752011597151 6271.63037109375 3668
1752011598103 3774.158203125 3669
1752011599054 6039.4990234375 3670
1752011600006 5112.869140625 3671
1752011600955 4858.044921875 3672
1752011601912 6659.76708984375 3673
1752011602863 5844.568359375 3674
1752011603835 4703.80224609375 3675
1752011604814 6272.55322265625 3676
1752011605808 6111.9384765625 3677
1752011606770 4241.43505859375 3678
1752011607723 5750.333984375 3679
1752011608676 7729.111328125 3680
1752011609627 3748.466796875 3681
1752011610576 6787.7470703125 3682
1752011611532 3521.408447265625 3683
1752011612481 4365.025390625 3684
1752011613433 5349.88720703125 3685
1752011614387 4015.14111328125 3686
1752011615345 10823.0830078125 3687
1752011616296 4373.97265625 3688
1752011617247 5191.2294921875 3689
1752011618197 4431.7666015625 3690
1752011619153 5416.77099609375 3691
1752011620107 5023.39697265625 3692
1752011621059 4716.4541015625 3693
1752011622013 5662.5615234375 3694
1752011622966 4758.9443359375 3695
1752011623917 5140.16064453125 3696
1752011624868 6209.5400390625 3697
1752011625817 4196.94921875 3698
1752011626771 4793.640625 3699
1752011627725 4822.1591796875 3700
1752011628677 7040.720703125 3701
1752011629626 4284.087890625 3702
1752011630574 4216.513671875 3703
1752011631525 6505.85888671875 3704
1752011632478 7562.5380859375 3705
1752011633431 3911.985595703125 3706
1752011634379 5797.421875 3707
1752011635327 5493.318359375 3708
1752011636278 3378.25146484375 3709
1752011637236 5627.779296875 3710
1752011638191 5284.171875 3711
1752011639141 2386.1435546875 3712
1752011640113 4829.7236328125 3713
1752011641068 4471.1025390625 3714
1752011642018 8097.38818359375 3715
1752011642970 4352.7109375 3716
1752011643925 5035.853515625 3717
1752011644873 5088.2578125 3718
1752011645822 3492.932861328125 3719
1752011646772 9342.984375 3720
1752011647721 5222.052734375 3721
1752011648671 2958.7646484375 3722
1752011649618 3947.0302734375 3723
1752011650572 3261.01513671875 3724
1752011651524 5870.87939453125 3725
1752011652474 3512.029296875 3726
1752011653429 4115.814453125 3727
1752011654375 5030.546875 3728
1752011655327 4194.76416015625 3729
1752011656276 4382.0869140625 3730
1752011657232 5524.3740234375 3731
1752011658194 4458.359375 3732
1752011659147 2954.55224609375 3733
1752011660102 3884.591796875 3734
1752011661061 4276.029296875 3735
1752011662019 4533.0966796875 3736
1752011662980 3626.96240234375 3737
1752011663933 5679.96875 3738
1752011664889 3788.234130859375 3739
1752011665844 6484.92236328125 3740
1752011666807 4019.579833984375 3741
1752011667765 5051.12451171875 3742
1752011668724 5190.580078125 3743
1752011669683 5163.9287109375 3744
1752011670642 3210.649658203125 3745
1752011671601 4102.94580078125 3746
1752011672557 4582.56640625 3747
1752011673505 3610.14404296875 3748
1752011674454 4853.23388671875 3749
1752011675407 4765.6513671875 3750
1752011676358 3496.708984375 3751
1752011677908 5491.1181640625 3752
1752011678858 4235.80908203125 3753
1752011679808 3814.44091796875 3754
1752011680761 4520.046875 3755
1752011681715 5351.6103515625 3756
1752011682664 3705.3193359375 3757
1752011683616 4237.4052734375 3758
1752011684567 3055.8720703125 3759
1752011685520 4443.21630859375 3760
1752011686474 6577.421875 3761
1752011687426 5500.109375 3762
1752011688395 3466.345458984375 3763
1752011689376 3921.42333984375 3764
1752011690379 3558.681396484375 3765
1752011691332 4140.3251953125 3766
1752011692284 4799.5791015625 3767
1752011693237 4384.115234375 3768
1752011694192 4521.6806640625 3769
1752011695139 4082.5634765625 3770
1752011696091 4457.24951171875 3771
1752011697042 3099.814453125 3772
1752011697994 5228.9345703125 3773
1752011698944 4315.27294921875 3774
1752011699901 3023.1494140625 3775
1752011700857 5206.0595703125 3776
1752011701813 4996.837890625 3777
1752011702764 4001.88037109375 3778
1752011703716 4334.2119140625 3779
1752011704668 4266.4326171875 3780
1752011705625 4782.3828125 3781
1752011706586 4021.490478515625 3782
1752011707540 4515.88671875 3783
1752011708492 3458.87255859375 3784
1752011709443 4219.515625 3785
1752011710394 3778.43115234375 3786
1752011711349 6211.07080078125 3787
1752011712299 3842.91796875 3788
1752011713249 3387.1484375 3789
1752011714200 4402.68603515625 3790
1752011715155 4840.333984375 3791
1752011716106 4761.92578125 3792
1752011717056 5272.119140625 3793
1752011718022 4228.076171875 3794
1752011718980 6311.40966796875 3795
1752011719944 4464.06298828125 3796
1752011720900 5826.2177734375 3797
1752011721860 4133.00390625 3798
1752011722814 5881.69970703125 3799
1752011723955 4445.01171875 3800
1752011724909 4304.4208984375 3801
1752011725901 9360.6083984375 3802
1752011726852 4653.123046875 3803
1752011727805 2891.0361328125 3804
1752011728768 4376.0009765625 3805
1752011729728 4764.8857421875 3806
1752011730688 6315.33203125 3807
1752011731650 5132.57470703125 3808
1752011732610 3931.77001953125 3809
1752011733570 2994.523681640625 3810
1752011734527 3788.947265625 3811
1752011735479 3295.552001953125 3812
1752011736444 6007.076171875 3813
1752011737406 5301.4453125 3814
1752011738366 5076.53515625 3815
1752011739317 3428.318359375 3816
1752011740264 4644.7548828125 3817
1752011741216 2957.412841796875 3818
1752011742169 5315.2001953125 3819
1752011743125 3096.73681640625 3820
1752011744077 7503.44482421875 3821
1752011745030 3917.080810546875 3822
1752011745983 4074.3564453125 3823
1752011746935 3799.2490234375 3824
1752011747885 4378.078125 3825
1752011748836 3961.552734375 3826
1752011749787 5046.46142578125 3827
1752011750741 5452.123046875 3828
1752011751693 3807.947265625 3829
1752011752643 3090.96044921875 3830
1752011753593 4026.131591796875 3831
1752011754541 5312.90966796875 3832
1752011755494 8415.923828125 3833
1752011756444 4538.474609375 3834
1752011757393 4053.6220703125 3835
1752011758341 6408.9775390625 3836
1752011759289 4204.71923828125 3837
1752011760241 3320.0693359375 3838
1752011761202 5250.41357421875 3839
1752011762155 5043.1376953125 3840
1752011763105 10753.021484375 3841
1752011764055 10040.55078125 3842
1752011765005 4688.67138671875 3843
1752011765956 4699.826171875 3844
1752011766907 3703.12841796875 3845
1752011767858 5055.0517578125 3846
1752011768809 4719.076171875 3847
1752011769760 3391.4111328125 3848
1752011770714 4576.9951171875 3849
1752011771666 4803.0244140625 3850
1752011772628 4169.23974609375 3851
1752011773583 4026.4228515625 3852
1752011774534 5133.8564453125 3853
1752011775484 9462.7470703125 3854
1752011776437 4113.0751953125 3855
1752011777392 3364.989990234375 3856
1752011778357 4587.4384765625 3857
1752011779318 4798.91357421875 3858
1752011780276 3724.154296875 3859
1752011781226 3509.6552734375 3860
1752011782180 4762.22509765625 3861
1752011783141 5629.57470703125 3862
1752011784093 3062.3193359375 3863
1752011785091 4661.39208984375 3864
1752011786073 3453.62939453125 3865
1752011787045 3738.356201171875 3866
1752011788000 4251.9248046875 3867
1752011788951 3585.93701171875 3868
1752011789909 5401.34375 3869
1752011790861 4586.2421875 3870
1752011791817 9147.1279296875 3871
1752011792768 3729.03173828125 3872
1752011793717 2874.947265625 3873
1752011794672 4892.18359375 3874
1752011795628 3959.634765625 3875
1752011796581 3208.50634765625 3876
1752011798122 3128.75439453125 3877
1752011799086 4056.2119140625 3878
1752011800048 3816.009033203125 3879
1752011801002 3921.0859375 3880
1752011801954 3059.81787109375 3881
1752011802904 3810.098876953125 3882
1752011803856 4501.43798828125 3883
1752011804823 3364.550537109375 3884
1752011805783 4147.5693359375 3885
1752011806740 3211.97216796875 3886
1752011807703 3004.755126953125 3887
1752011808659 4878.8349609375 3888
1752011809612 5171.7646484375 3889
1752011810576 3138.269287109375 3890
1752011811527 3580.34716796875 3891
1752011812481 3273.16943359375 3892
1752011813440 4005.18212890625 3893
1752011814390 5869.3974609375 3894
1752011815340 2487.052978515625 3895
1752011816291 3328.660400390625 3896
1752011817242 3582.51220703125 3897
1752011818194 3577.255859375 3898
1752011819146 4220.34423828125 3899
1752011820095 2077.15185546875 3900
1752011821057 4247.4326171875 3901
1752011822008 5153.20849609375 3902
1752011822962 6688.4169921875 3903
1752011823914 5546.7265625 3904
1752011824871 4262.14990234375 3905
1752011825825 3294.93017578125 3906
1752011826775 3465.07861328125 3907
1752011827729 2922.007080078125 3908
1752011828682 3476.947265625 3909
1752011829633 2952.056396484375 3910
1752011830587 3749.4189453125 3911
1752011831535 3819.667236328125 3912
1752011832486 4271.4658203125 3913
1752011833439 4114.681640625 3914
1752011834391 3409.48681640625 3915
1752011835349 3043.28466796875 3916
1752011836301 3364.193359375 3917
1752011837251 4153.703125 3918
1752011838200 4084.83935546875 3919
1752011839154 3788.37646484375 3920
1752011840107 4952.29736328125 3921
1752011841063 4339.2333984375 3922
1752011842010 4190.75537109375 3923
1752011842960 3488.0576171875 3924
1752011843911 3172.650146484375 3925
1752011844861 2884.126953125 3926
1752011845813 3306.5986328125 3927
1752011846764 3974.51904296875 3928
1752011847717 4264.36474609375 3929
1752011848668 4047.73583984375 3930
1752011849619 3106.76220703125 3931
1752011850569 4639.91455078125 3932
1752011851520 2381.31787109375 3933
1752011852470 3282.576904296875 3934
1752011853423 4672.8564453125 3935
1752011854374 4589.69287109375 3936
1752011855327 4267.71875 3937
1752011856275 3714.862548828125 3938
1752011857228 4495.9228515625 3939
1752011858179 4820.7294921875 3940
1752011859130 3351.31982421875 3941
1752011860081 4192.96240234375 3942
1752011861031 5110.302734375 3943
1752011861984 4481.05029296875 3944
1752011862936 3668.35498046875 3945
1752011863899 2712.92919921875 3946
1752011864849 3900.301513671875 3947
1752011865798 4373.8232421875 3948
1752011866749 5120.63818359375 3949
1752011867700 3843.714599609375 3950
1752011868653 3401.7177734375 3951
1752011869603 5088.41748046875 3952
1752011870555 5111.12158203125 3953
1752011871506 3488.535400390625 3954
1752011872457 4752.2626953125 3955
1752011873411 4325.6884765625 3956
1752011874362 3803.35107421875 3957
1752011875313 5051.9951171875 3958
1752011876264 4998.4521484375 3959
1752011877216 3367.16455078125 3960
1752011878169 4178.10791015625 3961
1752011879121 3320.830810546875 3962
1752011880072 3743.30029296875 3963
1752011881030 3960.660888671875 3964
1752011881980 2666.53857421875 3965
1752011882929 4003.926025390625 3966
1752011883881 3128.819580078125 3967
1752011884831 3837.36083984375 3968
1752011885780 4043.51513671875 3969
1752011886732 2435.980224609375 3970
1752011887686 4221.666015625 3971
1752011888643 3837.4169921875 3972
1752011889589 3937.1083984375 3973
1752011890541 2699.018310546875 3974
1752011891498 3343.5068359375 3975
1752011892452 3738.468017578125 3976
1752011893402 2983.58203125 3977
1752011894352 2873.35791015625 3978
1752011895307 3618.08447265625 3979
1752011896262 2780.20849609375 3980
1752011897211 4214.23486328125 3981
1752011898171 5078.96923828125 3982
1752011899131 4030.91845703125 3983
1752011900086 3626.980712890625 3984
1752011901047 3581.570068359375 3985
1752011902005 3721.679443359375 3986
1752011902960 3654.5556640625 3987
1752011903909 3289.790771484375 3988
1752011904861 3791.00341796875 3989
1752011905823 4136.359375 3990
1752011906779 3298.11181640625 3991
1752011907739 4649.2119140625 3992
1752011908690 4419.0927734375 3993
1752011909655 3907.4892578125 3994
1752011910610 3194.056640625 3995
1752011911565 2769.237060546875 3996
1752011912514 3529.945556640625 3997
1752011913469 3354.76171875 3998
1752011914423 2772.948486328125 3999
1752011915377 3505.873779296875 4000
1752011916331 3634.174072265625 4001
1752011917958 3216.156494140625 4002
1752011918909 4082.65234375 4003
1752011919866 4244.580078125 4004
1752011920825 3979.044677734375 4005
1752011921778 3579.43505859375 4006
1752011922735 4573.7626953125 4007
1752011923689 3432.686279296875 4008
1752011924638 3610.779052734375 4009
1752011925590 3417.746826171875 4010
1752011926538 4701.8056640625 4011
1752011927491 6789.4990234375 4012
1752011928462 3039.6162109375 4013
1752011929442 3211.7978515625 4014
1752011930432 4451.21923828125 4015
1752011931383 3095.889404296875 4016
1752011932338 3221.681884765625 4017
1752011933289 2998.759765625 4018
1752011934236 2603.836181640625 4019
1752011935187 3159.556396484375 4020
1752011936138 3206.951904296875 4021
1752011937086 7290.76611328125 4022
1752011938036 3836.4814453125 4023
1752011938988 2784.5126953125 4024
1752011939945 3551.042236328125 4025
1752011940909 3391.51220703125 4026
1752011941858 2560.92431640625 4027
1752011942812 2247.651123046875 4028
1752011943769 8679.0966796875 4029
1752011944720 3824.480224609375 4030
1752011945673 2414.650146484375 4031
1752011946629 10696.697265625 4032
1752011947591 3758.25390625 4033
1752011948540 3563.849365234375 4034
1752011949501 3651.14697265625 4035
1752011950455 3620.9755859375 4036
1752011951407 3533.736328125 4037
1752011952358 4482.1005859375 4038
1752011953310 5450.666015625 4039
1752011954259 8852.4267578125 4040
1752011955207 8929.3544921875 4041
1752011956166 4426.71240234375 4042
1752011957121 2952.06591796875 4043
1752011958068 2635.877685546875 4044
1752011959019 3340.44140625 4045
1752011959970 5346.8466796875 4046
1752011960922 4082.890625 4047
1752011961877 5657.7138671875 4048
1752011962827 4525.736328125 4049
1752011963777 4096.677734375 4050
1752011964727 6814.802734375 4051
1752011965679 5406.4482421875 4052
1752011966628 3581.25537109375 4053
1752011967601 4412.7822265625 4054
1752011968588 3453.5400390625 4055
1752011969575 4958.4248046875 4056
1752011970525 4964.900390625 4057
1752011971477 3537.22607421875 4058
1752011972424 5299.1796875 4059
1752011973375 3548.6044921875 4060
1752011974329 3735.9501953125 4061
1752011975278 5055.1748046875 4062
1752011976228 4267.84375 4063
1752011977182 4277.673828125 4064
1752011978141 3092.781494140625 4065
1752011979091 3442.7587890625 4066
1752011980049 4613.51953125 4067
1752011981006 4210.3935546875 4068
1752011981955 4817.0595703125 4069
1752011982906 4545.45654296875 4070
1752011983858 3894.46337890625 4071
1752011984812 6867.33984375 4072
1752011985769 2923.99853515625 4073
1752011986718 3488.5888671875 4074
1752011987671 4285.3525390625 4075
1752011988628 2406.82275390625 4076
1752011989579 3203.70458984375 4077
1752011990531 3079.662109375 4078
1752011991483 3025.92822265625 4079
1752011992436 2539.9892578125 4080
1752011993388 3253.8125 4081
1752011994337 6787.30615234375 4082
1752011995288 2260.185302734375 4083
1752011996237 3000.227294921875 4084
1752011997187 3084.4091796875 4085
1752011998137 2250.300537109375 4086
1752011999088 4021.47607421875 4087
1752012000039 3348.1357421875 4088
1752012000999 3837.16748046875 4089
1752012001951 3742.42529296875 4090
1752012002902 5272.150390625 4091
1752012003851 3559.639892578125 4092
1752012004801 5076.32568359375 4093
1752012005751 6296.94287109375 4094
1752012006700 3511.778564453125 4095
1752012007653 4082.967041015625 4096
1752012008604 9338.154296875 4097
1752012009553 3652.77880859375 4098
1752012010502 3881.34814453125 4099
1752012011449 5239.712890625 4100
1752012012401 3623.63671875 4101
1752012013353 4814.974609375 4102
1752012014307 2891.32373046875 4103
1752012015257 3065.131591796875 4104
1752012016205 2548.68115234375 4105
1752012017165 2432.245849609375 4106
1752012018120 3474.9375 4107
1752012019086 2530.312255859375 4108
1752012020050 4813.1650390625 4109
1752012021003 2723.50146484375 4110
1752012021970 2707.25390625 4111
1752012022923 3795.125732421875 4112
1752012023876 2235.6806640625 4113
1752012024825 2764.7509765625 4114
1752012025779 2845.7822265625 4115
1752012026741 3943.7470703125 4116
1752012027694 2573.706298828125 4117
1752012028657 6624.1640625 4118
1752012029609 3769.2158203125 4119
1752012030566 4712.564453125 4120
1752012031524 3514.877197265625 4121
1752012032476 4154.84326171875 4122
1752012033429 4280.8623046875 4123
1752012034377 6040.02001953125 4124
1752012035341 4231.83056640625 4125
1752012036297 11849.150390625 4126
1752012037860 5352.7216796875 4127
1752012038818 2224.769775390625 4128
1752012039776 3761.8115234375 4129
1752012040728 3184.0693359375 4130
1752012041680 3036.580078125 4131
1752012042645 3944.298828125 4132
1752012043600 7059.62158203125 4133
1752012044550 4366.54443359375 4134
1752012045503 2490.85205078125 4135
1752012046457 4838.0 4136
1752012047416 2383.84423828125 4137
1752012048384 3350.94775390625 4138
1752012049375 3211.765625 4139
1752012050368 3748.21337890625 4140
1752012051319 4101.7724609375 4141
1752012052272 2683.1435546875 4142
1752012053227 2558.75634765625 4143
1752012054177 2470.851318359375 4144
1752012055128 4688.52978515625 4145
1752012056085 6914.916015625 4146
1752012057034 4426.4814453125 4147
1752012057984 3551.61572265625 4148
1752012058934 2306.55419921875 4149
1752012059888 7634.802734375 4150
1752012060850 6049.998046875 4151
1752012061803 6943.93212890625 4152
1752012062752 8029.05419921875 4153
1752012063702 4230.1728515625 4154
1752012064651 3880.938232421875 4155
1752012065602 4531.74072265625 4156
1752012066552 3424.19287109375 4157
1752012067499 4360.68408203125 4158
1752012068450 9633.26171875 4159
1752012069402 4910.26171875 4160
1752012070358 4401.56884765625 4161
1752012071307 5086.60888671875 4162
1752012072259 5176.5458984375 4163
1752012073211 4113.5869140625 4164
1752012074163 3191.328369140625 4165
1752012075114 3630.747314453125 4166
1752012076065 5544.650390625 4167
1752012077014 3659.8642578125 4168
1752012077969 3967.49560546875 4169
1752012078926 2431.115234375 4170
1752012079876 3435.25 4171
1752012080826 3036.38427734375 4172
1752012081776 4479.19580078125 4173
1752012082729 3671.090576171875 4174
1752012083683 2982.7216796875 4175
1752012084638 2960.13916015625 4176
1752012085586 2175.86181640625 4177
1752012086534 3623.95263671875 4178
1752012087484 2171.9736328125 4179
1752012088440 3461.832275390625 4180
1752012089394 2185.865478515625 4181
1752012090343 3755.240478515625 4182
1752012091294 6090.0341796875 4183
1752012092241 5554.8291015625 4184
1752012093191 4254.26513671875 4185
1752012094139 2894.016357421875 4186
1752012095091 2954.58251953125 4187
1752012096041 4335.57177734375 4188
1752012096993 4454.009765625 4189
1752012097947 3753.93798828125 4190
1752012098896 3719.29443359375 4191
1752012099848 3615.1640625 4192
1752012100801 3134.1767578125 4193
1752012101754 2379.705078125 4194
1752012102699 2934.884765625 4195
1752012103651 3199.146484375 4196
1752012104606 3646.515625 4197
1752012105557 4415.0234375 4198
1752012106513 17306.62890625 4199
1752012107464 3701.932373046875 4200
1752012108432 3072.859619140625 4201
1752012109414 3209.5673828125 4202
1752012110410 3244.66943359375 4203
1752012111365 1984.604736328125 4204
1752012112316 2257.104736328125 4205
1752012113266 4308.37158203125 4206
1752012114217 3462.796142578125 4207
1752012115171 1915.367431640625 4208
1752012116126 2916.219482421875 4209
1752012117073 2919.29541015625 4210
1752012118024 3522.7138671875 4211
1752012118972 2825.489990234375 4212
1752012119922 2713.51708984375 4213
1752012120878 5008.82080078125 4214
1752012121828 2766.60498046875 4215
1752012122776 5879.1650390625 4216
1752012123725 4205.09375 4217
1752012124678 3202.35546875 4218
1752012125627 2729.23486328125 4219
1752012126578 2599.611083984375 4220
1752012127528 2640.150390625 4221
1752012128479 3540.882080078125 4222
1752012129430 2850.218017578125 4223
1752012130377 13094.9736328125 4224
1752012131329 2572.3671875 4225
1752012132283 4693.46044921875 4226
1752012133234 4370.89453125 4227
1752012134188 2496.623779296875 4228
1752012135139 2689.824462890625 4229
1752012136089 5425.13671875 4230
1752012137037 2430.205078125 4231
1752012138001 3076.4755859375 4232
1752012138955 2625.7568359375 4233
1752012139904 2751.83642578125 4234
1752012140853 4944.69677734375 4235
1752012141805 5398.3876953125 4236
1752012142758 2446.650390625 4237
1752012143707 3260.04833984375 4238
1752012144660 3131.761474609375 4239
1752012145612 2951.178955078125 4240
1752012146563 4132.4609375 4241
1752012147515 3773.609375 4242
1752012148468 3265.275146484375 4243
1752012149421 3146.1171875 4244
1752012150383 3322.21435546875 4245
1752012151366 4185.7490234375 4246
1752012152364 3101.245361328125 4247
1752012153320 2652.522216796875 4248
1752012154270 4011.81591796875 4249
1752012155218 2869.842041015625 4250
1752012156173 3418.78271484375 4251
1752012157724 2505.506103515625 4252
1752012158673 2890.94580078125 4253
1752012159625 1953.5029296875 4254
1752012160575 3189.13916015625 4255
1752012161527 4900.46142578125 4256
1752012162477 2636.3779296875 4257
1752012163427 10724.1572265625 4258
1752012164377 1852.162353515625 4259
1752012165325 4038.2294921875 4260
1752012166276 2434.251708984375 4261
1752012167226 4173.5498046875 4262
1752012168177 3184.5068359375 4263
1752012169129 3076.246826171875 4264
1752012170081 3405.586181640625 4265
1752012171031 2864.734375 4266
1752012171984 2362.15625 4267
1752012172936 2814.666748046875 4268
1752012173887 2550.533203125 4269
1752012174836 3123.137451171875 4270
1752012175787 2379.377685546875 4271
1752012176737 2448.673828125 4272
1752012177689 2937.2509765625 4273
1752012178642 2244.90771484375 4274
1752012179595 3441.646240234375 4275
1752012180549 1880.4434814453125 4276
1752012181504 5511.9599609375 4277
1752012182456 2939.7958984375 4278
1752012183408 2712.158935546875 4279
1752012184359 2509.927001953125 4280
1752012185309 2573.074951171875 4281
1752012186261 4284.62890625 4282
1752012187209 5470.6845703125 4283
1752012188164 6203.35400390625 4284
1752012189117 1571.7249755859375 4285
1752012190063 2706.854736328125 4286
1752012191014 3158.267333984375 4287
1752012191965 4761.05078125 4288
1752012192920 4776.89404296875 4289
1752012193876 3373.647705078125 4290
1752012194825 2275.583984375 4291
1752012195786 3639.08837890625 4292
1752012196739 4154.7822265625 4293
1752012197693 2476.141845703125 4294
1752012198642 3005.029296875 4295
1752012199601 2326.086669921875 4296
1752012200550 4824.837890625 4297
1752012201501 4506.7685546875 4298
1752012202454 3605.70458984375 4299
1752012203403 3413.93701171875 4300
1752012204355 3763.8994140625 4301
1752012205306 2740.3779296875 4302
1752012206261 3786.10546875 4303
1752012207210 3206.5830078125 4304
1752012208161 4081.738525390625 4305
1752012209118 3640.8701171875 4306
1752012210067 5983.25244140625 4307
1752012211018 4382.982421875 4308
1752012211969 2447.58740234375 4309
1752012212916 2724.108642578125 4310
1752012213871 3359.52197265625 4311
1752012214821 3329.53173828125 4312
1752012215772 3214.42333984375 4313
1752012216722 3610.303955078125 4314
1752012217674 3326.73486328125 4315
1752012218625 3029.1865234375 4316
1752012219579 2977.1162109375 4317
1752012220532 3348.72021484375 4318
1752012221484 2038.6722412109375 4319
1752012222434 9014.099609375 4320
1752012223386 3774.56201171875 4321
1752012224336 2971.182373046875 4322
1752012225299 3270.750244140625 4323
1752012226254 5485.56494140625 4324
1752012227210 9209.3173828125 4325
1752012228162 5552.8984375 4326
1752012229152 2628.1240234375 4327
1752012230145 2771.44287109375 4328
1752012231123 2720.31201171875 4329
1752012232076 3058.9423828125 4330
1752012233025 2998.7197265625 4331
1752012233974 2282.9140625 4332
1752012234923 2632.89697265625 4333
1752012235877 1778.77880859375 4334
1752012236829 2448.05078125 4335
1752012237777 3157.81005859375 4336
1752012238727 3268.94384765625 4337
1752012239681 2702.68994140625 4338
1752012240640 2795.23583984375 4339
1752012241595 3394.997314453125 4340
1752012242544 2705.2177734375 4341
1752012243497 5250.1708984375 4342
1752012244449 2113.548828125 4343
1752012245402 1862.13330078125 4344
1752012246350 4534.7197265625 4345
1752012247301 2368.171875 4346
1752012248253 1800.830322265625 4347
1752012249205 1920.1055908203125 4348
1752012250160 2603.02197265625 4349
1752012251109 2522.87841796875 4350
1752012252061 3020.868408203125 4351
1752012253013 2925.489990234375 4352
1752012253963 1922.986572265625 4353
1752012254915 2320.75732421875 4354
1752012255866 2659.94775390625 4355
1752012256815 2961.001953125 4356
1752012257763 2226.738525390625 4357
1752012258726 1948.6982421875 4358
1752012259679 4183.6005859375 4359
1752012260639 1701.077880859375 4360
1752012261599 3293.9873046875 4361
1752012262549 2499.458984375 4362
1752012263502 2524.12646484375 4363
1752012264455 4842.1953125 4364
1752012265402 3048.6123046875 4365
1752012266352 2777.67041015625 4366
1752012267300 1973.969482421875 4367
1752012268251 3026.790283203125 4368
1752012269199 2974.36962890625 4369
1752012270147 2853.6572265625 4370
1752012271095 7801.7255859375 4371
1752012272044 2970.07080078125 4372
1752012272996 3799.61474609375 4373
1752012273947 2440.626708984375 4374
1752012274898 3374.71533203125 4375
1752012275850 2047.692626953125 4376
1752012277385 2762.545166015625 4377
1752012278336 4613.76953125 4378
1752012279287 2022.580078125 4379
1752012280241 2974.7109375 4380
1752012281196 4839.39599609375 4381
1752012282147 2930.97314453125 4382
1752012283100 1659.5589599609375 4383
1752012284051 2167.15185546875 4384
1752012285007 10482.591796875 4385
1752012285956 2830.986328125 4386
1752012286910 3676.828125 4387
1752012287864 5638.5341796875 4388
1752012288848 4358.376953125 4389
1752012289839 2014.599609375 4390
1752012290810 2698.0205078125 4391
1752012291766 2293.586181640625 4392
1752012292725 4088.26123046875 4393
1752012293682 2426.689453125 4394
1752012294632 6641.47119140625 4395
1752012295584 2827.94970703125 4396
1752012296528 3192.50927734375 4397
1752012297482 3296.626953125 4398
1752012298437 2823.8994140625 4399
1752012299389 2298.24462890625 4400
1752012300347 2193.072998046875 4401
1752012301314 2644.619384765625 4402
1752012302267 1866.7757568359375 4403
1752012303220 3181.87548828125 4404
1752012304170 2416.716796875 4405
1752012305126 2953.5185546875 4406
1752012306078 1789.796142578125 4407
1752012307026 2161.77197265625 4408
1752012307978 2017.3642578125 4409
1752012308940 3596.476806640625 4410
1752012309893 3292.19873046875 4411
1752012310844 1530.278076171875 4412
1752012311793 2619.221923828125 4413
1752012312744 2404.2236328125 4414
1752012313692 2475.6328125 4415
1752012314645 2938.968505859375 4416
1752012315595 1638.162109375 4417
1752012316544 2110.326171875 4418
1752012317495 2398.117919921875 4419
1752012318448 2551.87646484375 4420
1752012319398 10682.8154296875 4421
1752012320348 2592.560546875 4422
1752012321296 4414.65087890625 4423
1752012322244 2402.60107421875 4424
1752012323193 1922.94775390625 4425
1752012324145 2685.79296875 4426
1752012325104 2174.29638671875 4427
1752012326053 3090.466796875 4428
1752012327005 1629.3226318359375 4429
1752012327960 3089.07763671875 4430
1752012328906 2896.302734375 4431
1752012329858 2531.42578125 4432
1752012330813 2790.49169921875 4433
1752012331766 2261.2109375 4434
1752012332718 2822.4892578125 4435
1752012333696 2185.89892578125 4436
1752012334674 3442.560546875 4437
1752012335672 2162.01611328125 4438
1752012336625 3807.883544921875 4439
1752012337573 2976.263671875 4440
1752012338525 1951.0908203125 4441
1752012339473 2475.43115234375 4442
1752012340424 2158.01318359375 4443
1752012341374 2297.079833984375 4444
1752012342326 1454.200927734375 4445
1752012343273 2660.85009765625 4446
1752012344225 3007.25244140625 4447
1752012345174 1712.196044921875 4448
1752012346125 5539.2880859375 4449
1752012347071 3023.052734375 4450
1752012348025 2952.308349609375 4451
1752012348975 1938.216552734375 4452
1752012349927 2455.74169921875 4453
1752012350878 1572.966064453125 4454
1752012351828 1967.565673828125 4455
1752012352784 2738.84375 4456
1752012353732 1533.8724365234375 4457
1752012354683 2152.6015625 4458
1752012355632 1204.5927734375 4459
1752012356583 1784.2510986328125 4460
1752012357538 8310.419921875 4461
1752012358489 2376.439453125 4462
1752012359439 2482.85888671875 4463
1752012360389 2393.451171875 4464
1752012361343 2363.24072265625 4465
1752012362292 2341.26806640625 4466
1752012363244 2898.17138671875 4467
1752012364192 2228.844970703125 4468
1752012365141 3289.83642578125 4469
1752012366090 2598.837890625 4470
1752012367040 2969.118896484375 4471
1752012367993 2922.435791015625 4472
1752012368944 4181.4736328125 4473
1752012369897 2220.6572265625 4474
1752012370846 2692.83203125 4475
1752012371798 2619.47265625 4476
1752012372759 2139.613525390625 4477
1752012373711 3031.134765625 4478
1752012374661 3785.51904296875 4479
1752012375613 1504.933837890625 4480
1752012376562 1798.3433837890625 4481
1752012377513 2002.622314453125 4482
1752012378468 1948.7012939453125 4483
1752012379419 2227.68994140625 4484
1752012380372 2615.7470703125 4485
1752012381320 2622.3017578125 4486
1752012382270 2917.31103515625 4487
1752012383219 3477.637939453125 4488
1752012384170 2055.76220703125 4489
1752012385115 3073.43603515625 4490
1752012386068 2423.0185546875 4491
1752012387022 1604.8475341796875 4492
1752012387974 1868.214599609375 4493
1752012388928 2527.8349609375 4494
1752012389878 1762.22705078125 4495
1752012390833 3228.1357421875 4496
1752012391786 2202.21484375 4497
1752012392737 1809.630615234375 4498
1752012393689 1318.68798828125 4499
1752012394638 3312.00830078125 4500
1752012395589 1885.074951171875 4501
1752012397117 2203.5888671875 4502
1752012398065 2013.271240234375 4503
1752012399019 2098.25927734375 4504
1752012399970 6252.19921875 4505
1752012400924 1806.393310546875 4506
1752012401874 2517.10546875 4507
1752012402823 2716.03662109375 4508
1752012403778 2361.07568359375 4509
1752012404729 3096.22509765625 4510
1752012405682 2879.79296875 4511
1752012406631 2046.165771484375 4512
1752012407583 2293.5283203125 4513
1752012408543 3293.490234375 4514
1752012409531 3607.84912109375 4515
1752012410517 2905.8388671875 4516
1752012411471 2399.73193359375 4517
1752012412427 2561.630615234375 4518
1752012413379 2855.410888671875 4519
1752012414329 3673.1376953125 4520
1752012415286 4667.7998046875 4521
1752012416244 9050.2314453125 4522
1752012417203 1964.6153564453125 4523
1752012418163 2720.763671875 4524
1752012419122 4316.708984375 4525
1752012420073 3161.62109375 4526
1752012421032 2144.71630859375 4527
1752012421982 3157.667724609375 4528
1752012422934 2936.2021484375 4529
1752012423884 2945.736328125 4530
1752012424836 2481.51318359375 4531
1752012425787 2243.10595703125 4532
1752012426738 2918.529296875 4533
1752012427689 2369.456298828125 4534
1752012428642 1764.8482666015625 4535
1752012429592 2716.283203125 4536
1752012430541 2382.994384765625 4537
1752012431490 6057.53125 4538
1752012432442 4550.8916015625 4539
1752012433393 2637.208984375 4540
1752012434343 1898.383056640625 4541
1752012435292 1829.041015625 4542
1752012436244 2795.103515625 4543
1752012437201 2790.5380859375 4544
1752012438153 1768.4423828125 4545
1752012439115 3407.434814453125 4546
1752012440071 2449.089599609375 4547
1752012441021 6510.7294921875 4548
1752012441972 3064.94970703125 4549
1752012442928 1784.72900390625 4550
1752012443889 2117.659912109375 4551
1752012444840 2471.39013671875 4552
1752012445791 1937.422119140625 4553
1752012446742 1782.24853515625 4554
1752012447692 2384.92041015625 4555
1752012448646 1291.785888671875 4556
1752012449595 2076.48681640625 4557
1752012450545 2883.093505859375 4558
1752012451497 2244.44580078125 4559
1752012452448 2393.946044921875 4560
1752012453402 2680.042724609375 4561
1752012454353 2064.35791015625 4562
1752012455306 2190.041015625 4563
1752012456259 1949.312744140625 4564
1752012457211 2017.966064453125 4565
1752012458163 3835.884033203125 4566
1752012459114 1758.48291015625 4567
1752012460066 1957.5565185546875 4568
1752012461018 2259.431640625 4569
1752012461971 7962.95263671875 4570
1752012462923 2103.593017578125 4571
1752012463872 1423.3330078125 4572
1752012464822 2631.99755859375 4573
1752012465776 2142.53173828125 4574
1752012466728 2664.3134765625 4575
1752012467680 20447.484375 4576
1752012468632 1818.359130859375 4577
1752012469589 2287.1630859375 4578
1752012470540 1486.312744140625 4579
1752012471490 2274.368896484375 4580
1752012472443 2175.89208984375 4581
1752012473391 1916.3077392578125 4582
1752012474340 2210.40185546875 4583
1752012475288 1830.91015625 4584
1752012476242 4994.40478515625 4585
1752012477198 2437.903076171875 4586
1752012478147 1819.8887939453125 4587
1752012479097 1875.84521484375 4588
1752012480050 3315.463623046875 4589
1752012481007 2508.720947265625 4590
1752012481959 2230.3984375 4591
1752012482906 4565.009765625 4592
1752012483856 3165.5546875 4593
1752012484804 1753.2369384765625 4594
1752012485756 3385.2919921875 4595
1752012486707 1604.31298828125 4596
1752012487672 2331.885009765625 4597
1752012488633 2978.96826171875 4598
1752012489584 1734.7210693359375 4599
1752012490533 2222.32568359375 4600
1752012491482 3280.6220703125 4601
1752012492434 1828.073486328125 4602
1752012493390 1901.947265625 4603
1752012494340 3408.41015625 4604
1752012495291 1769.604248046875 4605
1752012496241 3311.7861328125 4606
1752012497188 1393.2265625 4607
1752012498139 4176.2626953125 4608
1752012499090 1607.5985107421875 4609
1752012500044 2375.0341796875 4610
1752012500991 1658.12646484375 4611
1752012501942 3236.2099609375 4612
1752012502889 1704.660400390625 4613
1752012503840 1906.1522216796875 4614
1752012504788 2017.4771728515625 4615
1752012505738 1860.03369140625 4616
1752012506686 2454.91259765625 4617
1752012507643 2052.426025390625 4618
1752012508594 2038.927978515625 4619
1752012509549 2353.79541015625 4620
1752012510505 2531.9326171875 4621
1752012511458 1820.0673828125 4622
1752012512410 2751.831298828125 4623
1752012513361 2376.95849609375 4624
1752012514312 2170.1640625 4625
1752012515264 2461.0068359375 4626
1752012516798 1550.011962890625 4627
1752012517749 3997.7451171875 4628
1752012518696 1542.0479736328125 4629
1752012519647 2385.9267578125 4630
1752012520620 1730.7022705078125 4631
1752012521606 2811.787109375 4632
1752012522596 2615.1640625 4633
1752012523551 2402.927734375 4634
1752012524504 1252.5048828125 4635
1752012525459 1702.034423828125 4636
1752012526409 1878.31298828125 4637
1752012527361 1731.812744140625 4638
1752012528315 4084.4404296875 4639
1752012529266 1394.45703125 4640
1752012530217 2845.6240234375 4641
1752012531168 1712.96630859375 4642
1752012532117 1674.611083984375 4643
1752012533068 2243.5517578125 4644
1752012534027 2917.95166015625 4645
1752012534979 1928.69873046875 4646
1752012535934 2004.681640625 4647
1752012536886 1559.79833984375 4648
1752012537838 1425.272216796875 4649
1752012538789 1636.522216796875 4650
1752012539741 1735.4669189453125 4651
1752012540701 20156.5078125 4652
1752012541658 1742.1563720703125 4653
1752012542612 2840.21630859375 4654
1752012543563 2727.857177734375 4655
1752012544513 2435.15673828125 4656
1752012545464 2010.2174072265625 4657
1752012546415 2625.46435546875 4658
1752012547373 1578.678955078125 4659
1752012548326 2315.76513671875 4660
1752012549277 2014.3280029296875 4661
1752012550232 1727.4287109375 4662
1752012551179 1898.398681640625 4663
1752012552139 4759.66015625 4664
1752012553088 3169.47607421875 4665
1752012554043 1783.06884765625 4666
1752012555007 2590.95166015625 4667
1752012555957 3934.888671875 4668
1752012556908 1569.4039306640625 4669
1752012557867 2533.85498046875 4670
1752012558817 2073.284912109375 4671
1752012559769 3252.7705078125 4672
1752012560718 1841.3543701171875 4673
1752012561669 2774.90478515625 4674
1752012562618 3531.79052734375 4675
1752012563566 4261.92041015625 4676
1752012564516 2843.690185546875 4677
1752012565468 1760.068359375 4678
1752012566419 2163.9716796875 4679
1752012567368 1692.9130859375 4680
1752012568324 2636.492431640625 4681
1752012569275 3124.3408203125 4682
1752012570233 3128.31884765625 4683
1752012571185 5149.8857421875 4684
1752012572139 2114.784912109375 4685
1752012573091 1779.058837890625 4686
1752012574044 2827.02783203125 4687
1752012575008 3300.34814453125 4688
1752012575963 2244.16015625 4689
1752012576911 1947.9013671875 4690
1752012577863 1479.8681640625 4691
1752012578811 2210.9990234375 4692
1752012579767 2382.32275390625 4693
1752012580730 1628.031005859375 4694
1752012581682 1520.14404296875 4695
1752012582632 2184.228271484375 4696
1752012583582 1870.3857421875 4697
1752012584530 18596.59375 4698
1752012585482 2796.10986328125 4699
1752012586431 2892.158935546875 4700
1752012587384 5637.8271484375 4701
1752012588349 2596.53857421875 4702
1752012589337 3337.389404296875 4703
1752012590326 2441.40673828125 4704
1752012591281 3126.369140625 4705
1752012592236 2357.82080078125 4706
1752012593203 5687.5546875 4707
1752012594154 1910.24951171875 4708
1752012595105 2987.926025390625 4709
1752012596054 2520.12451171875 4710
1752012597005 7427.0419921875 4711
1752012597954 4324.302734375 4712
1752012598908 2451.041015625 4713
1752012599860 3853.0908203125 4714
1752012600822 3532.4013671875 4715
1752012601782 2887.63671875 4716
1752012602736 2194.48974609375 4717
1752012603686 3172.208984375 4718
1752012604632 2993.0712890625 4719
1752012605582 2387.86279296875 4720
1752012606538 2901.947021484375 4721
1752012607491 2836.154296875 4722
1752012608454 1869.03564453125 4723
1752012609409 1977.3939208984375 4724
1752012610360 2649.14697265625 4725
1752012611313 2161.03271484375 4726
1752012612264 5061.09228515625 4727
1752012613215 3904.3701171875 4728
1752012614166 2122.552490234375 4729
1752012615118 3102.362060546875 4730
1752012616070 2303.73095703125 4731
1752012617025 2239.806640625 4732
1752012617973 2292.25341796875 4733
1752012618926 1851.2823486328125 4734
1752012619882 1484.893310546875 4735
1752012620830 2548.390380859375 4736
1752012621781 1462.7685546875 4737
1752012622738 1729.442626953125 4738
1752012623693 2331.28662109375 4739
1752012624643 1675.4189453125 4740
1752012625607 1433.7789306640625 4741
1752012626557 4105.37109375 4742
1752012627509 1244.8419189453125 4743
1752012628457 3581.4609375 4744
1752012629412 2243.323974609375 4745
1752012630366 3382.477294921875 4746
1752012631317 10371.783203125 4747
1752012632271 2507.45458984375 4748
1752012633221 2322.2763671875 4749
1752012634169 12374.90625 4750
1752012635123 2095.241455078125 4751
1752012636657 3384.955078125 4752
1752012637611 2355.017822265625 4753
1752012638566 2169.82763671875 4754
1752012639519 1514.3326416015625 4755
1752012640469 1737.486572265625 4756
1752012641424 1999.7716064453125 4757
1752012642376 2713.17041015625 4758
1752012643327 1292.860595703125 4759
1752012644286 2027.6031494140625 4760
1752012645237 27539.466796875 4761
1752012646186 2132.6181640625 4762
1752012647144 4371.75537109375 4763
1752012648098 2248.340087890625 4764
1752012649098 3935.322265625 4765
1752012650084 14890.55078125 4766
1752012651048 3099.919189453125 4767
1752012651995 2062.6513671875 4768
1752012652946 3269.8154296875 4769
1752012653904 1950.4630126953125 4770
1752012654854 4249.421875 4771
1752012655811 2420.61181640625 4772
1752012656769 3282.75048828125 4773
1752012657720 4714.203125 4774
1752012658675 3252.1708984375 4775
1752012659622 2432.423095703125 4776
1752012660576 2059.453857421875 4777
1752012661534 12573.14453125 4778
1752012662485 2282.89892578125 4779
1752012663440 1844.54150390625 4780
1752012664392 2326.8427734375 4781
1752012665344 2404.088623046875 4782
1752012666298 6635.9541015625 4783
1752012667260 1758.9847412109375 4784
1752012668215 2347.3330078125 4785
1752012669160 2130.20947265625 4786
1752012670110 1852.83447265625 4787
1752012671072 2143.16015625 4788
1752012672026 2742.91552734375 4789
1752012672978 2260.78759765625 4790
1752012673926 3122.824462890625 4791
1752012674878 1525.388671875 4792
1752012675826 3146.72900390625 4793
1752012676785 1828.976806640625 4794
1752012677735 1906.7508544921875 4795
1752012678685 1496.450439453125 4796
1752012679635 1508.193359375 4797
1752012680590 5776.38427734375 4798
1752012681539 3302.058837890625 4799
1752012682488 1963.9444580078125 4800
1752012683439 1812.9007568359375 4801
1752012684392 2674.380126953125 4802
1752012685343 2003.9525146484375 4803
1752012686298 3202.95068359375 4804
1752012687250 1572.536865234375 4805
1752012688205 1964.0543212890625 4806
1752012689154 3270.5625 4807
1752012690104 2504.917236328125 4808
1752012691050 2883.448974609375 4809
1752012692003 1958.095947265625 4810
1752012692949 3933.189453125 4811
1752012693901 3080.2998046875 4812
1752012694854 2710.2958984375 4813
1752012695805 2287.656005859375 4814
1752012696760 3510.79736328125 4815
1752012697709 4266.6005859375 4816
1752012698660 1914.8858642578125 4817
1752012699636 2514.009765625 4818
1752012700615 2436.089599609375 4819
1752012701608 2046.3665771484375 4820
1752012702558 1770.2088623046875 4821
1752012703507 1765.27783203125 4822
1752012704460 2839.2021484375 4823
1752012705422 1854.6063232421875 4824
1752012706372 1286.58642578125 4825
1752012707326 1576.70361328125 4826
1752012708281 2250.39501953125 4827
1752012709234 2628.8330078125 4828
1752012710184 2058.15576171875 4829
1752012711134 2059.724853515625 4830
1752012712084 1667.346435546875 4831
1752012713036 2805.20166015625 4832
1752012713985 3242.265380859375 4833
1752012714936 2432.42333984375 4834
1752012715887 4614.46484375 4835
1752012716837 2107.33642578125 4836
1752012717786 3263.957763671875 4837
1752012718736 1834.072998046875 4838
1752012719690 1522.522216796875 4839
1752012720645 2531.59765625 4840
1752012721598 2295.56982421875 4841
1752012722549 1287.09814453125 4842
1752012723497 1865.5677490234375 4843
1752012724452 1418.40673828125 4844
1752012725399 2371.08203125 4845
1752012726354 1730.0743408203125 4846
1752012727301 2671.81884765625 4847
1752012728253 3764.002197265625 4848
1752012729202 1972.905517578125 4849
1752012730155 1328.080078125 4850
1752012731105 2309.9501953125 4851
1752012732055 3539.7236328125 4852
1752012733004 1807.9295654296875 4853
1752012733956 2014.7469482421875 4854
1752012734912 2014.0670166015625 4855
1752012735867 2598.27197265625 4856
1752012736822 1864.127197265625 4857
1752012737773 2044.2752685546875 4858
1752012738728 2093.956298828125 4859
1752012739678 1531.4072265625 4860
1752012740630 1988.325927734375 4861
1752012741590 1244.1312255859375 4862
1752012742546 2234.50244140625 4863
1752012743507 2038.1162109375 4864
1752012744465 6184.0703125 4865
1752012745412 2120.263671875 4866
1752012746363 1892.5421142578125 4867
1752012747312 1778.9097900390625 4868
1752012748267 2454.39404296875 4869
1752012749219 2454.8876953125 4870
1752012750172 2088.408935546875 4871
1752012751133 1719.71630859375 4872
1752012752082 1890.585693359375 4873
1752012753043 1467.5606689453125 4874
1752012753988 1783.9453125 4875
1752012754944 3228.22265625 4876
1752012756511 1456.86279296875 4877
1752012757473 2380.3271484375 4878
1752012758433 1417.499755859375 4879
1752012759388 2012.73876953125 4880
1752012760340 2187.348876953125 4881
1752012761297 2545.711181640625 4882
1752012762254 1570.57080078125 4883
1752012763204 1652.42333984375 4884
1752012764166 2191.340576171875 4885
1752012765120 1513.835693359375 4886
1752012766074 3780.779296875 4887
1752012767028 3929.306640625 4888
1752012767979 1804.149658203125 4889
1752012768970 3580.860107421875 4890
1752012769950 1211.462158203125 4891
1752012770918 2379.03955078125 4892
1752012771870 1816.24609375 4893
1752012772817 5018.24560546875 4894
1752012773766 1806.364501953125 4895
1752012774718 1877.736572265625 4896
1752012775674 1905.5474853515625 4897
1752012776625 1442.19384765625 4898
1752012777580 1663.1114501953125 4899
1752012778531 5342.8349609375 4900
1752012779483 1670.69482421875 4901
1752012780434 1871.89013671875 4902
1752012781389 1787.278564453125 4903
1752012782340 2027.8819580078125 4904
1752012783290 1876.1922607421875 4905
1752012784242 1731.0888671875 4906
1752012785192 1498.292724609375 4907
1752012786139 2000.0625 4908
1752012787086 1439.217529296875 4909
1752012788046 1710.7149658203125 4910
1752012788997 1917.8297119140625 4911
1752012789953 1524.275390625 4912
1752012790906 1473.06103515625 4913
1752012791855 1662.976318359375 4914
1752012792804 4869.189453125 4915
1752012793751 1782.3392333984375 4916
1752012794704 2181.35595703125 4917
1752012795654 1507.6982421875 4918
1752012796606 1995.328857421875 4919
1752012797554 1856.2357177734375 4920
1752012798506 1648.717041015625 4921
1752012799451 1938.4228515625 4922
1752012800408 1505.6771240234375 4923
1752012801357 1482.162841796875 4924
1752012802311 1299.1337890625 4925
1752012803264 1815.7803955078125 4926
1752012804217 1239.5771484375 4927
1752012805170 2149.7060546875 4928
1752012806122 2913.118408203125 4929
1752012807073 3654.810302734375 4930
1752012808039 1791.621337890625 4931
1752012808993 15460.3330078125 4932
1752012809942 1912.3671875 4933
1752012810896 1710.19140625 4934
1752012811848 1947.0238037109375 4935
1752012812802 1721.699951171875 4936
1752012813751 3338.868896484375 4937
1752012814704 2573.6904296875 4938
1752012815662 2913.32275390625 4939
1752012816616 1595.96044921875 4940
1752012817572 1793.10888671875 4941
1752012818522 2020.9830322265625 4942
1752012819476 2486.465576171875 4943
1752012820436 2091.354736328125 4944
1752012821398 2011.166748046875 4945
1752012822354 1531.0289306640625 4946
1752012823317 1672.48583984375 4947
1752012824282 1292.11962890625 4948
1752012825236 2024.4190673828125 4949
1752012826191 1975.12255859375 4950
1752012827144 1542.1031494140625 4951
1752012828096 2429.178466796875 4952
1752012829086 2473.00390625 4953
1752012830069 1858.5687255859375 4954
1752012831048 3180.92919921875 4955
1752012832002 1404.5220947265625 4956
1752012832954 1491.0634765625 4957
1752012833905 2118.3671875 4958
1752012834853 1658.59033203125 4959
1752012835807 1212.581298828125 4960
1752012836759 1223.011962890625 4961
1752012837712 1270.173095703125 4962
1752012838658 1896.0013427734375 4963
1752012839609 2116.227294921875 4964
1752012840564 1534.611083984375 4965
1752012841521 1550.8328857421875 4966
1752012842474 1505.8150634765625 4967
1752012843428 4903.48193359375 4968
1752012844377 1316.031494140625 4969
1752012845332 1615.813232421875 4970
1752012846278 2500.25244140625 4971
1752012847229 1874.8841552734375 4972
1752012848178 7083.5595703125 4973
1752012849127 1773.89111328125 4974
1752012850078 1028.7774658203125 4975
1752012851027 1398.91845703125 4976
1752012851980 3751.190673828125 4977
1752012852932 1894.1455078125 4978
1752012853883 2109.806640625 4979
1752012854834 1384.7186279296875 4980
1752012855786 1181.350341796875 4981
1752012856736 2155.231689453125 4982
1752012857688 6044.8603515625 4983
1752012858648 1493.953857421875 4984
1752012859597 1094.0872802734375 4985
1752012860547 1601.6387939453125 4986
1752012861498 2013.635498046875 4987
1752012862464 2033.4775390625 4988
1752012863422 1640.965087890625 4989
1752012864387 1888.41552734375 4990
1752012865339 5315.7236328125 4991
1752012866296 1437.586181640625 4992
1752012867242 1588.6778564453125 4993
1752012868201 1851.49658203125 4994
1752012869155 1859.2646484375 4995
1752012870108 1654.005126953125 4996
1752012871059 1648.5850830078125 4997
1752012872006 1351.8067626953125 4998
1752012872959 2167.28955078125 4999
1752012873919 2135.389892578125 5000
1752012874881 2238.288330078125 5001
1752012876417 1358.35791015625 5002
1752012877368 1315.8623046875 5003
1752012878334 3327.8271484375 5004
1752012879280 2242.939697265625 5005
1752012880236 1427.2548828125 5006
1752012881193 2164.06689453125 5007
1752012882155 1661.6473388671875 5008
1752012883123 1507.2637939453125 5009
1752012884076 1917.723388671875 5010
1752012885041 1791.3626708984375 5011
1752012885993 1696.126953125 5012
1752012886945 3382.33154296875 5013
1752012887897 1750.741943359375 5014
1752012888849 2249.423828125 5015
1752012889799 1749.22314453125 5016
1752012890754 1833.420654296875 5017
1752012891706 2074.30029296875 5018
1752012892681 2881.4287109375 5019
1752012893665 2348.780029296875 5020
1752012894653 2019.2451171875 5021
1752012895603 2340.0341796875 5022
1752012896555 1624.571533203125 5023
1752012897507 2540.033447265625 5024
1752012898459 20987.5234375 5025
1752012899414 1792.8514404296875 5026
1752012900368 1631.040283203125 5027
1752012901326 1735.6466064453125 5028
1752012902286 2657.519775390625 5029
1752012903237 2434.0849609375 5030
1752012904189 2482.86669921875 5031
1752012905145 1969.177734375 5032
1752012906103 2452.8837890625 5033
1752012907061 2092.367919921875 5034
1752012908009 1437.0010986328125 5035
1752012908959 2295.11279296875 5036
1752012909911 3930.8603515625 5037
1752012910862 3253.995849609375 5038
1752012911816 1651.121826171875 5039
1752012912774 1489.423095703125 5040
1752012913733 2679.1416015625 5041
1752012914684 1441.0343017578125 5042
1752012915635 1590.85693359375 5043
1752012916593 2354.64306640625 5044
1752012917546 1955.58349609375 5045
1752012918496 2512.665771484375 5046
1752012919449 1733.8546142578125 5047
1752012920398 3309.873046875 5048
1752012921353 1448.073486328125 5049
1752012922304 2207.357177734375 5050
1752012923254 1879.8465576171875 5051
1752012924208 2349.6376953125 5052
1752012925159 2198.197998046875 5053
1752012926115 1416.83544921875 5054
1752012927068 3095.88916015625 5055
1752012928019 1469.099853515625 5056
1752012928971 2031.746337890625 5057
1752012929925 1693.27197265625 5058
1752012930877 1555.1484375 5059
1752012931827 1664.943115234375 5060
1752012932780 1883.010009765625 5061
1752012933726 2655.69921875 5062
1752012934674 1874.22265625 5063
1752012935630 1501.86083984375 5064
1752012936586 1936.4219970703125 5065
1752012937550 2124.712890625 5066
1752012938505 1180.251708984375 5067
1752012939459 1785.7691650390625 5068
1752012940412 1592.6129150390625 5069
1752012941363 3828.572509765625 5070
1752012942313 1867.2784423828125 5071
1752012943262 3003.738525390625 5072
1752012944213 1622.642578125 5073
1752012945162 5789.8154296875 5074
1752012946118 1256.925048828125 5075
1752012947070 18698.525390625 5076
1752012948021 1279.7265625 5077
1752012949015 2127.068603515625 5078
1752012949996 2888.853515625 5079
1752012950965 1985.878662109375 5080
1752012951920 2792.43701171875 5081
1752012952870 1471.3590087890625 5082
1752012953816 2166.9033203125 5083
1752012954769 2422.53466796875 5084
1752012955723 3214.555908203125 5085
1752012956676 1604.431396484375 5086
1752012957627 1285.8404541015625 5087
1752012958584 1241.5081787109375 5088
1752012959546 1704.037109375 5089
1752012960499 4458.978515625 5090
1752012961456 2169.596435546875 5091
1752012962406 1761.1591796875 5092
1752012963356 2263.76611328125 5093
1752012964306 3558.359375 5094
1752012965259 2105.296630859375 5095
1752012966210 1056.2486572265625 5096
1752012967167 1647.1260986328125 5097
1752012968118 2466.738525390625 5098
1752012969070 2192.17724609375 5099
1752012970020 1536.0723876953125 5100
1752012970973 14753.763671875 5101
1752012971922 2102.691650390625 5102
1752012972874 1214.926025390625 5103
1752012973830 2388.46728515625 5104
1752012974781 1562.6900634765625 5105
1752012975730 2327.623046875 5106
1752012976680 1963.2158203125 5107
1752012977630 1904.0616455078125 5108
1752012978586 1386.7147216796875 5109
1752012979538 1447.5771484375 5110
1752012980493 1833.924560546875 5111
1752012981446 1879.501708984375 5112
1752012982394 2538.449462890625 5113
1752012983344 12608.6083984375 5114
1752012984295 2469.693115234375 5115
1752012985254 5381.5244140625 5116
1752012986205 2911.328857421875 5117
1752012987164 13959.056640625 5118
1752012988115 2497.9521484375 5119
1752012989068 1976.5478515625 5120
1752012990031 1498.581298828125 5121
1752012990992 3242.182861328125 5122
1752012991940 2857.67333984375 5123
1752012992897 1375.479736328125 5124
1752012993845 3715.236328125 5125
1752012994796 1525.1328125 5126
1752012996425 4275.54931640625 5127
1752012997380 1414.3695068359375 5128
1752012998330 1700.7613525390625 5129
1752012999282 2715.592041015625 5130
1752013000228 2739.833984375 5131
1752013001180 3860.0185546875 5132
1752013002136 1578.5721435546875 5133
1752013003089 2171.8759765625 5134
1752013004040 1868.16943359375 5135
1752013005000 1521.053466796875 5136
1752013005952 1941.796142578125 5137
1752013006905 1395.012451171875 5138
1752013007858 2948.1572265625 5139
1752013008815 2152.150390625 5140
1752013009764 2195.540283203125 5141
1752013010717 1767.8780517578125 5142
1752013011670 1181.5501708984375 5143
1752013012619 1235.2564697265625 5144
1752013013568 1910.9495849609375 5145
1752013014514 2558.36474609375 5146
1752013015465 2528.3037109375 5147
1752013016435 1109.5892333984375 5148
1752013017415 1910.838623046875 5149
1752013018411 2198.98876953125 5150
1752013019366 25327.962890625 5151
1752013020321 1400.970703125 5152
1752013021290 2327.68701171875 5153
1752013022249 2121.47216796875 5154
1752013023200 2390.038330078125 5155
1752013024153 6331.08203125 5156
1752013025104 3775.059326171875 5157
1752013026054 2924.59033203125 5158
1752013027005 2490.219970703125 5159
1752013027967 2677.96142578125 5160
1752013028923 4767.64453125 5161
1752013029882 1833.650146484375 5162
1752013030829 3255.188720703125 5163
1752013031780 3003.1923828125 5164
1752013032732 3354.111572265625 5165
1752013033682 2500.908935546875 5166
1752013034632 2402.1572265625 5167
1752013035586 1718.048095703125 5168
1752013036534 1753.1539306640625 5169
1752013037487 2715.361572265625 5170
1752013038446 2805.09228515625 5171
1752013039397 1471.750732421875 5172
1752013040346 1883.66015625 5173
1752013041296 1149.771240234375 5174
1752013042247 7864.1376953125 5175
1752013043199 1711.72607421875 5176
1752013044154 3013.87646484375 5177
1752013045106 3856.9833984375 5178
1752013046059 2170.875 5179
1752013047016 2002.9200439453125 5180
1752013047966 1747.81591796875 5181
1752013048923 3297.017578125 5182
1752013049876 3431.225341796875 5183
1752013050825 2332.012451171875 5184
1752013051774 1645.27490234375 5185
1752013052720 2015.4853515625 5186
1752013053675 1184.8077392578125 5187
1752013054630 1497.7481689453125 5188
1752013055589 7989.94384765625 5189
1752013056543 1784.9886474609375 5190
1752013057494 2202.9404296875 5191
1752013058446 1449.734130859375 5192
1752013059396 2006.819091796875 5193
1752013060348 3393.03125 5194
1752013061296 1397.7322998046875 5195
1752013062251 3517.486328125 5196
1752013063200 1898.9913330078125 5197
1752013064150 7131.02099609375 5198
1752013065103 1734.39111328125 5199
1752013066091 1671.62158203125 5200
1752013067072 1582.4849853515625 5201
1752013068041 2178.36376953125 5202
1752013068989 3069.811767578125 5203
1752013069940 30438.580078125 5204
1752013070888 1483.10888671875 5205
1752013071838 1860.57568359375 5206
1752013072792 1388.64404296875 5207
1752013073745 4629.73046875 5208
1752013074694 2390.243408203125 5209
1752013075645 2154.77734375 5210
1752013076597 1707.634521484375 5211
1752013077548 1620.38427734375 5212
1752013078495 1409.176513671875 5213
1752013079446 1277.753173828125 5214
1752013080396 1435.196533203125 5215
1752013081353 1456.9947509765625 5216
1752013082307 2625.811767578125 5217
1752013083255 2769.9560546875 5218
1752013084208 2412.17529296875 5219
1752013085158 2869.9052734375 5220
1752013086105 1950.217041015625 5221
1752013087048 2518.8916015625 5222
1752013088002 2293.9443359375 5223
1752013088955 1605.2125244140625 5224
1752013089907 2695.7353515625 5225
1752013090859 1272.8154296875 5226
1752013091809 1212.2506103515625 5227
1752013092759 1770.31494140625 5228
1752013093711 2059.363037109375 5229
1752013094660 1319.20458984375 5230
1752013095611 1760.4727783203125 5231
1752013096559 4036.84912109375 5232
1752013097520 1721.224609375 5233
1752013098475 2042.756591796875 5234
1752013099434 1566.5283203125 5235
1752013100386 1925.201416015625 5236
1752013101337 9279.2373046875 5237
1752013102288 6432.3251953125 5238
1752013103247 1473.84326171875 5239
1752013104202 1163.312255859375 5240
1752013105151 1788.738525390625 5241
1752013106103 2049.593017578125 5242
1752013107054 1953.5068359375 5243
1752013108014 1882.95263671875 5244
1752013108976 1644.22216796875 5245
1752013109930 2137.288330078125 5246
1752013110894 1553.51123046875 5247
1752013111853 1841.77587890625 5248
1752013112817 1665.479736328125 5249
1752013113775 1855.918701171875 5250
1752013114728 2070.722412109375 5251
1752013116290 1284.531494140625 5252
1752013117241 1752.4163818359375 5253
1752013118208 1816.50146484375 5254
1752013119159 2611.87158203125 5255
1752013120119 1560.377685546875 5256
1752013121078 2360.0361328125 5257
1752013122035 1906.6583251953125 5258
1752013122989 1671.0050048828125 5259
1752013123944 1107.41650390625 5260
1752013124894 3441.398193359375 5261
1752013125846 1916.35693359375 5262
1752013126794 1870.2666015625 5263
1752013127749 3928.23486328125 5264
1752013128701 1921.58203125 5265
1752013129658 1914.164306640625 5266
1752013130611 1569.2198486328125 5267
1752013131563 2875.275146484375 5268
1752013132514 7639.015625 5269
1752013133466 1821.21923828125 5270
1752013134412 1280.5767822265625 5271
1752013135364 1497.490478515625 5272
1752013136314 2515.3447265625 5273
1752013137265 1463.0523681640625 5274
1752013138216 1992.631103515625 5275
1752013139165 1235.2886962890625 5276
1752013140117 1792.717529296875 5277
1752013141120 1970.3203125 5278
1752013142114 2358.217041015625 5279
1752013143078 2049.973876953125 5280
1752013144030 1468.845947265625 5281
1752013144983 2768.649169921875 5282
1752013145932 1438.4676513671875 5283
1752013146882 2362.244140625 5284
1752013147839 1250.30419921875 5285
1752013148789 1528.397705078125 5286
1752013149739 1477.9266357421875 5287
1752013150688 1484.191650390625 5288
1752013151638 1936.7928466796875 5289
1752013152585 1157.17578125 5290
1752013153537 4070.0791015625 5291
1752013154493 1264.162109375 5292
1752013155445 2108.88037109375 5293
1752013156396 2760.924560546875 5294
1752013157349 1697.7677001953125 5295
1752013158296 1303.422119140625 5296
1752013159246 2232.768798828125 5297
1752013160194 2089.784423828125 5298
1752013161143 1417.9364013671875 5299
1752013162095 1083.843505859375 5300
1752013163044 1968.829345703125 5301
1752013164001 984.3936767578125 5302
1752013164960 3475.8759765625 5303
1752013165919 1580.65185546875 5304
1752013166882 1571.37890625 5305
1752013167842 985.2913818359375 5306
1752013168804 6600.64111328125 5307
1752013169762 2193.442626953125 5308
1752013170718 1273.059814453125 5309
1752013171677 1657.881591796875 5310
1752013172631 3918.94580078125 5311
1752013173596 3297.806396484375 5312
1752013174550 1399.24169921875 5313
1752013175511 1370.119384765625 5314
1752013176474 2075.396484375 5315
1752013177425 1205.798095703125 5316
1752013178377 3675.55322265625 5317
1752013179331 1409.58349609375 5318
1752013180288 1712.4512939453125 5319
1752013181240 2052.56591796875 5320
1752013182198 2457.446533203125 5321
1752013183149 2333.406005859375 5322
1752013184112 1867.824462890625 5323
1752013185070 1423.8017578125 5324
1752013186026 1997.607421875 5325
1752013186980 2325.592529296875 5326
1752013187929 1764.23486328125 5327
1752013188917 2177.042724609375 5328
1752013189894 2745.60205078125 5329
1752013190867 3228.7509765625 5330
1752013191816 2466.548828125 5331
1752013192771 1490.14501953125 5332
1752013193719 1764.6455078125 5333
1752013194669 1741.5916748046875 5334
1752013195620 1869.583740234375 5335
1752013196570 4509.42578125 5336
1752013197523 1435.76611328125 5337
1752013198472 1871.16552734375 5338
1752013199423 5037.810546875 5339
1752013200376 1680.23876953125 5340
1752013201330 1587.401123046875 5341
1752013202284 2181.796630859375 5342
1752013203230 3883.6640625 5343
1752013204179 2372.805419921875 5344
1752013205128 5399.8818359375 5345
1752013206081 1424.66259765625 5346
1752013207030 1920.331787109375 5347
1752013207982 2795.090576171875 5348
1752013208935 3559.611328125 5349
1752013209888 1483.2745361328125 5350
1752013210835 1450.44091796875 5351
1752013211784 3198.27294921875 5352
1752013212736 1618.665283203125 5353
1752013213687 2028.772705078125 5354
1752013214641 1552.34814453125 5355
1752013215594 1633.1702880859375 5356
1752013216544 1234.768798828125 5357
1752013217504 1864.831787109375 5358
1752013218458 1927.1300048828125 5359
1752013219414 2687.7041015625 5360
1752013220374 1172.035888671875 5361
1752013221333 1425.910888671875 5362
1752013222285 1452.0263671875 5363
1752013223236 1425.524658203125 5364
1752013224191 2486.953369140625 5365
1752013225151 2996.6904296875 5366
1752013226102 2861.57470703125 5367
1752013227055 2515.298095703125 5368
1752013228002 1856.06396484375 5369
1752013228957 2336.50634765625 5370
1752013229914 2632.183349609375 5371
1752013230865 1584.68212890625 5372
1752013231818 1918.30908203125 5373
1752013232764 1604.99267578125 5374
1752013233712 2448.47998046875 5375
1752013234662 1314.76806640625 5376
1752013236193 2530.22314453125 5377
1752013237142 992.1710205078125 5378
1752013238095 1453.250732421875 5379
1752013239046 2967.536865234375 5380
1752013239998 2012.7786865234375 5381
1752013240948 1771.806884765625 5382
1752013241897 1564.1259765625 5383
1752013242849 2174.400390625 5384
1752013243799 1439.9571533203125 5385
1752013244752 1793.264892578125 5386
1752013245701 1339.9232177734375 5387
1752013246655 4169.64599609375 5388
1752013247605 2693.1650390625 5389
1752013248553 1197.6053466796875 5390
1752013249506 1076.7528076171875 5391
1752013250458 3221.3515625 5392
1752013251406 1180.253662109375 5393
1752013252356 9332.060546875 5394
1752013253304 1387.8299560546875 5395
1752013254255 1917.0545654296875 5396
1752013255210 2481.44091796875 5397
1752013256165 1512.0931396484375 5398
1752013257118 2486.502685546875 5399
1752013258069 1598.7872314453125 5400
1752013259021 1634.4864501953125 5401
1752013259971 1442.878662109375 5402
1752013260930 3598.41259765625 5403
1752013261886 2849.2998046875 5404
1752013262841 1310.43798828125 5405
1752013263791 1450.4520263671875 5406
1752013264771 2184.0302734375 5407
1752013265743 1002.8720703125 5408
1752013266729 1265.5198974609375 5409
1752013267682 1466.9937744140625 5410
1752013268638 2271.71142578125 5411
1752013269593 4155.244140625 5412
1752013270545 2367.39697265625 5413
1752013271495 2753.08837890625 5414
1752013272444 1653.7840576171875 5415
1752013273393 2051.450927734375 5416
1752013274342 2030.87353515625 5417
1752013275295 2530.809326171875 5418
1752013276247 1301.302978515625 5419
1752013277199 1799.501220703125 5420
1752013278151 1458.2552490234375 5421
1752013279104 2005.507080078125 5422
1752013280057 2348.44189453125 5423
1752013281006 2463.68798828125 5424
1752013281955 1995.5543212890625 5425
1752013282901 2227.617431640625 5426
1752013283853 2725.660888671875 5427
1752013284803 1917.5711669921875 5428
1752013285754 1545.1800537109375 5429
1752013286708 2327.826171875 5430
1752013287660 2094.2587890625 5431
1752013288611 1451.668212890625 5432
1752013289571 2667.40771484375 5433
1752013290523 2482.325439453125 5434
1752013291473 3054.78369140625 5435
1752013292424 1711.51953125 5436
1752013293374 1611.234130859375 5437
1752013294326 1425.2694091796875 5438
1752013295277 1957.123046875 5439
1752013296228 1361.7197265625 5440
1752013297180 2436.66162109375 5441
1752013298134 1282.0638427734375 5442
1752013299085 1504.47509765625 5443
1752013300035 1566.681884765625 5444
1752013300983 1452.0113525390625 5445
1752013301933 1788.111083984375 5446
1752013302889 1495.40576171875 5447
1752013303842 1586.4827880859375 5448
1752013304794 2577.855224609375 5449
1752013305745 2488.623046875 5450
1752013306695 1467.76416015625 5451
1752013307647 1448.8826904296875 5452
1752013308600 1666.810791015625 5453
1752013309574 1976.9637451171875 5454
1752013310553 2022.31689453125 5455
1752013311533 1551.18212890625 5456
1752013312483 1490.2735595703125 5457
1752013313438 1432.23974609375 5458
1752013314387 1542.952880859375 5459
1752013315341 2577.4990234375 5460
1752013316289 1788.60107421875 5461
1752013317237 1423.0679931640625 5462
1752013318188 1583.672607421875 5463
1752013319142 1037.2705078125 5464
1752013320091 1065.149169921875 5465
1752013321052 1543.472412109375 5466
1752013322004 1306.420166015625 5467
1752013322953 1172.3704833984375 5468
1752013323905 1002.8890380859375 5469
1752013324853 3900.662353515625 5470
1752013325803 2121.29833984375 5471
1752013326754 1219.06640625 5472
1752013327703 1489.0419921875 5473
1752013328650 1442.6708984375 5474
1752013329603 3753.855224609375 5475
1752013330557 1907.3345947265625 5476
1752013331505 1387.9254150390625 5477
1752013332454 1104.97021484375 5478
1752013333401 3100.5078125 5479
1752013334353 1848.2674560546875 5480
1752013335305 1965.754150390625 5481
1752013336256 2458.12255859375 5482
1752013337209 1741.2764892578125 5483
1752013338160 1407.3599853515625 5484
1752013339115 1901.488037109375 5485
1752013340075 1708.2080078125 5486
1752013341038 3800.72509765625 5487
1752013341991 1357.5872802734375 5488
1752013342952 3320.847412109375 5489
1752013343911 1957.2562255859375 5490
1752013344862 4850.658203125 5491
1752013345809 2419.58251953125 5492
1752013346761 1387.63525390625 5493
1752013347712 1288.310791015625 5494
1752013348665 1829.18603515625 5495
1752013349615 1196.3341064453125 5496
1752013350574 1132.838134765625 5497
1752013351522 1646.289306640625 5498
1752013352471 1850.6549072265625 5499
1752013353424 2315.11474609375 5500
1752013354371 2548.5517578125 5501
1752013355909 2272.218017578125 5502
1752013356858 1639.971435546875 5503
1752013357809 1336.654296875 5504
1752013358760 1548.711669921875 5505
1752013359713 1416.498291015625 5506
1752013360670 1550.5419921875 5507
1752013361622 5903.12158203125 5508
1752013362571 8470.634765625 5509
1752013363521 1946.002197265625 5510
1752013364480 1832.331298828125 5511
1752013365431 2632.09130859375 5512
1752013366380 2822.79833984375 5513
1752013367330 1855.34765625 5514
1752013368289 1608.24560546875 5515
1752013369241 1732.421142578125 5516
1752013370190 956.1517333984375 5517
1752013371140 1557.5322265625 5518
1752013372103 1268.610107421875 5519
1752013373055 3638.553955078125 5520
1752013374009 1497.499755859375 5521
1752013374960 2457.0595703125 5522
1752013375909 2092.26025390625 5523
1752013376860 1863.178466796875 5524
1752013377809 1243.72265625 5525
1752013378759 2187.410400390625 5526
1752013379709 3258.14013671875 5527
1752013380665 1307.1710205078125 5528
1752013381620 2116.771484375 5529
1752013382569 1127.83349609375 5530
1752013383520 1827.1962890625 5531
1752013384466 1502.3477783203125 5532
1752013385417 1940.4390869140625 5533
1752013386375 1487.547607421875 5534
1752013387325 2242.83984375 5535
1752013388281 2888.48828125 5536
1752013389272 2103.74169921875 5537
1752013390262 1261.66845703125 5538
1752013391217 1260.2509765625 5539
1752013392165 2823.854736328125 5540
1752013393117 6568.9521484375 5541
1752013394070 2062.288818359375 5542
1752013395021 2383.16259765625 5543
1752013395974 1223.01123046875 5544
1752013396923 1600.4407958984375 5545
1752013397874 1873.837890625 5546
1752013398825 2375.298095703125 5547
1752013399776 1270.5263671875 5548
1752013400729 1538.409912109375 5549
1752013401679 1787.183837890625 5550
1752013402631 1739.9930419921875 5551
1752013403581 2002.8939208984375 5552
1752013404530 6284.87890625 5553
1752013405479 2482.677001953125 5554
1752013406428 1737.4228515625 5555
1752013407379 2117.123046875 5556
1752013408335 2806.135986328125 5557
1752013409287 1624.87548828125 5558
1752013410236 2958.431640625 5559
1752013411192 1316.460693359375 5560
1752013412144 2704.9873046875 5561
1752013413095 1817.5458984375 5562
1752013414041 1315.57275390625 5563
1752013414994 1939.5880126953125 5564
1752013415944 1488.0419921875 5565
1752013416898 1473.9813232421875 5566
1752013417847 1583.248779296875 5567
1752013418802 1242.9002685546875 5568
1752013419757 2915.96337890625 5569
1752013420706 8192.357421875 5570
1752013421653 1874.119384765625 5571
1752013422607 2505.2919921875 5572
1752013423562 1574.177001953125 5573
1752013424511 1636.437744140625 5574
1752013425464 2518.12353515625 5575
1752013426415 1777.179931640625 5576
1752013427365 1980.740966796875 5577
1752013428311 1658.97021484375 5578
1752013429261 1222.940673828125 5579
1752013430209 1671.53955078125 5580
1752013431164 1846.719970703125 5581
1752013432160 2010.9208984375 5582
1752013433148 1202.72900390625 5583
1752013434111 1564.7548828125 5584
1752013435064 3454.169189453125 5585
1752013436015 1377.8173828125 5586
1752013436964 1758.694091796875 5587
1752013437917 1333.5885009765625 5588
1752013438867 1422.3067626953125 5589
1752013439817 1174.1201171875 5590
1752013440781 1031.0538330078125 5591
1752013441736 1263.577392578125 5592
1752013442685 1479.976318359375 5593
1752013443634 1262.662109375 5594
1752013444581 1488.31494140625 5595
1752013445527 1264.60400390625 5596
1752013446475 2039.314453125 5597
1752013447427 1582.6361083984375 5598
1752013448374 1479.70263671875 5599
1752013449325 1574.8114013671875 5600
1752013450278 2052.96728515625 5601
1752013451226 1952.834716796875 5602
1752013452177 4797.958984375 5603
1752013453129 1233.4140625 5604
1752013454081 1479.088134765625 5605
1752013455034 910.1620483398438 5606
1752013455992 1631.546875 5607
1752013456948 1688.80810546875 5608
1752013457902 2113.693359375 5609
1752013458849 1112.5322265625 5610
1752013459805 3042.00830078125 5611
1752013460771 2040.39501953125 5612
1752013461721 2109.24658203125 5613
1752013462676 1565.793701171875 5614
1752013463640 1822.9024658203125 5615
1752013464588 2897.470458984375 5616
1752013465537 2109.57421875 5617
1752013466491 1565.17724609375 5618
1752013467446 1437.328369140625 5619
1752013468399 1212.139404296875 5620
1752013469350 5385.1669921875 5621
1752013470299 1335.0751953125 5622
1752013471251 1281.3238525390625 5623
1752013472201 1435.3895263671875 5624
1752013473152 2056.3603515625 5625
1752013474104 1398.57763671875 5626
1752013475630 1035.603515625 5627
1752013476584 957.321533203125 5628
1752013477537 1981.251220703125 5629
1752013478489 2528.732177734375 5630
1752013479441 2769.96044921875 5631
1752013480392 993.8499755859375 5632
1752013481345 837.576171875 5633
1752013482296 1431.125 5634
1752013483249 6994.1806640625 5635
1752013484198 3780.437255859375 5636
1752013485150 1931.08251953125 5637
1752013486103 1649.8076171875 5638
1752013487058 1052.282958984375 5639
1752013488006 1262.298828125 5640
1752013488957 1207.39306640625 5641
1752013489907 1458.728759765625 5642
1752013490860 1369.3673095703125 5643
1752013491810 1811.2025146484375 5644
1752013492761 1363.879150390625 5645
1752013493709 3913.05029296875 5646
1752013494665 2241.13330078125 5647
1752013495617 1221.547607421875 5648
1752013496577 3142.942626953125 5649
1752013497526 1583.619873046875 5650
1752013498478 1388.8846435546875 5651
1752013499431 2073.82421875 5652
1752013500411 1143.1107177734375 5653
1752013501368 2375.206787109375 5654
1752013502321 1258.133544921875 5655
1752013503273 1347.416015625 5656
1752013504225 1521.216552734375 5657
1752013505187 1309.2342529296875 5658
1752013506134 926.5377807617188 5659
1752013507086 1494.2100830078125 5660
1752013508037 1192.8115234375 5661
1752013508986 1368.8447265625 5662
1752013509933 1509.00244140625 5663
1752013510880 1070.7913818359375 5664
1752013511833 1101.021728515625 5665
1752013512818 1796.0277099609375 5666
1752013513797 1283.203857421875 5667
1752013514768 3176.0693359375 5668
1752013515718 1547.699951171875 5669
1752013516672 1077.7830810546875 5670
1752013517620 1437.6318359375 5671
1752013518571 999.0224609375 5672
1752013519520 1608.1170654296875 5673
1752013520469 1328.827880859375 5674
1752013521420 2087.564697265625 5675
1752013522370 2169.43896484375 5676
1752013523325 1913.198486328125 5677
1752013524272 1900.7000732421875 5678
1752013525223 1243.867919921875 5679
1752013526170 1230.4854736328125 5680
1752013527118 3403.652587890625 5681
1752013528066 2589.869873046875 5682
1752013529018 975.8125 5683
1752013529968 1842.830078125 5684
1752013530917 1399.74755859375 5685
1752013531867 1008.898681640625 5686
1752013532821 930.4599609375 5687
1752013533771 1533.454833984375 5688
1752013534721 1292.7127685546875 5689
1752013535671 1232.6773681640625 5690
1752013536621 1366.4149169921875 5691
1752013537571 1384.0252685546875 5692
1752013538518 1133.049072265625 5693
1752013539468 1366.04736328125 5694
1752013540421 1437.224853515625 5695
1752013541371 1423.918701171875 5696
1752013542322 2329.5869140625 5697
1752013543275 1517.8096923828125 5698
1752013544226 1573.08642578125 5699
1752013545174 1465.8692626953125 5700
1752013546127 1326.060302734375 5701
1752013547077 1411.2156982421875 5702
1752013548029 1419.2342529296875 5703
1752013548981 1910.87890625 5704
1752013549934 1159.02880859375 5705
1752013550884 1021.69482421875 5706
1752013551832 1039.8165283203125 5707
1752013552787 1813.67431640625 5708
1752013553767 1679.7838134765625 5709
1752013554753 1287.46728515625 5710
1752013555724 1639.849365234375 5711
1752013556676 1662.4400634765625 5712
1752013557625 2252.200439453125 5713
1752013558578 1426.9185791015625 5714
1752013559526 1399.0989990234375 5715
1752013560482 1619.66162109375 5716
1752013561434 1890.70361328125 5717
1752013562382 1640.2314453125 5718
1752013563331 1439.3046875 5719
1752013564282 1220.8536376953125 5720
1752013565233 7597.9970703125 5721
1752013566182 1864.1529541015625 5722
1752013567134 1763.9482421875 5723
1752013568083 2853.631103515625 5724
1752013569031 1128.4041748046875 5725
1752013569978 1526.597900390625 5726
1752013570932 1400.449462890625 5727
1752013571880 1572.548095703125 5728
1752013572829 1101.158203125 5729
1752013573780 946.0908203125 5730
1752013574729 965.222900390625 5731
1752013575679 1349.2486572265625 5732
1752013576632 1372.364013671875 5733
1752013577587 1090.49853515625 5734
1752013578540 1113.4141845703125 5735
1752013579496 1108.808349609375 5736
1752013580446 1127.565185546875 5737
1752013581395 1231.8045654296875 5738
1752013582346 1516.008544921875 5739
1752013583298 2334.309326171875 5740
1752013584249 1158.021240234375 5741
1752013585198 1249.989013671875 5742
1752013586146 977.6187744140625 5743
1752013587096 1127.5380859375 5744
1752013588051 2065.1982421875 5745
1752013589019 4182.98828125 5746
1752013589972 1335.689453125 5747
1752013590926 2111.31298828125 5748
1752013591882 2081.4619140625 5749
1752013592834 1091.38720703125 5750
1752013593791 1136.6839599609375 5751
1752013595357 1185.9560546875 5752
1752013596308 4136.25390625 5753
1752013597261 2593.6845703125 5754
1752013598210 2606.4111328125 5755
1752013599161 6579.1181640625 5756
1752013600119 888.1448974609375 5757
1752013601069 2176.0888671875 5758
1752013602018 2036.364990234375 5759
1752013602968 1384.324462890625 5760
1752013603915 1253.9169921875 5761
1752013604868 900.7840576171875 5762
1752013605820 1437.607177734375 5763
1752013606770 1500.4322509765625 5764
1752013607730 1885.3310546875 5765
1752013608682 1282.4041748046875 5766
1752013609630 5860.28662109375 5767
1752013610586 1351.5391845703125 5768
1752013611536 1007.1837158203125 5769
1752013612489 1386.860595703125 5770
1752013613440 1651.4215087890625 5771
1752013614391 8306.2158203125 5772
1752013615341 1832.964599609375 5773
1752013616294 5437.6083984375 5774
1752013617245 1650.14599609375 5775
1752013618197 3605.1796875 5776
1752013619151 2453.943359375 5777
1752013620103 2934.02734375 5778
1752013621065 1706.001220703125 5779
1752013622021 1499.66552734375 5780
1752013622976 2012.02099609375 5781
1752013623926 1530.9447021484375 5782
1752013624873 2562.3173828125 5783
1752013625824 1291.0816650390625 5784
1752013626777 1527.87255859375 5785
1752013627727 2218.390625 5786
1752013628679 2185.26025390625 5787
1752013629629 2254.232421875 5788
1752013630586 2109.49853515625 5789
1752013631538 2044.1595458984375 5790
1752013632490 1657.635498046875 5791
1752013633441 1405.75244140625 5792
1752013634394 17321.48828125 5793
1752013635349 1819.64990234375 5794
1752013636315 1232.0340576171875 5795
1752013637306 2103.212890625 5796
1752013638291 1698.39306640625 5797
1752013639243 2710.208984375 5798
1752013640193 1533.1866455078125 5799
1752013641144 1270.0479736328125 5800
1752013642099 1331.27783203125 5801
1752013643052 2770.20263671875 5802
1752013644001 2283.97412109375 5803
1752013644953 963.1063232421875 5804
1752013645903 1635.59765625 5805
1752013646851 2211.965576171875 5806
1752013647801 1646.231201171875 5807
1752013648753 1108.84326171875 5808
1752013649704 1251.453369140625 5809
1752013650656 1620.49365234375 5810
1752013651609 1154.0802001953125 5811
1752013652561 1529.5076904296875 5812
1752013653512 1142.5706787109375 5813
1752013654464 2236.86279296875 5814
1752013655413 1526.7423095703125 5815
1752013656361 3795.86181640625 5816
1752013657314 1038.05126953125 5817
1752013658267 2751.625 5818
1752013659220 3707.644775390625 5819
1752013660169 1344.146240234375 5820
1752013661119 972.5546875 5821
1752013662077 2833.9599609375 5822
1752013663025 3104.9521484375 5823
1752013663979 1558.552001953125 5824
1752013664929 1596.7952880859375 5825
1752013665878 1834.1768798828125 5826
1752013666827 5128.01806640625 5827
1752013667777 3416.050537109375 5828
1752013668728 1825.005126953125 5829
1752013669680 1323.81640625 5830
1752013670629 1611.865966796875 5831
1752013671578 2452.87744140625 5832
1752013672527 1736.7659912109375 5833
1752013673479 2562.68505859375 5834
1752013674427 1174.463623046875 5835
1752013675382 5892.3134765625 5836
1752013676331 2814.876953125 5837
1752013677283 2999.904296875 5838
1752013678231 1691.3521728515625 5839
1752013679179 2104.70703125 5840
1752013680126 1391.419921875 5841
1752013681089 2665.228515625 5842
1752013682040 1882.953857421875 5843
1752013682991 1866.491943359375 5844
1752013683941 2709.67333984375 5845
1752013684893 1430.9453125 5846
1752013685843 3366.912109375 5847
1752013686796 2078.7822265625 5848
1752013687748 1907.4578857421875 5849
1752013688699 1795.10302734375 5850
1752013689650 1513.462158203125 5851
1752013690598 2527.532470703125 5852
1752013691549 1563.5274658203125 5853
1752013692499 1477.911865234375 5854
1752013693451 1765.9775390625 5855
1752013694400 1344.893798828125 5856
1752013695352 1050.4949951171875 5857
1752013696303 1080.25341796875 5858
1752013697267 1381.755859375 5859
1752013698225 1147.74267578125 5860
1752013699175 2684.389404296875 5861
1752013700133 2196.849365234375 5862
1752013701091 3129.092529296875 5863
1752013702046 1319.48974609375 5864
1752013702997 2897.47119140625 5865
1752013703951 1219.0272216796875 5866
1752013704909 1356.9034423828125 5867
1752013705867 1336.8311767578125 5868
1752013706818 2283.705078125 5869
1752013707777 2475.88525390625 5870
1752013708726 4699.8818359375 5871
1752013709683 1709.226318359375 5872
1752013710633 910.0988159179688 5873
1752013711588 2459.69140625 5874
1752013712544 1700.5108642578125 5875
1752013713494 1950.290771484375 5876
1752013715074 1147.688720703125 5877
1752013716033 2857.8935546875 5878
1752013716988 1274.221923828125 5879
1752013717941 1944.455322265625 5880
1752013718897 3379.31298828125 5881
1752013719854 842.7533569335938 5882
1752013720806 1478.1944580078125 5883
1752013721759 1302.595947265625 5884
1752013722707 1133.4920654296875 5885
1752013723664 2074.36474609375 5886
1752013724620 1929.2777099609375 5887
1752013725581 2104.154052734375 5888
1752013726537 1996.3994140625 5889
1752013727486 1229.0601806640625 5890
1752013728437 1100.18701171875 5891
1752013729395 1875.568359375 5892
1752013730357 5743.4501953125 5893
1752013731315 1872.3663330078125 5894
1752013732272 1652.2655029296875 5895
1752013733228 1641.918212890625 5896
1752013734180 1451.2589111328125 5897
1752013735137 4896.6201171875 5898
1752013736095 1072.676513671875 5899
1752013737048 1382.0618896484375 5900
1752013738005 1085.33740234375 5901
1752013738957 1837.403076171875 5902
1752013739914 1645.062744140625 5903
1752013740875 2194.817626953125 5904
1752013741834 1231.13232421875 5905
1752013742794 1444.54345703125 5906
1752013743748 2049.824462890625 5907
1752013744698 2312.9375 5908
1752013745651 1341.4334716796875 5909
1752013746595 1171.0062255859375 5910
1752013747550 22562.59765625 5911
1752013748502 1373.3143310546875 5912
1752013749458 2113.606689453125 5913
1752013750417 1925.29248046875 5914
1752013751373 1287.19775390625 5915
1752013752329 1808.87451171875 5916
1752013753283 1526.9610595703125 5917
1752013754247 1479.7177734375 5918
1752013755204 1961.625244140625 5919
1752013756154 1938.14013671875 5920
1752013757110 1149.05517578125 5921
1752013758059 1385.953857421875 5922
1752013759013 1402.6602783203125 5923
1752013759966 1857.73974609375 5924
1752013760957 1643.2879638671875 5925
1752013761936 1136.171630859375 5926
1752013762902 1600.97705078125 5927
1752013763864 1582.9990234375 5928
1752013764823 1805.2489013671875 5929
1752013765769 1456.119384765625 5930
1752013766723 1594.4793701171875 5931
1752013767687 2252.90771484375 5932
1752013768639 1356.043701171875 5933
1752013769597 1441.8463134765625 5934
1752013770550 1481.805419921875 5935
1752013771501 3802.1171875 5936
1752013772460 2340.5205078125 5937
1752013773412 1060.001220703125 5938
1752013774371 1596.806396484375 5939
1752013775320 2634.295166015625 5940
1752013776277 2239.087646484375 5941
1752013777228 2600.26513671875 5942
1752013778183 1393.563720703125 5943
1752013779131 1800.315673828125 5944
1752013780088 1269.905517578125 5945
1752013781040 2229.390380859375 5946
1752013781986 1100.60302734375 5947
1752013782938 2551.85791015625 5948
1752013783886 1238.9149169921875 5949
1752013784840 1807.128662109375 5950
1752013785796 1230.3291015625 5951
1752013786750 1989.534912109375 5952
1752013787699 1426.9190673828125 5953
1752013788646 2506.53759765625 5954
1752013789595 1390.1328125 5955
1752013790547 1852.302490234375 5956
1752013791497 1835.9134521484375 5957
1752013792448 2107.42236328125 5958
1752013793400 5087.4580078125 5959
1752013794348 1094.464111328125 5960
1752013795297 1699.595703125 5961
1752013796248 1744.7757568359375 5962
1752013797203 1539.84228515625 5963
1752013798191 1508.181640625 5964
1752013799177 1801.7008056640625 5965
1752013800129 1029.2354736328125 5966
1752013801088 2119.20849609375 5967
1752013802039 1388.865966796875 5968
1752013802989 1356.43310546875 5969
1752013803940 3881.78759765625 5970
1752013804887 2015.299072265625 5971
1752013805835 1841.26171875 5972
1752013806787 1444.096923828125 5973
1752013807736 2376.025390625 5974
1752013808689 3085.849853515625 5975
1752013809642 1587.9490966796875 5976
1752013810598 1419.00634765625 5977
1752013811547 2345.94921875 5978
1752013812497 1188.81591796875 5979
1752013813446 1855.2607421875 5980
1752013814395 2162.8232421875 5981
1752013815344 3364.61083984375 5982
1752013816295 1344.955078125 5983
1752013817246 916.7694091796875 5984
1752013818206 1385.255615234375 5985
1752013819161 962.6031494140625 5986
1752013820114 1062.454833984375 5987
1752013821071 1103.388427734375 5988
1752013822027 1319.413818359375 5989
1752013822985 1012.3704833984375 5990
1752013823939 1326.233154296875 5991
1752013824899 1335.8614501953125 5992
1752013825857 1347.742919921875 5993
1752013826811 1637.3463134765625 5994
1752013827767 1091.5472412109375 5995
1752013828718 1147.45703125 5996
1752013829677 1500.09619140625 5997
1752013830633 1093.4005126953125 5998
1752013831587 1189.915283203125 5999
1752013832537 1644.335693359375 6000
1752013833490 917.283935546875 6001
1752013835060 1025.99365234375 6002
1752013836018 993.5809326171875 6003
1752013836976 1455.940185546875 6004
1752013837935 4849.65234375 6005
1752013838887 1295.232666015625 6006
1752013839844 1463.330810546875 6007
1752013840805 1195.898193359375 6008
1752013841760 1453.427734375 6009
1752013842715 1761.6014404296875 6010
1752013843674 1546.76416015625 6011
1752013844629 2945.7568359375 6012
1752013845585 1429.45556640625 6013
1752013846540 1039.34033203125 6014
1752013847489 1492.83984375 6015
1752013848443 2836.5263671875 6016
1752013849394 1804.3779296875 6017
1752013850350 2319.63232421875 6018
1752013851300 1510.43603515625 6019
1752013852250 1545.35009765625 6020
1752013853198 2500.72509765625 6021
1752013854154 7663.5009765625 6022
1752013855111 995.86328125 6023
1752013856071 1183.321533203125 6024
1752013857028 1241.203369140625 6025
1752013857987 1912.7001953125 6026
1752013858947 1278.522216796875 6027
1752013859898 1656.206787109375 6028
1752013860865 1425.375 6029
1752013861816 2490.99853515625 6030
1752013862768 3842.8544921875 6031
1752013863721 1346.35302734375 6032
1752013864677 1109.986328125 6033
1752013865627 1709.4306640625 6034
1752013866582 1726.62060546875 6035
1752013867536 1973.526611328125 6036
1752013868487 2372.7109375 6037
1752013869443 1349.1639404296875 6038
1752013870397 961.4149780273438 6039
1752013871353 1223.93798828125 6040
1752013872309 1469.6043701171875 6041
1752013873263 1244.184814453125 6042
1752013874220 1174.122314453125 6043
1752013875173 2673.98388671875 6044
1752013876123 1950.788330078125 6045
1752013877080 1670.7086181640625 6046
1752013878032 2623.3994140625 6047
1752013878986 1257.0203857421875 6048
1752013879940 1418.10693359375 6049
1752013880890 1709.448974609375 6050
1752013881846 2300.0859375 6051
1752013882800 1559.103271484375 6052
1752013883758 1872.783935546875 6053
1752013884709 1841.897705078125 6054
1752013885663 935.6136474609375 6055
1752013886615 3076.4716796875 6056
1752013887571 1290.43115234375 6057
1752013888523 1284.264892578125 6058
1752013889479 1107.6529541015625 6059
1752013890429 2070.0419921875 6060
1752013891383 2338.638427734375 6061
1752013892337 1553.045166015625 6062
1752013893290 1619.2882080078125 6063
1752013894239 1738.70849609375 6064
1752013895187 2609.636962890625 6065
1752013896138 1430.772705078125 6066
1752013897090 1729.1650390625 6067
1752013898046 1586.0966796875 6068
1752013899000 1826.82568359375 6069
1752013899954 1253.51416015625 6070
1752013900902 2002.99267578125 6071
1752013901853 2669.811767578125 6072
1752013902802 1781.9705810546875 6073
1752013903759 1737.05322265625 6074
1752013904713 1439.057861328125 6075
1752013905672 1252.297119140625 6076
1752013906622 2137.849609375 6077
1752013907571 2901.71630859375 6078
1752013908520 1633.965087890625 6079
1752013909468 1314.7471923828125 6080
1752013910419 1398.58837890625 6081
1752013911371 3819.7314453125 6082
1752013912320 1032.953857421875 6083
1752013913269 2248.005859375 6084
1752013914221 1027.78125 6085
1752013915173 1612.54541015625 6086
1752013916117 1100.83056640625 6087
1752013917066 1426.3504638671875 6088
1752013918020 980.8712158203125 6089
1752013918970 1994.571533203125 6090
1752013919955 1972.971435546875 6091
1752013920941 2292.50048828125 6092
1752013921912 970.5914306640625 6093
1752013922866 1315.456298828125 6094
1752013923822 1344.467529296875 6095
1752013924772 2309.98486328125 6096
1752013925724 1412.3173828125 6097
1752013926672 1115.114501953125 6098
1752013927624 1862.308837890625 6099
1752013928570 1703.8115234375 6100
1752013929519 1764.775634765625 6101
1752013930470 1082.6185302734375 6102
1752013931423 2110.56689453125 6103
1752013932375 26400.78125 6104
1752013933325 4394.029296875 6105
1752013934278 1379.63720703125 6106
1752013935227 2738.883056640625 6107
1752013936178 2093.568603515625 6108
1752013937135 1233.207763671875 6109
1752013938090 1248.87353515625 6110
1752013939048 2974.15966796875 6111
1752013940002 1058.900634765625 6112
1752013940959 1496.012939453125 6113
1752013941918 1394.08251953125 6114
1752013942870 2372.033935546875 6115
1752013943830 1759.145263671875 6116
1752013944786 1105.3829345703125 6117
1752013945738 1285.61328125 6118
1752013946686 1000.1261596679688 6119
1752013947640 1312.81591796875 6120
1752013948593 2785.16552734375 6121
1752013949543 1576.4000244140625 6122
1752013950500 1500.58154296875 6123
1752013951451 1904.115234375 6124
1752013952403 1522.6705322265625 6125
1752013953362 1106.376220703125 6126
1752013954995 1921.158447265625 6127
1752013955947 1162.818359375 6128
1752013956902 1922.982177734375 6129
1752013957861 1144.776611328125 6130
1752013958814 1591.4539794921875 6131
1752013959770 1551.896728515625 6132
1752013960723 1860.47900390625 6133
1752013961671 1551.7713623046875 6134
1752013962628 1394.664794921875 6135
1752013963582 1277.99755859375 6136
1752013964532 3409.909423828125 6137
1752013965478 1250.287353515625 6138
1752013966441 1351.366455078125 6139
1752013967397 927.5387573242188 6140
1752013968360 1211.4658203125 6141
1752013969314 1214.494873046875 6142
1752013970274 1937.660888671875 6143
1752013971224 1109.26123046875 6144
1752013972178 1630.031494140625 6145
1752013973135 1392.56103515625 6146
1752013974086 1096.0965576171875 6147
1752013975038 1600.4407958984375 6148
1752013975998 1019.6952514648438 6149
1752013976951 1546.3251953125 6150
1752013977908 1093.3931884765625 6151
1752013978864 4547.35888671875 6152
1752013979818 1539.879638671875 6153
1752013980771 2319.4560546875 6154
1752013981735 1547.756103515625 6155
1752013982690 3167.681640625 6156
1752013983645 1989.8294677734375 6157
1752013984605 863.3963623046875 6158
1752013985558 1828.4437255859375 6159
1752013986518 2291.02587890625 6160
1752013987475 4544.5615234375 6161
1752013988433 1845.453125 6162
1752013989386 2174.345703125 6163
1752013990342 1721.3978271484375 6164
1752013991293 1607.16796875 6165
1752013992252 1403.759033203125 6166
1752013993206 1364.1300048828125 6167
1752013994160 1418.5023193359375 6168
1752013995112 2888.084716796875 6169
1752013996067 1953.680908203125 6170
1752013997021 1953.431396484375 6171
1752013997970 1530.21484375 6172
1752013998922 1438.66357421875 6173
1752013999877 2590.890625 6174
1752014000838 1887.14404296875 6175
1752014001789 1738.0150146484375 6176
1752014002738 2023.375 6177
1752014003686 1196.6302490234375 6178
1752014004638 1587.73583984375 6179
1752014005586 2238.21044921875 6180
1752014006538 1147.751953125 6181
1752014007487 1358.609130859375 6182
1752014008435 1649.484375 6183
1752014009385 1107.037353515625 6184
1752014010335 1473.7763671875 6185
1752014011288 1471.631591796875 6186
1752014012240 2581.849609375 6187
1752014013190 1164.846435546875 6188
1752014014149 1335.467529296875 6189
1752014015100 2204.25 6190
1752014016053 1164.42919921875 6191
1752014017004 1325.10791015625 6192
1752014017955 1619.2490234375 6193
1752014018904 1725.00732421875 6194
1752014019858 1283.12451171875 6195
1752014020811 2069.896240234375 6196
1752014021762 1862.9722900390625 6197
1752014022714 1509.236083984375 6198
1752014023661 1254.624755859375 6199
1752014024609 1892.3541259765625 6200
1752014025562 1808.8197021484375 6201
1752014026518 1129.2801513671875 6202
1752014027468 2161.131103515625 6203
1752014028416 4696.61181640625 6204
1752014029366 1238.0941162109375 6205
1752014030320 1207.21533203125 6206
1752014031273 1843.004150390625 6207
1752014032227 1544.9107666015625 6208
1752014033176 1066.58837890625 6209
1752014034127 1691.81640625 6210
1752014035075 1213.5338134765625 6211
1752014036023 1031.715087890625 6212
1752014036975 1671.012939453125 6213
1752014037928 1488.321044921875 6214
1752014038879 1965.5274658203125 6215
1752014039829 2076.612548828125 6216
1752014040786 1563.9609375 6217
1752014041778 1349.9779052734375 6218
1752014042762 1078.93115234375 6219
1752014043735 1302.714111328125 6220
1752014044686 1156.9322509765625 6221
1752014045641 1096.943359375 6222
1752014046591 1128.4449462890625 6223
1752014047542 2964.1748046875 6224
1752014048493 4269.7294921875 6225
1752014049445 1685.6865234375 6226
1752014050396 1607.866455078125 6227
1752014051346 1493.31787109375 6228
1752014052295 1442.5477294921875 6229
1752014053244 1426.6654052734375 6230
1752014054193 1116.2255859375 6231
1752014055147 1544.9769287109375 6232
1752014056100 1608.2974853515625 6233
1752014057059 1312.9405517578125 6234
1752014058012 1554.575927734375 6235
1752014058969 1932.86376953125 6236
1752014059921 3373.82470703125 6237
1752014060869 1721.570556640625 6238
1752014061818 1028.11279296875 6239
1752014062771 2052.043212890625 6240
1752014063720 1324.014892578125 6241
1752014064677 5554.12890625 6242
1752014065637 1659.21533203125 6243
1752014066587 2102.77587890625 6244
1752014067536 2002.958251953125 6245
1752014068488 1033.2005615234375 6246
1752014069441 1642.425048828125 6247
1752014070393 1219.5181884765625 6248
1752014071345 1291.15625 6249
1752014072294 1447.4111328125 6250
1752014073246 2197.481689453125 6251
1752014074944 1598.45068359375 6252
1752014075894 3973.845458984375 6253
1752014076842 3065.010986328125 6254
1752014077796 1452.695556640625 6255
1752014078746 2065.712158203125 6256
1752014079697 1773.4871826171875 6257
1752014080648 1296.1497802734375 6258
1752014081600 1112.526611328125 6259
1752014082558 1716.7152099609375 6260
1752014083509 1370.787841796875 6261
1752014084459 6315.86328125 6262
1752014085410 2257.088623046875 6263
1752014086360 2833.407958984375 6264
1752014087314 3888.8173828125 6265
1752014088265 4139.9970703125 6266
1752014089218 1559.7325439453125 6267
1752014090170 1321.330078125 6268
1752014091117 3257.6767578125 6269
1752014092068 3079.83203125 6270
1752014093018 3086.4892578125 6271
1752014093966 1900.7259521484375 6272
1752014094923 3773.5986328125 6273
1752014095874 1488.528076171875 6274
1752014096827 1929.7801513671875 6275
1752014097781 1409.637939453125 6276
1752014098734 1166.996337890625 6277
1752014099685 1123.696533203125 6278
1752014100643 1691.05029296875 6279
1752014101603 1490.6640625 6280
1752014102555 1252.9478759765625 6281
1752014103504 1379.7318115234375 6282
1752014104455 1368.6080322265625 6283
1752014105407 14021.7978515625 6284
1752014106364 5304.009765625 6285
1752014107312 2142.623779296875 6286
1752014108262 2640.018310546875 6287
1752014109208 5802.4541015625 6288
1752014110163 2069.9755859375 6289
1752014111122 1178.680908203125 6290
1752014112069 3105.211181640625 6291
1752014113022 1975.19677734375 6292
1752014113978 2158.427001953125 6293
1752014114926 6283.935546875 6294
1752014115879 1241.035400390625 6295
1752014116828 2345.24462890625 6296
1752014117780 1838.3885498046875 6297
1752014118730 2181.9248046875 6298
1752014119685 1428.399658203125 6299
1752014120638 2798.68701171875 6300
1752014121587 1369.37255859375 6301
1752014122538 1669.7552490234375 6302
1752014123486 1021.2120361328125 6303
1752014124442 1129.81103515625 6304
1752014125395 2342.751708984375 6305
1752014126343 3134.656982421875 6306
1752014127290 1755.848876953125 6307
1752014128241 1254.533203125 6308
1752014129192 3253.189453125 6309
1752014130144 1213.36865234375 6310
1752014131095 1526.394287109375 6311
1752014132047 2048.70166015625 6312
1752014133043 1877.4677734375 6313
1752014134027 1668.1585693359375 6314
1752014134992 3368.491943359375 6315
1752014135941 1520.27294921875 6316
1752014136892 1449.784423828125 6317
1752014137845 1302.547607421875 6318
1752014138795 2328.890625 6319
1752014139745 2775.03076171875 6320
1752014140695 1220.330078125 6321
1752014141648 1991.7884521484375 6322
1752014142598 1471.43505859375 6323
1752014143548 1803.932861328125 6324
1752014144499 1985.20849609375 6325
1752014145457 1825.9482421875 6326
1752014146407 964.31591796875 6327
1752014147361 1096.1058349609375 6328
1752014148314 1577.5306396484375 6329
1752014149268 2221.52294921875 6330
1752014150218 1062.815185546875 6331
1752014151169 3374.544189453125 6332
1752014152121 1124.314453125 6333
1752014153070 1397.7371826171875 6334
1752014154019 1230.2093505859375 6335
1752014154967 2148.31201171875 6336
1752014155916 2997.3232421875 6337
1752014156867 1998.238037109375 6338
1752014157818 1438.3699951171875 6339
1752014158770 1208.1656494140625 6340
1752014159720 1679.187255859375 6341
1752014160674 1251.19189453125 6342
1752014161629 1230.9537353515625 6343
1752014162580 1167.24951171875 6344
1752014163529 1150.709716796875 6345
1752014164483 1379.515380859375 6346
1752014165430 1680.7080078125 6347
1752014166397 1117.7618408203125 6348
1752014167374 1884.294189453125 6349
1752014168363 2612.576171875 6350
1752014169311 2890.3212890625 6351
1752014170258 1553.57470703125 6352
1752014171210 1134.8739013671875 6353
1752014172161 1544.8961181640625 6354
1752014173110 986.52783203125 6355
1752014174061 946.947021484375 6356
1752014175009 2622.74462890625 6357
1752014175958 4541.71044921875 6358
1752014176907 2416.400390625 6359
1752014177856 1644.9947509765625 6360
1752014178809 1258.55322265625 6361
1752014179759 1622.859619140625 6362
1752014180711 1746.5213623046875 6363
1752014181662 1580.243896484375 6364
1752014182615 1516.64208984375 6365
1752014183567 1467.296630859375 6366
1752014184518 1637.94384765625 6367
1752014185468 1220.9471435546875 6368
1752014186420 2442.18310546875 6369
1752014187373 1984.6239013671875 6370
1752014188320 1382.9425048828125 6371
1752014189275 2307.0126953125 6372
1752014190226 1733.3001708984375 6373
1752014191178 1353.857177734375 6374
1752014192125 1688.6444091796875 6375
1752014193077 1081.451416015625 6376
1752014194612 1400.437744140625 6377
1752014195568 10670.1689453125 6378
1752014196519 1473.41064453125 6379
1752014197469 1840.488037109375 6380
1752014198421 3951.54931640625 6381
1752014199378 1970.1895751953125 6382
1752014200338 2301.056640625 6383
1752014201291 3366.40673828125 6384
1752014202240 1721.85693359375 6385
1752014203190 1592.870361328125 6386
1752014204144 1461.650634765625 6387
1752014205093 2130.937744140625 6388
1752014206044 1703.358154296875 6389
1752014206995 2145.002197265625 6390
1752014207948 2330.07470703125 6391
1752014208904 2416.89990234375 6392
1752014209866 883.610107421875 6393
1752014210812 1871.2208251953125 6394
1752014211762 3258.158447265625 6395
1752014212713 2382.8505859375 6396
1752014213668 2148.8056640625 6397
1752014214622 1829.10400390625 6398
1752014215581 1345.017578125 6399
1752014216532 5412.677734375 6400
1752014217489 2427.12939453125 6401
1752014218442 1664.3995361328125 6402
1752014219393 1483.6678466796875 6403
1752014220348 2760.86669921875 6404
1752014221306 1333.47607421875 6405
1752014222266 1538.2821044921875 6406
1752014223220 1452.219482421875 6407
1752014224170 1244.3359375 6408
1752014225122 1406.657958984375 6409
1752014226077 1408.7298583984375 6410
1752014227028 1703.0377197265625 6411
1752014227981 1183.1522216796875 6412
1752014228929 1098.263916015625 6413
1752014229879 1144.578125 6414
1752014230826 1319.62158203125 6415
1752014231777 1449.635009765625 6416
1752014232732 2333.54248046875 6417
1752014233684 1421.052001953125 6418
1752014234636 1723.4783935546875 6419
1752014235586 1021.880126953125 6420
1752014236545 1578.694091796875 6421
1752014237496 949.780517578125 6422
1752014238447 1575.996337890625 6423
1752014239399 1446.02197265625 6424
1752014240349 1031.1044921875 6425
1752014241302 2613.285888671875 6426
1752014242256 1247.579345703125 6427
1752014243202 2783.74609375 6428
1752014244150 1046.626953125 6429
1752014245098 6784.9130859375 6430
1752014246047 1494.9996337890625 6431
1752014246996 1486.941162109375 6432
1752014247947 2072.53173828125 6433
1752014248894 2784.54736328125 6434
1752014249849 1746.49951171875 6435
1752014250799 1669.49755859375 6436
1752014251749 1698.1458740234375 6437
1752014252702 1119.2874755859375 6438
1752014253652 1246.3857421875 6439
1752014254604 1561.8848876953125 6440
1752014255556 2412.2412109375 6441
1752014256508 1600.4443359375 6442
1752014257457 2306.153076171875 6443
1752014258409 1625.60693359375 6444
1752014259356 1608.9912109375 6445
1752014260309 1162.5029296875 6446
1752014261259 2217.7822265625 6447
1752014262209 1268.1689453125 6448
1752014263162 1755.42431640625 6449
1752014264109 1270.9423828125 6450
1752014265064 2791.26025390625 6451
1752014266014 1712.95166015625 6452
1752014266965 1667.509033203125 6453
1752014267913 1370.5966796875 6454
1752014268864 2584.0029296875 6455
1752014269818 1497.87646484375 6456
1752014270769 1535.387451171875 6457
1752014271719 1693.133544921875 6458
1752014272667 2172.982421875 6459
1752014273614 1094.45361328125 6460
1752014274567 1823.2965087890625 6461
1752014275516 4518.97216796875 6462
1752014276471 4348.24755859375 6463
1752014277420 1664.4891357421875 6464
1752014278368 1985.5579833984375 6465
1752014279318 1301.0994873046875 6466
1752014280271 1032.43310546875 6467
1752014281230 1349.14990234375 6468
1752014282182 2171.348876953125 6469
1752014283134 1212.538818359375 6470
1752014284084 1014.029052734375 6471
1752014285037 1063.52978515625 6472
1752014285988 2719.11865234375 6473
1752014286938 1469.5411376953125 6474
1752014287885 1156.94873046875 6475
1752014288835 1226.659912109375 6476
1752014289781 3399.647216796875 6477
1752014290732 1428.0732421875 6478
1752014291682 2653.71142578125 6479
1752014292631 1700.072998046875 6480
1752014293584 1722.8153076171875 6481
1752014294537 1229.0081787109375 6482
1752014295485 1907.673583984375 6483
1752014296435 1690.470458984375 6484
1752014297385 1109.06591796875 6485
1752014298336 1203.4259033203125 6486
1752014299287 953.788818359375 6487
1752014300238 1040.1552734375 6488
1752014301191 2582.86376953125 6489
1752014302146 3293.66650390625 6490
1752014303138 6447.521484375 6491
1752014304140 1478.7725830078125 6492
1752014305094 2733.75830078125 6493
1752014306045 1074.394775390625 6494
1752014306996 3059.645263671875 6495
1752014307950 2068.314453125 6496
1752014308902 2673.380859375 6497
1752014309853 1219.6475830078125 6498
1752014310803 1347.3033447265625 6499
1752014311754 1741.5047607421875 6500
1752014312705 994.2125244140625 6501
1752014314243 1331.7867431640625 6502
1752014315194 2157.409912109375 6503
1752014316147 4031.822265625 6504
1752014317097 1637.9583740234375 6505
1752014318045 1760.8828125 6506
1752014318997 1240.797607421875 6507
1752014319943 1878.318115234375 6508
1752014320909 2557.8603515625 6509
1752014321859 2233.53759765625 6510
1752014322814 1096.9395751953125 6511
1752014323765 1388.69189453125 6512
1752014324718 981.1395263671875 6513
1752014325671 1519.944091796875 6514
1752014326619 1500.6981201171875 6515
1752014327582 1309.6226806640625 6516
1752014328532 3777.52587890625 6517
1752014329484 1093.940185546875 6518
1752014330437 2157.556640625 6519
1752014331391 2313.544189453125 6520
1752014332346 1690.996826171875 6521
1752014333300 2031.256103515625 6522
1752014334251 1034.4671630859375 6523
1752014335208 1302.411865234375 6524
1752014336160 1331.370361328125 6525
1752014337114 1492.13916015625 6526
1752014338062 1630.8370361328125 6527
1752014339024 1519.142333984375 6528
1752014339976 1374.10009765625 6529
1752014340935 3596.940673828125 6530
1752014341887 1405.4278564453125 6531
1752014342842 1734.5723876953125 6532
1752014343796 3886.37060546875 6533
1752014344747 1029.4578857421875 6534
1752014345702 1235.142333984375 6535
1752014346674 1903.3271484375 6536
1752014347643 18901.44140625 6537
1752014348635 2086.00830078125 6538
1752014349596 1145.2890625 6539
1752014350549 2475.958984375 6540
1752014351503 1987.92333984375 6541
1752014352456 2632.0888671875 6542
1752014353409 1564.8194580078125 6543
1752014354363 1083.365234375 6544
1752014355313 2482.14013671875 6545
1752014356271 3599.248046875 6546
1752014357222 1581.0006103515625 6547
1752014358175 2121.51025390625 6548
1752014359120 1264.827880859375 6549
1752014360078 2045.852294921875 6550
1752014361034 1419.865234375 6551
1752014361987 1308.400390625 6552
1752014362942 3076.13037109375 6553
1752014363900 1476.79248046875 6554
1752014364853 2008.016357421875 6555
1752014365802 1147.925537109375 6556
1752014366752 1509.079833984375 6557
1752014367705 1413.640869140625 6558
1752014368667 1906.895751953125 6559
1752014369619 1085.7557373046875 6560
1752014370574 1181.326904296875 6561
1752014371533 1806.435302734375 6562
1752014372480 1135.880859375 6563
1752014373431 1503.142822265625 6564
1752014374381 1659.0540771484375 6565
1752014375341 1116.5399169921875 6566
1752014376295 1595.251953125 6567
1752014377245 2139.7646484375 6568
1752014378197 1613.5054931640625 6569
1752014379147 1365.83544921875 6570
1752014380102 938.9652099609375 6571
1752014381055 2113.401611328125 6572
1752014382011 1926.1229248046875 6573
1752014382964 1657.6507568359375 6574
1752014383916 2701.917724609375 6575
1752014384865 1496.066162109375 6576
1752014385826 889.859619140625 6577
1752014386781 1971.7630615234375 6578
1752014387732 1346.79248046875 6579
1752014388682 1554.361572265625 6580
1752014389630 1140.474365234375 6581
1752014390579 1273.3170166015625 6582
1752014391528 806.2918090820312 6583
1752014392479 3008.20654296875 6584
1752014393430 1615.715087890625 6585
1752014394382 892.64208984375 6586
1752014395333 1739.6380615234375 6587
1752014396283 1210.32763671875 6588
1752014397234 1888.609130859375 6589
1752014398185 1244.8382568359375 6590
1752014399139 1506.310791015625 6591
1752014400090 1334.9727783203125 6592
1752014401047 1212.7327880859375 6593
1752014401998 1695.5860595703125 6594
1752014402948 9095.3583984375 6595
1752014403896 1668.443115234375 6596
1752014404842 1049.1766357421875 6597
1752014405793 1270.05810546875 6598
1752014406742 1413.7235107421875 6599
1752014407730 3674.576171875 6600
1752014408714 2256.2470703125 6601
1752014409691 3526.0029296875 6602
1752014410638 1945.4423828125 6603
1752014411591 1770.114990234375 6604
1752014412545 2306.709716796875 6605
1752014413495 2822.078369140625 6606
1752014414446 3004.3701171875 6607
1752014415395 1349.6314697265625 6608
1752014416351 1205.098388671875 6609
1752014417302 2361.9873046875 6610
1752014418253 1686.21337890625 6611
1752014419207 1410.401611328125 6612
1752014420161 2605.6875 6613
1752014421118 1006.6519165039062 6614
1752014422076 3358.05078125 6615
1752014423027 1165.6199951171875 6616
1752014423984 1322.842041015625 6617
1752014424945 1393.27587890625 6618
1752014425907 1266.7677001953125 6619
1752014426862 999.1802978515625 6620
1752014427822 2059.66943359375 6621
1752014428777 1759.299560546875 6622
1752014429731 1353.98095703125 6623
1752014430696 1613.2763671875 6624
1752014431648 8803.373046875 6625
1752014432598 1422.1982421875 6626
1752014434155 4542.62548828125 6627
1752014435111 915.3184814453125 6628
1752014436060 1710.513427734375 6629
1752014437024 3406.23974609375 6630
1752014437977 1264.515625 6631
1752014438935 1413.15625 6632
1752014439889 1926.63134765625 6633
1752014440846 1024.870849609375 6634
1752014441794 1175.8895263671875 6635
1752014442756 964.0281982421875 6636
1752014443713 1646.478759765625 6637
1752014444667 1582.134033203125 6638
1752014445630 1754.1365966796875 6639
1752014446584 1194.072998046875 6640
1752014447538 1020.6763916015625 6641
1752014448498 1212.6439208984375 6642
1752014449451 1404.5716552734375 6643
1752014450405 1254.434814453125 6644
1752014451364 1338.9124755859375 6645
1752014452318 853.4165649414062 6646
1752014453273 2017.595947265625 6647
1752014454225 1397.3787841796875 6648
1752014455179 1246.548095703125 6649
1752014456132 855.6209716796875 6650
1752014457081 998.1934814453125 6651
1752014458030 5006.2353515625 6652
1752014458980 1379.3857421875 6653
1752014459930 1401.77685546875 6654
1752014460897 3030.40283203125 6655
1752014461846 973.8895263671875 6656
1752014462802 1374.87451171875 6657
1752014463757 1342.257568359375 6658
1752014464713 2135.58642578125 6659
1752014465672 1008.1546020507812 6660
1752014466625 1328.208984375 6661
1752014467575 1101.677734375 6662
1752014468544 1080.14111328125 6663
1752014469528 1078.24658203125 6664
1752014470518 2984.501953125 6665
1752014471465 6084.21435546875 6666
1752014472414 5584.03125 6667
1752014473371 1078.5191650390625 6668
1752014474326 2039.1796875 6669
1752014475279 1166.965576171875 6670
1752014476239 2340.0947265625 6671
1752014477186 1850.448974609375 6672
1752014478141 1216.8577880859375 6673
1752014479089 1412.474853515625 6674
1752014480040 3855.76123046875 6675
1752014480993 1076.43310546875 6676
1752014481946 1647.611083984375 6677
1752014482897 1320.412841796875 6678
1752014483855 5095.78271484375 6679
1752014484818 1034.884033203125 6680
1752014485771 1645.2412109375 6681
1752014486727 1360.326171875 6682
1752014487677 960.63916015625 6683
1752014488633 2540.9208984375 6684
1752014489589 3381.20166015625 6685
1752014490543 2768.497314453125 6686
1752014491493 1231.390380859375 6687
1752014492445 1322.388427734375 6688
1752014493403 1034.254150390625 6689
1752014494354 1533.511962890625 6690
1752014495304 1905.047119140625 6691
1752014496253 1141.96240234375 6692
1752014497214 1028.702392578125 6693
1752014498171 1783.745361328125 6694
1752014499129 1086.60498046875 6695
1752014500082 1739.26220703125 6696
1752014501031 1253.791259765625 6697
1752014501981 944.0571899414062 6698
1752014502942 1316.8572998046875 6699
1752014503891 1137.6771240234375 6700
1752014504840 1048.492431640625 6701
1752014505791 1001.0728759765625 6702
1752014506746 1778.4276123046875 6703
1752014507694 1583.558837890625 6704
1752014508644 5682.42578125 6705
1752014509590 1740.3516845703125 6706
1752014510539 1338.283203125 6707
1752014511487 3036.0908203125 6708
1752014512440 912.03271484375 6709
1752014513386 1253.797119140625 6710
1752014514335 1026.3511962890625 6711
1752014515284 1588.943603515625 6712
1752014516236 1341.3114013671875 6713
1752014517187 2288.0009765625 6714
1752014518138 2109.7373046875 6715
1752014519086 1181.6468505859375 6716
1752014520038 1952.7081298828125 6717
1752014520996 1411.4248046875 6718
1752014521950 1485.0445556640625 6719
1752014522899 1022.2594604492188 6720
1752014523848 1711.9315185546875 6721
1752014524802 3125.80078125 6722
1752014525754 1068.233642578125 6723
1752014526704 5072.72265625 6724
1752014527655 1110.5238037109375 6725
1752014528605 1234.0008544921875 6726
1752014529592 1303.9990234375 6727
1752014530568 1333.630859375 6728
1752014531548 1327.8109130859375 6729
1752014532500 1443.916015625 6730
1752014533449 1458.69775390625 6731
1752014534400 1493.1737060546875 6732
1752014535354 2884.46240234375 6733
1752014536306 2115.86865234375 6734
1752014537264 1136.1910400390625 6735
1752014538216 1066.33154296875 6736
1752014539168 1108.54052734375 6737
1752014540119 2307.65185546875 6738
1752014541078 1056.898681640625 6739
1752014542033 1881.8193359375 6740
1752014542990 829.016357421875 6741
1752014543946 1948.5445556640625 6742
1752014544899 820.2023315429688 6743
1752014545856 1408.2843017578125 6744
1752014546819 2227.85888671875 6745
1752014547775 1891.83642578125 6746
1752014548730 1158.189208984375 6747
1752014549684 2268.433349609375 6748
1752014550644 1417.8779296875 6749
1752014551603 874.0836181640625 6750
1752014552554 1276.142333984375 6751
1752014554118 1678.22216796875 6752
1752014555066 1301.697021484375 6753
1752014556019 1623.489990234375 6754
1752014556976 13812.345703125 6755
1752014557931 1962.18798828125 6756
1752014558884 2724.07763671875 6757
1752014559838 2348.40478515625 6758
1752014560796 2033.8798828125 6759
1752014561762 1098.995849609375 6760
1752014562721 2822.89306640625 6761
1752014563671 1219.8614501953125 6762
1752014564626 2552.94287109375 6763
1752014565577 1406.408447265625 6764
1752014566529 2083.06884765625 6765
1752014567479 3021.73388671875 6766
1752014568434 1625.272705078125 6767
1752014569387 1719.527099609375 6768
1752014570339 1379.25634765625 6769
1752014571295 2329.30810546875 6770
1752014572249 2503.19482421875 6771
1752014573198 2390.45361328125 6772
1752014574156 1399.0797119140625 6773
1752014575110 1641.03173828125 6774
1752014576058 1054.30029296875 6775
1752014577009 1529.4525146484375 6776
1752014577961 2181.5712890625 6777
1752014578915 1922.615966796875 6778
1752014579870 851.20703125 6779
1752014580838 1339.13671875 6780
1752014581799 908.8609619140625 6781
1752014582755 1589.1630859375 6782
1752014583714 1990.8082275390625 6783
1752014584669 1583.39990234375 6784
1752014585624 1007.4534912109375 6785
1752014586579 2896.817626953125 6786
1752014587542 979.6405639648438 6787
1752014588496 1729.725341796875 6788
1752014589453 7629.82470703125 6789
1752014590427 1163.0621337890625 6790
1752014591409 1679.78857421875 6791
1752014592393 4537.83056640625 6792
1752014593352 1102.95654296875 6793
1752014594308 1742.685791015625 6794
1752014595256 3537.75341796875 6795
1752014596209 6792.5888671875 6796
1752014597162 2254.74853515625 6797
1752014598119 2568.6162109375 6798
1752014599067 2295.050048828125 6799
1752014600022 2829.056640625 6800
1752014600975 1733.5982666015625 6801
1752014601938 1938.47998046875 6802
1752014602893 1667.9832763671875 6803
1752014603845 1309.9957275390625 6804
1752014604796 1326.80517578125 6805
1752014605749 1483.24462890625 6806
1752014606698 2712.06640625 6807
1752014607648 8386.912109375 6808
1752014608604 1804.30859375 6809
1752014609554 1010.1737670898438 6810
1752014610505 1262.9757080078125 6811
1752014611457 1349.599365234375 6812
1752014612407 1158.2685546875 6813
1752014613363 1893.9600830078125 6814
1752014614313 1173.93701171875 6815
1752014615273 3477.15234375 6816
1752014616222 1529.2943115234375 6817
1752014617174 1941.672119140625 6818
1752014618123 2427.64013671875 6819
1752014619071 1341.43994140625 6820
1752014620027 2349.0302734375 6821
1752014620980 1555.310302734375 6822
1752014621940 2361.507080078125 6823
1752014622890 1523.3828125 6824
1752014623839 2987.024658203125 6825
1752014624789 2750.7744140625 6826
1752014625748 2237.16552734375 6827
1752014626704 1986.459228515625 6828
1752014627652 1944.450439453125 6829
1752014628605 1995.917236328125 6830
1752014629555 1811.34814453125 6831
1752014630506 2019.720703125 6832
1752014631459 1237.46923828125 6833
1752014632410 2184.103515625 6834
1752014633364 1526.7979736328125 6835
1752014634316 1778.64013671875 6836
1752014635269 2585.11181640625 6837
1752014636222 1870.8896484375 6838
1752014637173 1401.55419921875 6839
1752014638121 2887.36328125 6840
1752014639074 1851.41259765625 6841
1752014640023 1359.886962890625 6842
1752014640981 2399.831787109375 6843
1752014641933 2159.73095703125 6844
1752014642884 2471.25634765625 6845
1752014643834 1304.0518798828125 6846
1752014644783 1969.6669921875 6847
1752014645734 1628.835693359375 6848
1752014646682 1425.5224609375 6849
1752014647633 1057.641357421875 6850
1752014648585 2528.66845703125 6851
1752014649536 1074.0411376953125 6852
1752014650488 1903.29443359375 6853
1752014651472 940.9920043945312 6854
1752014652458 1319.5086669921875 6855
1752014653446 1242.3023681640625 6856
1752014654399 1208.4591064453125 6857
1752014655349 1657.51904296875 6858
1752014656299 934.7286987304688 6859
1752014657251 1559.0584716796875 6860
1752014658203 1421.1632080078125 6861
1752014659155 1113.4041748046875 6862
1752014660107 1099.3658447265625 6863
1752014661059 2166.23974609375 6864
1752014662017 1719.38525390625 6865
1752014662968 1767.5042724609375 6866
1752014663919 1004.982666015625 6867
1752014664874 1693.1920166015625 6868
1752014665827 1415.19970703125 6869
1752014666779 1504.52001953125 6870
1752014667731 1778.940185546875 6871
1752014668683 1537.7073974609375 6872
1752014669642 2130.74169921875 6873
1752014670601 2103.8291015625 6874
1752014671552 982.716796875 6875
1752014672502 1224.635009765625 6876
1752014674061 1086.1182861328125 6877
1752014675011 1949.957763671875 6878
1752014675963 2079.85107421875 6879
1752014676914 1487.6484375 6880
1752014677862 1251.033935546875 6881
1752014678810 1139.286376953125 6882
1752014679762 1001.829345703125 6883
1752014680717 1080.3304443359375 6884
1752014681668 1082.656494140625 6885
1752014682619 1542.28759765625 6886
1752014683570 1112.557861328125 6887
1752014684520 1392.241943359375 6888
1752014685477 1741.1846923828125 6889
1752014686426 1014.4274291992188 6890
1752014687379 1934.0245361328125 6891
1752014688332 1371.5528564453125 6892
1752014689281 1551.05029296875 6893
1752014690236 1269.6107177734375 6894
1752014691187 2548.562744140625 6895
1752014692142 1294.451416015625 6896
1752014693093 876.599609375 6897
1752014694050 1479.2998046875 6898
1752014694997 5496.0849609375 6899
1752014695945 1591.7918701171875 6900
1752014696893 2148.991943359375 6901
1752014697842 1576.106689453125 6902
1752014698796 1611.738037109375 6903
1752014699751 1574.008544921875 6904
1752014700708 984.325927734375 6905
1752014701663 1058.802978515625 6906
1752014702625 1659.298095703125 6907
1752014703577 3544.49609375 6908
1752014704526 1408.739990234375 6909
1752014705482 1259.001708984375 6910
1752014706434 2233.88720703125 6911
1752014707381 2364.09375 6912
1752014708332 1848.0045166015625 6913
1752014709282 1132.584228515625 6914
1752014710238 2515.601806640625 6915
1752014711189 1021.560791015625 6916
1752014712145 1886.101318359375 6917
1752014713131 1213.560302734375 6918
1752014714116 2996.02294921875 6919
1752014715077 5730.57177734375 6920
1752014716025 1154.874755859375 6921
1752014716984 1348.7275390625 6922
1752014717934 2186.629150390625 6923
1752014718886 1205.054931640625 6924
1752014719842 2025.3489990234375 6925
1752014720793 1546.1597900390625 6926
1752014721745 2610.99951171875 6927
1752014722702 1231.554931640625 6928
1752014723652 1524.6971435546875 6929
1752014724604 1486.0372314453125 6930
1752014725554 2222.8505859375 6931
1752014726504 2202.80810546875 6932
1752014727454 2745.14208984375 6933
1752014728407 1172.176025390625 6934
1752014729362 1493.677001953125 6935
1752014730308 1155.7509765625 6936
1752014731261 1570.3529052734375 6937
1752014732214 1115.4814453125 6938
1752014733165 2179.806884765625 6939
1752014734119 1732.087890625 6940
1752014735068 1600.964111328125 6941
1752014736019 3140.552734375 6942
1752014736970 1527.445556640625 6943
1752014737921 1162.1563720703125 6944
1752014738871 1206.358154296875 6945
1752014739821 1789.7578125 6946
1752014740772 1512.95361328125 6947
1752014741725 1429.9842529296875 6948
1752014742676 2364.46533203125 6949
1752014743628 1592.270263671875 6950
1752014744578 1860.33154296875 6951
1752014745529 1254.703125 6952
1752014746484 2242.8427734375 6953
1752014747434 1301.961669921875 6954
1752014748388 2666.5751953125 6955
1752014749333 1325.8936767578125 6956
1752014750279 2346.040771484375 6957
1752014751231 2903.268310546875 6958
1752014752181 1244.3431396484375 6959
1752014753132 1653.119873046875 6960
1752014754082 1540.00537109375 6961
1752014755035 2610.9658203125 6962
1752014755983 1131.2379150390625 6963
1752014756932 1223.197509765625 6964
1752014757881 1066.818115234375 6965
1752014758832 1494.761474609375 6966
1752014759779 1045.0828857421875 6967
1752014760737 998.6112060546875 6968
1752014761693 2296.16015625 6969
1752014762640 1110.4278564453125 6970
1752014763590 961.1015625 6971
1752014764539 1524.3154296875 6972
1752014765487 1181.0791015625 6973
1752014766437 1063.581298828125 6974
1752014767392 1211.60498046875 6975
1752014768344 1091.72705078125 6976
1752014769294 1236.9964599609375 6977
1752014770246 2097.140625 6978
1752014771196 1564.460693359375 6979
1752014772149 1348.1573486328125 6980
1752014773103 1666.109375 6981
1752014774095 910.24462890625 6982
1752014775084 1223.81396484375 6983
1752014776035 1027.328125 6984
1752014776995 1555.6444091796875 6985
1752014777948 1077.1024169921875 6986
1752014778897 1939.2540283203125 6987
1752014779843 1229.27880859375 6988
1752014780794 1013.9563598632812 6989
1752014781744 1518.731689453125 6990
1752014782694 1336.64013671875 6991
1752014783644 1963.0439453125 6992
1752014784599 1163.860107421875 6993
1752014785551 3530.326416015625 6994
1752014786501 948.9374389648438 6995
1752014787453 1325.784912109375 6996
1752014788405 919.1488037109375 6997
1752014789358 1418.760009765625 6998
1752014790308 882.1651000976562 6999
1752014791260 1217.454833984375 7000
1752014792213 1309.954833984375 7001
1752014793748 1151.4296875 7002
1752014794694 1525.578369140625 7003
1752014795647 1009.1420288085938 7004
1752014796606 1015.8885498046875 7005
1752014797557 784.3758544921875 7006
1752014798503 1023.0564575195312 7007
1752014799460 828.4638671875 7008
1752014800416 1551.705322265625 7009
1752014801369 1279.9815673828125 7010
1752014802324 1256.2188720703125 7011
1752014803278 840.4179077148438 7012
1752014804231 1113.33984375 7013
1752014805186 1043.75732421875 7014
1752014806143 1256.0255126953125 7015
1752014807095 1512.626953125 7016
1752014808045 1505.07275390625 7017
1752014809004 1375.736328125 7018
1752014809957 1210.10546875 7019
1752014810906 1878.474609375 7020
1752014811855 1500.8531494140625 7021
1752014812803 1518.6201171875 7022
1752014813757 1201.4525146484375 7023
1752014814706 1755.9180908203125 7024
1752014815659 1106.4232177734375 7025
1752014816611 1201.3876953125 7026
1752014817562 1468.760009765625 7027
1752014818512 968.598388671875 7028
1752014819470 5706.2958984375 7029
1752014820426 1276.0823974609375 7030
1752014821375 1342.533447265625 7031
1752014822332 4408.076171875 7032
1752014823287 1392.48974609375 7033
1752014824241 1720.390380859375 7034
1752014825192 2211.82861328125 7035
1752014826142 2003.3388671875 7036
1752014827097 1665.997314453125 7037
1752014828047 1603.6043701171875 7038
1752014828997 1400.8035888671875 7039
1752014829959 1712.1549072265625 7040
1752014830912 2182.52587890625 7041
1752014831866 1278.84619140625 7042
1752014832815 1239.722900390625 7043
1752014833766 1341.8385009765625 7044
1752014834751 1131.555419921875 7045
1752014835739 1378.612060546875 7046
1752014836711 2580.001953125 7047
1752014837663 2414.310791015625 7048
1752014838615 970.0994873046875 7049
1752014839566 1335.9208984375 7050
1752014840518 1461.1611328125 7051
1752014841463 2612.786865234375 7052
1752014842416 1373.867919921875 7053
1752014843376 1757.8060302734375 7054
1752014844326 1823.375 7055
1752014845273 2066.119384765625 7056
1752014846222 1692.217529296875 7057
1752014847171 1374.5987548828125 7058
1752014848122 1736.72265625 7059
1752014849074 2401.103271484375 7060
1752014850022 1274.879638671875 7061
1752014850972 1892.825927734375 7062
1752014851921 1821.8057861328125 7063
1752014852874 872.2051391601562 7064
1752014853825 1202.4501953125 7065
1752014854780 1346.116455078125 7066
1752014855728 1804.14404296875 7067
1752014856678 2193.697021484375 7068
1752014857628 3707.09326171875 7069
1752014858580 2023.99560546875 7070
1752014859538 1152.937744140625 7071
1752014860489 3212.33349609375 7072
1752014861440 1002.5035400390625 7073
1752014862392 3597.4892578125 7074
1752014863344 990.77001953125 7075
1752014864296 2261.18994140625 7076
1752014865244 949.8679809570312 7077
1752014866197 1133.38427734375 7078
1752014867150 1312.850830078125 7079
1752014868101 2101.97509765625 7080
1752014869048 1569.1383056640625 7081
1752014869999 4589.0791015625 7082
1752014870948 1507.7987060546875 7083
1752014871896 1162.8876953125 7084
1752014872849 1056.3194580078125 7085
1752014873800 1593.8685302734375 7086
1752014874751 3869.860107421875 7087
1752014875701 1209.20751953125 7088
1752014876652 1846.855224609375 7089
1752014877599 993.18212890625 7090
1752014878549 978.093017578125 7091
1752014879496 1286.687255859375 7092
1752014880449 2730.09326171875 7093
1752014881409 1913.627197265625 7094
1752014882357 1743.8245849609375 7095
1752014883312 27149.802734375 7096
1752014884263 1415.8634033203125 7097
1752014885210 1153.982421875 7098
1752014886161 1135.6461181640625 7099
1752014887111 2082.6376953125 7100
1752014888064 977.8552856445312 7101
1752014889013 1927.3428955078125 7102
1752014889962 996.557373046875 7103
1752014890910 8804.6611328125 7104
1752014891859 1464.3349609375 7105
1752014892815 2717.178466796875 7106
1752014893767 1562.072021484375 7107
1752014894714 2308.704833984375 7108
1752014895664 1610.283935546875 7109
1752014896615 1389.131103515625 7110
1752014897574 2194.4990234375 7111
1752014898524 1384.0950927734375 7112
1752014899489 1905.7255859375 7113
1752014900442 2772.11376953125 7114
1752014901400 2376.5654296875 7115
1752014902358 1383.69189453125 7116
1752014903310 1366.2393798828125 7117
1752014904258 1577.259765625 7118
1752014905207 1033.376220703125 7119
1752014906160 889.3480224609375 7120
1752014907117 1939.5113525390625 7121
1752014908069 14802.7197265625 7122
1752014909025 1222.27099609375 7123
1752014909987 4735.5234375 7124
1752014910940 2412.734375 7125
1752014911889 2197.177490234375 7126
1752014913424 1262.920166015625 7127
1752014914377 1997.1512451171875 7128
1752014915333 1696.808349609375 7129
1752014916283 10245.638671875 7130
1752014917237 1600.88525390625 7131
1752014918193 1635.25 7132
1752014919146 3346.659423828125 7133
1752014920095 3210.474609375 7134
1752014921048 2312.83642578125 7135
1752014921998 4063.31103515625 7136
1752014922954 4227.0810546875 7137
1752014923911 8581.615234375 7138
1752014924862 2370.552490234375 7139
1752014925811 6322.99365234375 7140
1752014926760 2016.16552734375 7141
1752014927710 1800.7696533203125 7142
1752014928664 1524.632080078125 7143
1752014929621 2331.931884765625 7144
1752014930573 2064.67626953125 7145
1752014931525 7386.44775390625 7146
1752014932491 3042.787109375 7147
1752014933440 2131.8369140625 7148
1752014934392 6532.4443359375 7149
1752014935341 3734.009521484375 7150
1752014936293 2616.15087890625 7151
1752014937246 2058.11572265625 7152
1752014938194 1398.6650390625 7153
1752014939141 1871.944580078125 7154
1752014940093 1744.890380859375 7155
1752014941050 6734.525390625 7156
1752014941999 3240.675537109375 7157
1752014942956 1340.47998046875 7158
1752014943909 1369.7244873046875 7159
1752014944864 1293.8359375 7160
1752014945815 1611.72119140625 7161
1752014946771 3438.63037109375 7162
1752014947723 1605.794921875 7163
1752014948682 2158.499267578125 7164
1752014949635 2195.03857421875 7165
1752014950588 18615.212890625 7166
1752014951539 1269.439453125 7167
1752014952489 1042.457763671875 7168
1752014953442 4149.130859375 7169
1752014954391 1186.771728515625 7170
1752014955341 2641.170654296875 7171
1752014956301 1228.7557373046875 7172
1752014957292 3264.19970703125 7173
1752014958277 1410.7366943359375 7174
1752014959229 1252.5 7175
1752014960181 2391.01416015625 7176
1752014961128 2680.904541015625 7177
1752014962081 1245.585693359375 7178
1752014963036 2669.972900390625 7179
1752014963984 2783.02978515625 7180
1752014964937 1131.8201904296875 7181
1752014965889 4209.701171875 7182
1752014966840 1185.699951171875 7183
1752014967793 1515.6942138671875 7184
1752014968747 1342.7513427734375 7185
1752014969697 3273.908203125 7186
1752014970656 2526.111572265625 7187
1752014971614 2501.635498046875 7188
1752014972563 1644.2979736328125 7189
1752014973515 1750.1842041015625 7190
1752014974464 2416.282470703125 7191
1752014975419 2191.404541015625 7192
1752014976373 1628.70703125 7193
1752014977326 4766.486328125 7194
1752014978276 1636.95751953125 7195
1752014979237 2379.99365234375 7196
1752014980186 1797.1080322265625 7197
1752014981134 2479.7421875 7198
1752014982094 1420.6451416015625 7199
1752014983044 1127.740478515625 7200
1752014983996 1795.894287109375 7201
1752014984947 1716.794677734375 7202
1752014985905 1562.7298583984375 7203
1752014986854 1591.6373291015625 7204
1752014987806 1705.7716064453125 7205
1752014988753 1428.11279296875 7206
1752014989701 1937.682861328125 7207
1752014990651 2467.025146484375 7208
1752014991602 1132.490478515625 7209
1752014992551 1692.92822265625 7210
1752014993499 1272.71630859375 7211
1752014994450 4175.302734375 7212
1752014995401 2101.62646484375 7213
1752014996349 1355.512451171875 7214
1752014997294 1498.609619140625 7215
1752014998245 1240.2890625 7216
1752014999199 1936.7734375 7217
1752015000152 2556.224365234375 7218
1752015001109 2167.20458984375 7219
1752015002058 2661.429443359375 7220
1752015003010 1557.9261474609375 7221
1752015003960 939.2496337890625 7222
1752015004913 1718.800537109375 7223
1752015005862 1666.500244140625 7224
1752015006810 1304.59765625 7225
1752015007758 1313.65478515625 7226
1752015008709 1338.91943359375 7227
1752015009659 2960.53564453125 7228
1752015010610 5298.01220703125 7229
1752015011562 1105.689208984375 7230
1752015012512 1454.843017578125 7231
1752015013459 2415.26220703125 7232
1752015014407 1280.7330322265625 7233
1752015015357 1757.956298828125 7234
1752015016307 1287.773681640625 7235
1752015017273 1353.1953125 7236
1752015018255 1567.081298828125 7237
1752015019244 3160.38818359375 7238
1752015020192 1535.8153076171875 7239
1752015021149 4857.9130859375 7240
1752015022104 1047.600830078125 7241
1752015023055 885.1485595703125 7242
1752015024009 1505.476806640625 7243
1752015024964 1348.9578857421875 7244
1752015025916 1301.13427734375 7245
1752015026870 1178.5107421875 7246
1752015027823 1406.0625 7247
1752015028777 5446.3076171875 7248
1752015029737 1273.74560546875 7249
1752015030686 1741.09814453125 7250
1752015031636 1747.2864990234375 7251
1752015033211 1517.12255859375 7252
1752015034171 1263.8349609375 7253
1752015035118 1085.1451416015625 7254
1752015036075 1201.887939453125 7255
1752015037027 892.2579345703125 7256
1752015037979 1256.563720703125 7257
1752015038928 1382.38818359375 7258
1752015039880 1374.354736328125 7259
1752015040837 1718.2890625 7260
1752015041796 1618.51416015625 7261
1752015042752 1044.2568359375 7262
1752015043706 1338.3856201171875 7263
1752015044661 2626.763427734375 7264
1752015045613 1273.9869384765625 7265
1752015046566 1812.43701171875 7266
1752015047525 1676.1641845703125 7267
1752015048477 1790.616455078125 7268
1752015049435 4360.9267578125 7269
1752015050389 2570.4013671875 7270
1752015051344 1074.3756103515625 7271
1752015052297 963.9813842773438 7272
1752015053247 1229.75830078125 7273
1752015054207 926.281982421875 7274
1752015055159 1856.322509765625 7275
1752015056120 1765.428466796875 7276
1752015057070 1505.645263671875 7277
1752015058029 2353.99609375 7278
1752015058979 1010.3099975585938 7279
1752015059941 1366.0897216796875 7280
1752015060905 2801.14599609375 7281
1752015061871 1445.203369140625 7282
1752015062825 1602.536865234375 7283
1752015063783 2067.55126953125 7284
1752015064739 1953.333251953125 7285
1752015065692 3785.97998046875 7286
1752015066645 1892.70166015625 7287
1752015067597 1543.747314453125 7288
1752015068549 1313.746337890625 7289
1752015069504 1653.58349609375 7290
1752015070454 1133.593505859375 7291
1752015071406 3420.25830078125 7292
1752015072360 1417.84326171875 7293
1752015073309 1928.43310546875 7294
1752015074262 1453.8192138671875 7295
1752015075222 1237.0234375 7296
1752015076179 1823.25537109375 7297
1752015077132 1712.3228759765625 7298
1752015078082 4940.0849609375 7299
1752015079028 1814.191162109375 7300
1752015079985 2389.18896484375 7301
1752015080941 3688.244873046875 7302
1752015081892 1301.19970703125 7303
1752015082847 2041.065185546875 7304
1752015083800 4042.267578125 7305
1752015084750 2936.75244140625 7306
1752015085705 2551.8720703125 7307
1752015086662 1966.8482666015625 7308
1752015087614 1517.601318359375 7309
1752015088567 1537.8057861328125 7310
1752015089521 949.2208862304688 7311
1752015090472 3072.2705078125 7312
1752015091421 2331.247802734375 7313
1752015092378 5569.0673828125 7314
1752015093325 1797.1014404296875 7315
1752015094276 1298.43408203125 7316
1752015095227 1804.758544921875 7317
1752015096180 1696.966064453125 7318
1752015097143 1101.34765625 7319
1752015098103 2929.5458984375 7320
1752015099059 1168.5458984375 7321
1752015100011 1882.793212890625 7322
1752015100965 927.8546142578125 7323
1752015101922 5259.349609375 7324
1752015102880 1351.9921875 7325
1752015103832 1403.9927978515625 7326
1752015104792 2527.919677734375 7327
1752015105741 1195.98876953125 7328
1752015106692 2799.22412109375 7329
1752015107645 1229.12255859375 7330
1752015108595 1041.85009765625 7331
1752015109546 1117.011962890625 7332
1752015110495 1384.4891357421875 7333
1752015111447 6106.3740234375 7334
1752015112398 2137.15625 7335
1752015113351 1856.05712890625 7336
1752015114303 1832.208984375 7337
1752015115249 2224.37548828125 7338
1752015116204 1142.6246337890625 7339
1752015117153 1520.768798828125 7340
1752015118103 1457.830322265625 7341
1752015119053 1454.6861572265625 7342
1752015120003 1965.31103515625 7343
1752015120964 3486.919677734375 7344
1752015121914 1270.137939453125 7345
1752015122866 1835.66162109375 7346
1752015123815 1509.779296875 7347
1752015124765 4917.6005859375 7348
1752015125713 985.7532958984375 7349
1752015126666 4039.7119140625 7350
1752015127617 1508.44580078125 7351
1752015128568 2794.1865234375 7352
1752015129520 2069.316162109375 7353
1752015130471 1760.012939453125 7354
1752015131423 1170.2666015625 7355
1752015132371 1323.970703125 7356
1752015133321 1332.498291015625 7357
1752015134270 1193.1309814453125 7358
1752015135219 3964.66552734375 7359
1752015136168 1762.80419921875 7360
1752015137123 2712.484375 7361
1752015138079 1675.365478515625 7362
1752015139039 2130.829345703125 7363
1752015139992 1162.824951171875 7364
1752015140944 1130.6556396484375 7365
1752015141894 2706.044921875 7366
1752015142857 3641.249267578125 7367
1752015143816 1075.3175048828125 7368
1752015144767 2105.72802734375 7369
1752015145719 2136.16796875 7370
1752015146681 980.3321533203125 7371
1752015147635 1305.173095703125 7372
1752015148594 1341.826416015625 7373
1752015149544 1160.28955078125 7374
1752015150502 1245.094970703125 7375
1752015151453 3213.060546875 7376
1752015153093 1403.467041015625 7377
1752015154049 837.5078125 7378
1752015155001 947.1078491210938 7379
1752015155955 1399.7938232421875 7380
1752015156910 1571.4818115234375 7381
1752015157858 3104.670654296875 7382
1752015158811 1455.0577392578125 7383
1752015159760 2427.343994140625 7384
1752015160711 1293.4334716796875 7385
1752015161667 1343.190185546875 7386
1752015162619 1011.9802856445312 7387
1752015163575 1474.9267578125 7388
1752015164535 1282.937255859375 7389
1752015165495 1209.58154296875 7390
1752015166449 1282.58544921875 7391
1752015167399 2359.2255859375 7392
1752015168365 1296.3961181640625 7393
1752015169346 2154.218994140625 7394
1752015170355 2154.6552734375 7395
1752015171313 1325.591552734375 7396
1752015172268 1569.9599609375 7397
1752015173222 1112.53759765625 7398
1752015174184 1697.703857421875 7399
1752015175135 1258.76806640625 7400
1752015176091 914.9368896484375 7401
1752015177046 1033.431884765625 7402
1752015178005 1310.1558837890625 7403
1752015178954 2322.00732421875 7404
1752015179908 2085.255615234375 7405
1752015180865 1244.01220703125 7406
1752015181821 1119.197509765625 7407
1752015182769 1218.086669921875 7408
1752015183717 1030.85546875 7409
1752015184668 1742.756591796875 7410
1752015185623 1033.2403564453125 7411
1752015186580 1224.094482421875 7412
1752015187528 1371.509765625 7413
1752015188479 1198.0029296875 7414
1752015189435 1166.445068359375 7415
1752015190389 2496.26220703125 7416
1752015191342 817.6172485351562 7417
1752015192299 3127.37890625 7418
1752015193254 1608.371337890625 7419
1752015194207 1995.8992919921875 7420
1752015195154 848.3026123046875 7421
1752015196108 4537.572265625 7422
1752015197061 1582.85009765625 7423
1752015198016 2661.47802734375 7424
1752015198967 1181.828369140625 7425
1752015199921 1127.7186279296875 7426
1752015200871 3129.71142578125 7427
1752015201828 2435.499267578125 7428
1752015202812 1135.0557861328125 7429
1752015203797 1334.5762939453125 7430
1752015204764 1458.22802734375 7431
1752015205720 1068.3675537109375 7432
1752015206677 2062.180419921875 7433
1752015207637 1595.7584228515625 7434
1752015208589 2481.9521484375 7435
1752015209538 963.6253662109375 7436
1752015210494 2825.217041015625 7437
1752015211445 1102.98974609375 7438
1752015212397 1275.2816162109375 7439
1752015213345 1311.00390625 7440
1752015214295 1301.120849609375 7441
1752015215244 1686.119873046875 7442
1752015216203 1256.811279296875 7443
1752015217157 2164.470458984375 7444
1752015218120 973.1156005859375 7445
1752015219070 1426.3016357421875 7446
1752015220022 3332.076904296875 7447
1752015220970 4983.78662109375 7448
1752015221916 2335.591796875 7449
1752015222875 1762.70947265625 7450
1752015223828 1249.9686279296875 7451
1752015224791 1557.51513671875 7452
1752015225742 968.70654296875 7453
1752015226693 2462.273681640625 7454
1752015227645 1719.237548828125 7455
1752015228592 2568.904296875 7456
1752015229546 1109.78271484375 7457
1752015230496 2176.13525390625 7458
1752015231446 1703.390380859375 7459
1752015232399 1574.9405517578125 7460
1752015233351 1771.492431640625 7461
1752015234298 1395.2220458984375 7462
1752015235248 2982.15283203125 7463
1752015236198 3427.70166015625 7464
1752015237150 2960.0927734375 7465
1752015238102 1562.892578125 7466
1752015239053 1749.3741455078125 7467
1752015240004 1419.0751953125 7468
1752015240962 1536.37548828125 7469
1752015241919 1833.402587890625 7470
1752015242869 1455.6533203125 7471
1752015243820 1300.23828125 7472
1752015244768 3877.34521484375 7473
1752015245718 1497.70947265625 7474
1752015246666 1280.369140625 7475
1752015247616 1429.3857421875 7476
1752015248566 2316.576904296875 7477
1752015249522 1432.329345703125 7478
1752015250468 915.962890625 7479
1752015251419 1648.298095703125 7480
1752015252367 2136.185791015625 7481
1752015253317 2373.675537109375 7482
1752015254269 1636.987060546875 7483
1752015255220 1464.8720703125 7484
1752015256166 901.623291015625 7485
1752015257126 1504.2618408203125 7486
1752015258078 1877.4088134765625 7487
1752015259030 1297.470947265625 7488
1752015259990 1319.724609375 7489
1752015260953 1481.7542724609375 7490
1752015261906 1421.28125 7491
1752015262856 14483.166015625 7492
1752015263815 1393.14892578125 7493
1752015264778 2472.5107421875 7494
1752015265740 1433.0234375 7495
1752015266705 2105.131591796875 7496
1752015267662 3645.197021484375 7497
1752015268620 2836.11767578125 7498
1752015269574 2053.830322265625 7499
1752015270528 2432.1044921875 7500
1752015271480 2471.999755859375 7501
1752015273008 1860.95361328125 7502
1752015273957 4455.97509765625 7503
1752015274910 2066.67236328125 7504
1752015275861 2477.26953125 7505
1752015276813 1986.921630859375 7506
1752015277774 2400.84912109375 7507
1752015278727 2237.204833984375 7508
1752015279677 1481.562255859375 7509
1752015280627 1782.9228515625 7510
1752015281580 1947.7232666015625 7511
1752015282534 2247.426025390625 7512
1752015283487 1947.476806640625 7513
1752015284435 1323.650390625 7514
1752015285391 1170.2730712890625 7515
1752015286353 10561.599609375 7516
1752015287301 5233.443359375 7517
1752015288261 1535.082763671875 7518
1752015289259 1818.740966796875 7519
1752015290253 6459.69287109375 7520
1752015291205 15168.107421875 7521
1752015292159 2368.2900390625 7522
1752015293112 2638.7705078125 7523
1752015294063 2347.1953125 7524
1752015295010 1770.02685546875 7525
1752015295972 2101.48681640625 7526
1752015296924 1463.6243896484375 7527
1752015297873 2564.8603515625 7528
1752015298821 1819.787353515625 7529
1752015299777 1889.72412109375 7530
1752015300734 1603.330322265625 7531
1752015301688 1835.305908203125 7532
1752015302647 2807.90625 7533
1752015303600 1801.419921875 7534
1752015304551 1973.293701171875 7535
1752015305506 984.6499633789062 7536
1752015306459 1531.7435302734375 7537
1752015307409 2379.3603515625 7538
1752015308355 1704.8004150390625 7539
1752015309307 1771.08837890625 7540
1752015310261 1299.8017578125 7541
1752015311211 2031.36181640625 7542
1752015312162 1361.78857421875 7543
1752015313113 1524.719970703125 7544
1752015314065 1065.652099609375 7545
1752015315016 1592.1834716796875 7546
1752015315974 1041.384765625 7547
1752015316925 1019.314697265625 7548
1752015317875 1064.642333984375 7549
1752015318824 1308.19384765625 7550
1752015319774 1970.6624755859375 7551
1752015320724 1470.893798828125 7552
1752015321674 2526.5078125 7553
1752015322623 1154.2713623046875 7554
1752015323574 1300.1456298828125 7555
1752015324524 1440.863037109375 7556
1752015325473 1429.11572265625 7557
1752015326422 1459.43359375 7558
1752015327374 2354.298828125 7559
1752015328321 1420.473388671875 7560
1752015329273 1326.753173828125 7561
1752015330221 1342.7056884765625 7562
1752015331171 1291.3724365234375 7563
1752015332120 2135.283447265625 7564
1752015333071 786.067138671875 7565
1752015334019 2510.59033203125 7566
1752015334969 1422.4979248046875 7567
1752015335918 1020.739013671875 7568
1752015336872 1041.1112060546875 7569
1752015337820 1423.2344970703125 7570
1752015338773 972.3880004882812 7571
1752015339732 2029.125732421875 7572
1752015340686 2867.72216796875 7573
1752015341638 1303.736083984375 7574
1752015342587 1437.6351318359375 7575
1752015343542 1597.2686767578125 7576
1752015344494 1265.76513671875 7577
1752015345447 1446.4833984375 7578
1752015346396 1144.961669921875 7579
1752015347346 1911.492919921875 7580
1752015348294 1211.7144775390625 7581
1752015349246 917.701171875 7582
1752015350197 1452.210693359375 7583
1752015351151 1433.540283203125 7584
1752015352100 1130.62060546875 7585
1752015353051 2780.6298828125 7586
1752015354003 1789.9388427734375 7587
1752015354951 907.5879516601562 7588
1752015355901 1007.4375 7589
1752015356850 1561.4227294921875 7590
1752015357800 1114.460205078125 7591
1752015358751 2109.427490234375 7592
1752015359699 1065.962646484375 7593
1752015360657 1051.3154296875 7594
1752015361609 2285.84521484375 7595
1752015362559 954.472412109375 7596
1752015363508 2429.9326171875 7597
1752015364458 1270.2998046875 7598
1752015365412 1207.111572265625 7599
1752015366359 1343.2332763671875 7600
1752015367309 1024.1849365234375 7601
1752015368257 12952.5078125 7602
1752015369208 2797.53955078125 7603
1752015370156 1163.60595703125 7604
1752015371104 1631.601806640625 7605
1752015372051 1915.85693359375 7606
1752015373000 1082.330322265625 7607
1752015373950 1019.359375 7608
1752015374901 2669.2451171875 7609
1752015375853 1061.72607421875 7610
1752015376804 3880.069580078125 7611
1752015377772 1657.3426513671875 7612
1752015378724 1157.4461669921875 7613
1752015379675 1230.0015869140625 7614
1752015380632 1891.04443359375 7615
1752015381586 2936.701416015625 7616
1752015382539 1578.1397705078125 7617
1752015383508 1590.791748046875 7618
1752015384496 2148.12646484375 7619
1752015385479 2433.833984375 7620
1752015386429 2403.227783203125 7621
1752015387378 1113.9114990234375 7622
1752015388336 1923.45068359375 7623
1752015389289 3213.56884765625 7624
1752015390239 1296.727783203125 7625
1752015391192 1134.8250732421875 7626
1752015392734 2435.5791015625 7627
1752015393690 1427.417724609375 7628
1752015394646 1246.9061279296875 7629
1752015395598 2436.02734375 7630
1752015396547 1688.1678466796875 7631
1752015397495 1027.8076171875 7632
1752015398449 2195.607177734375 7633
1752015399397 1064.710693359375 7634
1752015400348 2194.677001953125 7635
1752015401297 2507.759765625 7636
1752015402248 885.5662231445312 7637
1752015403201 2037.3778076171875 7638
1752015404151 1057.352294921875 7639
1752015405104 7167.28857421875 7640
1752015406054 1510.23681640625 7641
1752015407003 1159.7843017578125 7642
1752015407954 1268.3155517578125 7643
1752015408907 2448.4365234375 7644
1752015409859 1063.928955078125 7645
1752015410810 1343.05615234375 7646
1752015411768 1588.5706787109375 7647
1752015412727 1491.30419921875 7648
1752015413676 1209.755126953125 7649
1752015414627 986.8995361328125 7650
1752015415581 1235.7574462890625 7651
1752015416532 1347.6422119140625 7652
1752015417482 1865.7220458984375 7653
1752015418430 978.836669921875 7654
1752015419383 1288.881103515625 7655
1752015420333 1949.75341796875 7656
1752015421288 8010.525390625 7657
1752015422240 2092.0439453125 7658
1752015423199 1349.783203125 7659
1752015424158 1235.9549560546875 7660
1752015425112 1630.0830078125 7661
1752015426068 1334.9326171875 7662
1752015427020 5816.8212890625 7663
1752015427971 1968.6173095703125 7664
1752015428930 2163.991943359375 7665
1752015429881 2528.403564453125 7666
1752015430833 8353.853515625 7667
1752015431784 1568.939453125 7668
1752015432738 1709.8209228515625 7669
1752015433686 3154.165283203125 7670
1752015434639 1681.095703125 7671
1752015435590 6104.9638671875 7672
1752015436543 1576.66015625 7673
1752015437491 1262.699951171875 7674
1752015438442 1491.0849609375 7675
1752015439393 1457.489013671875 7676
1752015440343 1950.832763671875 7677
1752015441294 1125.6094970703125 7678
1752015442247 1312.21728515625 7679
1752015443199 1040.718994140625 7680
1752015444152 1762.6884765625 7681
1752015445103 1324.90087890625 7682
1752015446048 3548.247314453125 7683
1752015446999 1536.877197265625 7684
1752015447951 1167.697021484375 7685
1752015448901 1477.08251953125 7686
1752015449851 1874.6519775390625 7687
1752015450801 2060.441162109375 7688
1752015451753 1035.727783203125 7689
1752015452699 1116.925537109375 7690
1752015453648 1419.6929931640625 7691
1752015454600 2951.294921875 7692
1752015455554 2074.0087890625 7693
1752015456509 977.771484375 7694
1752015457461 3377.103515625 7695
1752015458412 3110.015625 7696
1752015459363 1580.918701171875 7697
1752015460317 1716.462646484375 7698
1752015461269 2091.28564453125 7699
1752015462221 1488.6708984375 7700
1752015463173 5836.23046875 7701
1752015464126 1867.594970703125 7702
1752015465079 1113.5142822265625 7703
1752015466033 1186.029296875 7704
1752015466985 1171.587890625 7705
1752015467937 1364.332275390625 7706
1752015468887 1156.1539306640625 7707
1752015469837 1060.9697265625 7708
1752015470788 2465.9814453125 7709
1752015471740 1490.952392578125 7710
1752015472697 1315.7913818359375 7711
1752015473647 1163.8187255859375 7712
1752015474599 1616.736083984375 7713
1752015475549 955.5534057617188 7714
1752015476502 2027.1673583984375 7715
1752015477460 1172.326171875 7716
1752015478408 1218.741455078125 7717
1752015479362 1788.8231201171875 7718
1752015480315 1645.993408203125 7719
1752015481271 1602.3865966796875 7720
1752015482222 1451.710693359375 7721
1752015483173 1433.1865234375 7722
1752015484125 1648.690673828125 7723
1752015485075 1833.620849609375 7724
1752015486023 2259.576171875 7725
1752015486975 1129.266845703125 7726
1752015487924 1351.7879638671875 7727
1752015488877 1073.712890625 7728
1752015489824 1191.4932861328125 7729
1752015490776 1895.645263671875 7730
1752015491729 2224.64501953125 7731
1752015492681 1808.029296875 7732
1752015493632 1512.13427734375 7733
1752015494585 1164.5379638671875 7734
1752015495534 2398.020263671875 7735
1752015496485 1187.0408935546875 7736
1752015497433 1289.1845703125 7737
1752015498386 1352.0269775390625 7738
1752015499335 1342.8580322265625 7739
1752015500288 1652.502685546875 7740
1752015501240 1103.5716552734375 7741
1752015502193 2200.83642578125 7742
1752015503141 1163.7091064453125 7743
1752015504090 1586.19091796875 7744
1752015505036 1904.617919921875 7745
1752015505987 979.7183227539062 7746
1752015506947 1352.2030029296875 7747
1752015507897 1598.389892578125 7748
1752015508848 2346.11962890625 7749
1752015509806 1450.535888671875 7750
1752015510757 1153.34814453125 7751
1752015512314 816.23046875 7752
1752015513273 1228.622314453125 7753
1752015514227 1201.54248046875 7754
1752015515178 874.0977783203125 7755
1752015516131 1209.13623046875 7756
1752015517086 998.716552734375 7757
1752015518039 1517.314208984375 7758
1752015518992 1129.28271484375 7759
1752015519943 946.3109741210938 7760
1752015520891 4489.8603515625 7761
1752015521842 1503.34228515625 7762
1752015522799 1634.9267578125 7763
1752015523753 1421.588623046875 7764
1752015524710 1810.53125 7765
1752015525665 3581.86572265625 7766
1752015526624 1001.6524658203125 7767
1752015527573 1498.5123291015625 7768
1752015528542 1427.719970703125 7769
1752015529529 1126.60205078125 7770
1752015530513 1450.8045654296875 7771
1752015531467 1793.5206298828125 7772
1752015532417 1009.1710205078125 7773
1752015533368 1865.95361328125 7774
1752015534321 943.253662109375 7775
1752015535269 1258.162841796875 7776
1752015536221 3522.7353515625 7777
1752015537177 922.6021728515625 7778
1752015538126 1291.09326171875 7779
1752015539079 1498.9017333984375 7780
1752015540037 1273.2222900390625 7781
1752015540999 1356.6038818359375 7782
1752015541951 1580.573486328125 7783
1752015542913 842.237060546875 7784
1752015543865 1092.1912841796875 7785
1752015544816 968.6506958007812 7786
1752015545764 1118.119873046875 7787
1752015546719 874.189208984375 7788
1752015547675 1384.6943359375 7789
1752015548625 1566.6253662109375 7790
1752015549574 1138.9876708984375 7791
1752015550523 1050.887451171875 7792
1752015551472 1338.26123046875 7793
1752015552419 843.1437377929688 7794
1752015553371 1166.7281494140625 7795
1752015554326 1506.858154296875 7796
1752015555276 1081.281982421875 7797
1752015556227 999.8671875 7798
1752015557180 1139.496337890625 7799
1752015558136 868.1234130859375 7800
1752015559089 1837.97119140625 7801
1752015560040 1747.27734375 7802
1752015560991 2218.44140625 7803
1752015561939 4494.06591796875 7804
1752015562896 1830.905517578125 7805
1752015563847 1070.487060546875 7806
1752015564801 817.131103515625 7807
1752015565754 1597.29833984375 7808
1752015566733 1561.18310546875 7809
1752015567724 2027.51416015625 7810
1752015568705 918.9166259765625 7811
1752015569657 1235.504150390625 7812
1752015570604 1241.211181640625 7813
1752015571555 948.4822998046875 7814
1752015572509 1217.8338623046875 7815
1752015573462 1183.427978515625 7816
1752015574415 809.82080078125 7817
1752015575364 1098.8525390625 7818
1752015576316 2822.3779296875 7819
1752015577268 1859.1278076171875 7820
1752015578222 1619.57861328125 7821
1752015579173 1085.3885498046875 7822
1752015580125 1970.09716796875 7823
1752015581076 1052.738525390625 7824
1752015582029 1230.662841796875 7825
1752015582986 1808.1295166015625 7826
1752015583947 1187.7318115234375 7827
1752015584899 1254.478759765625 7828
1752015585852 1324.564208984375 7829
1752015586802 1519.2998046875 7830
1752015587752 1158.463623046875 7831
1752015588706 998.7652587890625 7832
1752015589655 1278.745849609375 7833
1752015590608 2675.5400390625 7834
1752015591561 1231.233642578125 7835
1752015592511 950.841796875 7836
1752015593464 2255.167236328125 7837
1752015594415 1527.726318359375 7838
1752015595367 946.762939453125 7839
1752015596317 986.71142578125 7840
1752015597264 947.8460693359375 7841
1752015598213 2268.4658203125 7842
1752015599163 1044.1326904296875 7843
1752015600114 757.8538818359375 7844
1752015601076 1396.5404052734375 7845
1752015602025 2484.027587890625 7846
1752015602978 1459.19921875 7847
1752015603927 1085.0634765625 7848
1752015604877 2073.724853515625 7849
1752015605825 1194.604248046875 7850
1752015606774 974.127685546875 7851
1752015607726 2174.42236328125 7852
1752015608675 2117.60498046875 7853
1752015609627 1939.662109375 7854
1752015610580 1062.466552734375 7855
1752015611532 1322.555908203125 7856
1752015612480 1627.953857421875 7857
1752015613430 1338.415771484375 7858
1752015614381 1461.2198486328125 7859
1752015615328 6430.37744140625 7860
1752015616276 885.57958984375 7861
1752015617240 1074.36572265625 7862
1752015618191 1926.760986328125 7863
1752015619145 1592.712890625 7864
1752015620099 2432.697509765625 7865
1752015621054 1430.658203125 7866
1752015622010 1926.4996337890625 7867
1752015622965 3698.29345703125 7868
1752015623919 1511.701904296875 7869
1752015624872 1819.5745849609375 7870
1752015625822 1827.19189453125 7871
1752015626777 4479.2041015625 7872
1752015627737 2400.7998046875 7873
1752015628687 2166.232421875 7874
1752015629634 2231.382080078125 7875
1752015630590 1674.826171875 7876
1752015632153 1187.790771484375 7877
1752015633103 1694.0145263671875 7878
1752015634069 1735.709228515625 7879
1752015635021 1903.67724609375 7880
1752015635980 1088.8231201171875 7881
1752015636936 1107.64404296875 7882
1752015637895 1737.0013427734375 7883
1752015638852 1326.8365478515625 7884
1752015639812 1005.588134765625 7885
1752015640768 880.2664184570312 7886
1752015641723 1396.7236328125 7887
1752015642678 1653.7933349609375 7888
1752015643630 1316.130859375 7889
1752015644589 1480.49267578125 7890
1752015645545 804.1990966796875 7891
1752015646499 874.4163818359375 7892
1752015647462 2036.085205078125 7893
1752015648426 4628.97705078125 7894
1752015649410 1155.0955810546875 7895
1752015650401 1846.2542724609375 7896
1752015651357 1408.265625 7897
1752015652310 1666.468505859375 7898
1752015653263 875.9278564453125 7899
1752015654216 2188.41796875 7900
1752015655166 787.98291015625 7901
1752015656128 1898.998291015625 7902
1752015657077 2429.936279296875 7903
1752015658032 2859.512451171875 7904
1752015658995 2128.27978515625 7905
1752015659948 922.603759765625 7906
1752015660913 1624.126708984375 7907
1752015661866 1207.941650390625 7908
1752015662823 1744.692138671875 7909
1752015663780 1279.907470703125 7910
1752015664734 3415.501708984375 7911
1752015665687 1051.5205078125 7912
1752015666634 1519.169921875 7913
1752015667587 2445.795166015625 7914
1752015668542 2034.3875732421875 7915
1752015669496 1364.8629150390625 7916
1752015670448 1464.15283203125 7917
1752015671398 1990.358642578125 7918
1752015672346 3611.666259765625 7919
1752015673305 1839.524658203125 7920
1752015674253 1987.064697265625 7921
1752015675208 1657.0225830078125 7922
1752015676157 1572.021240234375 7923
1752015677108 2016.26416015625 7924
1752015678064 1888.3907470703125 7925
1752015679023 959.6748046875 7926
1752015679975 18855.39453125 7927
1752015680928 1007.1560668945312 7928
1752015681879 1116.30078125 7929
1752015682831 1993.2835693359375 7930
1752015683789 982.6862182617188 7931
1752015684744 1951.87109375 7932
1752015685697 954.0028076171875 7933
1752015686652 2062.339599609375 7934
1752015687609 1750.3653564453125 7935
1752015688564 880.1716918945312 7936
1752015689522 1161.09765625 7937
1752015690479 2599.247802734375 7938
1752015691428 1195.351318359375 7939
1752015692388 1990.98876953125 7940
1752015693344 958.162841796875 7941
1752015694295 1663.4169921875 7942
1752015695253 1192.6553955078125 7943
1752015696218 1622.34619140625 7944
1752015697167 3185.23095703125 7945
1752015698120 7963.478515625 7946
1752015699079 2938.076416015625 7947
1752015700035 1975.81396484375 7948
1752015700986 1283.754638671875 7949
1752015701940 1822.525390625 7950
1752015702897 3125.46337890625 7951
1752015703856 1846.6024169921875 7952
1752015704813 3367.1748046875 7953
1752015705769 1397.259765625 7954
1752015706726 1916.084228515625 7955
1752015707681 1131.51953125 7956
1752015708654 1924.058349609375 7957
1752015709628 2025.047607421875 7958
1752015710616 1122.1656494140625 7959
1752015711567 1532.714599609375 7960
1752015712516 1148.278564453125 7961
1752015713470 1612.804931640625 7962
1752015714423 1749.90087890625 7963
1752015715374 1845.283203125 7964
1752015716324 1939.1568603515625 7965
1752015717272 1203.19873046875 7966
1752015718225 1471.9346923828125 7967
1752015719176 1381.4500732421875 7968
1752015720127 1238.6416015625 7969
1752015721085 1535.007568359375 7970
1752015722035 1638.302001953125 7971
1752015722985 1612.6929931640625 7972
1752015723937 1765.913330078125 7973
1752015724886 1260.505615234375 7974
1752015725835 1172.675537109375 7975
1752015726783 886.71337890625 7976
1752015727734 1250.2264404296875 7977
1752015728680 1223.42724609375 7978
1752015729633 1185.4168701171875 7979
1752015730584 847.9478759765625 7980
1752015731536 1162.910888671875 7981
1752015732486 1791.966064453125 7982
1752015733433 714.5655517578125 7983
1752015734382 1359.564453125 7984
1752015735334 4013.66357421875 7985
1752015736284 1702.25390625 7986
1752015737236 916.2052001953125 7987
1752015738187 1885.234130859375 7988
1752015739137 1223.576904296875 7989
1752015740087 2934.79541015625 7990
1752015741041 1525.544189453125 7991
1752015741995 1381.3994140625 7992
1752015742947 1583.9482421875 7993
1752015743910 1176.4073486328125 7994
1752015744864 1289.8270263671875 7995
1752015745818 1059.988525390625 7996
1752015746771 1758.613525390625 7997
1752015747723 1541.1650390625 7998
1752015748683 2015.1097412109375 7999
1752015749661 1380.177490234375 8000
1752015750639 2007.92333984375 8001
1752015752176 1205.6318359375 8002
1752015753129 1285.3104248046875 8003
1752015754082 1263.8187255859375 8004
1752015755039 2438.355712890625 8005
1752015755998 1098.88916015625 8006
1752015756950 1029.2197265625 8007
1752015757900 1264.962890625 8008
1752015758860 1002.0860595703125 8009
1752015759821 1079.7318115234375 8010
1752015760776 1147.4305419921875 8011
1752015761740 1059.5421142578125 8012
1752015762700 1537.3330078125 8013
1752015763655 1238.034912109375 8014
1752015764609 1076.2728271484375 8015
1752015765564 3169.806884765625 8016
1752015766518 1283.9591064453125 8017
1752015767472 1029.338623046875 8018
1752015768425 1584.8404541015625 8019
1752015769383 1277.42919921875 8020
1752015770341 1892.347900390625 8021
1752015771295 1732.1220703125 8022
1752015772247 1476.253662109375 8023
1752015773212 1704.533203125 8024
1752015774166 4653.6162109375 8025
1752015775120 1329.927001953125 8026
1752015776077 1074.2584228515625 8027
1752015777042 1864.082275390625 8028
1752015777996 1537.536865234375 8029
1752015778951 1476.9569091796875 8030
1752015779911 1147.218994140625 8031
1752015780879 1574.1190185546875 8032
1752015781835 1410.96923828125 8033
1752015782793 955.0772705078125 8034
1752015783744 1246.26318359375 8035
1752015784696 1860.0760498046875 8036
1752015785646 1212.814697265625 8037
1752015786599 861.3074951171875 8038
1752015787551 924.985107421875 8039
1752015788501 1228.0057373046875 8040
1752015789452 2286.765625 8041
1752015790408 1042.77734375 8042
1752015791357 2366.91162109375 8043
1752015792314 1605.51806640625 8044
1752015793266 1083.530517578125 8045
1752015794216 972.2841186523438 8046
1752015795173 1237.208984375 8047
1752015796136 1011.2931518554688 8048
1752015797085 1418.588134765625 8049
1752015798043 948.9381103515625 8050
1752015798995 960.82763671875 8051
1752015799950 2662.87353515625 8052
1752015800906 1191.15380859375 8053
1752015801862 802.1958618164062 8054
1752015802818 2149.02001953125 8055
1752015803769 924.072265625 8056
1752015804728 1504.8626708984375 8057
1752015805685 915.20068359375 8058
1752015806635 1555.993408203125 8059
1752015807597 921.2427978515625 8060
1752015808547 2437.88427734375 8061
1752015809501 1033.681884765625 8062
1752015810460 1295.9969482421875 8063
1752015811413 1065.044189453125 8064
1752015812368 1065.2574462890625 8065
1752015813319 1215.4752197265625 8066
1752015814272 1907.429931640625 8067
1752015815222 1158.302001953125 8068
1752015816179 2405.0380859375 8069
1752015817127 1048.7957763671875 8070
1752015818079 1029.51611328125 8071
1752015819038 1419.2232666015625 8072
1752015819989 2319.28271484375 8073
1752015820941 1953.676513671875 8074
1752015821891 1221.868408203125 8075
1752015822843 1192.9306640625 8076
1752015823796 1038.3890380859375 8077
1752015824746 1955.585693359375 8078
1752015825706 1418.256103515625 8079
1752015826656 1622.8868408203125 8080
1752015827607 888.197998046875 8081
1752015828577 1067.4595947265625 8082
1752015829561 1122.074462890625 8083
1752015830537 1372.1259765625 8084
1752015831486 1756.6661376953125 8085
1752015832438 11644.6806640625 8086
1752015833388 1253.219482421875 8087
1752015834336 913.251953125 8088
1752015835290 1837.5721435546875 8089
1752015836241 1510.3438720703125 8090
1752015837195 1094.5211181640625 8091
1752015838145 1532.8759765625 8092
1752015839094 1407.08740234375 8093
1752015840044 1942.3236083984375 8094
1752015841008 1633.822265625 8095
1752015841960 1254.580322265625 8096
1752015842911 1097.37158203125 8097
1752015843861 990.1536865234375 8098
1752015844815 1591.8533935546875 8099
1752015845767 1797.3162841796875 8100
1752015846717 1126.969970703125 8101
1752015847670 1016.0003662109375 8102
1752015848620 1665.2896728515625 8103
1752015849570 1306.328125 8104
1752015850514 1046.1834716796875 8105
1752015851463 1510.01318359375 8106
1752015852413 1143.4825439453125 8107
1752015853366 1964.4736328125 8108
1752015854316 1460.964111328125 8109
1752015855266 938.8490600585938 8110
1752015856217 1436.0755615234375 8111
1752015857178 899.8165283203125 8112
1752015858134 834.2939453125 8113
1752015859093 1163.5103759765625 8114
1752015860044 1165.9327392578125 8115
1752015861000 1097.324462890625 8116
1752015861960 839.20849609375 8117
1752015862910 1284.015869140625 8118
1752015863866 813.65478515625 8119
1752015864813 1270.93798828125 8120
1752015865765 2058.39453125 8121
1752015866720 975.4853515625 8122
1752015867679 1137.2232666015625 8123
1752015868641 782.3881225585938 8124
1752015869606 1297.5087890625 8125
1752015870558 2256.02197265625 8126
1752015872209 858.4098510742188 8127
1752015873166 1172.1875 8128
1752015874123 1207.822021484375 8129
1752015875080 2146.811279296875 8130
1752015876038 9056.4384765625 8131
1752015876987 720.2978515625 8132
1752015877946 1172.423095703125 8133
1752015878898 779.1166381835938 8134
1752015879862 1770.732666015625 8135
1752015880824 1200.6568603515625 8136
1752015881774 873.9749755859375 8137
1752015882727 1843.529541015625 8138
1752015883686 825.3082275390625 8139
1752015884644 987.2664184570312 8140
1752015885602 1038.5018310546875 8141
1752015886561 1129.6263427734375 8142
1752015887515 3386.49169921875 8143
1752015888485 1725.364990234375 8144
1752015889471 1062.8511962890625 8145
1752015890452 2080.43359375 8146
1752015891408 1333.215087890625 8147
1752015892370 1034.7589111328125 8148
1752015893324 1385.4140625 8149
1752015894276 967.4947509765625 8150
1752015895230 1531.7049560546875 8151
1752015896192 1418.73876953125 8152
1752015897151 1299.897216796875 8153
1752015898109 3250.62890625 8154
1752015899063 979.1966552734375 8155
1752015900020 1343.5189208984375 8156
1752015900982 4657.83251953125 8157
1752015901934 5538.9462890625 8158
1752015902884 1142.0631103515625 8159
1752015903833 1257.1219482421875 8160
1752015904788 1574.1446533203125 8161
1752015905741 2516.90673828125 8162
1752015906692 2661.041015625 8163
1752015907645 1857.4990234375 8164
1752015908594 2067.7158203125 8165
1752015909547 1583.70361328125 8166
1752015910502 1141.1639404296875 8167
1752015911453 1355.9554443359375 8168
1752015912404 1372.738525390625 8169
1752015913357 2185.37939453125 8170
1752015914307 2197.2412109375 8171
1752015915257 2531.046875 8172
1752015916210 1098.302001953125 8173
1752015917161 1200.622802734375 8174
1752015918112 1719.1917724609375 8175
1752015919062 1167.69140625 8176
1752015920012 1274.9749755859375 8177
1752015920963 1992.6917724609375 8178
1752015921911 1474.9552001953125 8179
1752015922863 2459.5654296875 8180
1752015923816 3479.168212890625 8181
1752015924765 2201.2099609375 8182
1752015925718 1490.06982421875 8183
1752015926670 2784.3994140625 8184
1752015927620 1234.7177734375 8185
1752015928569 1584.521484375 8186
1752015929520 1251.3076171875 8187
1752015930471 2086.935546875 8188
1752015931422 2657.98291015625 8189
1752015932390 1251.765625 8190
1752015933370 1228.0185546875 8191
1752015934356 2260.8798828125 8192
1752015935308 1033.42626953125 8193
1752015936262 1488.63623046875 8194
1752015937209 1097.28759765625 8195
1752015938162 1863.802490234375 8196
1752015939113 1683.105712890625 8197
1752015940064 1066.21240234375 8198
1752015941015 2623.6875 8199
1752015941972 1510.1932373046875 8200
1752015942921 1463.2880859375 8201
1752015943872 1012.326416015625 8202
1752015944823 1764.494384765625 8203
1752015945772 949.0874633789062 8204
1752015946721 1555.4910888671875 8205
1752015947670 1910.5029296875 8206
1752015948621 1232.002685546875 8207
1752015949571 1574.50732421875 8208
1752015950522 897.3307495117188 8209
1752015951475 1423.26806640625 8210
1752015952422 1256.748779296875 8211
1752015953370 1019.40087890625 8212
1752015954317 1349.1142578125 8213
1752015955265 1188.954833984375 8214
1752015956215 950.0819702148438 8215
1752015957168 849.49267578125 8216
1752015958123 3228.6171875 8217
1752015959073 1623.369384765625 8218
1752015960022 1118.154541015625 8219
1752015960984 4048.36279296875 8220
1752015961936 850.48291015625 8221
1752015962888 1381.29052734375 8222
1752015963834 1883.0740966796875 8223
1752015964785 1111.70361328125 8224
1752015965733 1969.554443359375 8225
1752015966682 2442.7529296875 8226
1752015967635 1200.598388671875 8227
1752015968585 876.0586547851562 8228
1752015969534 1835.459228515625 8229
1752015970483 2083.20068359375 8230
1752015971432 874.2892456054688 8231
1752015972386 782.3773803710938 8232
1752015973341 997.0528564453125 8233
1752015974293 1032.0802001953125 8234
1752015975241 1856.472900390625 8235
1752015976192 865.0623779296875 8236
1752015977151 1172.919189453125 8237
1752015978100 1419.2283935546875 8238
1752015979050 1104.843505859375 8239
1752015980007 1111.77587890625 8240
1752015980961 1463.751220703125 8241
1752015981911 1066.229736328125 8242
1752015982867 1918.3538818359375 8243
1752015983830 1095.92578125 8244
1752015984783 2030.005126953125 8245
1752015985733 1876.88134765625 8246
1752015986693 3169.2587890625 8247
1752015987650 1315.6314697265625 8248
1752015988609 970.6633911132812 8249
1752015989561 1798.849853515625 8250
1752015990522 915.0696411132812 8251
1752015992064 992.9812622070312 8252
1752015993015 1176.8988037109375 8253
1752015993966 1947.12158203125 8254
1752015994916 1101.3077392578125 8255
1752015995866 2839.806640625 8256
1752015996819 2168.7939453125 8257
1752015997768 1177.64013671875 8258
1752015998717 4513.4267578125 8259
1752015999668 853.870849609375 8260
1752016000619 914.893798828125 8261
1752016001579 2499.898681640625 8262
1752016002532 1810.83984375 8263
1752016003483 1414.3377685546875 8264
1752016004435 1041.533447265625 8265
1752016005394 1333.170166015625 8266
1752016006344 1308.403076171875 8267
1752016007296 1102.5079345703125 8268
1752016008261 2006.0244140625 8269
1752016009249 1177.223388671875 8270
1752016010232 922.2766723632812 8271
1752016011187 2737.94970703125 8272
1752016012139 2236.61474609375 8273
1752016013088 1880.659912109375 8274
1752016014035 2023.529541015625 8275
1752016014992 1430.0533447265625 8276
1752016015946 1604.297607421875 8277
1752016016899 1199.0367431640625 8278
1752016017853 3171.377197265625 8279
1752016018806 1369.9215087890625 8280
1752016019767 1327.358642578125 8281
1752016020725 1174.308837890625 8282
1752016021680 2218.1708984375 8283
1752016022634 1347.084228515625 8284
1752016023585 1291.49609375 8285
1752016024532 2144.70068359375 8286
1752016025484 1479.542236328125 8287
1752016026434 1783.9871826171875 8288
1752016027388 1045.62890625 8289
1752016028345 1470.300048828125 8290
1752016029300 1658.6087646484375 8291
1752016030258 873.916259765625 8292
1752016031212 1208.888427734375 8293
1752016032162 1529.840087890625 8294
1752016033117 4247.201171875 8295
1752016034069 2027.3563232421875 8296
1752016035022 1163.772216796875 8297
1752016035971 1185.2064208984375 8298
1752016036927 1482.629638671875 8299
1752016037876 2761.522216796875 8300
1752016038826 2610.477783203125 8301
1752016039777 828.1611328125 8302
1752016040728 936.3595581054688 8303
1752016041680 1655.096923828125 8304
1752016042628 2375.62451171875 8305
1752016043576 1213.7816162109375 8306
1752016044536 1519.138671875 8307
1752016045486 1513.163330078125 8308
1752016046438 1048.0284423828125 8309
1752016047386 1341.389892578125 8310
1752016048337 2283.676513671875 8311
1752016049286 1421.711181640625 8312
1752016050235 1311.361083984375 8313
1752016051187 1397.6121826171875 8314
1752016052135 1061.687255859375 8315
1752016053083 1048.590576171875 8316
1752016054029 1063.332763671875 8317
1752016054977 1827.67578125 8318
1752016055929 1740.718994140625 8319
1752016056881 2365.720703125 8320
1752016057835 1577.785888671875 8321
1752016058786 936.2667236328125 8322
1752016059737 1377.4365234375 8323
1752016060687 1329.8758544921875 8324
1752016061639 806.61572265625 8325
1752016062590 1202.95849609375 8326
1752016063540 1148.1173095703125 8327
1752016064489 2709.63037109375 8328
1752016065441 4474.703125 8329
1752016066391 2291.6806640625 8330
1752016067341 969.4337158203125 8331
1752016068299 1706.358154296875 8332
1752016069291 1128.6907958984375 8333
1752016070279 2175.967529296875 8334
1752016071228 721.8615112304688 8335
1752016072180 1910.8201904296875 8336
1752016073128 1182.8795166015625 8337
1752016074075 1352.745849609375 8338
1752016075025 1928.7056884765625 8339
1752016075981 1767.9747314453125 8340
1752016076935 1050.823974609375 8341
1752016077883 1209.259033203125 8342
1752016078833 1305.120849609375 8343
1752016079785 1276.6439208984375 8344
1752016080738 2798.920654296875 8345
1752016081693 744.958740234375 8346
1752016082650 1541.8983154296875 8347
1752016083603 871.640625 8348
1752016084553 1274.561767578125 8349
1752016085508 1408.56005859375 8350
1752016086455 779.7637939453125 8351
1752016087402 983.9080200195312 8352
1752016088352 1312.818603515625 8353
1752016089303 3361.9765625 8354
1752016090251 1970.791259765625 8355
1752016091201 2234.3896484375 8356
1752016092146 994.3942260742188 8357
1752016093099 2461.58154296875 8358
1752016094050 1285.74169921875 8359
1752016095000 1852.030029296875 8360
1752016095946 1174.3487548828125 8361
1752016096899 3309.641845703125 8362
1752016097852 983.8511962890625 8363
1752016098802 1189.798828125 8364
1752016099750 872.56494140625 8365
1752016100701 1002.8016357421875 8366
1752016101650 2283.738525390625 8367
1752016102600 1264.8519287109375 8368
1752016103548 1279.027587890625 8369
1752016104498 1721.9541015625 8370
1752016105450 868.0967407226562 8371
1752016106403 1951.0299072265625 8372
1752016107357 1420.0546875 8373
1752016108307 1383.4271240234375 8374
1752016109258 1309.2958984375 8375
1752016110210 2095.874267578125 8376
1752016111814 1050.301513671875 8377
1752016112766 1157.8665771484375 8378
1752016113721 1314.7265625 8379
1752016114672 962.1597900390625 8380
1752016115645 1006.9246215820312 8381
1752016116627 1106.793701171875 8382
1752016117608 957.990478515625 8383
1752016118561 1058.1456298828125 8384
1752016119513 1006.9785766601562 8385
1752016120466 693.194580078125 8386
1752016121414 725.6239624023438 8387
1752016122366 1311.7396240234375 8388
1752016123317 1378.8680419921875 8389
1752016124269 917.8421630859375 8390
1752016125220 4303.83837890625 8391
1752016126170 1440.269775390625 8392
1752016127120 797.6607666015625 8393
1752016128079 1473.047119140625 8394
1752016129030 4605.23779296875 8395
1752016129979 1335.5341796875 8396
1752016130932 1970.0206298828125 8397
1752016131892 978.5262451171875 8398
1752016132845 694.526123046875 8399
1752016133794 1403.91943359375 8400
1752016134741 1108.97265625 8401
1752016135693 2546.869384765625 8402
1752016136646 1260.197265625 8403
1752016137596 2007.76708984375 8404
1752016138550 1537.531005859375 8405
1752016139498 3221.9677734375 8406
1752016140455 2211.18896484375 8407
1752016141409 1449.516357421875 8408
1752016142361 1201.817626953125 8409
1752016143314 1156.489990234375 8410
1752016144267 1864.7288818359375 8411
1752016145220 1489.53173828125 8412
1752016146173 1028.2255859375 8413
1752016147125 1118.684814453125 8414
1752016148082 1149.5506591796875 8415
1752016149040 1738.093017578125 8416
1752016149990 1296.6787109375 8417
1752016150941 3478.517822265625 8418
1752016151888 1365.76953125 8419
1752016152841 1687.7012939453125 8420
1752016153802 1117.5059814453125 8421
1752016154751 2503.748046875 8422
1752016155703 2682.000732421875 8423
1752016156653 1450.38671875 8424
1752016157601 2757.0634765625 8425
1752016158549 1371.505126953125 8426
1752016159499 945.60302734375 8427
1752016160450 2960.29443359375 8428
1752016161400 2641.08203125 8429
1752016162348 2362.37060546875 8430
1752016163299 4136.2109375 8431
1752016164257 2177.37060546875 8432
1752016165210 2577.9609375 8433
1752016166162 2167.98486328125 8434
1752016167117 3690.09228515625 8435
1752016168068 2240.880859375 8436
1752016169020 1344.549072265625 8437
1752016169970 1835.547119140625 8438
1752016170918 1324.732666015625 8439
1752016171867 1035.569580078125 8440
1752016172815 1688.997802734375 8441
1752016173767 2801.82666015625 8442
1752016174722 1517.3697509765625 8443
1752016175681 3220.68505859375 8444
1752016176635 6228.7021484375 8445
1752016177582 1462.181884765625 8446
1752016178537 4618.3203125 8447
1752016179488 2055.7373046875 8448
1752016180438 1675.652099609375 8449
1752016181395 2407.09521484375 8450
1752016182343 2418.7158203125 8451
1752016183298 1151.5274658203125 8452
1752016184254 2165.573486328125 8453
1752016185204 3392.954833984375 8454
1752016186153 2605.14013671875 8455
1752016187106 1865.6275634765625 8456
1752016188059 2129.54736328125 8457
1752016189056 1454.5745849609375 8458
1752016190065 2391.78466796875 8459
1752016191025 1468.8447265625 8460
1752016191977 4797.6416015625 8461
1752016192924 1296.01953125 8462
1752016193877 1132.6893310546875 8463
1752016194828 2596.737060546875 8464
1752016195780 1945.3427734375 8465
1752016196734 1525.37646484375 8466
1752016197686 973.403564453125 8467
1752016198641 1750.7294921875 8468
1752016199591 1237.568603515625 8469
1752016200550 1351.46044921875 8470
1752016201507 3161.05908203125 8471
1752016202459 969.52880859375 8472
1752016203410 1242.623779296875 8473
1752016204362 1201.07080078125 8474
1752016205314 2480.649169921875 8475
1752016206272 1521.8466796875 8476
1752016207225 1144.3994140625 8477
1752016208174 3437.6123046875 8478
1752016209123 1122.09765625 8479
1752016210075 1952.1376953125 8480
1752016211025 7915.71630859375 8481
1752016211977 1443.886962890625 8482
1752016212928 1070.716552734375 8483
1752016213880 1529.207763671875 8484
1752016214829 1656.2569580078125 8485
1752016215786 1918.68408203125 8486
1752016216738 2988.193603515625 8487
1752016217694 1692.36572265625 8488
1752016218659 2029.9385986328125 8489
1752016219615 1182.837158203125 8490
1752016220568 1433.7274169921875 8491
1752016221526 1601.031982421875 8492
1752016222484 2771.81640625 8493
1752016223442 2622.537841796875 8494
1752016224403 1600.80126953125 8495
1752016225362 1973.848876953125 8496
1752016226312 2186.41552734375 8497
1752016227261 3911.67138671875 8498
1752016228223 1343.3626708984375 8499
1752016229179 1598.5823974609375 8500
1752016230139 1464.5799560546875 8501
1752016231748 1299.5081787109375 8502
1752016232706 1441.6839599609375 8503
1752016233657 1174.695556640625 8504
1752016234612 4422.25 8505
1752016235568 1199.1915283203125 8506
1752016236523 979.0614624023438 8507
1752016237487 6327.14599609375 8508
1752016238438 883.16455078125 8509
1752016239390 3619.1552734375 8510
1752016240343 1147.49365234375 8511
1752016241301 1448.94873046875 8512
1752016242261 1045.44189453125 8513
1752016243216 1328.08056640625 8514
1752016244174 1225.9793701171875 8515
1752016245130 1012.789306640625 8516
1752016246094 1750.84814453125 8517
1752016247050 1294.001953125 8518
1752016248001 1247.237548828125 8519
1752016248989 1756.169921875 8520
1752016249966 1183.054443359375 8521
1752016250934 1090.336669921875 8522
1752016251893 883.5424194335938 8523
1752016252854 1796.1707763671875 8524
1752016253808 1131.928466796875 8525
1752016254763 1279.1390380859375 8526
1752016255722 1428.55224609375 8527
1752016256675 914.5798950195312 8528
1752016257628 1815.233154296875 8529
1752016258578 1597.285888671875 8530
1752016259529 1988.80859375 8531
1752016260487 1300.0810546875 8532
1752016261450 2254.69970703125 8533
1752016262408 1187.0738525390625 8534
1752016263361 1780.7257080078125 8535
1752016264312 1254.9114990234375 8536
1752016265269 1192.521240234375 8537
1752016266220 912.5505981445312 8538
1752016267178 1872.3831787109375 8539
1752016268133 1062.396240234375 8540
1752016269096 847.5782470703125 8541
1752016270045 986.4879760742188 8542
1752016270999 936.4298706054688 8543
1752016271957 814.7196044921875 8544
1752016272910 932.9176025390625 8545
1752016273862 1171.0870361328125 8546
1752016274819 1995.2462158203125 8547
1752016275779 1655.6693115234375 8548
1752016276734 853.8534545898438 8549
1752016277689 1291.172119140625 8550
1752016278639 1227.4964599609375 8551
1752016279587 1638.7176513671875 8552
1752016280537 1923.147216796875 8553
1752016281485 1139.48388671875 8554
1752016282437 1677.7003173828125 8555
1752016283391 5415.25927734375 8556
1752016284344 922.7391357421875 8557
1752016285300 1653.8900146484375 8558
1752016286252 1175.8251953125 8559
1752016287205 3184.05419921875 8560
1752016288154 1456.92333984375 8561
1752016289112 2148.05615234375 8562
1752016290064 1631.13232421875 8563
1752016291020 1293.0968017578125 8564
1752016291973 1627.7783203125 8565
1752016292925 1039.4483642578125 8566
1752016293874 1185.40087890625 8567
1752016294830 998.677978515625 8568
1752016295788 1158.3372802734375 8569
1752016296737 1872.8006591796875 8570
1752016297689 960.4541625976562 8571
1752016298671 997.50634765625 8572
1752016299652 1195.525390625 8573
1752016300631 910.337646484375 8574
1752016301583 1724.988037109375 8575
1752016302536 2089.748046875 8576
1752016303486 1785.895751953125 8577
1752016304436 1357.935546875 8578
1752016305388 1750.574951171875 8579
1752016306346 2216.8955078125 8580
1752016307297 3743.332763671875 8581
1752016308248 1332.2318115234375 8582
1752016309196 1501.4158935546875 8583
1752016310148 1535.2596435546875 8584
1752016311099 1274.66943359375 8585
1752016312050 1153.41943359375 8586
1752016313002 1728.9853515625 8587
1752016313952 915.2034301757812 8588
1752016314901 854.3941040039062 8589
1752016315850 1656.1943359375 8590
1752016316802 1002.2382202148438 8591
1752016317752 1024.24853515625 8592
1752016318703 1009.7410888671875 8593
1752016319652 1071.1484375 8594
1752016320606 842.13232421875 8595
1752016321558 899.488037109375 8596
1752016322511 1300.8575439453125 8597
1752016323461 1178.038818359375 8598
1752016324412 1194.107666015625 8599
1752016325363 1092.4310302734375 8600
1752016326313 1274.958251953125 8601
1752016327262 844.5826416015625 8602
1752016328213 3084.349853515625 8603
1752016329162 1218.9530029296875 8604
1752016330113 872.8939819335938 8605
1752016331064 1477.5322265625 8606
1752016332016 1583.437744140625 8607
1752016332965 2442.760986328125 8608
1752016333914 1703.14990234375 8609
1752016334863 1753.4986572265625 8610
1752016335814 2105.7802734375 8611
1752016336763 1004.0327758789062 8612
1752016337723 1016.4495849609375 8613
1752016338676 1241.64111328125 8614
1752016339633 1663.370849609375 8615
1752016340589 731.705810546875 8616
1752016341548 1706.8564453125 8617
1752016342511 814.1708984375 8618
1752016343474 964.4202880859375 8619
1752016344430 3204.427734375 8620
1752016345384 1434.326171875 8621
1752016346333 1371.281494140625 8622
1752016347290 1204.062255859375 8623
1752016348247 1710.227783203125 8624
1752016349201 1615.0096435546875 8625
1752016350153 1939.6558837890625 8626
1752016351744 1013.8807983398438 8627
1752016352706 1505.601806640625 8628
1752016353662 1137.8583984375 8629
1752016354617 4926.6708984375 8630
1752016355575 1433.897216796875 8631
1752016356531 1073.84423828125 8632
1752016357495 894.870849609375 8633
1752016358454 1058.317626953125 8634
1752016359406 1699.1212158203125 8635
1752016360363 1161.5133056640625 8636
1752016361318 1062.3511962890625 8637
1752016362268 978.6512451171875 8638
1752016363223 989.443359375 8639
1752016364187 902.5194091796875 8640
1752016365147 2193.54833984375 8641
1752016366101 3195.7099609375 8642
1752016367054 1246.4903564453125 8643
1752016368005 2450.86083984375 8644
1752016368992 1354.9952392578125 8645
1752016369973 1544.1722412109375 8646
1752016370938 2033.8590087890625 8647
1752016371890 1054.4783935546875 8648
1752016372846 1333.2034912109375 8649
1752016373803 1360.18408203125 8650
1752016374761 932.142822265625 8651
1752016375707 1116.54052734375 8652
1752016376661 830.00341796875 8653
1752016377617 1543.3621826171875 8654
1752016378577 2249.4248046875 8655
1752016379536 1119.11328125 8656
1752016380494 1233.558349609375 8657
1752016381448 1578.442138671875 8658
1752016382405 1266.824462890625 8659
1752016383364 1127.63134765625 8660
1752016384311 1080.276611328125 8661
1752016385259 2046.14892578125 8662
1752016386211 891.0242919921875 8663
1752016387167 1389.1849365234375 8664
1752016388119 1248.425537109375 8665
1752016389070 1549.24853515625 8666
1752016390023 1395.479248046875 8667
1752016390979 950.4989013671875 8668
1752016391934 778.60595703125 8669
1752016392890 833.971435546875 8670
1752016393842 1467.923583984375 8671
1752016394792 965.302734375 8672
1752016395743 1207.558349609375 8673
1752016396698 1742.066162109375 8674
1752016397648 1109.4930419921875 8675
1752016398600 1661.20361328125 8676
1752016399554 838.9536743164062 8677
1752016400506 1197.35546875 8678
1752016401458 1244.382080078125 8679
1752016402414 800.1771240234375 8680
1752016403367 1119.72705078125 8681
1752016404326 2143.98193359375 8682
1752016405282 1382.445068359375 8683
1752016406241 935.0660400390625 8684
1752016407195 998.91748046875 8685
1752016408149 842.5140380859375 8686
1752016409107 4844.9658203125 8687
1752016410060 1015.951416015625 8688
1752016411008 2074.921875 8689
1752016411958 1098.82275390625 8690
1752016412909 1411.811767578125 8691
1752016413865 1320.3521728515625 8692
1752016414818 5775.16796875 8693
1752016415770 1745.74072265625 8694
1752016416729 2347.1083984375 8695
1752016417680 1315.69482421875 8696
1752016418632 1952.9140625 8697
1752016419589 4623.26123046875 8698
1752016420548 1546.662353515625 8699
1752016421505 1337.657470703125 8700
1752016422460 1115.237060546875 8701
1752016423413 1780.68701171875 8702
1752016424365 3127.826171875 8703
1752016425314 1441.4874267578125 8704
1752016426263 1404.7569580078125 8705
1752016427213 1721.259033203125 8706
1752016428172 1233.0234375 8707
1752016429160 1377.76220703125 8708
1752016430155 2219.33203125 8709
1752016431108 1513.896484375 8710
1752016432060 1317.8077392578125 8711
1752016433008 1878.4415283203125 8712
1752016433959 966.4462280273438 8713
1752016434908 4541.134765625 8714
1752016435860 1526.9466552734375 8715
1752016436808 1861.399169921875 8716
1752016437760 2817.4140625 8717
1752016438712 1673.3544921875 8718
1752016439661 8564.896484375 8719
1752016440620 3257.99560546875 8720
1752016441577 2150.30615234375 8721
1752016442525 3219.93603515625 8722
1752016443477 1886.5919189453125 8723
1752016444426 1118.811767578125 8724
1752016445377 1534.7142333984375 8725
1752016446328 1265.8046875 8726
1752016447278 889.9319458007812 8727
1752016448231 1812.438232421875 8728
1752016449180 1359.850830078125 8729
1752016450130 2494.794189453125 8730
1752016451084 1827.14111328125 8731
1752016452035 1347.283447265625 8732
1752016452986 1407.7763671875 8733
1752016453934 1133.59912109375 8734
1752016454884 1765.0152587890625 8735
1752016455836 2021.5863037109375 8736
1752016456784 1393.470703125 8737
1752016457735 1034.4281005859375 8738
1752016458687 1168.2694091796875 8739
1752016459645 1153.9686279296875 8740
1752016460599 1829.321533203125 8741
1752016461556 1731.0560302734375 8742
1752016462507 1925.47216796875 8743
1752016463455 1851.1982421875 8744
1752016464411 1803.168701171875 8745
1752016465361 1021.853271484375 8746
1752016466316 1548.646728515625 8747
1752016467270 1239.0799560546875 8748
1752016468225 1749.071044921875 8749
1752016469175 1380.958251953125 8750
1752016470128 1552.4237060546875 8751
1752016471687 3767.51904296875 8752
1752016472647 1422.2684326171875 8753
1752016473596 1017.1234741210938 8754
1752016474547 1442.678466796875 8755
1752016475502 3951.13427734375 8756
1752016476461 1741.2763671875 8757
1752016477412 1153.809326171875 8758
1752016478365 3381.889404296875 8759
1752016479313 1569.139892578125 8760
1752016480265 1526.2431640625 8761
1752016481219 1749.931640625 8762
1752016482176 3816.847900390625 8763
1752016483130 1425.4013671875 8764
1752016484083 2728.877685546875 8765
1752016485035 1278.777587890625 8766
1752016485989 3410.3125 8767
1752016486944 3802.4072265625 8768
1752016487928 1137.250244140625 8769
1752016488910 1253.26806640625 8770
1752016489881 2105.4443359375 8771
1752016490845 2125.222412109375 8772
1752016491807 1734.749267578125 8773
1752016492765 1296.8798828125 8774
1752016493721 1152.864013671875 8775
1752016494677 1272.17578125 8776
1752016495634 1221.486572265625 8777
1752016496586 3357.150146484375 8778
1752016497545 1480.886474609375 8779
1752016498499 1321.783203125 8780
1752016499449 2208.0634765625 8781
1752016500404 6575.6484375 8782
1752016501365 1256.8765869140625 8783
1752016502321 1241.096923828125 8784
1752016503273 2240.8134765625 8785
1752016504226 1114.98046875 8786
1752016505181 2457.54150390625 8787
1752016506132 2106.136962890625 8788
1752016507082 1522.8145751953125 8789
1752016508030 4892.81005859375 8790
1752016508990 4209.66748046875 8791
1752016509939 1052.8834228515625 8792
1752016510892 1743.3328857421875 8793
1752016511843 1821.7332763671875 8794
1752016512791 2055.44921875 8795
1752016513750 1194.2279052734375 8796
1752016514707 952.0859375 8797
1752016515660 854.8377075195312 8798
1752016516616 1219.26806640625 8799
1752016517566 1085.93505859375 8800
1752016518517 1629.683349609375 8801
1752016519468 1292.965576171875 8802
1752016520418 1314.2127685546875 8803
1752016521370 1233.721923828125 8804
1752016522323 1544.805419921875 8805
1752016523276 2540.5078125 8806
1752016524227 1048.015380859375 8807
1752016525177 1696.014404296875 8808
1752016526128 2415.30419921875 8809
1752016527076 1163.532470703125 8810
1752016528026 2692.56982421875 8811
1752016528975 1881.0006103515625 8812
1752016529929 2088.291259765625 8813
1752016530881 1282.407958984375 8814
1752016531834 1022.6533813476562 8815
1752016532786 862.17919921875 8816
1752016533735 3307.416259765625 8817
1752016534688 1349.007080078125 8818
1752016535644 897.9797973632812 8819
1752016536595 889.9666748046875 8820
1752016537549 1346.9130859375 8821
1752016538501 1307.028076171875 8822
1752016539451 952.2203979492188 8823
1752016540410 1010.7028198242188 8824
1752016541365 5870.42919921875 8825
1752016542315 1471.0306396484375 8826
1752016543268 1103.469970703125 8827
1752016544219 908.4515380859375 8828
1752016545180 2297.49072265625 8829
1752016546127 1209.5028076171875 8830
1752016547080 770.0858154296875 8831
1752016548030 1354.494384765625 8832
1752016549023 1148.3804931640625 8833
1752016550011 2223.57568359375 8834
1752016550977 3381.9814453125 8835
1752016551929 2676.059326171875 8836
1752016552880 1650.2840576171875 8837
1752016553832 1474.7177734375 8838
1752016554786 959.4872436523438 8839
1752016555738 1018.9185791015625 8840
1752016556687 1832.5067138671875 8841
1752016557638 1477.124755859375 8842
1752016558591 1336.3828125 8843
1752016559546 1116.3787841796875 8844
1752016560504 1276.1539306640625 8845
1752016561458 1185.5238037109375 8846
1752016562410 995.5466918945312 8847
1752016563358 1783.9420166015625 8848
1752016564305 1405.8270263671875 8849
1752016565253 1028.5830078125 8850
1752016566203 1188.203857421875 8851
1752016567156 1163.86962890625 8852
1752016568103 1040.1048583984375 8853
1752016569054 4358.111328125 8854
1752016570003 1918.28564453125 8855
1752016570953 1043.5048828125 8856
1752016571907 1409.51904296875 8857
1752016572855 1208.9859619140625 8858
1752016573805 2308.99267578125 8859
1752016574756 1216.435791015625 8860
1752016575705 3558.7900390625 8861
1752016576657 2348.20556640625 8862
1752016577612 1294.703857421875 8863
1752016578565 720.0455322265625 8864
1752016579522 1219.396240234375 8865
1752016580471 794.8284912109375 8866
1752016581427 1334.787353515625 8867
1752016582377 1200.3331298828125 8868
1752016583329 1548.5670166015625 8869
1752016584280 1687.0419921875 8870
1752016585233 1940.89453125 8871
1752016586189 2357.046875 8872
1752016587138 970.4777221679688 8873
1752016588089 2095.655517578125 8874
1752016589039 1153.8974609375 8875
1752016589996 1071.644775390625 8876
1752016591579 1694.64013671875 8877
1752016592530 2261.50341796875 8878
1752016593478 775.46826171875 8879
1752016594439 1342.8935546875 8880
1752016595388 2170.98046875 8881
1752016596339 861.49072265625 8882
1752016597287 1233.520263671875 8883
1752016598238 1344.5838623046875 8884
1752016599194 2144.14306640625 8885
1752016600148 1047.9189453125 8886
1752016601097 973.7000732421875 8887
1752016602049 1115.599365234375 8888
1752016603007 1432.335693359375 8889
1752016603962 1775.128662109375 8890
1752016604910 1143.60302734375 8891
1752016605866 1431.687744140625 8892
1752016606820 1565.146240234375 8893
1752016607773 1051.1976318359375 8894
1752016608723 1433.6436767578125 8895
1752016609678 1004.892578125 8896
1752016610627 2138.394287109375 8897
1752016611599 816.1531982421875 8898
1752016612584 1226.6298828125 8899
1752016613564 687.6907958984375 8900
1752016614517 1144.118408203125 8901
1752016615477 1802.0018310546875 8902
1752016616428 1267.698486328125 8903
1752016617379 1992.27783203125 8904
1752016618330 1247.730224609375 8905
1752016619287 1436.2325439453125 8906
1752016620242 1205.73828125 8907
1752016621206 1205.4053955078125 8908
1752016622159 998.991455078125 8909
1752016623108 1146.97021484375 8910
1752016624058 692.3988037109375 8911
1752016625016 990.0830688476562 8912
1752016625968 1988.943603515625 8913
1752016626919 801.4786376953125 8914
1752016627871 2336.257080078125 8915
1752016628821 1068.271728515625 8916
1752016629772 1337.588134765625 8917
1752016630719 2010.7659912109375 8918
1752016631669 1355.287841796875 8919
1752016632625 3077.900390625 8920
1752016633577 749.6705932617188 8921
1752016634532 1539.26220703125 8922
1752016635481 2054.3837890625 8923
1752016636432 1545.986572265625 8924
1752016637379 1876.10498046875 8925
1752016638332 990.0655517578125 8926
1752016639288 1156.2874755859375 8927
1752016640239 1873.0313720703125 8928
1752016641189 2201.094970703125 8929
1752016642140 1395.6611328125 8930
1752016643092 2642.8974609375 8931
1752016644044 970.0150756835938 8932
1752016644995 1229.913330078125 8933
1752016645948 1124.739990234375 8934
1752016646895 873.2506103515625 8935
1752016647845 749.5263671875 8936
1752016648792 1202.990234375 8937
1752016649747 3017.207275390625 8938
1752016650700 3432.047119140625 8939
1752016651649 1423.4910888671875 8940
1752016652601 1104.8076171875 8941
1752016653553 1252.638671875 8942
1752016654502 1409.478515625 8943
1752016655452 1275.81201171875 8944
1752016656403 849.37353515625 8945
1752016657352 1075.39990234375 8946
1752016658306 1009.6595458984375 8947
1752016659254 1367.1744384765625 8948
1752016660208 1579.56103515625 8949
1752016661160 1197.61572265625 8950
1752016662108 1300.7379150390625 8951
1752016663058 1265.4072265625 8952
1752016664008 1010.085693359375 8953
1752016665001 1170.8026123046875 8954
1752016665981 952.10400390625 8955
1752016666940 1239.240478515625 8956
1752016667893 1239.79345703125 8957
1752016668846 1069.3330078125 8958
1752016669796 1440.128662109375 8959
1752016670746 876.8748779296875 8960
1752016671698 2784.26708984375 8961
1752016672646 1603.901123046875 8962
1752016673597 2948.11474609375 8963
1752016674548 3796.8701171875 8964
1752016675500 2067.2373046875 8965
1752016676451 911.1412353515625 8966
1752016677402 1776.5799560546875 8967
1752016678355 1232.059814453125 8968
1752016679305 1611.1668701171875 8969
1752016680263 1372.146484375 8970
1752016681217 4259.1708984375 8971
1752016682168 1126.785888671875 8972
1752016683117 2301.621337890625 8973
1752016684068 1226.027099609375 8974
1752016685020 3341.49658203125 8975
1752016685974 2195.24072265625 8976
1752016686925 1115.302001953125 8977
1752016687876 1433.120849609375 8978
1752016688828 1197.7320556640625 8979
1752016689778 1156.05419921875 8980
1752016690730 968.8736572265625 8981
1752016691679 2233.8525390625 8982
1752016692629 1068.27685546875 8983
1752016693578 1373.241455078125 8984
1752016694527 1273.017822265625 8985
1752016695478 1373.5357666015625 8986
1752016696429 1185.740966796875 8987
1752016697381 2113.597412109375 8988
1752016698337 836.8059692382812 8989
1752016699286 1948.10693359375 8990
1752016700235 1778.05908203125 8991
1752016701186 1625.40771484375 8992
1752016702135 1311.057373046875 8993
1752016703102 1700.662353515625 8994
1752016704054 1362.9522705078125 8995
1752016705007 1138.5975341796875 8996
1752016705965 1751.79150390625 8997
1752016706916 1091.7515869140625 8998
1752016707867 1118.10986328125 8999
1752016708822 1624.7498779296875 9000
1752016709774 923.817626953125 9001
1752016711334 1652.217041015625 9002
1752016712284 2205.35205078125 9003
1752016713234 1439.899169921875 9004
1752016714186 1088.968505859375 9005
1752016715141 1809.899169921875 9006
1752016716091 1573.5535888671875 9007
1752016717044 1617.536865234375 9008
1752016717995 1152.0728759765625 9009
1752016718946 1114.0438232421875 9010
1752016719906 2541.72998046875 9011
1752016720859 1159.343505859375 9012
1752016721817 1032.454345703125 9013
1752016722769 1291.349853515625 9014
1752016723720 2207.73779296875 9015
1752016724669 1409.1068115234375 9016
1752016725624 874.1700439453125 9017
1752016726575 1196.685546875 9018
1752016727526 790.4560546875 9019
1752016728478 1337.741943359375 9020
1752016729427 1049.65185546875 9021
1752016730382 1009.415283203125 9022
1752016731335 1209.281982421875 9023
1752016732288 1218.708984375 9024
1752016733239 1094.890625 9025
1752016734189 1212.708740234375 9026
1752016735142 1199.2386474609375 9027
1752016736134 915.203369140625 9028
1752016737120 854.375244140625 9029
1752016738076 1152.7861328125 9030
1752016739030 1038.52978515625 9031
1752016739987 1288.81005859375 9032
1752016740947 1133.8525390625 9033
1752016741897 1145.3902587890625 9034
1752016742851 2178.083984375 9035
1752016743801 1213.1217041015625 9036
1752016744751 2254.92626953125 9037
1752016745699 1220.6834716796875 9038
1752016746650 1082.213623046875 9039
1752016747602 1051.5760498046875 9040
1752016748554 1878.101806640625 9041
1752016749505 6741.515625 9042
1752016750457 1560.7901611328125 9043
1752016751411 1573.683349609375 9044
1752016752360 1862.30078125 9045
1752016753314 1118.4755859375 9046
1752016754266 1660.31298828125 9047
1752016755217 1210.768310546875 9048
1752016756169 2418.0234375 9049
1752016757126 1355.41748046875 9050
1752016758077 1882.3359375 9051
1752016759027 1164.747802734375 9052
1752016759978 901.6445922851562 9053
1752016760931 1031.2767333984375 9054
1752016761884 1148.280029296875 9055
1752016762836 1012.3236083984375 9056
1752016763783 1042.3291015625 9057
1752016764736 5857.7236328125 9058
1752016765690 1480.7823486328125 9059
1752016766643 1716.6279296875 9060
1752016767591 2023.176025390625 9061
1752016768546 1166.2802734375 9062
1752016769497 1449.5489501953125 9063
1752016770448 1069.18896484375 9064
1752016771399 1504.205078125 9065
1752016772350 1363.788330078125 9066
1752016773302 1806.1474609375 9067
1752016774255 7903.80859375 9068
1752016775206 4052.02587890625 9069
1752016776157 3035.6279296875 9070
1752016777108 1779.81689453125 9071
1752016778057 4078.48583984375 9072
1752016779008 6715.67333984375 9073
1752016779957 2327.149658203125 9074
1752016780910 1288.126953125 9075
1752016781861 2048.576904296875 9076
1752016782812 1114.384765625 9077
1752016783762 4807.2900390625 9078
1752016784711 1391.9866943359375 9079
1752016785664 1861.284912109375 9080
1752016786617 1132.248779296875 9081
1752016787567 2396.86279296875 9082
1752016788542 2690.40478515625 9083
1752016789531 4290.0654296875 9084
1752016790515 1771.1343994140625 9085
1752016791461 1548.59228515625 9086
1752016792412 1804.902099609375 9087
1752016793358 2686.875 9088
1752016794311 1687.7381591796875 9089
1752016795260 1446.365234375 9090
1752016796211 2272.0556640625 9091
1752016797161 1187.2637939453125 9092
1752016798112 2544.085693359375 9093
1752016799064 1712.2857666015625 9094
1752016800017 2092.869140625 9095
1752016800980 1009.346435546875 9096
1752016801930 2301.878173828125 9097
1752016802878 2146.51611328125 9098
1752016803827 2171.873779296875 9099
1752016804779 960.5994262695312 9100
1752016805730 1756.4139404296875 9101
1752016806678 1345.72119140625 9102
1752016807630 2441.291748046875 9103
1752016808581 1880.34033203125 9104
1752016809531 1303.544921875 9105
1752016810483 2294.51123046875 9106
1752016811434 5726.0927734375 9107
1752016812380 3236.109375 9108
1752016813331 1873.014404296875 9109
1752016814295 2998.958740234375 9110
1752016815246 2907.1162109375 9111
1752016816193 8987.474609375 9112
1752016817149 2502.991943359375 9113
1752016818104 2926.103515625 9114
1752016819056 5057.3359375 9115
1752016820015 1440.40625 9116
1752016820967 2928.455078125 9117
1752016821928 2450.300537109375 9118
1752016822879 2770.5400390625 9119
1752016823832 2425.8408203125 9120
1752016824791 1755.080810546875 9121
1752016825747 3585.169677734375 9122
1752016826700 2193.372802734375 9123
1752016827650 1724.534423828125 9124
1752016828600 2490.05517578125 9125
1752016829559 2648.58349609375 9126
1752016831107 1364.201416015625 9127
1752016832060 3627.308837890625 9128
1752016833019 2539.09033203125 9129
1752016833969 2412.806396484375 9130
1752016834919 2267.28759765625 9131
1752016835874 1729.88525390625 9132
1752016836838 2271.865966796875 9133
1752016837801 1534.869140625 9134
1752016838756 1186.0416259765625 9135
1752016839713 996.06494140625 9136
1752016840662 3276.75439453125 9137
1752016841620 1340.12060546875 9138
1752016842572 1460.946044921875 9139
1752016843527 1763.2047119140625 9140
1752016844479 2333.34326171875 9141
1752016845439 3139.74609375 9142
1752016846396 1422.5943603515625 9143
1752016847347 1290.682373046875 9144
1752016848304 2224.66259765625 9145
1752016849264 1280.320068359375 9146
1752016850213 1517.558837890625 9147
1752016851164 2106.08251953125 9148
1752016852120 1462.3623046875 9149
1752016853075 1708.672607421875 9150
1752016854032 1075.1932373046875 9151
1752016854982 1773.34619140625 9152
1752016855934 4361.4697265625 9153
1752016856889 1662.818115234375 9154
1752016857842 950.9561767578125 9155
1752016858806 1616.324462890625 9156
1752016859808 1084.6627197265625 9157
1752016860795 1185.9976806640625 9158
1752016861765 2135.521484375 9159
1752016862723 966.78662109375 9160
1752016863679 2317.54150390625 9161
1752016864639 2456.7158203125 9162
1752016865590 884.1732788085938 9163
1752016866539 1276.40234375 9164
1752016867493 1171.9013671875 9165
1752016868446 1296.5880126953125 9166
1752016869397 813.8700561523438 9167
1752016870350 1103.9580078125 9168
1752016871306 1061.294677734375 9169
1752016872263 1662.981201171875 9170
1752016873221 1587.0234375 9171
1752016874175 1118.341064453125 9172
1752016875131 1898.8310546875 9173
1752016876083 1487.0157470703125 9174
1752016877042 2935.123779296875 9175
1752016877992 8809.056640625 9176
1752016878945 1325.173095703125 9177
1752016879904 2004.9471435546875 9178
1752016880855 1270.1444091796875 9179
1752016881804 1137.60888671875 9180
1752016882762 1226.9505615234375 9181
1752016883714 1627.8653564453125 9182
1752016884672 2482.065185546875 9183
1752016885629 2312.0205078125 9184
1752016886581 1995.9412841796875 9185
1752016887534 1161.041259765625 9186
1752016888484 1387.66748046875 9187
1752016889429 2513.03076171875 9188
1752016890384 1990.29248046875 9189
1752016891338 1456.10009765625 9190
1752016892290 1857.477294921875 9191
1752016893243 1154.8665771484375 9192
1752016894195 1730.470703125 9193
1752016895145 856.927490234375 9194
1752016896100 1715.2791748046875 9195
1752016897055 1085.579833984375 9196
1752016898014 1228.85693359375 9197
1752016898964 1136.5477294921875 9198
1752016899915 3604.08203125 9199
1752016900875 1389.454345703125 9200
1752016901833 1241.978515625 9201
1752016902793 1850.744140625 9202
1752016903744 1464.34912109375 9203
1752016904695 1653.987548828125 9204
1752016905643 8799.447265625 9205
1752016906593 897.7820434570312 9206
1752016907543 942.420654296875 9207
1752016908516 2315.367431640625 9208
1752016909502 3535.62939453125 9209
1752016910483 2393.717529296875 9210
1752016911432 4635.15576171875 9211
1752016912382 3697.675048828125 9212
1752016913329 4319.5263671875 9213
1752016914281 2935.058349609375 9214
1752016915236 1807.70458984375 9215
1752016916184 4901.0595703125 9216
1752016917133 1933.3173828125 9217
1752016918082 1834.14794921875 9218
1752016919034 4920.126953125 9219
1752016919988 5095.0576171875 9220
1752016920948 4151.80908203125 9221
1752016921902 1855.2347412109375 9222
1752016922852 1745.4102783203125 9223
1752016923802 1063.3226318359375 9224
1752016924752 6024.2802734375 9225
1752016925701 1828.2802734375 9226
1752016926653 1979.2431640625 9227
1752016927605 5029.6318359375 9228
1752016928561 1641.54736328125 9229
1752016929515 1799.7720947265625 9230
1752016930468 836.0692138671875 9231
1752016931419 1340.603759765625 9232
1752016932371 1817.53125 9233
1752016933324 2862.937255859375 9234
1752016934275 1178.6826171875 9235
1752016935228 3260.9794921875 9236
1752016936178 1508.0968017578125 9237
1752016937131 1083.503173828125 9238
1752016938091 1493.759033203125 9239
1752016939045 1285.903076171875 9240
1752016939996 6582.39892578125 9241
1752016940954 1296.04248046875 9242
1752016941917 1238.02734375 9243
1752016942880 1454.724609375 9244
1752016943833 1529.3956298828125 9245
1752016944788 2868.3466796875 9246
1752016945750 1308.17333984375 9247
1752016946704 1444.2117919921875 9248
1752016947660 1281.030517578125 9249
1752016948619 1259.8515625 9250
1752016949575 1285.484619140625 9251
1752016951103 1008.86181640625 9252
1752016952059 1324.44384765625 9253
1752016953008 1426.59033203125 9254
1752016953961 2044.6641845703125 9255
1752016954916 1270.102294921875 9256
1752016955868 1038.832275390625 9257
1752016956822 1514.911865234375 9258
1752016957775 1755.35888671875 9259
1752016958729 2103.40185546875 9260
1752016959685 1440.098388671875 9261
1752016960634 2043.2547607421875 9262
1752016961588 1337.0291748046875 9263
1752016962537 2535.552734375 9264
1752016963496 1435.0762939453125 9265
1752016964446 850.1876220703125 9266
1752016965400 1169.09326171875 9267
1752016966361 1186.4339599609375 9268
1752016967312 1542.926025390625 9269
1752016968259 1848.720703125 9270
1752016969209 1118.1962890625 9271
1752016970163 2617.8779296875 9272
1752016971117 1202.3837890625 9273
1752016972072 1254.56201171875 9274
1752016973026 1366.54541015625 9275
1752016973980 1269.2442626953125 9276
1752016974939 2239.9814453125 9277
1752016975892 1308.810546875 9278
1752016976847 1403.426513671875 9279
1752016977807 1285.62451171875 9280
1752016978764 864.2816772460938 9281
1752016979716 1134.72607421875 9282
1752016980674 926.2860107421875 9283
1752016981629 1092.9893798828125 9284
1752016982593 1189.23583984375 9285
1752016983563 1282.954345703125 9286
1752016984546 2319.89892578125 9287
1752016985526 868.3457641601562 9288
1752016986482 1860.5174560546875 9289
1752016987431 1909.1068115234375 9290
1752016988385 1950.2177734375 9291
1752016989345 1659.7899169921875 9292
1752016990299 1450.75634765625 9293
1752016991252 1090.06982421875 9294
1752016992211 1144.67578125 9295
1752016993169 1946.0693359375 9296
1752016994127 1676.7432861328125 9297
1752016995083 1405.6240234375 9298
1752016996036 2492.37548828125 9299
1752016996991 996.3779296875 9300
1752016997945 1527.338623046875 9301
1752016998898 1492.75830078125 9302
1752016999858 3462.068359375 9303
1752017000810 3994.6083984375 9304
1752017001770 1278.37158203125 9305
1752017002727 1307.7327880859375 9306
1752017003688 2645.942138671875 9307
1752017004645 3588.865234375 9308
1752017005600 1701.39306640625 9309
1752017006561 3422.64208984375 9310
1752017007509 2929.51611328125 9311
1752017008459 1394.306396484375 9312
1752017009407 1911.223876953125 9313
1752017010359 2724.08203125 9314
1752017011313 999.8907470703125 9315
1752017012268 1684.751953125 9316
1752017013220 1197.2607421875 9317
1752017014172 1696.865966796875 9318
1752017015128 2223.4306640625 9319
1752017016082 2253.07470703125 9320
1752017017038 1040.8248291015625 9321
1752017017994 812.35595703125 9322
1752017018946 1343.890869140625 9323
1752017019897 1028.339111328125 9324
1752017020855 1436.895751953125 9325
1752017021810 1435.22900390625 9326
1752017022767 1437.8541259765625 9327
1752017023724 2988.864990234375 9328
1752017024680 879.6434326171875 9329
1752017025632 1733.123046875 9330
1752017026582 1257.1715087890625 9331
1752017027530 1455.3944091796875 9332
1752017028479 1099.705078125 9333
1752017029429 1218.635986328125 9334
1752017030400 1261.2239990234375 9335
1752017031380 932.3836059570312 9336
1752017032372 2372.4169921875 9337
1752017033320 1108.629150390625 9338
1752017034270 972.6668701171875 9339
1752017035221 1163.4854736328125 9340
1752017036174 1514.82080078125 9341
1752017037125 1580.921875 9342
1752017038071 3900.924072265625 9343
1752017039019 4098.50537109375 9344
1752017039971 2189.81689453125 9345
1752017040928 1694.91845703125 9346
1752017041875 1180.37451171875 9347
1752017042820 881.1602172851562 9348
1752017043772 965.645263671875 9349
1752017044725 1785.8095703125 9350
1752017045674 4875.33935546875 9351
1752017046628 1720.432373046875 9352
1752017047578 2366.25927734375 9353
1752017048531 2655.12646484375 9354
1752017049482 1261.744873046875 9355
1752017050434 1511.209716796875 9356
1752017051382 1251.65283203125 9357
1752017052330 1311.22900390625 9358
1752017053280 2539.716552734375 9359
1752017054230 2448.183349609375 9360
1752017055179 5000.61083984375 9361
1752017056136 1358.8995361328125 9362
1752017057084 1341.792236328125 9363
1752017058037 1217.60986328125 9364
1752017058999 1275.363525390625 9365
1752017059949 1119.1011962890625 9366
1752017060911 1734.451416015625 9367
1752017061863 1607.4078369140625 9368
1752017062818 1125.1944580078125 9369
1752017063772 1646.1971435546875 9370
1752017064724 2051.78759765625 9371
1752017065686 4546.97607421875 9372
1752017066641 1159.5213623046875 9373
1752017067599 2496.917236328125 9374
1752017068549 2066.14404296875 9375
1752017069507 855.6028442382812 9376
1752017071687 973.745361328125 9377
1752017072647 3522.76123046875 9378
1752017073605 2024.952880859375 9379
1752017074562 1444.0260009765625 9380
1752017075528 2229.25 9381
1752017076478 2047.998291015625 9382
1752017077442 1396.291748046875 9383
1752017078400 1306.6341552734375 9384
1752017079357 9885.291015625 9385
1752017080314 2006.609130859375 9386
1752017081275 1351.462890625 9387
1752017082231 1349.74853515625 9388
1752017083185 1541.3477783203125 9389
1752017084148 2479.64453125 9390
1752017085106 1843.1470947265625 9391
1752017086061 1316.835693359375 9392
1752017087015 1585.6871337890625 9393
1752017087969 1082.9842529296875 9394
1752017088921 1164.01953125 9395
1752017089879 1892.63427734375 9396
1752017090830 1587.057861328125 9397
1752017091785 1581.4697265625 9398
1752017092742 1193.4072265625 9399
1752017093698 2215.948974609375 9400
1752017094656 1704.791748046875 9401
1752017095613 1223.0828857421875 9402
1752017096568 1001.3968505859375 9403
1752017097526 1618.45458984375 9404
1752017098477 839.3410034179688 9405
1752017099434 1110.6044921875 9406
1752017100400 1776.8896484375 9407
1752017101359 1570.323974609375 9408
1752017102308 1352.1964111328125 9409
1752017103256 1130.5609130859375 9410
1752017104203 1017.6947021484375 9411
1752017105158 952.0284423828125 9412
1752017106110 673.1810302734375 9413
1752017107061 2904.0458984375 9414
1752017108055 1126.4710693359375 9415
1752017109046 1110.0916748046875 9416
1752017110007 2176.75732421875 9417
1752017110963 1554.3216552734375 9418
1752017111920 1038.2001953125 9419
1752017112877 969.9016723632812 9420
1752017113834 1007.0552978515625 9421
1752017114795 1198.5419921875 9422
1752017115746 1653.3798828125 9423
1752017116698 1193.484375 9424
1752017117659 995.8585815429688 9425
1752017118617 918.1368408203125 9426
1752017119570 1346.42041015625 9427
1752017120522 1267.4056396484375 9428
1752017121470 4566.53564453125 9429
1752017122418 1208.97314453125 9430
1752017123364 1066.5013427734375 9431
1752017124313 979.4183349609375 9432
1752017125266 1321.036376953125 9433
1752017126218 1698.16943359375 9434
1752017127168 805.809814453125 9435
1752017128120 961.6061401367188 9436
1752017129073 1241.838623046875 9437
1752017130023 1633.183349609375 9438
1752017130984 1116.9854736328125 9439
1752017131939 898.8798217773438 9440
1752017132892 1405.10205078125 9441
1752017133843 1093.3887939453125 9442
1752017134796 1379.2080078125 9443
1752017135744 1140.834228515625 9444
1752017136694 1312.644775390625 9445
1752017137648 1727.65283203125 9446
1752017138601 1475.187744140625 9447
1752017139551 2297.355712890625 9448
1752017140498 1517.605224609375 9449
1752017141452 1186.4586181640625 9450
1752017142405 1099.682373046875 9451
1752017143356 2249.369873046875 9452
1752017144307 1699.217041015625 9453
1752017145257 1016.0794677734375 9454
1752017146208 998.205322265625 9455
1752017147154 1153.3785400390625 9456
1752017148108 731.96435546875 9457
1752017149058 2519.711669921875 9458
1752017150009 2982.701171875 9459
1752017150957 1985.3209228515625 9460
1752017151908 1457.17919921875 9461
1752017152896 1813.890869140625 9462
1752017153888 1294.742431640625 9463
1752017154859 1122.899169921875 9464
1752017155811 1958.296875 9465
1752017156760 898.7437133789062 9466
1752017157710 1008.80126953125 9467
1752017158655 980.211181640625 9468
1752017159604 1451.706787109375 9469
1752017160559 2537.84814453125 9470
1752017161514 839.1263427734375 9471
1752017162464 930.6347045898438 9472
1752017163413 1767.7232666015625 9473
1752017164362 2545.82275390625 9474
1752017165311 3882.798583984375 9475
1752017166265 1107.984375 9476
1752017167210 1335.1085205078125 9477
1752017168161 1308.069091796875 9478
1752017169111 2445.412841796875 9479
1752017170060 1366.3094482421875 9480
1752017171009 856.1767578125 9481
1752017171961 1154.548583984375 9482
1752017172912 894.6219482421875 9483
1752017173863 1348.765380859375 9484
1752017174814 1290.553466796875 9485
1752017175764 962.5758056640625 9486
1752017176718 4397.69140625 9487
1752017177666 1599.171875 9488
1752017178617 950.3338623046875 9489
1752017179566 1323.0516357421875 9490
1752017180518 2598.45654296875 9491
1752017181468 1218.4169921875 9492
1752017182417 1406.801025390625 9493
1752017183366 1143.111572265625 9494
1752017184315 1098.078125 9495
1752017185265 1317.35986328125 9496
1752017186218 939.496826171875 9497
1752017187166 856.5294799804688 9498
1752017188120 717.9945678710938 9499
1752017189075 2850.53662109375 9500
1752017190024 904.8485107421875 9501
1752017191575 963.35498046875 9502
1752017192523 2059.3251953125 9503
1752017193481 1656.307861328125 9504
1752017194430 3904.383544921875 9505
1752017195383 801.0725708007812 9506
1752017196333 903.17138671875 9507
1752017197281 1464.3359375 9508
1752017198232 5846.2666015625 9509
1752017199181 1069.700927734375 9510
1752017200132 1292.4556884765625 9511
1752017201091 845.9509887695312 9512
1752017202044 2550.272216796875 9513
1752017202993 1535.202880859375 9514
1752017203949 924.953857421875 9515
1752017204907 1317.16796875 9516
1752017205861 1016.9404296875 9517
1752017206815 1569.870849609375 9518
1752017207770 1071.360107421875 9519
1752017208722 1183.5152587890625 9520
1752017209672 1141.068359375 9521
1752017210625 885.2525634765625 9522
1752017211575 1297.11181640625 9523
1752017212530 1058.84912109375 9524
1752017213479 791.578125 9525
1752017214430 1680.5621337890625 9526
1752017215378 1416.39697265625 9527
1752017216330 1168.421142578125 9528
1752017217284 1790.35400390625 9529
1752017218232 1701.5635986328125 9530
1752017219183 1923.43359375 9531
1752017220134 2969.427734375 9532
1752017221092 1195.2130126953125 9533
1752017222045 4722.49267578125 9534
1752017222994 2406.0966796875 9535
1752017223943 1048.7838134765625 9536
1752017224896 2097.853759765625 9537
1752017225851 8945.220703125 9538
1752017226804 1491.177978515625 9539
1752017227764 2886.572998046875 9540
1752017228716 4482.78955078125 9541
1752017229669 4490.92724609375 9542
1752017230622 1998.9146728515625 9543
1752017231598 1678.494873046875 9544
1752017232582 2147.0068359375 9545
1752017233563 2298.1376953125 9546
1752017234512 2031.93115234375 9547
1752017235465 2392.826171875 9548
1752017236417 3126.34814453125 9549
1752017237368 1588.979736328125 9550
1752017238320 1582.596923828125 9551
1752017239267 1437.6256103515625 9552
1752017240217 5503.138671875 9553
1752017241165 1801.070556640625 9554
1752017242117 1940.267333984375 9555
1752017243071 3349.65283203125 9556
1752017244024 1653.538330078125 9557
1752017244974 1972.3857421875 9558
1752017245925 1786.0615234375 9559
1752017246880 2183.84912109375 9560
1752017247835 1558.745361328125 9561
1752017248793 1721.989013671875 9562
1752017249743 3323.2529296875 9563
1752017250698 3092.818359375 9564
1752017251647 1128.980224609375 9565
1752017252599 1979.87744140625 9566
1752017253551 1301.2373046875 9567
1752017254500 1273.8857421875 9568
1752017255452 1637.923095703125 9569
1752017256403 1365.46923828125 9570
1752017257353 1383.9486083984375 9571
1752017258305 1360.8040771484375 9572
1752017259258 1472.19970703125 9573
1752017260212 1837.232177734375 9574
1752017261162 1283.39697265625 9575
1752017262112 1590.181640625 9576
1752017263067 1711.540771484375 9577
1752017264017 1094.88037109375 9578
1752017264969 1278.9696044921875 9579
1752017265918 1416.465087890625 9580
1752017266866 1351.9034423828125 9581
1752017267817 966.63720703125 9582
1752017268767 1323.461669921875 9583
1752017269720 2037.432861328125 9584
1752017270670 1480.8448486328125 9585
1752017271622 1148.9677734375 9586
1752017272568 2521.39453125 9587
1752017273522 1033.923095703125 9588
1752017274497 1600.2318115234375 9589
1752017275483 1547.66943359375 9590
1752017276468 3067.2412109375 9591
1752017277420 1695.6533203125 9592
1752017278372 1130.618408203125 9593
1752017279324 1527.3824462890625 9594
1752017280275 1720.060791015625 9595
1752017281235 1047.8277587890625 9596
1752017282189 1841.763427734375 9597
1752017283139 1613.0728759765625 9598
1752017284091 1234.576416015625 9599
1752017285041 1272.4000244140625 9600
1752017285988 1016.6679077148438 9601
1752017286943 1580.5556640625 9602
1752017287893 1302.961669921875 9603
1752017288843 952.1057739257812 9604
1752017289791 1471.350341796875 9605
1752017290742 1501.42919921875 9606
1752017291694 1942.608154296875 9607
1752017292645 2011.3624267578125 9608
1752017293599 798.0263671875 9609
1752017294550 1539.438232421875 9610
1752017295504 1044.2772216796875 9611
1752017296454 2335.728515625 9612
1752017297415 1094.76171875 9613
1752017298365 1163.014892578125 9614
1752017299323 2092.16552734375 9615
1752017300278 1641.44677734375 9616
1752017301231 2043.71484375 9617
1752017302186 2912.66845703125 9618
1752017303138 982.2338256835938 9619
1752017304089 3945.499755859375 9620
1752017305040 1724.0079345703125 9621
1752017305989 3545.0849609375 9622
1752017306943 2320.140380859375 9623
1752017307896 1785.020263671875 9624
1752017308850 1287.3731689453125 9625
1752017309802 1376.154541015625 9626
1752017311333 1791.81982421875 9627
1752017312284 1353.8797607421875 9628
1752017313235 1109.069091796875 9629
1752017314184 1720.7537841796875 9630
1752017315136 3559.811767578125 9631
1752017316088 4317.8671875 9632
1752017317041 12027.375 9633
1752017317992 1583.2138671875 9634
1752017319028 2355.44384765625 9635
1752017319978 2218.778564453125 9636
1752017320929 1945.11279296875 9637
1752017321886 1983.7381591796875 9638
1752017322834 5168.65234375 9639
1752017323786 1464.098876953125 9640
1752017324738 1401.6337890625 9641
1752017325691 2699.4521484375 9642
1752017326649 3417.37451171875 9643
1752017327604 1555.754150390625 9644
1752017328554 2224.9892578125 9645
1752017329512 1590.964111328125 9646
1752017330464 2515.34228515625 9647
1752017331413 2198.19677734375 9648
1752017332372 3846.26611328125 9649
1752017333324 1175.585205078125 9650
1752017334272 1827.61083984375 9651
1752017335221 1390.6845703125 9652
1752017336173 1259.4462890625 9653
1752017337120 1091.323974609375 9654
1752017338068 1396.825927734375 9655
1752017339019 1506.2159423828125 9656
1752017339980 1437.6435546875 9657
1752017340945 1120.2080078125 9658
1752017341899 1671.4110107421875 9659
1752017342851 1965.5267333984375 9660
1752017343810 2173.96826171875 9661
1752017344765 1559.21826171875 9662
1752017345721 1165.9625244140625 9663
1752017346674 3786.482421875 9664
1752017347621 1630.1556396484375 9665
1752017348577 3335.011474609375 9666
1752017349527 1009.973876953125 9667
1752017350478 1352.126708984375 9668
1752017351429 2204.03466796875 9669
1752017352383 1118.4864501953125 9670
1752017353342 1647.45654296875 9671
1752017354290 1366.23779296875 9672
1752017355248 1077.932861328125 9673
1752017356240 1460.862060546875 9674
1752017357226 2531.147705078125 9675
1752017358178 3703.048095703125 9676
1752017359128 1175.7451171875 9677
1752017360083 1606.3519287109375 9678
1752017361037 1380.7525634765625 9679
1752017361988 1424.6357421875 9680
1752017362941 1086.9368896484375 9681
1752017363891 893.6231079101562 9682
1752017364841 1727.336181640625 9683
1752017365792 753.070068359375 9684
1752017366745 1035.515869140625 9685
1752017367698 809.5059204101562 9686
1752017368649 1376.71923828125 9687
1752017369600 2562.59619140625 9688
1752017370552 1351.220458984375 9689
1752017371507 964.6544189453125 9690
1752017372457 1496.21923828125 9691
1752017373408 1458.263427734375 9692
1752017374359 861.3914184570312 9693
1752017375310 902.0833740234375 9694
1752017376259 818.061279296875 9695
1752017377208 1070.3590087890625 9696
1752017378161 3322.56982421875 9697
1752017379114 1173.6383056640625 9698
1752017380067 1426.2916259765625 9699
1752017381016 1231.8564453125 9700
1752017381967 1350.380859375 9701
1752017382917 1080.1298828125 9702
1752017383868 1185.783203125 9703
1752017384818 1168.0943603515625 9704
1752017385770 3167.236328125 9705
1752017386722 1846.363525390625 9706
1752017387671 1856.5703125 9707
1752017388623 1454.91845703125 9708
1752017389572 1355.87890625 9709
1752017390523 2051.83056640625 9710
1752017391469 1187.4342041015625 9711
1752017392419 1828.21533203125 9712
1752017393368 864.8936767578125 9713
1752017394321 5395.923828125 9714
1752017395272 3144.244873046875 9715
1752017396232 2738.81396484375 9716
1752017397221 2127.247802734375 9717
1752017398209 1856.488037109375 9718
1752017399157 1671.1826171875 9719
1752017400108 1060.0921630859375 9720
1752017401071 1316.2899169921875 9721
1752017402023 1496.3621826171875 9722
1752017402974 1274.97412109375 9723
1752017403924 749.0277099609375 9724
1752017404872 1449.251953125 9725
1752017405824 1193.39013671875 9726
1752017406774 1053.5615234375 9727
1752017407729 1833.722900390625 9728
1752017408678 1132.3939208984375 9729
1752017409625 1366.0 9730
1752017410575 1513.3026123046875 9731
1752017411524 1408.54296875 9732
1752017412474 876.6978759765625 9733
1752017413422 2901.28125 9734
1752017414376 2193.01708984375 9735
1752017415326 1226.8125 9736
1752017416276 840.388427734375 9737
1752017417229 1335.3094482421875 9738
1752017418184 1310.00927734375 9739
1752017419138 1333.185302734375 9740
1752017420096 4320.9287109375 9741
1752017421057 1930.098876953125 9742
1752017422014 1503.783935546875 9743
1752017422968 2028.2135009765625 9744
1752017423929 830.6771240234375 9745
1752017424889 2872.4775390625 9746
1752017425840 2063.27685546875 9747
1752017426793 1579.16162109375 9748
1752017427747 957.8455810546875 9749
1752017428703 791.7113037109375 9750
1752017429653 1394.0374755859375 9751
1752017431212 1216.0894775390625 9752
1752017432169 3566.6171875 9753
1752017433126 1659.197509765625 9754
1752017434083 1464.12255859375 9755
1752017435033 11910.0693359375 9756
1752017435990 1256.71728515625 9757
1752017436944 810.03076171875 9758
1752017437893 1191.7037353515625 9759
1752017438844 1245.417236328125 9760
1752017439798 1134.7877197265625 9761
1752017440759 765.7103271484375 9762
1752017441719 978.1751708984375 9763
1752017442676 1343.8795166015625 9764
1752017443632 1422.1136474609375 9765
1752017444583 1098.1580810546875 9766
1752017445537 4382.87890625 9767
1752017446495 1555.7548828125 9768
1752017447451 1565.6248779296875 9769
1752017448404 1763.3896484375 9770
1752017449363 1452.6451416015625 9771
1752017450321 2228.18212890625 9772
1752017451275 2094.028564453125 9773
1752017452229 1079.7420654296875 9774
1752017453179 1242.286865234375 9775
1752017454134 1038.072509765625 9776
1752017455088 946.2617797851562 9777
1752017456044 1126.23388671875 9778
1752017456994 1276.8651123046875 9779
1752017457946 1008.641845703125 9780
1752017458895 1010.8389282226562 9781
1752017459848 3193.548828125 9782
1752017460808 1456.246826171875 9783
1752017461763 1007.2161254882812 9784
1752017462718 1530.8516845703125 9785
1752017463672 955.01708984375 9786
1752017464630 1426.258056640625 9787
1752017465584 4131.23828125 9788
1752017466536 4133.22265625 9789
1752017467493 1327.7470703125 9790
1752017468440 2564.538818359375 9791
1752017469398 1389.092529296875 9792
1752017470351 1285.202392578125 9793
1752017471307 1331.297119140625 9794
1752017472259 5009.3447265625 9795
1752017473213 2280.7021484375 9796
1752017474165 1212.3291015625 9797
1752017475118 1313.783447265625 9798
1752017476080 994.596435546875 9799
1752017477036 779.2374267578125 9800
1752017477997 1245.224853515625 9801
1752017478960 2085.3515625 9802
1752017479910 1307.3203125 9803
1752017480859 1955.0992431640625 9804
1752017481818 837.4767456054688 9805
1752017482770 840.383544921875 9806
1752017483721 2919.38037109375 9807
1752017484676 1276.0218505859375 9808
1752017485632 2146.508544921875 9809
1752017486587 1048.655517578125 9810
1752017487549 831.2237548828125 9811
1752017488500 1240.7333984375 9812
1752017489451 1849.8037109375 9813
1752017490406 1430.4178466796875 9814
1752017491360 1031.3258056640625 9815
1752017492311 1460.49072265625 9816
1752017493264 2190.1201171875 9817
1752017494220 921.7098388671875 9818
1752017495169 976.0677490234375 9819
1752017496127 1037.74462890625 9820
1752017497084 736.75634765625 9821
1752017498037 2087.910888671875 9822
1752017498992 1093.57177734375 9823
1752017499946 866.826171875 9824
1752017500903 919.62841796875 9825
1752017501858 949.52392578125 9826
1752017502815 2508.928466796875 9827
1752017503764 1802.258056640625 9828
1752017504713 1320.628173828125 9829
1752017505661 886.610595703125 9830
1752017506609 1620.308349609375 9831
1752017507560 1821.150390625 9832
1752017508513 2403.10400390625 9833
1752017509465 1043.6746826171875 9834
1752017510416 1847.7666015625 9835
1752017511366 825.9913940429688 9836
1752017512319 1232.137939453125 9837
1752017513268 2248.66064453125 9838
1752017514222 1535.270263671875 9839
1752017515175 1190.3634033203125 9840
1752017516125 1003.55615234375 9841
1752017517078 785.0932006835938 9842
1752017518030 1731.4332275390625 9843
1752017519019 1399.676025390625 9844
1752017519998 995.6510620117188 9845
1752017520974 1447.06689453125 9846
1752017521927 1112.0396728515625 9847
1752017522875 1061.889892578125 9848
1752017523824 1413.422119140625 9849
1752017524775 1242.9500732421875 9850
1752017525722 1040.37890625 9851
1752017526674 1035.489501953125 9852
1752017527625 732.6207275390625 9853
1752017528576 1163.90380859375 9854
1752017529525 795.50390625 9855
1752017530474 1851.2392578125 9856
1752017531420 2255.540771484375 9857
1752017532370 1459.281494140625 9858
1752017533320 1030.58349609375 9859
1752017534273 1029.3997802734375 9860
1752017535222 823.910400390625 9861
1752017536174 1268.277099609375 9862
1752017537127 1099.4500732421875 9863
1752017538078 1842.7943115234375 9864
1752017539038 1069.11572265625 9865
1752017539991 979.6029663085938 9866
1752017540942 1445.937255859375 9867
1752017541893 964.6500854492188 9868
1752017542849 1531.764404296875 9869
1752017543801 1384.97607421875 9870
1752017544758 1302.8021240234375 9871
1752017545714 1191.9969482421875 9872
1752017546670 1069.6221923828125 9873
1752017547634 843.4603271484375 9874
1752017548590 943.7402954101562 9875
1752017549546 1105.772705078125 9876
1752017551094 1549.3873291015625 9877
1752017552047 1517.702880859375 9878
1752017553006 1279.2493896484375 9879
1752017553961 1039.58154296875 9880
1752017554917 1066.513427734375 9881
1752017555872 1219.48779296875 9882
1752017556829 1829.56640625 9883
1752017557786 918.3017578125 9884
1752017558742 739.2000732421875 9885
1752017559690 782.3402099609375 9886
1752017560640 1523.3516845703125 9887
1752017561599 1465.4703369140625 9888
1752017562555 1201.530517578125 9889
1752017563514 1246.2637939453125 9890
1752017564473 1044.421875 9891
1752017565426 829.3898315429688 9892
1752017566377 1354.0615234375 9893
1752017567329 1788.904296875 9894
1752017568283 1113.281005859375 9895
1752017569238 2119.44287109375 9896
1752017570188 920.151611328125 9897
1752017571139 1211.532470703125 9898
1752017572094 1273.001953125 9899
1752017573045 2891.7529296875 9900
1752017573995 1030.91455078125 9901
1752017574949 1454.97314453125 9902
1752017575903 1367.771728515625 9903
1752017576858 1423.34326171875 9904
1752017577809 1011.49755859375 9905
1752017578759 1423.467529296875 9906
1752017579726 1285.923095703125 9907
1752017580686 1221.86962890625 9908
1752017581641 2075.1962890625 9909
1752017582598 1272.0908203125 9910
1752017583556 1086.681884765625 9911
1752017584511 1061.340087890625 9912
1752017585464 1125.1787109375 9913
1752017586420 1236.5947265625 9914
1752017587380 1267.167724609375 9915
1752017588336 1556.8580322265625 9916
1752017589292 1562.9202880859375 9917
1752017590250 1289.6881103515625 9918
1752017591211 1234.3634033203125 9919
1752017592174 1196.947021484375 9920
1752017593128 1225.216796875 9921
1752017594079 1274.0533447265625 9922
1752017595037 1881.145751953125 9923
1752017595994 1394.796142578125 9924
1752017596947 1773.23876953125 9925
1752017597904 1007.4714965820312 9926
1752017598853 1411.612060546875 9927
1752017599803 7025.48974609375 9928
1752017600763 788.6484375 9929
1752017601723 1178.092041015625 9930
1752017602672 3631.562744140625 9931
1752017603627 4188.60546875 9932
1752017604583 1683.0615234375 9933
1752017605539 1300.681640625 9934
1752017606496 9412.841796875 9935
1752017607451 1117.225830078125 9936
1752017608401 1990.4293212890625 9937
1752017609355 772.9065551757812 9938
1752017610316 1789.209228515625 9939
1752017611265 1021.16796875 9940
1752017612224 1890.275146484375 9941
1752017613181 1653.732666015625 9942
1752017614136 1160.6396484375 9943
1752017615087 1004.8032836914062 9944
1752017616046 1265.6904296875 9945
1752017617008 1583.665283203125 9946
1752017617958 967.2860107421875 9947
1752017618908 1277.00634765625 9948
1752017619857 1476.70947265625 9949
1752017620810 1409.036376953125 9950
1752017621764 2501.124267578125 9951
1752017622717 900.466796875 9952
1752017623672 1767.666748046875 9953
1752017624625 1361.34423828125 9954
1752017625581 2067.4072265625 9955
1752017626534 1221.560302734375 9956
1752017627487 2401.4267578125 9957
1752017628438 1911.449462890625 9958
1752017629389 1438.77001953125 9959
1752017630339 981.7627563476562 9960
1752017631291 965.009765625 9961
1752017632244 956.7643432617188 9962
1752017633193 1059.896240234375 9963
1752017634143 923.3406982421875 9964
1752017635097 978.882080078125 9965
1752017636046 1386.839111328125 9966
1752017637001 756.9156494140625 9967
1752017637947 1503.9981689453125 9968
1752017638898 1903.200927734375 9969
1752017639865 952.0497436523438 9970
1752017640867 784.0584716796875 9971
1752017641855 923.2190551757812 9972
1752017642823 931.0758666992188 9973
1752017643773 1275.689208984375 9974
1752017644723 1091.949951171875 9975
1752017645675 970.677978515625 9976
1752017646623 4599.623046875 9977
1752017647574 757.427490234375 9978
1752017648522 1201.906982421875 9979
1752017649476 1046.37255859375 9980
1752017650426 824.797119140625 9981
1752017651383 1091.3759765625 9982
1752017652332 1086.14208984375 9983
1752017653278 1758.84228515625 9984
1752017654232 1320.0035400390625 9985
1752017655187 1114.401611328125 9986
1752017656140 1399.5689697265625 9987
1752017657094 3421.25830078125 9988
1752017658059 1999.774169921875 9989
1752017659012 1112.969970703125 9990
1752017659970 1020.746826171875 9991
1752017660929 1094.673828125 9992
1752017661885 1530.520751953125 9993
1752017662842 1488.87548828125 9994
1752017663803 2245.63427734375 9995
1752017664756 974.9200439453125 9996
1752017665718 1440.97265625 9997
1752017666675 1142.4173583984375 9998
1752017667635 699.1318359375 9999
1752017668596 1530.373046875 10000
1752017669552 1287.488037109375 10001
1752017671113 992.1950073242188 10002
1752017672074 1547.115966796875 10003
1752017673033 3013.167236328125 10004
1752017673985 1917.919189453125 10005
1752017674941 1489.749267578125 10006
1752017675893 963.890625 10007
1752017676849 1209.0262451171875 10008
1752017677803 1114.811279296875 10009
1752017678753 946.3685913085938 10010
1752017679709 1709.5321044921875 10011
1752017680662 1477.841064453125 10012
1752017681619 1367.3857421875 10013
1752017682572 1038.15869140625 10014
1752017683521 1404.67919921875 10015
1752017684482 2250.777587890625 10016
1752017685431 1059.3140869140625 10017
1752017686386 981.7468872070312 10018
1752017687340 1258.29443359375 10019
1752017688289 1098.1336669921875 10020
1752017689241 1930.2972412109375 10021
1752017690195 1711.7657470703125 10022
1752017691147 2009.2236328125 10023
1752017692109 1885.0523681640625 10024
1752017693070 1123.35595703125 10025
1752017694025 837.84814453125 10026
1752017694988 989.2474975585938 10027
1752017695939 1554.0126953125 10028
1752017696896 1080.368896484375 10029
1752017697845 934.80078125 10030
1752017698803 1244.300537109375 10031
1752017699755 982.550048828125 10032
1752017700716 1172.84326171875 10033
1752017701676 652.2196044921875 10034
1752017702634 1247.294677734375 10035
1752017703584 1370.0556640625 10036
1752017704534 1229.96533203125 10037
1752017705486 2292.7607421875 10038
1752017706447 1282.45703125 10039
1752017707398 1463.63720703125 10040
1752017708353 563.8797607421875 10041
1752017709303 2447.052734375 10042
1752017710265 1181.775634765625 10043
1752017711220 1189.1201171875 10044
1752017712175 1520.2587890625 10045
1752017713128 811.1356201171875 10046
1752017714079 5225.15185546875 10047
1752017715029 924.9700927734375 10048
1752017715988 1541.626220703125 10049
1752017716950 5443.9599609375 10050
1752017717899 1434.288818359375 10051
1752017718848 3690.481689453125 10052
1752017719799 1817.5234375 10053
1752017720747 3127.0703125 10054
1752017721696 1377.767578125 10055
1752017722647 1721.854248046875 10056
1752017723608 5217.3408203125 10057
1752017724560 2550.54443359375 10058
1752017725518 2029.298095703125 10059
1752017726468 1834.3857421875 10060
1752017727436 1555.60400390625 10061
1752017728421 1400.798828125 10062
1752017729415 1549.510009765625 10063
1752017730366 1407.203369140625 10064
1752017731319 1716.7633056640625 10065
1752017732271 954.1067504882812 10066
1752017733219 1690.888916015625 10067
1752017734169 1410.1357421875 10068
1752017735122 987.7568969726562 10069
1752017736073 2570.0703125 10070
1752017737025 1364.569091796875 10071
1752017737973 2612.883544921875 10072
1752017738925 3689.673095703125 10073
1752017739876 1286.5908203125 10074
1752017740825 1367.0631103515625 10075
1752017741780 1678.157958984375 10076
1752017742728 1234.004150390625 10077
1752017743678 790.8870849609375 10078
1752017744627 1142.6646728515625 10079
1752017745577 2209.9677734375 10080
1752017746527 2611.9482421875 10081
1752017747478 1703.39404296875 10082
1752017748429 1226.1876220703125 10083
1752017749378 900.6976318359375 10084
1752017750328 1500.2760009765625 10085
1752017751278 1558.226806640625 10086
1752017752228 4152.078125 10087
1752017753181 1194.1226806640625 10088
1752017754132 1490.12744140625 10089
1752017755086 1951.511962890625 10090
1752017756034 1128.5504150390625 10091
1752017756981 1590.625732421875 10092
1752017757932 845.8192138671875 10093
1752017758882 821.781005859375 10094
1752017759835 975.1497802734375 10095
1752017760790 1196.603271484375 10096
1752017761743 1291.8563232421875 10097
1752017762735 1057.434326171875 10098
1752017763724 2175.57177734375 10099
1752017764694 1473.9664306640625 10100
1752017765647 1278.672119140625 10101
1752017766597 2140.12109375 10102
1752017767549 1175.242919921875 10103
1752017768496 991.677001953125 10104
1752017769448 1904.1026611328125 10105
1752017770395 1275.7086181640625 10106
1752017771346 992.2645263671875 10107
1752017772299 2099.8857421875 10108
1752017773249 1034.0091552734375 10109
1752017774197 799.2840576171875 10110
1752017775146 1265.930908203125 10111
1752017776095 1207.7099609375 10112
1752017777056 1396.919189453125 10113
1752017778005 1332.2059326171875 10114
1752017778954 848.5438232421875 10115
1752017779909 1415.5128173828125 10116
1752017780864 1284.139404296875 10117
1752017781815 1572.812255859375 10118
1752017782772 1716.3609619140625 10119
1752017783724 1149.2872314453125 10120
1752017784674 1123.6815185546875 10121
1752017785632 1163.2861328125 10122
1752017786587 922.651123046875 10123
1752017787538 2311.320068359375 10124
1752017788491 1345.912109375 10125
1752017789443 842.6874389648438 10126
1752017791011 731.3546142578125 10127
1752017791970 1180.826416015625 10128
1752017792925 4022.484375 10129
1752017793880 1257.818603515625 10130
1752017794831 1329.9605712890625 10131
1752017795783 2149.969482421875 10132
1752017796742 931.2791748046875 10133
1752017797694 9742.2802734375 10134
1752017798647 2161.3662109375 10135
1752017799598 1302.1312255859375 10136
1752017800548 3752.87451171875 10137
1752017801499 1117.2833251953125 10138
1752017802450 1440.46923828125 10139
1752017803401 1568.367919921875 10140
1752017804348 1007.4591674804688 10141
1752017805299 1469.11572265625 10142
1752017806249 2171.64990234375 10143
1752017807198 904.017333984375 10144
1752017808144 1616.85107421875 10145
1752017809093 1544.941162109375 10146
1752017810050 1879.6607666015625 10147
1752017811003 1191.78466796875 10148
1752017811954 986.1646118164062 10149
1752017812905 1760.279052734375 10150
1752017813856 1127.478515625 10151
1752017814809 1549.147216796875 10152
1752017815756 2007.914794921875 10153
1752017816708 1343.1611328125 10154
1752017817663 1173.771240234375 10155
1752017818615 1175.6744384765625 10156
1752017819566 996.7039794921875 10157
1752017820523 1051.605224609375 10158
1752017821479 1257.788818359375 10159
1752017822438 1424.408203125 10160
1752017823388 921.805908203125 10161
1752017824336 1502.280029296875 10162
1752017825280 937.68310546875 10163
1752017826232 10013.380859375 10164
1752017827191 1215.5462646484375 10165
1752017828147 6536.216796875 10166
1752017829098 3002.619873046875 10167
1752017830050 2855.826904296875 10168
1752017831003 1482.6455078125 10169
1752017831956 1440.7371826171875 10170
1752017832908 1830.438232421875 10171
1752017833862 3793.37353515625 10172
1752017834811 1539.5126953125 10173
1752017835762 1760.6319580078125 10174
1752017836716 1684.92529296875 10175
1752017837667 2622.912109375 10176
1752017838618 5121.55712890625 10177
1752017839568 1515.466552734375 10178
1752017840519 6764.3349609375 10179
1752017841469 1303.145751953125 10180
1752017842423 2138.351318359375 10181
1752017843372 2478.33154296875 10182
1752017844321 1259.458984375 10183
1752017845270 1052.828125 10184
1752017846223 2717.94775390625 10185
1752017847174 1352.19189453125 10186
1752017848123 2181.93896484375 10187
1752017849071 2304.2724609375 10188
1752017850021 1279.874755859375 10189
1752017850971 1252.39599609375 10190
1752017851922 1240.81298828125 10191
1752017852872 1596.103759765625 10192
1752017853825 1069.255126953125 10193
1752017854777 1965.66552734375 10194
1752017855726 1282.88427734375 10195
1752017856678 2002.34130859375 10196
1752017857629 1615.597900390625 10197
1752017858580 1397.111572265625 10198
1752017859530 1471.9158935546875 10199
1752017860476 1388.727783203125 10200
1752017861425 1163.849365234375 10201
1752017862380 1215.53076171875 10202
1752017863333 1434.94091796875 10203
1752017864284 1690.974853515625 10204
1752017865233 932.4009399414062 10205
1752017866183 1177.1705322265625 10206
1752017867134 1475.6993408203125 10207
1752017868083 3111.5419921875 10208
1752017869033 934.9058227539062 10209
1752017869984 894.8950805664062 10210
1752017870933 1718.470458984375 10211
1752017871879 1261.833984375 10212
1752017872828 902.2374267578125 10213
1752017873778 1054.0242919921875 10214
1752017874728 815.12939453125 10215
1752017875677 1791.5059814453125 10216
1752017876628 1488.482666015625 10217
1752017877580 1357.1802978515625 10218
1752017878533 1483.531005859375 10219
1752017879482 856.66796875 10220
1752017880436 1010.3179931640625 10221
1752017881390 1312.142578125 10222
1752017882338 890.74755859375 10223
1752017883292 1352.60009765625 10224
1752017884248 2251.40576171875 10225
1752017885238 1157.91943359375 10226
1752017886228 1132.833251953125 10227
1752017887179 956.6105346679688 10228
1752017888132 1198.563720703125 10229
1752017889082 2396.237548828125 10230
1752017890033 758.2535400390625 10231
1752017890982 2151.06103515625 10232
1752017891932 1784.7132568359375 10233
1752017892881 1918.1629638671875 10234
1752017893830 894.01513671875 10235
1752017894782 1874.4813232421875 10236
1752017895735 1432.0047607421875 10237
1752017896685 1229.03662109375 10238
1752017897639 1394.715576171875 10239
1752017898593 1981.7041015625 10240
1752017899548 1899.5458984375 10241
1752017900503 935.4793701171875 10242
1752017901450 1400.0758056640625 10243
1752017902405 2174.326171875 10244
1752017903360 3298.89306640625 10245
1752017904313 995.0882568359375 10246
1752017905263 1649.171630859375 10247
1752017906213 1612.95556640625 10248
1752017907166 1269.705078125 10249
1752017908123 1775.01318359375 10250
1752017909075 2768.34912109375 10251
1752017910601 860.3455810546875 10252
1752017911556 1441.4296875 10253
1752017912504 1412.373046875 10254
1752017913458 1288.7781982421875 10255
1752017914410 3215.501708984375 10256
1752017915360 2341.05078125 10257
1752017916317 1483.2486572265625 10258
1752017917263 1616.03955078125 10259
1752017918215 1291.732177734375 10260
1752017919164 1648.052490234375 10261
1752017920116 1864.544189453125 10262
1752017921068 1149.816162109375 10263
1752017922018 1192.21923828125 10264
1752017922964 1316.919189453125 10265
1752017923917 1725.6971435546875 10266
1752017924866 1030.989990234375 10267
1752017925819 4802.1455078125 10268
1752017926768 3546.097412109375 10269
1752017927718 3763.4072265625 10270
1752017928671 1648.841552734375 10271
1752017929623 1239.7601318359375 10272
1752017930576 918.1553344726562 10273
1752017931525 1364.836181640625 10274
1752017932477 2442.138916015625 10275
1752017933429 1888.6588134765625 10276
1752017934381 1148.30615234375 10277
1752017935336 1690.92138671875 10278
1752017936289 2604.4267578125 10279
1752017937240 3513.099609375 10280
1752017938192 1535.44384765625 10281
1752017939141 1715.9642333984375 10282
1752017940093 2430.392578125 10283
1752017941057 1416.8212890625 10284
1752017942015 1025.950927734375 10285
1752017942968 1326.515869140625 10286
1752017943923 2691.3583984375 10287
1752017944873 1370.111083984375 10288
1752017945824 1463.5390625 10289
1752017946778 4872.53125 10290
1752017947728 2996.31787109375 10291
1752017948676 1308.23291015625 10292
1752017949629 1279.0087890625 10293
1752017950585 1643.905029296875 10294
1752017951536 2080.53369140625 10295
1752017952487 1650.4293212890625 10296
1752017953438 831.9635009765625 10297
1752017954387 1373.28173828125 10298
1752017955339 1348.6884765625 10299
1752017956287 1399.905517578125 10300
1752017957237 957.5018310546875 10301
1752017958186 1273.7181396484375 10302
1752017959135 2921.412109375 10303
1752017960086 1194.4239501953125 10304
1752017961036 1162.2625732421875 10305
1752017961988 1026.004638671875 10306
1752017962939 1373.699462890625 10307
1752017963891 683.9686889648438 10308
1752017964842 1685.68603515625 10309
1752017965795 1834.628173828125 10310
1752017966745 1377.9285888671875 10311
1752017967693 847.8897094726562 10312
1752017968645 1374.466796875 10313
1752017969596 1493.332763671875 10314
1752017970548 2393.102783203125 10315
1752017971497 757.208984375 10316
1752017972448 804.0889892578125 10317
1752017973405 1296.743408203125 10318
1752017974356 2339.74755859375 10319
1752017975303 2583.017333984375 10320
1752017976255 992.4017944335938 10321
1752017977204 1552.60546875 10322
1752017978153 1156.2652587890625 10323
1752017979114 980.658447265625 10324
1752017980065 1199.760009765625 10325
1752017981018 1383.2628173828125 10326
1752017981971 1149.6893310546875 10327
1752017982923 1239.022705078125 10328
1752017983876 1538.818603515625 10329
1752017984829 2587.217041015625 10330
1752017985781 1362.500732421875 10331
1752017986733 848.96435546875 10332
1752017987683 1618.2314453125 10333
1752017988634 1013.9813232421875 10334
1752017989583 2175.510986328125 10335
1752017990533 934.7900390625 10336
1752017991484 1427.271240234375 10337
1752017992439 1609.1240234375 10338
1752017993386 1216.3199462890625 10339
1752017994339 1123.85302734375 10340
1752017995293 1014.240234375 10341
1752017996245 1830.073974609375 10342
1752017997196 1058.7508544921875 10343
1752017998146 1226.00927734375 10344
1752017999095 4197.06982421875 10345
1752018000048 776.4649658203125 10346
1752018001005 1851.8984375 10347
1752018001957 1057.42822265625 10348
1752018002908 1146.2940673828125 10349
1752018003856 1570.82275390625 10350
1752018004808 6981.61474609375 10351
1752018005759 1997.64208984375 10352
1752018006735 2025.7235107421875 10353
1752018007722 6283.7255859375 10354
1752018008700 1984.1337890625 10355
1752018009652 2206.008056640625 10356
1752018010601 3227.831787109375 10357
1752018011551 1334.36669921875 10358
1752018012506 1746.063232421875 10359
1752018013459 2315.36181640625 10360
1752018014410 1483.290771484375 10361
1752018015362 1481.924072265625 10362
1752018016311 1676.6826171875 10363
1752018017268 2639.359619140625 10364
1752018018221 1571.801513671875 10365
1752018019172 1796.600341796875 10366
1752018020125 3177.495849609375 10367
1752018021082 2226.8837890625 10368
1752018022034 1427.7615966796875 10369
1752018022988 1564.405029296875 10370
1752018023938 1508.22314453125 10371
1752018024889 1529.833984375 10372
1752018025845 1909.722412109375 10373
1752018026803 2036.4947509765625 10374
1752018027763 1304.887939453125 10375
1752018028719 2125.387939453125 10376
1752018030290 1887.4327392578125 10377
1752018031242 1551.986328125 10378
1752018032195 3757.07958984375 10379
1752018033144 1923.3961181640625 10380
1752018034104 1624.54296875 10381
1752018035058 1685.7064208984375 10382
1752018036023 2228.1337890625 10383
1752018036983 1141.582763671875 10384
1752018037939 1395.713134765625 10385
1752018038890 2448.806884765625 10386
1752018039845 1288.735595703125 10387
1752018040800 732.9188842773438 10388
1752018041750 1456.2003173828125 10389
1752018042710 1792.94140625 10390
1752018043667 1256.3148193359375 10391
1752018044618 1030.388427734375 10392
1752018045572 869.8963012695312 10393
1752018046533 3335.28759765625 10394
1752018047482 1227.787353515625 10395
1752018048434 1306.08251953125 10396
1752018049392 1169.751953125 10397
1752018050345 1605.728759765625 10398
1752018051293 1769.67333984375 10399
1752018052243 1874.628173828125 10400
1752018053190 1447.062744140625 10401
1752018054150 1403.279296875 10402
1752018055107 1603.682861328125 10403
1752018056064 952.42724609375 10404
1752018057014 1126.537353515625 10405
1752018057967 1150.751220703125 10406
1752018058919 1278.3614501953125 10407
1752018059871 963.9189453125 10408
1752018060834 1214.842529296875 10409
1752018061789 795.787353515625 10410
1752018062743 1227.365234375 10411
1752018063703 935.0018310546875 10412
1752018064656 1025.5599365234375 10413
1752018065610 1286.41796875 10414
1752018066562 1649.60546875 10415
1752018067515 1339.39208984375 10416
1752018068473 1158.6773681640625 10417
1752018069428 1851.96240234375 10418
1752018070384 9840.818359375 10419
1752018071341 2193.040771484375 10420
1752018072302 1307.15576171875 10421
1752018073254 1453.38232421875 10422
1752018074208 2280.239990234375 10423
1752018075161 3448.671875 10424
1752018076113 2023.4427490234375 10425
1752018077065 1351.326171875 10426
1752018078018 8382.0302734375 10427
1752018078968 1834.06689453125 10428
1752018079921 4074.0869140625 10429
1752018080875 1680.1212158203125 10430
1752018081829 3099.650634765625 10431
1752018082782 3659.707275390625 10432
1752018083743 1852.535888671875 10433
1752018084697 5001.51513671875 10434
1752018085648 2245.9130859375 10435
1752018086598 4031.5029296875 10436
1752018087551 2147.424072265625 10437
1752018088503 2344.95263671875 10438
1752018089460 3360.04248046875 10439
1752018090407 2267.74853515625 10440
1752018091369 1804.4935302734375 10441
1752018092327 1468.9678955078125 10442
1752018093284 2105.94091796875 10443
1752018094233 2178.91845703125 10444
1752018095182 1078.474853515625 10445
1752018096135 2313.63427734375 10446
1752018097091 2833.53759765625 10447
1752018098050 2655.759033203125 10448
1752018099003 1539.153564453125 10449
1752018099955 3345.0439453125 10450
1752018100915 1448.825927734375 10451
1752018101866 1540.6949462890625 10452
1752018102818 2379.315673828125 10453
1752018103776 998.306884765625 10454
1752018104734 1048.670166015625 10455
1752018105689 4674.83154296875 10456
1752018106640 1004.8128662109375 10457
1752018107592 1532.5255126953125 10458
1752018108539 1466.2269287109375 10459
1752018109490 937.1116943359375 10460
1752018110441 1554.7860107421875 10461
1752018111391 1621.5361328125 10462
1752018112343 2248.05517578125 10463
1752018113296 2041.5357666015625 10464
1752018114243 1455.428466796875 10465
1752018115191 2053.805419921875 10466
1752018116140 1767.546875 10467
1752018117089 1826.8582763671875 10468
1752018118041 1815.781005859375 10469
1752018118992 1266.234619140625 10470
1752018119939 1172.8876953125 10471
1752018120895 1448.027099609375 10472
1752018121845 2402.2890625 10473
1752018122794 2121.085205078125 10474
1752018123742 2141.68603515625 10475
1752018124692 1828.9708251953125 10476
1752018125644 1413.61767578125 10477
1752018126594 1011.93798828125 10478
1752018127548 1855.2423095703125 10479
1752018128520 2254.82470703125 10480
1752018129500 2114.6396484375 10481
1752018130478 3457.21484375 10482
1752018131430 1519.11962890625 10483
1752018132382 2631.4736328125 10484
1752018133336 8558.271484375 10485
1752018134284 2382.89208984375 10486
1752018135234 3194.7685546875 10487
1752018136183 1578.360595703125 10488
1752018137138 1245.134765625 10489
1752018138089 1753.12109375 10490
1752018139041 2523.657958984375 10491
1752018139993 1091.710205078125 10492
1752018140946 2158.83251953125 10493
1752018141900 1242.443603515625 10494
1752018142856 3866.87255859375 10495
1752018143805 1214.9647216796875 10496
1752018144763 1617.618408203125 10497
1752018145715 1834.708740234375 10498
1752018146674 1603.76025390625 10499
1752018147626 1182.45849609375 10500
1752018148576 1155.683837890625 10501
1752018150143 1253.794677734375 10502
1752018151099 1860.24609375 10503
1752018152058 1079.50390625 10504
1752018153016 2954.5302734375 10505
1752018153969 931.6913452148438 10506
1752018154919 1057.7772216796875 10507
1752018155874 1231.163330078125 10508
1752018156822 1415.3309326171875 10509
1752018157788 1347.1376953125 10510
1752018158743 1617.8399658203125 10511
1752018159695 1037.31884765625 10512
1752018160674 846.031494140625 10513
1752018161649 1469.48828125 10514
1752018162606 1149.531005859375 10515
1752018163564 5338.39208984375 10516
1752018164523 1613.6422119140625 10517
1752018165479 1065.6976318359375 10518
1752018166433 2225.439697265625 10519
1752018167386 1548.244384765625 10520
1752018168344 1526.0390625 10521
1752018169298 1183.9422607421875 10522
1752018170261 1310.2664794921875 10523
1752018171210 793.36279296875 10524
1752018172167 916.037353515625 10525
1752018173128 3588.603759765625 10526
1752018174086 1348.0831298828125 10527
1752018175045 917.3324584960938 10528
1752018176001 1282.453369140625 10529
1752018176962 1100.81982421875 10530
1752018177917 1277.74267578125 10531
1752018178870 2747.69482421875 10532
1752018179824 2376.023681640625 10533
1752018180787 2895.308349609375 10534
1752018181744 1200.828857421875 10535
1752018182700 1346.77294921875 10536
1752018183657 1256.9830322265625 10537
1752018184609 849.7508544921875 10538
1752018185561 831.2655639648438 10539
1752018186513 1375.55419921875 10540
1752018187467 783.6661376953125 10541
1752018188424 1768.197998046875 10542
1752018189388 1142.064697265625 10543
1752018190374 975.0170288085938 10544
1752018191348 1152.609619140625 10545
1752018192323 1474.3873291015625 10546
1752018193280 2090.2939453125 10547
1752018194235 1076.081787109375 10548
1752018195198 851.4629516601562 10549
1752018196154 1020.3845825195312 10550
1752018197106 856.922607421875 10551
1752018198061 2512.739990234375 10552
1752018199012 975.4540405273438 10553
1752018199967 889.7565307617188 10554
1752018200931 711.809814453125 10555
1752018201884 1214.0045166015625 10556
1752018202843 1039.9383544921875 10557
1752018203803 2815.4306640625 10558
1752018204755 702.2271728515625 10559
1752018205710 2899.92138671875 10560
1752018206666 994.74462890625 10561
1752018207620 1704.943603515625 10562
1752018208574 2793.419677734375 10563
1752018209534 939.317626953125 10564
1752018210493 2379.222900390625 10565
1752018211446 1621.901123046875 10566
1752018212400 1324.544189453125 10567
1752018213354 1209.9730224609375 10568
1752018214309 1426.0035400390625 10569
1752018215264 974.8199462890625 10570
1752018216223 1647.7857666015625 10571
1752018217177 1471.4954833984375 10572
1752018218132 1224.9075927734375 10573
1752018219099 1237.873046875 10574
1752018220052 745.766845703125 10575
1752018221009 963.4344482421875 10576
1752018221960 1256.70947265625 10577
1752018222915 1289.5894775390625 10578
1752018223870 789.0679931640625 10579
1752018224822 1241.6322021484375 10580
1752018225777 911.1354370117188 10581
1752018226730 988.063232421875 10582
1752018227681 1083.5460205078125 10583
1752018228636 1245.443603515625 10584
1752018229592 38665.94921875 10585
1752018230544 1460.55322265625 10586
1752018231499 3107.9921875 10587
1752018232451 2925.27294921875 10588
1752018233400 1746.323974609375 10589
1752018234353 2436.727294921875 10590
1752018235307 1490.53125 10591
1752018236261 1376.947021484375 10592
1752018237215 1308.9927978515625 10593
1752018238166 4261.41748046875 10594
1752018239118 2249.1357421875 10595
1752018240072 2039.322021484375 10596
1752018241033 1885.285400390625 10597
1752018241983 1933.22314453125 10598
1752018242936 1287.47021484375 10599
1752018243889 1586.8232421875 10600
1752018244844 1845.562744140625 10601
1752018245795 1807.4710693359375 10602
1752018246748 1304.0052490234375 10603
1752018247699 2504.419921875 10604
1752018248655 1275.3489990234375 10605
1752018249611 1277.91162109375 10606
1752018250590 1928.791259765625 10607
1752018251576 1527.5911865234375 10608
1752018252559 1773.324462890625 10609
1752018253509 1391.3006591796875 10610
1752018254463 1345.3505859375 10611
1752018255413 1441.208251953125 10612
1752018256363 960.2395629882812 10613
1752018257315 1933.4234619140625 10614
1752018258279 1338.1253662109375 10615
1752018259236 1444.2008056640625 10616
1752018260192 1255.8050537109375 10617
1752018261146 1452.5772705078125 10618
1752018262103 965.8895263671875 10619
1752018263058 975.4387817382812 10620
1752018264012 1080.448486328125 10621
1752018264963 1397.6593017578125 10622
1752018265921 958.2933349609375 10623
1752018266880 1853.2540283203125 10624
1752018267834 985.8997802734375 10625
1752018268794 1418.3768310546875 10626
1752018270336 4461.376953125 10627
1752018271293 1933.6365966796875 10628
1752018272256 1096.030517578125 10629
1752018273211 3160.280029296875 10630
1752018274163 859.9083251953125 10631
1752018275120 1560.774169921875 10632
1752018276076 1169.6861572265625 10633
1752018277031 1565.350830078125 10634
1752018277985 1947.386962890625 10635
1752018278940 1761.217529296875 10636
1752018279896 1158.7696533203125 10637
1752018280848 894.077880859375 10638
1752018281803 941.7247314453125 10639
1752018282761 1270.956298828125 10640
1752018283716 1131.34912109375 10641
1752018284667 1894.1756591796875 10642
1752018285621 2067.97900390625 10643
1752018286577 1124.31201171875 10644
1752018287531 1112.75439453125 10645
1752018288485 1024.4317626953125 10646
1752018289443 1464.751708984375 10647
1752018290395 1224.72705078125 10648
1752018291349 932.4036865234375 10649
1752018292303 1126.6510009765625 10650
1752018293264 1878.591796875 10651
1752018294220 1053.63232421875 10652
1752018295182 845.8514404296875 10653
1752018296135 1997.4244384765625 10654
1752018297087 778.1248779296875 10655
1752018298045 1272.37548828125 10656
1752018298998 1274.2860107421875 10657
1752018299951 888.6146240234375 10658
1752018300917 896.2174682617188 10659
1752018301875 1424.2841796875 10660
1752018302841 1863.745849609375 10661
1752018303798 1067.072998046875 10662
1752018304755 1112.2589111328125 10663
1752018305708 1107.651123046875 10664
1752018306662 1342.0048828125 10665
1752018307620 892.8675537109375 10666
1752018308580 2312.76318359375 10667
1752018309538 1271.045166015625 10668
1752018310490 1319.0712890625 10669
1752018311462 1310.146240234375 10670
1752018312442 1099.3206787109375 10671
1752018313442 3204.911865234375 10672
1752018314396 1803.103759765625 10673
1752018315351 3347.865234375 10674
1752018316305 1748.10009765625 10675
1752018317260 1213.540283203125 10676
1752018318222 1759.822021484375 10677
1752018319175 1758.961181640625 10678
1752018320138 1410.9747314453125 10679
1752018321088 1555.7490234375 10680
1752018322043 1061.074951171875 10681
1752018322995 1372.98095703125 10682
1752018323954 1757.868408203125 10683
1752018324908 1444.8651123046875 10684
1752018325861 997.826416015625 10685
1752018326817 1601.2279052734375 10686
1752018327784 3208.607421875 10687
1752018328743 3545.362060546875 10688
1752018329695 1545.7021484375 10689
1752018330654 1472.93408203125 10690
1752018331614 981.3975830078125 10691
1752018332577 1025.764892578125 10692
1752018333533 1958.626953125 10693
1752018334489 2582.23046875 10694
1752018335447 922.0867919921875 10695
1752018336401 1145.818603515625 10696
1752018337353 1065.5076904296875 10697
1752018338316 1247.189697265625 10698
1752018339272 2237.834228515625 10699
1752018340222 1466.14208984375 10700
1752018341174 1275.69384765625 10701
1752018342125 1318.530517578125 10702
1752018343081 1508.212158203125 10703
1752018344045 2090.42138671875 10704
1752018345007 1456.9576416015625 10705
1752018345973 1939.592041015625 10706
1752018346928 1006.8548583984375 10707
1752018347879 2681.802734375 10708
1752018348834 671.1956787109375 10709
1752018349784 1986.14404296875 10710
1752018350737 1205.9539794921875 10711
1752018351692 3662.54443359375 10712
1752018352647 1394.639892578125 10713
1752018353602 1060.277099609375 10714
1752018354554 1800.5125732421875 10715
1752018355505 1239.796875 10716
1752018356456 1023.6968383789062 10717
1752018357408 1030.7728271484375 10718
1752018358363 1174.4678955078125 10719
1752018359321 1479.18603515625 10720
1752018360272 1452.0255126953125 10721
1752018361233 1858.60693359375 10722
1752018362191 1177.196044921875 10723
1752018363141 1362.7275390625 10724
1752018364091 1320.84521484375 10725
1752018365046 941.80615234375 10726
1752018365998 792.7286376953125 10727
1752018366952 1310.123046875 10728
1752018367906 1105.76416015625 10729
1752018368859 992.25146484375 10730
1752018369809 1076.1668701171875 10731
1752018370763 1006.22802734375 10732
1752018371714 1928.3043212890625 10733
1752018372704 932.023193359375 10734
1752018373689 1402.65576171875 10735
1752018374656 1085.374755859375 10736
1752018375613 1039.8487548828125 10737
1752018376567 1452.2142333984375 10738
1752018377525 2174.44775390625 10739
1752018378480 1142.974609375 10740
1752018379440 2121.4990234375 10741
1752018380396 3051.21923828125 10742
1752018381357 3462.10205078125 10743
1752018382312 1892.3843994140625 10744
1752018383271 2032.60595703125 10745
1752018384230 953.5277099609375 10746
1752018385186 1717.5604248046875 10747
1752018386140 1614.32373046875 10748
1752018387095 1204.6533203125 10749
1752018388053 824.7772827148438 10750
1752018389013 1398.2918701171875 10751
1752018390656 1030.924560546875 10752
1752018391616 1465.027099609375 10753
1752018392570 1159.8319091796875 10754
1752018393521 2045.9417724609375 10755
1752018394478 1314.709716796875 10756
1752018395436 1097.8638916015625 10757
1752018396395 1539.78271484375 10758
1752018397346 925.032958984375 10759
1752018398299 1153.3548583984375 10760
1752018399251 904.0457763671875 10761
1752018400205 754.7605590820312 10762
1752018401158 921.8779296875 10763
1752018402116 853.2486572265625 10764
1752018403069 829.2698974609375 10765
1752018404027 7576.71533203125 10766
1752018404984 1464.3980712890625 10767
1752018405936 7931.4833984375 10768
1752018406889 1719.154052734375 10769
1752018407848 1086.671875 10770
1752018408798 2975.083984375 10771
1752018409750 1285.966796875 10772
1752018410702 2486.5849609375 10773
1752018411668 2016.7384033203125 10774
1752018412620 1790.0936279296875 10775
1752018413573 1500.79150390625 10776
1752018414528 1762.477294921875 10777
1752018415483 921.738037109375 10778
1752018416437 1500.216064453125 10779
1752018417388 775.0859375 10780
1752018418344 924.236083984375 10781
1752018419300 4011.7255859375 10782
1752018420254 1873.021728515625 10783
1752018421219 1009.2786254882812 10784
1752018422173 1857.3814697265625 10785
1752018423137 1404.206298828125 10786
1752018424089 1617.55712890625 10787
1752018425047 1109.9061279296875 10788
1752018426009 1373.975341796875 10789
1752018426969 1164.5322265625 10790
1752018427921 1642.8958740234375 10791
1752018428873 986.79150390625 10792
1752018429827 1161.114501953125 10793
1752018430780 1378.460205078125 10794
1752018431734 1193.7191162109375 10795
1752018432691 2170.69677734375 10796
1752018433673 1311.0655517578125 10797
1752018434652 1921.2587890625 10798
1752018435633 811.2362060546875 10799
1752018436593 968.529541015625 10800
1752018437546 1112.660400390625 10801
1752018438501 1136.044189453125 10802
1752018439451 3798.859375 10803
1752018440408 1592.9638671875 10804
1752018441362 2328.221923828125 10805
1752018442319 1131.1474609375 10806
1752018443273 1246.779296875 10807
1752018444224 1139.0115966796875 10808
1752018445177 1250.2779541015625 10809
1752018446129 1225.904052734375 10810
1752018447080 1441.970703125 10811
1752018448035 1102.854736328125 10812
1752018448989 910.9203491210938 10813
1752018449945 1981.76806640625 10814
1752018450893 2706.0703125 10815
1752018451848 14949.705078125 10816
1752018452803 986.577392578125 10817
1752018453758 844.1689453125 10818
1752018454712 1083.14453125 10819
1752018455666 914.2896728515625 10820
1752018456616 2826.66455078125 10821
1752018457573 1030.612548828125 10822
1752018458526 1144.123779296875 10823
1752018459477 1819.06689453125 10824
1752018460434 963.4085693359375 10825
1752018461389 4449.14501953125 10826
1752018462345 3196.06982421875 10827
1752018463306 1524.771484375 10828
1752018464258 1756.6015625 10829
1752018465214 1064.7579345703125 10830
1752018466168 1648.1490478515625 10831
1752018467120 1658.537841796875 10832
1752018468071 1452.75048828125 10833
1752018469025 1443.1383056640625 10834
1752018469977 1027.2957763671875 10835
1752018470929 2557.60302734375 10836
1752018471883 1548.068359375 10837
1752018472832 1941.978515625 10838
1752018473781 5531.619140625 10839
1752018474736 1164.53857421875 10840
1752018475688 1470.0211181640625 10841
1752018476642 1315.337890625 10842
1752018477590 2127.53369140625 10843
1752018478546 1294.4793701171875 10844
1752018479499 2197.4833984375 10845
1752018480453 1860.97998046875 10846
1752018481410 1388.1015625 10847
1752018482360 2241.6982421875 10848
1752018483312 1242.2996826171875 10849
1752018484258 1968.15869140625 10850
1752018485208 1665.6060791015625 10851
1752018486161 1412.3463134765625 10852
1752018487112 2669.703125 10853
1752018488067 946.790283203125 10854
1752018489019 2449.4951171875 10855
1752018489967 1011.6862182617188 10856
1752018490916 1062.1163330078125 10857
1752018491865 2334.607177734375 10858
1752018492817 1900.471435546875 10859
1752018493765 2511.93310546875 10860
1752018494716 1631.833251953125 10861
1752018495664 1115.2191162109375 10862
1752018496617 1843.99072265625 10863
1752018497566 1130.48291015625 10864
1752018498520 2455.27783203125 10865
1752018499483 1831.1806640625 10866
1752018500436 1330.135986328125 10867
1752018501398 1242.8583984375 10868
1752018502358 2596.320068359375 10869
1752018503313 956.8055419921875 10870
1752018504275 1134.29541015625 10871
1752018505226 1313.8682861328125 10872
1752018506181 3147.115234375 10873
1752018507137 1389.49267578125 10874
1752018508089 933.0784912109375 10875
1752018509040 1075.09375 10876
1752018510781 2035.854736328125 10877
1752018511736 1389.2042236328125 10878
1752018512696 1158.99755859375 10879
1752018513648 1996.7967529296875 10880
1752018514601 1598.47802734375 10881
1752018515556 1427.551513671875 10882
1752018516510 977.3116455078125 10883
1752018517459 1363.1240234375 10884
1752018518414 2241.896728515625 10885
1752018519368 1474.764404296875 10886
1752018520320 1257.43603515625 10887
1752018521274 867.4207763671875 10888
1752018522228 2282.179443359375 10889
1752018523183 1251.005126953125 10890
1752018524137 2866.26513671875 10891
1752018525092 1531.474609375 10892
1752018526048 970.800048828125 10893
1752018526997 1482.4796142578125 10894
1752018527952 1459.69287109375 10895
1752018528906 1578.01123046875 10896
1752018529858 1786.283935546875 10897
1752018530812 2232.77880859375 10898
1752018531769 1103.5430908203125 10899
1752018532723 1968.482666015625 10900
1752018533674 2116.807373046875 10901
1752018534623 947.6298217773438 10902
1752018535578 20485.37890625 10903
1752018536537 1877.232421875 10904
1752018537493 1245.466796875 10905
1752018538447 2521.287353515625 10906
1752018539402 1761.15185546875 10907
1752018540355 4212.09521484375 10908
1752018541313 915.8643798828125 10909
1752018542266 1180.3211669921875 10910
1752018543222 2707.75048828125 10911
1752018544174 1802.952880859375 10912
1752018545127 2667.9150390625 10913
1752018546086 1358.231689453125 10914
1752018547045 1325.778076171875 10915
1752018548000 1131.0343017578125 10916
1752018548954 1143.3216552734375 10917
1752018549907 2566.865234375 10918
1752018550873 995.656005859375 10919
1752018551827 917.09619140625 10920
1752018552781 1631.2960205078125 10921
1752018553749 1020.8702392578125 10922
1752018554712 1540.0955810546875 10923
1752018555696 1431.006591796875 10924
1752018556669 2232.21630859375 10925
1752018557651 1150.666015625 10926
1752018558604 923.5252685546875 10927
1752018559560 920.8613891601562 10928
1752018560511 1406.4091796875 10929
1752018561464 1032.0166015625 10930
1752018562416 808.799560546875 10931
1752018563369 1177.216064453125 10932
1752018564322 1568.2557373046875 10933
1752018565273 1051.94873046875 10934
1752018566225 3257.0888671875 10935
1752018567177 1001.0948486328125 10936
1752018568138 1780.3326416015625 10937
1752018569095 1459.1417236328125 10938
1752018570046 1637.46240234375 10939
1752018571002 1204.601806640625 10940
1752018571958 806.68115234375 10941
1752018572910 1336.212646484375 10942
1752018573864 1221.7314453125 10943
1752018574816 1775.0296630859375 10944
1752018575767 1142.307373046875 10945
1752018576721 1142.153076171875 10946
1752018577672 2321.00244140625 10947
1752018578624 1272.2310791015625 10948
1752018579575 781.2110595703125 10949
1752018580527 859.0853271484375 10950
1752018581481 879.2310180664062 10951
1752018582433 1041.37890625 10952
1752018583385 1637.002197265625 10953
1752018584343 953.5887451171875 10954
1752018585296 1817.0535888671875 10955
1752018586254 1205.9873046875 10956
1752018587202 1653.1126708984375 10957
1752018588149 1116.785400390625 10958
1752018589102 956.9208984375 10959
1752018590055 1184.820068359375 10960
1752018591006 920.59033203125 10961
1752018591960 2171.46728515625 10962
1752018592912 954.0523071289062 10963
1752018593862 1381.6884765625 10964
1752018594816 1552.28466796875 10965
1752018595764 832.015380859375 10966
1752018596717 1212.3912353515625 10967
1752018597670 931.5496826171875 10968
1752018598623 3310.95556640625 10969
1752018599576 1049.161376953125 10970
1752018600533 1144.219482421875 10971
1752018601492 1681.864013671875 10972
1752018602440 1203.9586181640625 10973
1752018603392 1348.10595703125 10974
1752018604342 2086.16748046875 10975
1752018605293 1204.317626953125 10976
1752018606244 2027.8016357421875 10977
1752018607199 1109.3988037109375 10978
1752018608151 961.748779296875 10979
1752018609105 1645.72314453125 10980
1752018610058 1245.349853515625 10981
1752018611012 3507.0126953125 10982
1752018611963 915.042724609375 10983
1752018612914 1422.704833984375 10984
1752018613866 1113.2718505859375 10985
1752018614814 2204.3623046875 10986
1752018615768 1025.771240234375 10987
1752018616755 1186.6162109375 10988
1752018617743 2776.4765625 10989
1752018618716 1385.3768310546875 10990
1752018619665 1418.8642578125 10991
1752018620620 902.4152221679688 10992
1752018621577 876.2142333984375 10993
1752018622528 1989.09130859375 10994
1752018623483 1240.6298828125 10995
1752018624444 2005.0625 10996
1752018625398 1317.1591796875 10997
1752018626349 1907.2618408203125 10998
1752018627302 1031.64306640625 10999
1752018628254 949.8621826171875 11000
1752018629206 1289.460693359375 11001
1752018630753 1276.918701171875 11002
1752018631707 1531.7672119140625 11003
1752018632659 910.509033203125 11004
1752018633615 1189.6978759765625 11005
1752018634566 739.5188598632812 11006
1752018635518 1487.1510009765625 11007
1752018636470 2130.53857421875 11008
1752018637430 1103.5040283203125 11009
1752018638388 1040.064208984375 11010
1752018639340 1138.9058837890625 11011
1752018640300 1425.072021484375 11012
1752018641253 820.3236083984375 11013
1752018642206 1757.4952392578125 11014
1752018643165 4349.74560546875 11015
1752018644122 948.2816162109375 11016
1752018645075 734.56103515625 11017
1752018646042 2676.203857421875 11018
1752018646993 1136.7503662109375 11019
1752018647946 1310.494384765625 11020
1752018648902 1444.890380859375 11021
1752018649857 1299.6185302734375 11022
1752018650809 1024.078125 11023
1752018651763 1942.059326171875 11024
1752018652719 1324.0087890625 11025
1752018653675 1248.627685546875 11026
1752018654632 1243.9490966796875 11027
1752018655584 1497.2298583984375 11028
1752018656540 1522.076416015625 11029
1752018657491 1350.5772705078125 11030
1752018658442 1408.3056640625 11031
1752018659396 1688.921142578125 11032
1752018660352 1316.361572265625 11033
1752018661309 974.380126953125 11034
1752018662262 1027.2017822265625 11035
1752018663215 1024.20361328125 11036
1752018664165 7329.181640625 11037
1752018665117 1833.2581787109375 11038
1752018666066 4532.892578125 11039
1752018667021 1136.876220703125 11040
1752018667979 750.882080078125 11041
1752018668930 1940.76904296875 11042
1752018669883 2342.33447265625 11043
1752018670833 1843.984375 11044
1752018671792 1103.92919921875 11045
1752018672741 3011.073974609375 11046
1752018673695 1434.852294921875 11047
1752018674652 1470.2327880859375 11048
1752018675608 1090.808837890625 11049
1752018676562 1696.795166015625 11050
1752018677549 5200.41162109375 11051
1752018678530 1689.40185546875 11052
1752018679517 1686.847900390625 11053
1752018680471 1295.83642578125 11054
1752018681424 5089.0263671875 11055
1752018682381 1647.0443115234375 11056
1752018683336 4811.29833984375 11057
1752018684289 7093.16455078125 11058
1752018685241 1678.73583984375 11059
1752018686191 2671.98583984375 11060
1752018687147 2547.57470703125 11061
1752018688098 2308.9033203125 11062
1752018689051 3685.13232421875 11063
1752018690004 3093.49072265625 11064
1752018690954 2295.159912109375 11065
1752018691910 2156.537109375 11066
1752018692866 1543.019287109375 11067
1752018693822 2934.38037109375 11068
1752018694777 1661.748291015625 11069
1752018695728 1190.36279296875 11070
1752018696682 1093.7816162109375 11071
1752018697632 2209.185546875 11072
1752018698588 1329.968505859375 11073
1752018699545 1436.118408203125 11074
1752018700495 1763.7138671875 11075
1752018701451 1798.03271484375 11076
1752018702406 1686.0003662109375 11077
1752018703362 5532.3359375 11078
1752018704313 1705.026123046875 11079
1752018705267 1481.04248046875 11080
1752018706218 1794.8095703125 11081
1752018707170 1508.4442138671875 11082
1752018708122 2015.66259765625 11083
1752018709068 5611.216796875 11084
1752018710023 1294.45068359375 11085
1752018710977 1506.131591796875 11086
1752018711927 4333.7548828125 11087
1752018712881 2026.2042236328125 11088
1752018713832 1647.347900390625 11089
1752018714784 1768.97509765625 11090
1752018715737 1449.469970703125 11091
1752018716688 1982.07763671875 11092
1752018717638 1281.1669921875 11093
1752018718590 1771.974609375 11094
1752018719541 2632.02978515625 11095
1752018720501 2413.07275390625 11096
1752018721460 1355.092041015625 11097
1752018722412 2794.30322265625 11098
1752018723368 1639.0128173828125 11099
1752018724321 2745.1630859375 11100
1752018725271 2118.17041015625 11101
1752018726226 1203.439208984375 11102
1752018727180 972.289306640625 11103
1752018728134 1162.65380859375 11104
1752018729086 1168.48095703125 11105
1752018730040 1037.787841796875 11106
1752018730991 1754.779052734375 11107
1752018731941 890.6119384765625 11108
1752018732895 1218.4710693359375 11109
1752018733849 2141.1171875 11110
1752018734801 1000.983642578125 11111
1752018735755 933.7099609375 11112
1752018736708 1087.092041015625 11113
1752018737686 1735.7843017578125 11114
1752018738669 1947.91015625 11115
1752018739650 1164.177001953125 11116
1752018740606 1929.729248046875 11117
1752018741561 1587.81494140625 11118
1752018742516 1758.05810546875 11119
1752018743470 1477.267333984375 11120
1752018744425 1736.6185302734375 11121
1752018745376 1250.5341796875 11122
1752018746327 1923.413818359375 11123
1752018747284 1866.8099365234375 11124
1752018748239 2046.2882080078125 11125
1752018749193 2689.7744140625 11126
1752018750763 1854.6627197265625 11127
1752018751725 2810.458251953125 11128
1752018752681 1346.9052734375 11129
1752018753638 1066.851318359375 11130
1752018754589 873.50439453125 11131
1752018755544 3146.153076171875 11132
1752018756501 2201.072265625 11133
1752018757457 974.00732421875 11134
1752018758411 939.728759765625 11135
1752018759368 853.4705200195312 11136
1752018760319 1211.791259765625 11137
1752018761271 1682.08740234375 11138
1752018762225 1166.705322265625 11139
1752018763179 1525.77978515625 11140
1752018764132 839.4818725585938 11141
1752018765086 1239.6673583984375 11142
1752018766040 943.9593505859375 11143
1752018766996 2806.85546875 11144
1752018767949 1184.171630859375 11145
1752018768903 1976.41943359375 11146
1752018769859 1302.7735595703125 11147
1752018770808 3041.115966796875 11148
1752018771760 688.412841796875 11149
1752018772712 1023.05908203125 11150
1752018773671 3627.931640625 11151
1752018774626 1286.0323486328125 11152
1752018775581 3754.698486328125 11153
1752018776535 1611.310546875 11154
1752018777485 1414.24560546875 11155
1752018778439 1538.5767822265625 11156
1752018779392 1306.9703369140625 11157
1752018780359 1263.1650390625 11158
1752018781327 1189.695556640625 11159
1752018782278 677.5618286132812 11160
1752018783234 1255.916748046875 11161
1752018784186 1547.5609130859375 11162
1752018785142 1558.672607421875 11163
1752018786101 2015.0604248046875 11164
1752018787052 1138.3203125 11165
1752018788013 1423.6015625 11166
1752018788967 6423.32177734375 11167
1752018789924 1579.27685546875 11168
1752018790871 1632.7646484375 11169
1752018791830 954.7132568359375 11170
1752018792784 4449.208984375 11171
1752018793739 1580.8277587890625 11172
1752018794696 1049.4173583984375 11173
1752018795649 1417.3740234375 11174
1752018796600 781.699951171875 11175
1752018797554 1612.7294921875 11176
1752018798507 1512.6839599609375 11177
1752018799477 1362.44189453125 11178
1752018800458 1132.2716064453125 11179
1752018801452 1879.4232177734375 11180
1752018802404 1858.80224609375 11181
1752018803355 2584.8837890625 11182
1752018804308 2124.618896484375 11183
1752018805261 4115.7998046875 11184
1752018806215 1246.0205078125 11185
1752018807167 2354.24072265625 11186
1752018808121 922.1504516601562 11187
1752018809067 898.4619140625 11188
1752018810018 1080.24951171875 11189
1752018810970 1008.07763671875 11190
1752018811923 2010.622314453125 11191
1752018812874 1630.324951171875 11192
1752018813826 1392.09619140625 11193
1752018814788 952.7431640625 11194
1752018815738 1349.9510498046875 11195
1752018816695 1297.1343994140625 11196
1752018817646 1032.0518798828125 11197
1752018818605 3585.812744140625 11198
1752018819559 981.8110961914062 11199
1752018820511 1572.8045654296875 11200
1752018821464 4575.50927734375 11201
1752018822418 999.330078125 11202
1752018823367 1503.73193359375 11203
1752018824317 1249.3551025390625 11204
1752018825270 2753.36865234375 11205
1752018826227 807.9379272460938 11206
1752018827179 1773.421630859375 11207
1752018828126 1044.7545166015625 11208
1752018829077 4087.017578125 11209
1752018830029 1302.3167724609375 11210
1752018830982 2122.81103515625 11211
1752018831936 1199.686767578125 11212
1752018832884 1115.09912109375 11213
1752018833835 2129.90234375 11214
1752018834785 1873.9044189453125 11215
1752018835736 837.765625 11216
1752018836689 1943.572998046875 11217
1752018837642 740.9771728515625 11218
1752018838596 1274.71826171875 11219
1752018839545 760.7708129882812 11220
1752018840502 976.0698852539062 11221
1752018841459 1320.5924072265625 11222
1752018842413 1624.71728515625 11223
1752018843365 722.4268188476562 11224
1752018844319 1340.699462890625 11225
1752018845271 2007.8753662109375 11226
1752018846221 2994.04248046875 11227
1752018847178 868.3780517578125 11228
1752018848133 1139.32275390625 11229
1752018849086 1467.7535400390625 11230
1752018850038 2191.669677734375 11231
1752018850991 1224.8607177734375 11232
1752018851947 967.3970947265625 11233
1752018852899 1461.163330078125 11234
1752018853848 3222.22802734375 11235
1752018854798 2066.10693359375 11236
1752018855750 1234.2091064453125 11237
1752018856706 1224.0081787109375 11238
1752018857664 2238.9287109375 11239
1752018858625 1094.5684814453125 11240
1752018859579 1403.719482421875 11241
1752018860541 1116.1722412109375 11242
1752018861501 2174.392333984375 11243
1752018862463 956.3475341796875 11244
1752018863425 1329.18017578125 11245
1752018864379 2661.02734375 11246
1752018865341 1249.4034423828125 11247
1752018866299 1794.361083984375 11248
1752018867253 1733.8486328125 11249
1752018868210 1255.072021484375 11250
1752018869164 2195.578125 11251
1752018870824 965.7510986328125 11252
1752018871779 1109.73974609375 11253
1752018872734 739.4700927734375 11254
1752018873689 1484.119384765625 11255
1752018874650 1347.1746826171875 11256
1752018875607 2783.7060546875 11257
1752018876565 1194.9320068359375 11258
1752018877524 1131.2159423828125 11259
1752018878478 1569.517822265625 11260
1752018879435 804.5156860351562 11261
1752018880393 1297.9610595703125 11262
1752018881349 1110.591064453125 11263
1752018882303 986.5062255859375 11264
1752018883259 835.7537841796875 11265
1752018884216 1115.902587890625 11266
1752018885172 1709.3941650390625 11267
1752018886135 1047.2481689453125 11268
1752018887090 864.4581909179688 11269
1752018888042 1739.5994873046875 11270
1752018889038 1110.6468505859375 11271
1752018890023 1547.060546875 11272
1752018890982 1779.504638671875 11273
1752018891939 1095.501708984375 11274
1752018892895 1320.577392578125 11275
1752018893850 784.348388671875 11276
1752018894815 1320.063720703125 11277
1752018895773 2296.5029296875 11278
1752018896732 1037.657958984375 11279
1752018897682 1339.654052734375 11280
1752018898634 1262.226318359375 11281
1752018899591 1610.5107421875 11282
1752018900552 1288.9207763671875 11283
1752018901513 2093.393310546875 11284
1752018902477 1449.8702392578125 11285
1752018903433 1011.37890625 11286
1752018904395 790.7553100585938 11287
1752018905350 1071.3621826171875 11288
1752018906312 1682.55126953125 11289
1752018907270 1513.6328125 11290
1752018908221 1121.1375732421875 11291
1752018909186 2036.8045654296875 11292
1752018910136 1044.062255859375 11293
1752018911089 750.79736328125 11294
1752018912042 1160.723388671875 11295
1752018912998 1824.347900390625 11296
1752018913965 782.368408203125 11297
1752018914921 1385.0927734375 11298
1752018915882 971.702392578125 11299
1752018916842 1549.70458984375 11300
1752018917801 931.7343139648438 11301
1752018918757 1321.083251953125 11302
1752018919712 827.7998046875 11303
1752018920668 753.607177734375 11304
1752018921623 1500.7113037109375 11305
1752018922575 1147.61376953125 11306
1752018923532 1025.9423828125 11307
1752018924489 1424.836181640625 11308
1752018925446 1661.579345703125 11309
1752018926398 1541.583984375 11310
1752018927349 1249.507568359375 11311
1752018928302 854.0802001953125 11312
1752018929269 2820.2392578125 11313
1752018930228 737.6423950195312 11314
1752018931180 1493.944580078125 11315
1752018932128 1597.027099609375 11316
1752018933082 1136.032470703125 11317
1752018934036 822.2192993164062 11318
1752018934996 820.1414794921875 11319
1752018935950 4028.14208984375 11320
1752018936907 1405.9130859375 11321
1752018937865 988.198974609375 11322
1752018938822 849.637939453125 11323
1752018939776 1032.8369140625 11324
1752018940732 1142.2105712890625 11325
1752018941691 1393.580810546875 11326
1752018942643 1272.4954833984375 11327
1752018943596 1155.228759765625 11328
1752018944555 942.8060302734375 11329
1752018945508 2026.6378173828125 11330
1752018946461 1183.6561279296875 11331
1752018947415 910.3902587890625 11332
1752018948363 1000.4010620117188 11333
1752018949320 1157.50439453125 11334
1752018950268 1678.758544921875 11335
1752018951219 1320.18505859375 11336
1752018952169 1811.4576416015625 11337
1752018953124 1200.8125 11338
1752018954077 1171.965087890625 11339
1752018955031 3456.77001953125 11340
1752018955978 1292.4879150390625 11341
1752018956931 1128.8389892578125 11342
1752018957886 681.537109375 11343
1752018958835 1025.2210693359375 11344
1752018959785 1621.8211669921875 11345
1752018960744 1969.690673828125 11346
1752018961697 940.7208862304688 11347
1752018962651 775.2049560546875 11348
1752018963604 881.8081665039062 11349
1752018964554 2560.040283203125 11350
1752018965511 959.7293701171875 11351
1752018966466 1135.158935546875 11352
1752018967417 1830.9830322265625 11353
1752018968373 1197.07080078125 11354
1752018969331 2086.337890625 11355
1752018970285 1143.7864990234375 11356
1752018971237 2333.1669921875 11357
1752018972188 1439.4586181640625 11358
1752018973145 1344.69287109375 11359
1752018974098 3467.01025390625 11360
1752018975051 1258.65576171875 11361
1752018976007 1109.4783935546875 11362
1752018976963 1243.0784912109375 11363
1752018977921 1139.857177734375 11364
1752018978872 2203.7646484375 11365
1752018979829 1115.4676513671875 11366
1752018980781 1216.5362548828125 11367
1752018981739 1468.027099609375 11368
1752018982721 1117.2447509765625 11369
1752018983700 1267.296630859375 11370
1752018984677 1543.93408203125 11371
1752018985632 1622.366455078125 11372
1752018986588 1080.6116943359375 11373
1752018987546 1894.28857421875 11374
1752018988504 1577.421875 11375
1752018989461 3964.4853515625 11376
1752018991026 3946.45068359375 11377
1752018991978 929.2811279296875 11378
1752018992928 1818.01611328125 11379
1752018993884 2134.520263671875 11380
1752018994839 1707.5302734375 11381
1752018995794 1401.490478515625 11382
1752018996749 1209.1356201171875 11383
1752018997700 1077.4268798828125 11384
1752018998653 1049.425048828125 11385
1752018999622 2227.6123046875 11386
1752019000577 1593.54833984375 11387
1752019001531 1799.083740234375 11388
1752019002487 873.380126953125 11389
1752019003445 1383.0892333984375 11390
1752019004401 1520.96337890625 11391
1752019005356 1470.46044921875 11392
1752019006321 1147.844970703125 11393
1752019007281 1319.12939453125 11394
1752019008235 1248.94921875 11395
1752019009192 1846.18115234375 11396
1752019010148 851.73828125 11397
1752019011104 1142.7974853515625 11398
1752019012058 1024.9146728515625 11399
1752019013008 1607.033935546875 11400
1752019013960 1156.243408203125 11401
1752019014914 1376.0477294921875 11402
1752019015868 1277.091552734375 11403
1752019016825 1037.2923583984375 11404
1752019017779 939.923583984375 11405
1752019018737 900.093994140625 11406
1752019019690 1470.2313232421875 11407
1752019020657 1132.63037109375 11408
1752019021617 1298.8885498046875 11409
1752019022569 2223.39306640625 11410
1752019023519 1376.04443359375 11411
1752019024472 2369.9091796875 11412
1752019025426 1880.873291015625 11413
1752019026383 1573.944580078125 11414
1752019027339 1637.099609375 11415
1752019028290 2877.898193359375 11416
1752019029249 1061.591552734375 11417
1752019030208 1156.170654296875 11418
1752019031165 1169.557861328125 11419
1752019032119 1841.4852294921875 11420
1752019033077 1905.0966796875 11421
1752019034036 1460.050537109375 11422
1752019034988 1820.462646484375 11423
1752019035944 1010.010009765625 11424
1752019036901 1264.80517578125 11425
1752019037870 4761.8017578125 11426
1752019038824 1622.246337890625 11427
1752019039777 3371.17822265625 11428
1752019040740 1360.492919921875 11429
1752019041694 1731.782958984375 11430
1752019042647 1740.173583984375 11431
1752019043607 1492.19970703125 11432
1752019044560 1699.652099609375 11433
1752019045516 1152.2637939453125 11434
1752019046472 1960.28466796875 11435
1752019047428 1746.2451171875 11436
1752019048383 2162.414794921875 11437
1752019049339 2025.4053955078125 11438
1752019050289 1228.0733642578125 11439
1752019051246 1175.760986328125 11440
1752019052199 1051.4736328125 11441
1752019053158 1411.701416015625 11442
1752019054110 1218.7510986328125 11443
1752019055070 1057.11962890625 11444
1752019056028 1761.2655029296875 11445
1752019056982 1586.861328125 11446
1752019057939 917.3171997070312 11447
1752019058894 2331.3818359375 11448
1752019059856 3233.28955078125 11449
1752019060808 1176.499755859375 11450
1752019061765 1543.83837890625 11451
1752019062723 1183.575439453125 11452
1752019063676 873.84912109375 11453
1752019064632 2414.69287109375 11454
1752019065588 1405.5679931640625 11455
1752019066544 959.5625 11456
1752019067495 1468.638671875 11457
1752019068445 1354.952392578125 11458
1752019069400 1950.8734130859375 11459
1752019070353 1797.106201171875 11460
1752019071301 1088.1937255859375 11461
1752019072257 1299.9637451171875 11462
1752019073209 1658.0643310546875 11463
1752019074159 1559.6510009765625 11464
1752019075112 1522.3465576171875 11465
1752019076067 1420.64990234375 11466
1752019077020 1495.552734375 11467
1752019077971 1372.644775390625 11468
1752019078922 1923.51708984375 11469
1752019079875 1325.170166015625 11470
1752019080832 1397.8880615234375 11471
1752019081784 1151.661376953125 11472
1752019082734 1799.77783203125 11473
1752019083692 2413.2919921875 11474
1752019084645 1067.370849609375 11475
1752019085601 1738.366455078125 11476
1752019086551 1308.416748046875 11477
1752019087504 1264.282958984375 11478
1752019088451 1137.254638671875 11479
1752019089406 1351.874267578125 11480
1752019090358 1146.5384521484375 11481
1752019091313 2047.124755859375 11482
1752019092265 1466.9302978515625 11483
1752019093219 2046.671142578125 11484
1752019094172 909.9653930664062 11485
1752019095122 1564.623291015625 11486
1752019096077 1548.628173828125 11487
1752019097032 1095.102783203125 11488
1752019097988 1519.8983154296875 11489
1752019098941 805.684814453125 11490
1752019099898 1051.7618408203125 11491
1752019100855 708.5253295898438 11492
1752019101809 2685.01904296875 11493
1752019102770 942.6792602539062 11494
1752019103722 1221.033935546875 11495
1752019104683 1092.97314453125 11496
1752019105633 1142.361083984375 11497
1752019106588 1461.3759765625 11498
1752019107543 1441.99755859375 11499
1752019108503 1377.7642822265625 11500
1752019109460 1500.3792724609375 11501
1752019111049 807.705078125 11502
1752019112002 1526.27734375 11503
1752019112964 921.9340209960938 11504
1752019113917 2028.9530029296875 11505
1752019114874 1300.16162109375 11506
1752019115839 1382.6510009765625 11507
1752019116799 1576.416748046875 11508
1752019117750 1036.015869140625 11509
1752019118708 896.7857666015625 11510
1752019119666 5552.61767578125 11511
1752019120620 1330.4364013671875 11512
1752019121577 2039.35498046875 11513
1752019122528 1133.9337158203125 11514
1752019123483 1110.9801025390625 11515
1752019124439 1790.423583984375 11516
1752019125392 815.4547119140625 11517
1752019126360 1681.71728515625 11518
1752019127315 1180.990234375 11519
1752019128275 1205.592529296875 11520
1752019129262 2115.09814453125 11521
1752019130248 1216.0013427734375 11522
1752019131209 1071.8751220703125 11523
1752019132168 1063.9949951171875 11524
1752019133124 1836.3275146484375 11525
1752019134089 933.2210083007812 11526
1752019135044 1983.1595458984375 11527
1752019135999 1358.246337890625 11528
1752019136953 1423.8868408203125 11529
1752019137904 1160.710205078125 11530
1752019138854 1165.399169921875 11531
1752019139808 1473.67822265625 11532
1752019140773 2026.072021484375 11533
1752019141732 1086.8865966796875 11534
1752019142688 1266.098388671875 11535
1752019143647 1159.430419921875 11536
1752019144603 880.3617553710938 11537
1752019145561 1184.411376953125 11538
1752019146517 910.3140869140625 11539
1752019147471 1398.982666015625 11540
1752019148429 1039.6497802734375 11541
1752019149390 1264.4267578125 11542
1752019150344 1175.8099365234375 11543
1752019151303 1133.21826171875 11544
1752019152260 1364.91064453125 11545
1752019153213 1034.363037109375 11546
1752019154168 1129.365478515625 11547
1752019155126 2002.4580078125 11548
1752019156079 1315.0498046875 11549
1752019157029 1988.2998046875 11550
1752019157982 1196.1024169921875 11551
1752019158941 1266.8297119140625 11552
1752019159893 795.3438110351562 11553
1752019160843 1071.90869140625 11554
1752019161799 876.9835205078125 11555
1752019162756 5474.787109375 11556
1752019163717 1177.4688720703125 11557
1752019164668 2986.3056640625 11558
1752019165646 3142.38916015625 11559
1752019166628 3071.065673828125 11560
1752019167608 1858.42041015625 11561
1752019168563 2083.837646484375 11562
1752019169523 2435.147216796875 11563
1752019170478 2509.57958984375 11564
1752019171428 1566.41015625 11565
1752019172385 1549.685546875 11566
1752019173340 980.3446655273438 11567
1752019174293 3385.91015625 11568
1752019175245 1255.9599609375 11569
1752019176194 1748.939453125 11570
1752019177152 1595.4393310546875 11571
1752019178111 1916.864013671875 11572
1752019179067 1243.56640625 11573
1752019180022 893.80078125 11574
1752019180973 1083.0447998046875 11575
1752019181925 1328.960693359375 11576
1752019182879 3365.18359375 11577
1752019183835 2144.760009765625 11578
1752019184789 994.9085693359375 11579
1752019185747 4497.955078125 11580
1752019186703 1391.284912109375 11581
1752019187656 1098.094970703125 11582
1752019188608 2137.42333984375 11583
1752019189559 2480.882568359375 11584
1752019190508 1149.03515625 11585
1752019191460 924.0397338867188 11586
1752019192413 1833.45947265625 11587
1752019193367 1752.3441162109375 11588
1752019194321 1682.9180908203125 11589
1752019195276 1211.08203125 11590
1752019196229 2027.19921875 11591
1752019197179 820.0517578125 11592
1752019198129 1009.2470703125 11593
1752019199085 1220.5233154296875 11594
1752019200038 1140.1483154296875 11595
1752019200999 1112.26220703125 11596
1752019201953 1143.844970703125 11597
1752019202908 846.9166870117188 11598
1752019203862 1361.5679931640625 11599
1752019204815 1062.097412109375 11600
1752019205773 804.7841796875 11601
1752019206728 1207.648193359375 11602
1752019207681 982.44677734375 11603
1752019208634 778.0113525390625 11604
1752019209585 817.1763916015625 11605
1752019210540 1667.076904296875 11606
1752019211489 1159.175537109375 11607
1752019212444 764.3396606445312 11608
1752019213398 2015.753173828125 11609
1752019214351 848.888916015625 11610
1752019215303 974.9342041015625 11611
1752019216253 849.2362670898438 11612
1752019217213 2233.4130859375 11613
1752019218168 1266.54052734375 11614
1752019219123 871.8786010742188 11615
1752019220078 1339.37353515625 11616
1752019221030 1100.204345703125 11617
1752019221986 1182.07958984375 11618
1752019222945 786.9737548828125 11619
1752019223900 1098.5570068359375 11620
1752019224858 740.2649536132812 11621
1752019225817 1602.8646240234375 11622
1752019226771 2514.106201171875 11623
1752019227728 1479.280517578125 11624
1752019228688 1589.2900390625 11625
1752019229643 1454.45849609375 11626
1752019231215 1470.694580078125 11627
1752019232170 929.4191284179688 11628
1752019233127 1077.582763671875 11629
1752019234083 1342.6793212890625 11630
1752019235039 890.9398193359375 11631
1752019235998 1431.897216796875 11632
1752019236953 1116.10498046875 11633
1752019237910 775.2218017578125 11634
1752019238867 1260.297607421875 11635
1752019239818 1430.750732421875 11636
1752019240778 1745.20263671875 11637
1752019241734 1507.60888671875 11638
1752019242687 759.8674926757812 11639
1752019243640 4020.02392578125 11640
1752019244595 1060.1474609375 11641
1752019245558 1051.557373046875 11642
1752019246513 957.2283935546875 11643
1752019247471 1546.385498046875 11644
1752019248444 1597.155517578125 11645
1752019249428 1078.2147216796875 11646
1752019250421 1519.48193359375 11647
1752019251374 953.223388671875 11648
1752019252326 1893.9757080078125 11649
1752019253278 1921.90673828125 11650
1752019254234 951.430908203125 11651
1752019255191 802.64501953125 11652
1752019256148 914.9215087890625 11653
1752019257100 1819.865478515625 11654
1752019258056 956.1841430664062 11655
1752019259011 1525.791748046875 11656
1752019259965 4512.7314453125 11657
1752019260926 1434.275146484375 11658
1752019261884 1554.55224609375 11659
1752019262839 2037.02197265625 11660
1752019263793 2906.6953125 11661
1752019264750 1217.35107421875 11662
1752019265705 1194.412841796875 11663
1752019266668 945.816162109375 11664
1752019267620 2054.509033203125 11665
1752019268573 2038.26220703125 11666
1752019269527 1405.239501953125 11667
1752019270483 833.2721557617188 11668
1752019271437 1789.847900390625 11669
1752019272394 960.283203125 11670
1752019273346 1198.310546875 11671
1752019274303 1101.8897705078125 11672
1752019275255 1853.2525634765625 11673
1752019276209 820.22021484375 11674
1752019277163 1123.3062744140625 11675
1752019278116 796.76123046875 11676
1752019279072 1206.5413818359375 11677
1752019280025 1644.3824462890625 11678
1752019280979 827.0007934570312 11679
1752019281933 1408.470947265625 11680
1752019282886 895.8679809570312 11681
1752019283839 901.0974731445312 11682
1752019284794 1159.060791015625 11683
1752019285746 1748.37646484375 11684
1752019286700 1738.6748046875 11685
1752019287651 1303.581787109375 11686
1752019288605 904.9312744140625 11687
1752019289557 1423.877197265625 11688
1752019290513 770.55712890625 11689
1752019291466 1547.850341796875 11690
1752019292418 865.0746459960938 11691
1752019293374 1426.64013671875 11692
1752019294331 1322.505859375 11693
1752019295283 986.3048095703125 11694
1752019296235 935.1875610351562 11695
1752019297190 1485.51611328125 11696
1752019298147 1139.766845703125 11697
1752019299102 1328.04931640625 11698
1752019300056 1259.209716796875 11699
1752019301008 1095.143310546875 11700
1752019301961 1060.802978515625 11701
1752019302912 3272.00537109375 11702
1752019303867 1079.33447265625 11703
1752019304821 847.393798828125 11704
1752019305776 1791.418212890625 11705
1752019306725 1114.2125244140625 11706
1752019307683 1226.5552978515625 11707
1752019308635 2852.908935546875 11708
1752019309590 1149.878173828125 11709
1752019310540 1243.2501220703125 11710
1752019311489 1970.140380859375 11711
1752019312442 965.4666137695312 11712
1752019313394 1337.1771240234375 11713
1752019314350 1273.875 11714
1752019315303 2024.1741943359375 11715
1752019316259 1322.558837890625 11716
1752019317214 790.8435668945312 11717
1752019318166 1375.3958740234375 11718
1752019319118 1701.4813232421875 11719
1752019320070 1413.1796875 11720
1752019321033 1881.74658203125 11721
1752019321984 1188.4615478515625 11722
1752019322934 2198.638671875 11723
1752019323888 1817.5858154296875 11724
1752019324842 1279.6494140625 11725
1752019325794 1388.31005859375 11726
1752019326747 1207.584716796875 11727
1752019327703 1154.060791015625 11728
1752019328657 1768.22216796875 11729
1752019329608 1027.94287109375 11730
1752019330555 1204.060546875 11731
1752019331514 949.9225463867188 11732
1752019332469 1156.673095703125 11733
1752019333421 1477.6177978515625 11734
1752019334372 1142.18798828125 11735
1752019335324 908.3265380859375 11736
1752019336280 1382.454833984375 11737
1752019337234 1062.110595703125 11738
1752019338189 2046.1717529296875 11739
1752019339142 1137.038330078125 11740
1752019340096 1648.857421875 11741
1752019341050 1415.945068359375 11742
1752019342003 1269.53515625 11743
1752019342963 1910.807861328125 11744
1752019343913 856.576171875 11745
1752019344866 1214.1229248046875 11746
1752019345821 3170.74951171875 11747
1752019346774 1264.165283203125 11748
1752019347724 2809.79052734375 11749
1752019348703 1448.1678466796875 11750
1752019349687 1229.9906005859375 11751
1752019351238 1373.4857177734375 11752
1752019352191 981.2330322265625 11753
1752019353144 856.760986328125 11754
1752019354099 1779.9698486328125 11755
1752019355054 1470.58056640625 11756
1752019356006 1010.2237548828125 11757
1752019356963 1121.2958984375 11758
1752019357929 1801.1947021484375 11759
1752019358891 870.86767578125 11760
1752019359844 1707.6512451171875 11761
1752019360797 1277.1329345703125 11762
1752019361750 1144.6103515625 11763
1752019362708 1947.013427734375 11764
1752019363664 1105.8038330078125 11765
1752019364615 850.2249755859375 11766
1752019365573 698.2360229492188 11767
1752019366528 1623.29833984375 11768
1752019367485 2511.2568359375 11769
1752019368440 1239.4921875 11770
1752019369396 1469.923828125 11771
1752019370356 1684.80615234375 11772
1752019371314 5178.28662109375 11773
1752019372270 1713.6552734375 11774
1752019373227 1599.6356201171875 11775
1752019374178 2121.162353515625 11776
1752019375132 1448.818359375 11777
1752019376086 1841.6348876953125 11778
1752019377047 891.1470947265625 11779
1752019378002 873.1845703125 11780
1752019378952 1306.118896484375 11781
1752019379912 1099.46923828125 11782
1752019380871 866.0470581054688 11783
1752019381835 890.8848266601562 11784
1752019382791 910.339111328125 11785
1752019383745 780.7943115234375 11786
1752019384700 912.8865966796875 11787
1752019385658 1855.215087890625 11788
1752019386609 918.6988525390625 11789
1752019387567 825.8070068359375 11790
1752019388520 1314.5869140625 11791
1752019389473 2091.390625 11792
1752019390431 1467.70849609375 11793
1752019391383 1311.1239013671875 11794
1752019392339 659.495361328125 11795
1752019393294 3801.01513671875 11796
1752019394248 1392.1849365234375 11797
1752019395199 922.43701171875 11798
1752019396158 2446.425048828125 11799
1752019397108 889.691650390625 11800
1752019398063 782.9820556640625 11801
1752019399019 1285.796630859375 11802
1752019399969 1028.447509765625 11803
1752019400921 1260.0057373046875 11804
1752019401873 1264.1552734375 11805
1752019402826 991.4623413085938 11806
1752019403781 3101.81201171875 11807
1752019404740 686.4390869140625 11808
1752019405705 1159.2347412109375 11809
1752019406654 1451.5908203125 11810
1752019407607 1445.1455078125 11811
1752019408564 819.0101318359375 11812
1752019409521 703.29931640625 11813
1752019410476 1466.8167724609375 11814
1752019411433 1215.7799072265625 11815
1752019412384 1380.7462158203125 11816
1752019413332 1750.494873046875 11817
1752019414288 819.293212890625 11818
1752019415246 1547.814453125 11819
1752019416197 1241.796142578125 11820
1752019417154 1971.965576171875 11821
1752019418114 888.3919677734375 11822
1752019419067 1508.1807861328125 11823
1752019420018 1564.82763671875 11824
1752019420971 1291.2659912109375 11825
1752019421926 1402.390380859375 11826
1752019422877 1865.013916015625 11827
1752019423831 1872.4310302734375 11828
1752019424789 2222.705322265625 11829
1752019425746 893.0355224609375 11830
1752019426697 1539.865966796875 11831
1752019427648 1235.7894287109375 11832
1752019428628 1249.996826171875 11833
1752019429611 1606.702392578125 11834
1752019430606 1142.343505859375 11835
1752019431568 1224.2159423828125 11836
1752019432521 1495.49169921875 11837
1752019433472 7034.16357421875 11838
1752019434424 2239.947998046875 11839
1752019435448 1813.0767822265625 11840
1752019436402 1141.3114013671875 11841
1752019437361 1064.404541015625 11842
1752019438314 1180.9281005859375 11843
1752019439263 1304.5010986328125 11844
1752019440220 1627.3992919921875 11845
1752019441177 973.3717041015625 11846
1752019442130 869.7127685546875 11847
1752019443086 744.832763671875 11848
1752019444037 1270.93115234375 11849
1752019444991 1203.0015869140625 11850
1752019445945 957.771728515625 11851
1752019446896 2359.593994140625 11852
1752019447858 1462.2222900390625 11853
1752019448812 1365.525390625 11854
1752019449767 2356.8662109375 11855
1752019450728 1606.789306640625 11856
1752019451683 983.5633544921875 11857
1752019452632 728.474365234375 11858
1752019453584 1660.4334716796875 11859
1752019454537 2209.90673828125 11860
1752019455487 1240.1295166015625 11861
1752019456441 1235.4215087890625 11862
1752019457402 1538.26708984375 11863
1752019458357 1048.595703125 11864
1752019459315 1042.3441162109375 11865
1752019460276 1592.654052734375 11866
1752019461228 1342.6768798828125 11867
1752019462186 1862.3250732421875 11868
1752019463138 1619.986572265625 11869
1752019464092 1115.621337890625 11870
1752019465044 1350.360107421875 11871
1752019465997 1669.4683837890625 11872
1752019466946 820.5247802734375 11873
1752019467905 2398.292236328125 11874
1752019468856 4115.91748046875 11875
1752019469804 1051.5196533203125 11876
1752019471357 1052.520263671875 11877
1752019472308 1469.304443359375 11878
1752019473260 1203.3682861328125 11879
1752019474211 3176.30859375 11880
1752019475163 2329.44677734375 11881
1752019476116 885.855224609375 11882
1752019477075 2634.3583984375 11883
1752019478038 1467.5469970703125 11884
1752019478993 1585.5819091796875 11885
1752019479943 1958.4263916015625 11886
1752019480904 1642.715576171875 11887
1752019481867 2565.125244140625 11888
1752019482818 1089.935302734375 11889
1752019483774 1143.0633544921875 11890
1752019484734 1445.0604248046875 11891
1752019485687 1584.247314453125 11892
1752019486642 1303.3187255859375 11893
1752019487598 1794.1463623046875 11894
1752019488577 1447.9052734375 11895
1752019489563 1909.5228271484375 11896
1752019490549 910.6076049804688 11897
1752019491499 759.15380859375 11898
1752019492452 1451.9114990234375 11899
1752019493410 1897.7457275390625 11900
1752019494363 996.779296875 11901
1752019495320 1031.489990234375 11902
1752019496271 1835.5010986328125 11903
1752019497224 2557.4755859375 11904
1752019498178 1161.140869140625 11905
1752019499135 1039.27783203125 11906
1752019500090 1418.6016845703125 11907
1752019501051 1557.048828125 11908
1752019502006 1070.52783203125 11909
1752019502959 4322.1201171875 11910
1752019503915 1117.34326171875 11911
1752019504869 1157.383544921875 11912
1752019505823 1848.97216796875 11913
1752019506779 1089.4290771484375 11914
1752019507730 875.4898681640625 11915
1752019508683 2129.4775390625 11916
1752019509640 1794.8731689453125 11917
1752019510594 2859.336669921875 11918
1752019511548 2023.9969482421875 11919
1752019512500 2546.716064453125 11920
1752019513454 4525.119140625 11921
1752019514406 1054.8756103515625 11922
1752019515362 994.92529296875 11923
1752019516313 942.0625 11924
1752019517267 995.5283203125 11925
1752019518221 4672.06494140625 11926
1752019519178 2308.203125 11927
1752019520131 2143.242919921875 11928
1752019521086 3572.354248046875 11929
1752019522039 3646.431396484375 11930
1752019522994 6504.12451171875 11931
1752019523951 3465.141357421875 11932
1752019524905 1635.1103515625 11933
1752019525854 2768.568603515625 11934
1752019526805 2808.52392578125 11935
1752019527763 5102.64990234375 11936
1752019528717 1449.6063232421875 11937
1752019529668 2089.97314453125 11938
1752019530621 3581.1455078125 11939
1752019531595 2748.345947265625 11940
1752019532578 1570.822021484375 11941
1752019533551 1874.368408203125 11942
1752019534503 2360.237548828125 11943
1752019535457 2481.559326171875 11944
1752019536413 1192.886962890625 11945
1752019537367 1370.2340087890625 11946
1752019538316 1450.86376953125 11947
1752019539267 2056.044677734375 11948
1752019540223 970.0084838867188 11949
1752019541179 1093.403564453125 11950
1752019542129 1618.1942138671875 11951
1752019543083 1495.49462890625 11952
1752019544034 1914.568359375 11953
1752019544991 1934.177978515625 11954
1752019545944 1368.4228515625 11955
1752019546895 9498.4775390625 11956
1752019547848 2551.1845703125 11957
1752019548798 1746.6514892578125 11958
1752019549751 1011.0018310546875 11959
1752019550700 1000.1408081054688 11960
1752019551651 1963.5543212890625 11961
1752019552600 7190.8955078125 11962
1752019553559 1512.61083984375 11963
1752019554509 1121.8406982421875 11964
1752019555462 3768.313720703125 11965
1752019556418 1673.450439453125 11966
1752019557370 3318.2197265625 11967
1752019558323 1640.016845703125 11968
1752019559272 1887.781494140625 11969
1752019560226 2085.12060546875 11970
1752019561187 1919.0821533203125 11971
1752019562134 2623.117919921875 11972
1752019563084 2070.736083984375 11973
1752019564039 2464.374755859375 11974
1752019564994 1769.0975341796875 11975
1752019565948 1404.0960693359375 11976
1752019566899 1817.386962890625 11977
1752019567853 1081.03759765625 11978
1752019568807 1936.161376953125 11979
1752019569756 1245.057861328125 11980
1752019570705 3535.983642578125 11981
1752019571658 2492.17138671875 11982
1752019572607 1766.4710693359375 11983
1752019573563 13641.705078125 11984
1752019574515 1379.78173828125 11985
1752019575466 2134.921875 11986
1752019576421 1331.2705078125 11987
1752019577383 1965.560302734375 11988
1752019578334 2774.4873046875 11989
1752019579285 1852.5025634765625 11990
1752019580239 1614.335205078125 11991
1752019581197 3283.18359375 11992
1752019582152 1515.0386962890625 11993
1752019583104 1920.963623046875 11994
1752019584065 2282.227783203125 11995
1752019585018 2024.6995849609375 11996
1752019585974 1619.2001953125 11997
1752019586926 1777.025634765625 11998
1752019587879 1719.7161865234375 11999
1752019588840 2940.1904296875 12000
1752019589798 2010.53759765625 12001
1752019591367 4242.46826171875 12002
1752019592322 2224.02685546875 12003
1752019593275 1183.6158447265625 12004
1752019594235 1701.232421875 12005
1752019595191 1908.267822265625 12006
1752019596154 2052.654296875 12007
1752019597108 1904.66845703125 12008
1752019598076 1411.362060546875 12009
1752019599033 2950.39208984375 12010
1752019599986 1848.594970703125 12011
1752019600936 1771.00244140625 12012
1752019601894 965.720947265625 12013
1752019602842 1339.712158203125 12014
1752019603798 1592.100830078125 12015
1752019604753 1972.0577392578125 12016
1752019605705 2979.71533203125 12017
1752019606662 1395.381103515625 12018
1752019607614 2823.36376953125 12019
1752019608591 1673.455078125 12020
1752019609572 1205.615478515625 12021
1752019610553 953.771728515625 12022
1752019611506 1643.4835205078125 12023
1752019612463 2557.6220703125 12024
1752019613421 1769.69775390625 12025
1752019614373 1400.21435546875 12026
1752019615326 2143.2431640625 12027
1752019616282 1046.885986328125 12028
1752019617238 1711.562744140625 12029
1752019618196 1078.62451171875 12030
1752019619151 1797.2633056640625 12031
1752019620104 1300.74853515625 12032
1752019621076 1524.4876708984375 12033
1752019622037 927.5089111328125 12034
1752019622994 2778.36376953125 12035
1752019623946 1079.9486083984375 12036
1752019624903 4715.8330078125 12037
1752019625857 1912.0872802734375 12038
1752019626812 1396.06591796875 12039
1752019627765 1806.9862060546875 12040
1752019628718 1725.0341796875 12041
1752019629674 1188.3267822265625 12042
1752019630637 1611.11083984375 12043
1752019631587 1049.5579833984375 12044
1752019632538 961.6228637695312 12045
1752019633492 1710.731689453125 12046
1752019634445 1358.545166015625 12047
1752019635399 1395.7625732421875 12048
1752019636354 1086.283203125 12049
1752019637310 966.9239501953125 12050
1752019638262 1349.353759765625 12051
1752019639215 1218.5103759765625 12052
1752019640167 945.0086669921875 12053
1752019641120 997.6754150390625 12054
1752019642073 852.784423828125 12055
1752019643026 857.1444702148438 12056
1752019643982 1662.6376953125 12057
1752019644932 1646.3717041015625 12058
1752019645888 854.23388671875 12059
1752019646841 1118.73291015625 12060
1752019647791 767.2478637695312 12061
1752019648746 1309.379150390625 12062
1752019649697 1183.837646484375 12063
1752019650650 1212.3447265625 12064
1752019651602 1006.648681640625 12065
1752019652553 1207.0577392578125 12066
1752019653509 1530.553955078125 12067
1752019654465 853.73779296875 12068
1752019655419 957.0809326171875 12069
1752019656374 761.3557739257812 12070
1752019657325 721.029296875 12071
1752019658281 1972.2445068359375 12072
1752019659240 1270.08349609375 12073
1752019660199 1561.035400390625 12074
1752019661150 2119.364501953125 12075
1752019662110 781.01953125 12076
1752019663061 1099.961181640625 12077
1752019664016 879.0570678710938 12078
1752019664970 1928.783935546875 12079
1752019665928 1752.030517578125 12080
1752019666884 2158.939697265625 12081
1752019667836 713.2305908203125 12082
1752019668826 1055.630859375 12083
1752019669811 2397.427001953125 12084
1752019670783 920.1788330078125 12085
1752019671738 1063.86865234375 12086
1752019672688 1486.86279296875 12087
1752019673641 1663.216796875 12088
1752019674594 1076.70947265625 12089
1752019675550 937.6401977539062 12090
1752019676506 2128.921875 12091
1752019677460 954.0134887695312 12092
1752019678413 724.3839721679688 12093
1752019679365 841.446533203125 12094
1752019680320 1868.945556640625 12095
1752019681278 1400.682373046875 12096
1752019682233 2430.0546875 12097
1752019683187 934.2227172851562 12098
1752019684138 1293.838134765625 12099
1752019685088 861.7081298828125 12100
1752019686043 1354.006591796875 12101
1752019686995 1259.9388427734375 12102
1752019687946 1128.614990234375 12103
1752019688896 1174.263916015625 12104
1752019689847 2182.3759765625 12105
1752019690804 1308.052734375 12106
1752019691757 932.3864135742188 12107
1752019692711 1539.7103271484375 12108
1752019693661 1110.342529296875 12109
1752019694612 1552.343505859375 12110
1752019695565 1318.639892578125 12111
1752019696520 1558.146484375 12112
1752019697479 1059.208984375 12113
1752019698432 1065.35302734375 12114
1752019699389 1069.081787109375 12115
1752019700347 1372.5992431640625 12116
1752019701307 972.8104248046875 12117
1752019702258 890.97412109375 12118
1752019703215 975.8303833007812 12119
1752019704172 721.50830078125 12120
1752019705131 1073.091552734375 12121
1752019706085 939.9287109375 12122
1752019707034 848.3416748046875 12123
1752019707996 2151.20703125 12124
1752019708955 2437.607421875 12125
1752019709909 1421.3157958984375 12126
1752019711482 1538.765869140625 12127
1752019712441 1239.68994140625 12128
1752019713398 2328.59521484375 12129
1752019714353 2058.182373046875 12130
1752019715308 977.4103393554688 12131
1752019716267 1315.544677734375 12132
1752019717222 852.609619140625 12133
1752019718178 1629.681640625 12134
1752019719131 1973.3782958984375 12135
1752019720085 1159.9801025390625 12136
1752019721043 4666.62548828125 12137
1752019721999 1643.2518310546875 12138
1752019722955 1328.0032958984375 12139
1752019723908 1862.11865234375 12140
1752019724896 2019.885009765625 12141
1752019725876 4269.53759765625 12142
1752019726849 1233.5615234375 12143
1752019727801 1450.505859375 12144
1752019728756 1308.6502685546875 12145
1752019729709 2054.4541015625 12146
1752019730669 1074.5560302734375 12147
1752019731633 1881.8372802734375 12148
1752019732589 2497.359375 12149
1752019733544 2066.385986328125 12150
1752019734511 2234.530029296875 12151
1752019735470 1049.7025146484375 12152
1752019736426 1804.96142578125 12153
1752019737380 1198.5345458984375 12154
1752019738337 1750.6043701171875 12155
1752019739287 1765.279296875 12156
1752019740244 1965.831298828125 12157
1752019741201 1307.444580078125 12158
1752019742158 1458.322998046875 12159
1752019743118 1147.677490234375 12160
1752019744074 2228.6162109375 12161
1752019745022 1469.2005615234375 12162
1752019745981 3208.49267578125 12163
1752019746934 1698.0262451171875 12164
1752019747887 1704.9443359375 12165
1752019748843 1373.9849853515625 12166
1752019749797 1480.9224853515625 12167
1752019750750 1447.830078125 12168
1752019751709 1218.8436279296875 12169
1752019752668 1125.3670654296875 12170
1752019753626 1056.8607177734375 12171
1752019754579 892.7454833984375 12172
1752019755538 1479.267578125 12173
1752019756502 1984.2349853515625 12174
1752019757456 1434.797607421875 12175
1752019758411 1135.783447265625 12176
1752019759368 1527.7796630859375 12177
1752019760321 2497.482177734375 12178
1752019761280 2325.66064453125 12179
1752019762232 1345.8955078125 12180
1752019763186 815.8704223632812 12181
1752019764136 2148.2578125 12182
1752019765093 1557.00341796875 12183
1752019766044 4325.20751953125 12184
1752019766998 1407.5234375 12185
1752019767959 1436.531982421875 12186
1752019768912 1518.4940185546875 12187
1752019769870 1333.0352783203125 12188
1752019770826 2489.214111328125 12189
1752019771785 980.947265625 12190
1752019772733 1958.716552734375 12191
1752019773688 2351.835693359375 12192
1752019774641 1237.11767578125 12193
1752019775602 1651.6614990234375 12194
1752019776555 1457.78662109375 12195
1752019777513 1814.392578125 12196
1752019778465 990.5252685546875 12197
1752019779424 1045.8839111328125 12198
1752019780380 1328.353515625 12199
1752019781329 968.4984741210938 12200
1752019782284 1203.029052734375 12201
1752019783246 1440.8565673828125 12202
1752019784205 1418.73291015625 12203
1752019785167 1181.8125 12204
1752019786128 802.9249877929688 12205
1752019787079 4968.41064453125 12206
1752019788035 1480.481689453125 12207
1752019789034 1585.812255859375 12208
1752019790021 1192.995361328125 12209
1752019790982 1705.38330078125 12210
1752019791933 1832.0482177734375 12211
1752019792885 2291.4150390625 12212
1752019793839 1009.3707275390625 12213
1752019794794 1455.2919921875 12214
1752019795746 1230.649658203125 12215
1752019796703 1277.859375 12216
1752019797661 1440.52197265625 12217
1752019798617 930.7203369140625 12218
1752019799571 1446.6229248046875 12219
1752019800527 1073.6185302734375 12220
1752019801482 1147.037353515625 12221
1752019802433 870.158935546875 12222
1752019803387 2128.755859375 12223
1752019804341 2315.622314453125 12224
1752019805292 3474.5703125 12225
1752019806244 1112.888427734375 12226
1752019807198 1042.2110595703125 12227
1752019808155 16291.025390625 12228
1752019809112 1306.9365234375 12229
1752019810062 1162.693115234375 12230
1752019811015 1488.8570556640625 12231
1752019811971 1063.5511474609375 12232
1752019812920 1203.552734375 12233
1752019813872 2407.35791015625 12234
1752019814825 1545.2791748046875 12235
1752019815777 1451.113525390625 12236
1752019816730 1152.6951904296875 12237
1752019817687 3661.630859375 12238
1752019818651 1104.4183349609375 12239
1752019819610 1002.3861083984375 12240
1752019820567 2166.845703125 12241
1752019821526 995.8086547851562 12242
1752019822489 1230.837890625 12243
1752019823444 1385.7930908203125 12244
1752019824407 1642.669921875 12245
1752019825364 1809.418701171875 12246
1752019826320 1444.42431640625 12247
1752019827278 1299.381591796875 12248
1752019828245 1336.5029296875 12249
1752019829196 1373.142578125 12250
1752019830149 4031.0673828125 12251
1752019831716 831.4863891601562 12252
1752019832674 1644.76513671875 12253
1752019833630 1361.88232421875 12254
1752019834590 7761.04248046875 12255
1752019835546 2209.9306640625 12256
1752019836502 978.109619140625 12257
1752019837469 1235.1697998046875 12258
1752019838425 924.4260864257812 12259
1752019839381 1013.9819946289062 12260
1752019840342 742.7696533203125 12261
1752019841294 1100.822021484375 12262
1752019842249 1174.087158203125 12263
1752019843210 991.4501953125 12264
1752019844168 748.0167846679688 12265
1752019845126 1021.4736328125 12266
1752019846078 1660.4447021484375 12267
1752019847030 1095.24951171875 12268
1752019847986 1179.10986328125 12269
1752019848980 1141.9119873046875 12270
1752019849960 2315.39306640625 12271
1752019850927 2441.650390625 12272
1752019851884 1216.62109375 12273
1752019852836 1252.2564697265625 12274
1752019853797 851.067626953125 12275
1752019854749 1114.136962890625 12276
1752019855706 950.6490478515625 12277
1752019856661 963.4100341796875 12278
1752019857616 1316.277099609375 12279
1752019858570 1017.8623046875 12280
1752019859528 1370.546630859375 12281
1752019860488 1418.5665283203125 12282
1752019861450 1362.4833984375 12283
1752019862418 966.37548828125 12284
1752019863381 1651.744873046875 12285
1752019864337 2025.867431640625 12286
1752019865290 1718.52685546875 12287
1752019866243 2224.8671875 12288
1752019867195 1560.9404296875 12289
1752019868158 979.6168823242188 12290
1752019869113 1136.260009765625 12291
1752019870070 1788.9677734375 12292
1752019871026 1096.050537109375 12293
1752019871986 1012.4678344726562 12294
1752019872944 1099.296630859375 12295
1752019873902 995.6306762695312 12296
1752019874866 2270.737548828125 12297
1752019875822 1914.5859375 12298
1752019876776 2161.8955078125 12299
1752019877730 1069.798095703125 12300
1752019878695 1352.557861328125 12301
1752019879652 1086.120361328125 12302
1752019880604 1687.41259765625 12303
1752019881560 1737.8427734375 12304
1752019882515 1071.9854736328125 12305
1752019883471 1345.533203125 12306
1752019884424 1506.1728515625 12307
1752019885381 1864.4556884765625 12308
1752019886340 1081.9619140625 12309
1752019887294 1735.5921630859375 12310
1752019888246 5629.8095703125 12311
1752019889210 1217.26513671875 12312
1752019890172 1603.2586669921875 12313
1752019891124 1512.037109375 12314
1752019892076 1222.0460205078125 12315
1752019893031 1575.43017578125 12316
1752019893986 1262.8880615234375 12317
1752019894939 1006.4417724609375 12318
1752019895906 1335.059326171875 12319
1752019896866 1340.11669921875 12320
1752019897847 2547.73193359375 12321
1752019898828 1165.1365966796875 12322
1752019899799 1413.5322265625 12323
1752019900757 1436.2947998046875 12324
1752019901707 1423.405029296875 12325
1752019902665 1163.6832275390625 12326
1752019903622 1453.109375 12327
1752019904579 2793.439697265625 12328
1752019905535 2745.52197265625 12329
1752019906486 1047.04736328125 12330
1752019907439 1944.8955078125 12331
1752019908392 1213.058837890625 12332
1752019909344 2259.658447265625 12333
1752019910294 771.4789428710938 12334
1752019911246 1016.7886352539062 12335
1752019912197 871.3971557617188 12336
1752019913150 719.3623046875 12337
1752019914105 2335.8486328125 12338
1752019915055 898.4761962890625 12339
1752019916007 1419.560302734375 12340
1752019916960 2000.74658203125 12341
1752019917913 1356.4754638671875 12342
1752019918862 2543.283203125 12343
1752019919816 1515.914794921875 12344
1752019920780 1165.715576171875 12345
1752019921736 853.8381958007812 12346
1752019922690 895.2780151367188 12347
1752019923643 1144.0684814453125 12348
1752019924599 891.2779541015625 12349
1752019925552 2266.71826171875 12350
1752019926502 1741.79296875 12351
1752019927453 917.4451293945312 12352
1752019928405 1509.0458984375 12353
1752019929357 788.04833984375 12354
1752019930312 1742.3980712890625 12355
1752019931264 764.5140991210938 12356
1752019932215 1060.1773681640625 12357
1752019933169 913.8382568359375 12358
1752019934123 1289.7803955078125 12359
1752019935076 789.7899780273438 12360
1752019936028 1545.931884765625 12361
1752019936995 1794.40234375 12362
1752019937952 1128.218017578125 12363
1752019938916 2741.0322265625 12364
1752019939872 745.6575927734375 12365
1752019940832 1120.2520751953125 12366
1752019941799 1794.08984375 12367
1752019942751 1962.4781494140625 12368
1752019943707 1019.275390625 12369
1752019944663 1312.81396484375 12370
1752019945624 1950.12451171875 12371
1752019946580 1041.804931640625 12372
1752019947536 1291.9744873046875 12373
1752019948492 1179.60400390625 12374
1752019949444 1522.2144775390625 12375
1752019950395 765.865478515625 12376
1752019952011 959.3233032226562 12377
1752019952970 1358.53759765625 12378
1752019953924 1211.3642578125 12379
1752019954878 2150.399169921875 12380
1752019955834 1584.1380615234375 12381
1752019956789 1589.994384765625 12382
1752019957743 1489.60009765625 12383
1752019958706 1116.0101318359375 12384
1752019959659 1335.13525390625 12385
1752019960623 1829.039306640625 12386
1752019961578 807.701171875 12387
1752019962532 750.0798950195312 12388
1752019963491 1947.91357421875 12389
1752019964450 1527.34228515625 12390
1752019965405 875.8836059570312 12391
1752019966368 739.6634521484375 12392
1752019967319 1896.2977294921875 12393
1752019968282 1037.474365234375 12394
1752019969270 2231.085693359375 12395
1752019970264 890.3236083984375 12396
1752019971214 1007.042724609375 12397
1752019972172 1163.060302734375 12398
1752019973130 870.0936279296875 12399
1752019974087 1246.021484375 12400
1752019975042 785.0381469726562 12401
1752019975998 1654.4090576171875 12402
1752019976957 1301.61669921875 12403
1752019977921 1472.4888916015625 12404
1752019978879 998.29736328125 12405
1752019979835 1905.7630615234375 12406
1752019980798 1157.7789306640625 12407
1752019981756 1002.8272705078125 12408
1752019982709 1049.2725830078125 12409
1752019983663 901.24609375 12410
1752019984629 2604.06298828125 12411
1752019985583 943.440185546875 12412
1752019986536 1815.241943359375 12413
1752019987491 2227.593505859375 12414
1752019988444 1160.582275390625 12415
1752019989406 1019.107421875 12416
1752019990369 1337.023681640625 12417
1752019991326 1828.1011962890625 12418
1752019992288 2804.74072265625 12419
1752019993247 1351.4122314453125 12420
1752019994198 999.8928833007812 12421
1752019995153 1334.3427734375 12422
1752019996109 1540.5401611328125 12423
1752019997063 910.9486694335938 12424
1752019998021 1821.194580078125 12425
1752019998975 1269.2313232421875 12426
1752019999931 1536.13623046875 12427
1752020000885 1123.4541015625 12428
1752020001844 1074.18505859375 12429
1752020002797 1914.242919921875 12430
1752020003752 1255.93798828125 12431
1752020004719 989.4444580078125 12432
1752020005676 756.4568481445312 12433
1752020006632 765.0372924804688 12434
1752020007599 1806.986328125 12435
1752020008553 976.8617553710938 12436
1752020009510 1168.281005859375 12437
1752020010466 1111.267578125 12438
1752020011424 948.8016357421875 12439
1752020012381 1229.320068359375 12440
1752020013332 963.6725463867188 12441
1752020014282 1646.673828125 12442
1752020015241 2772.260498046875 12443
1752020016197 830.9861450195312 12444
1752020017156 1059.177001953125 12445
1752020018109 844.8637084960938 12446
1752020019062 1243.6962890625 12447
1752020020018 1522.41455078125 12448
1752020020971 1743.166259765625 12449
1752020021926 1439.99267578125 12450
1752020022880 1369.0419921875 12451
1752020023831 1275.692626953125 12452
1752020024789 2015.5830078125 12453
1752020025746 954.828125 12454
1752020026699 1491.683349609375 12455
1752020027653 1917.0322265625 12456
1752020028631 895.027099609375 12457
1752020029614 1893.6495361328125 12458
1752020030586 1537.031982421875 12459
1752020031535 815.1395263671875 12460
1752020032488 1951.76025390625 12461
1752020033441 969.9769287109375 12462
1752020034394 2945.427001953125 12463
1752020035350 1443.0361328125 12464
1752020036298 2507.0361328125 12465
1752020037251 1147.0458984375 12466
1752020038206 1606.564697265625 12467
1752020039159 2367.7041015625 12468
1752020040110 1377.4427490234375 12469
1752020041069 1456.98193359375 12470
1752020042021 1029.0360107421875 12471
1752020042976 1883.7672119140625 12472
1752020043926 1136.696044921875 12473
1752020044885 1014.2421264648438 12474
1752020045837 1444.03271484375 12475
1752020046790 3148.794921875 12476
1752020047742 1120.4019775390625 12477
1752020048692 1072.7178955078125 12478
1752020049646 1102.124755859375 12479
1752020050598 1196.3111572265625 12480
1752020051551 1611.331298828125 12481
1752020052505 1167.3326416015625 12482
1752020053459 1355.8291015625 12483
1752020054411 1204.0625 12484
1752020055362 1587.056396484375 12485
1752020056314 1134.76806640625 12486
1752020057276 1741.84375 12487
1752020058236 1193.8173828125 12488
1752020059196 1650.90673828125 12489
1752020060155 1407.89892578125 12490
1752020061114 1672.3248291015625 12491
1752020062063 1131.895263671875 12492
1752020063021 1116.579833984375 12493
1752020063979 1042.22509765625 12494
1752020064938 1123.0008544921875 12495
1752020065892 2069.23193359375 12496
1752020066848 1953.3013916015625 12497
1752020067807 1335.7760009765625 12498
1752020068761 1612.8756103515625 12499
1752020069715 1876.6954345703125 12500
1752020070673 1170.247314453125 12501
1752020072237 1200.5927734375 12502
1752020073192 1063.3388671875 12503
1752020074145 1440.59130859375 12504
1752020075101 1695.7237548828125 12505
1752020076056 2457.767578125 12506
1752020077009 1283.531982421875 12507
1752020077963 2086.744140625 12508
1752020078917 1310.3797607421875 12509
1752020079873 3137.55126953125 12510
1752020080835 828.3870849609375 12511
1752020081799 1278.3704833984375 12512
1752020082778 2448.15576171875 12513
1752020083765 2217.48388671875 12514
1752020084741 1213.203369140625 12515
1752020085692 1666.1463623046875 12516
1752020086647 1661.613525390625 12517
1752020087604 1282.734130859375 12518
1752020088559 1399.6734619140625 12519
1752020089512 2267.227783203125 12520
1752020090462 1118.647705078125 12521
1752020091417 1231.408935546875 12522
1752020092374 2245.468994140625 12523
1752020093332 1335.71337890625 12524
1752020094299 1041.659423828125 12525
1752020095250 1023.7298583984375 12526
1752020096213 1173.0927734375 12527
1752020097167 1553.2559814453125 12528
1752020098119 896.8142700195312 12529
1752020099078 1293.6373291015625 12530
1752020100030 1348.0029296875 12531
1752020100993 1144.1246337890625 12532
1752020101947 814.0883178710938 12533
1752020102900 2594.33056640625 12534
1752020103852 1009.5672607421875 12535
1752020104804 941.2117309570312 12536
1752020105768 960.4617309570312 12537
1752020106718 2315.613037109375 12538
1752020107671 1028.944091796875 12539
1752020108624 872.3421020507812 12540
1752020109574 783.210205078125 12541
1752020110527 966.0482788085938 12542
1752020111479 1413.30419921875 12543
1752020112438 2352.72900390625 12544
1752020113392 979.23486328125 12545
1752020114345 954.244140625 12546
1752020115299 2591.27392578125 12547
1752020116253 787.3621826171875 12548
1752020117207 1118.8369140625 12549
1752020118162 1028.66259765625 12550
1752020119114 1236.2008056640625 12551
1752020120067 1063.91943359375 12552
1752020121021 920.3966064453125 12553
1752020121972 1249.348876953125 12554
1752020122927 1302.621826171875 12555
1752020123882 1297.7230224609375 12556
1752020124836 1338.029296875 12557
1752020125787 1212.7286376953125 12558
1752020126740 800.6426391601562 12559
1752020127692 1118.195068359375 12560
1752020128649 903.7334594726562 12561
1752020129599 916.8023071289062 12562
1752020130552 1077.625244140625 12563
1752020131508 853.3958740234375 12564
1752020132465 1151.7706298828125 12565
1752020133416 1071.421142578125 12566
1752020134371 2492.7607421875 12567
1752020135325 2391.23046875 12568
1752020136281 1391.1328125 12569
1752020137235 1339.7342529296875 12570
1752020138187 1243.0103759765625 12571
1752020139140 1265.4305419921875 12572
1752020140093 999.103515625 12573
1752020141045 798.634033203125 12574
1752020142003 1578.8529052734375 12575
1752020142958 1241.444580078125 12576
1752020143908 1146.5562744140625 12577
1752020144861 874.4531860351562 12578
1752020145817 1089.5592041015625 12579
1752020146770 756.26171875 12580
1752020147723 1156.9830322265625 12581
1752020148708 1095.486572265625 12582
1752020149692 1121.9107666015625 12583
1752020150664 778.7120361328125 12584
1752020151618 902.473388671875 12585
1752020152569 1843.9852294921875 12586
1752020153520 2527.32373046875 12587
1752020154474 1167.544921875 12588
1752020155427 2127.3515625 12589
1752020156380 1526.0205078125 12590
1752020157334 1559.21337890625 12591
1752020158286 1038.696533203125 12592
1752020159238 1343.0078125 12593
1752020160195 1078.081787109375 12594
1752020161156 3368.249267578125 12595
1752020162109 1785.046142578125 12596
1752020163064 1591.0162353515625 12597
1752020164019 1344.251953125 12598
1752020164972 1379.9765625 12599
1752020165923 1877.20361328125 12600
1752020166882 1386.8687744140625 12601
1752020167835 1478.93115234375 12602
1752020168788 1216.703369140625 12603
1752020169742 1770.697509765625 12604
1752020170694 1712.946044921875 12605
1752020171648 1499.5567626953125 12606
1752020172603 2754.38720703125 12607
1752020173557 1743.511962890625 12608
1752020174511 1065.926025390625 12609
1752020175464 49286.1796875 12610
1752020176417 1778.351318359375 12611
1752020177376 2938.10888671875 12612
1752020178335 1375.6055908203125 12613
1752020179285 1332.555419921875 12614
1752020180245 1441.10986328125 12615
1752020181198 2568.21435546875 12616
1752020182156 1652.333984375 12617
1752020183111 1085.7347412109375 12618
1752020184065 1817.7801513671875 12619
1752020185018 1323.132568359375 12620
1752020185975 1806.674560546875 12621
1752020186935 1536.417724609375 12622
1752020187887 1878.200439453125 12623
1752020188847 1576.0927734375 12624
1752020189799 1197.65771484375 12625
1752020190753 2013.559814453125 12626
1752020192292 1464.870849609375 12627
1752020193243 1581.859375 12628
1752020194196 1180.1546630859375 12629
1752020195149 1308.2069091796875 12630
1752020196102 1012.5335083007812 12631
1752020197059 2497.1982421875 12632
1752020198015 1210.0872802734375 12633
1752020198967 2660.80859375 12634
1752020199920 972.3182983398438 12635
1752020200878 1263.997802734375 12636
1752020201831 4864.5673828125 12637
1752020202786 1847.852783203125 12638
1752020203744 919.4639892578125 12639
1752020204698 1009.1405639648438 12640
1752020205649 1479.411376953125 12641
1752020206604 2001.866455078125 12642
1752020207561 1667.23095703125 12643
1752020208542 1197.791259765625 12644
1752020209528 2367.1533203125 12645
1752020210523 1555.1168212890625 12646
1752020211474 1328.2774658203125 12647
1752020212428 1276.8050537109375 12648
1752020213389 1891.06640625 12649
1752020214341 1610.8148193359375 12650
1752020215294 2338.52880859375 12651
1752020216249 1979.596923828125 12652
1752020217206 1862.379638671875 12653
1752020218156 4503.4462890625 12654
1752020219113 5431.48486328125 12655
1752020220067 1724.53515625 12656
1752020221026 1463.9989013671875 12657
1752020221979 1594.44580078125 12658
1752020222934 1534.4693603515625 12659
1752020223889 2079.465576171875 12660
1752020224843 1207.39453125 12661
1752020225801 1011.402587890625 12662
1752020226754 1516.717529296875 12663
1752020227708 1544.922607421875 12664
1752020228662 891.90283203125 12665
1752020229623 2643.02880859375 12666
1752020230576 1285.2646484375 12667
1752020231535 1333.0986328125 12668
1752020232489 1198.28759765625 12669
1752020233439 923.5100708007812 12670
1752020234401 2272.43798828125 12671
1752020235361 1735.7274169921875 12672
1752020236311 1040.8140869140625 12673
1752020237268 1032.368896484375 12674
1752020238226 1356.763671875 12675
1752020239180 2026.14599609375 12676
1752020240133 1227.88916015625 12677
1752020241087 1115.6259765625 12678
1752020242038 1099.912353515625 12679
1752020242989 2005.888671875 12680
1752020243941 1362.4482421875 12681
1752020244896 1971.2506103515625 12682
1752020245847 1835.413330078125 12683
1752020246801 1900.607177734375 12684
1752020247751 1296.200439453125 12685
1752020248699 935.1539306640625 12686
1752020249652 874.7307739257812 12687
1752020250606 5177.3369140625 12688
1752020251554 820.8797607421875 12689
1752020252508 1334.5689697265625 12690
1752020253465 1125.225830078125 12691
1752020254423 1068.426025390625 12692
1752020255374 1361.072509765625 12693
1752020256327 1325.3447265625 12694
1752020257280 1775.036865234375 12695
1752020258236 2554.66064453125 12696
1752020259189 1611.755615234375 12697
1752020260142 2972.995361328125 12698
1752020261096 1156.8905029296875 12699
1752020262059 1748.0316162109375 12700
1752020263014 1322.71240234375 12701
1752020264016 2049.40478515625 12702
1752020264996 2933.785400390625 12703
1752020265955 1139.0076904296875 12704
1752020266907 1883.1982421875 12705
1752020267863 1217.550537109375 12706
1752020268817 1695.073486328125 12707
1752020269770 1373.109130859375 12708
1752020270727 1010.107177734375 12709
1752020271677 1048.9122314453125 12710
1752020272628 1585.5087890625 12711
1752020273580 1782.894775390625 12712
1752020274533 2763.16748046875 12713
1752020275484 2647.032958984375 12714
1752020276436 687.6478881835938 12715
1752020277386 2856.36328125 12716
1752020278336 822.7454833984375 12717
1752020279289 1634.21240234375 12718
1752020280244 1062.632568359375 12719
1752020281204 941.8018798828125 12720
1752020282153 1759.0203857421875 12721
1752020283105 790.3089599609375 12722
1752020284058 1781.595947265625 12723
1752020285010 2466.269775390625 12724
1752020285963 1097.154541015625 12725
1752020286919 1327.676513671875 12726
1752020287875 1007.1172485351562 12727
1752020288829 1586.1112060546875 12728
1752020289780 1548.5244140625 12729
1752020290734 1303.650390625 12730
1752020291688 1079.138427734375 12731
1752020292642 1483.2332763671875 12732
1752020293592 1696.7535400390625 12733
1752020294545 1071.973388671875 12734
1752020295500 1158.80517578125 12735
1752020296449 1087.289306640625 12736
1752020297413 1104.0791015625 12737
1752020298370 1390.216552734375 12738
1752020299323 1025.7069091796875 12739
1752020300285 785.9114379882812 12740
1752020301238 1158.734375 12741
1752020302191 1049.7447509765625 12742
1752020303149 2001.991455078125 12743
1752020304111 994.0614013671875 12744
1752020305066 2491.38720703125 12745
1752020306022 1147.896484375 12746
1752020306977 2142.455322265625 12747
1752020307927 2633.34912109375 12748
1752020308880 1056.488525390625 12749
1752020309842 2676.69677734375 12750
1752020310797 1734.89501953125 12751
1752020312374 823.7117309570312 12752
1752020313332 1354.159423828125 12753
1752020314286 1423.4615478515625 12754
1752020315240 837.6007080078125 12755
1752020316198 1282.584228515625 12756
1752020317150 1258.446044921875 12757
1752020318103 1028.716064453125 12758
1752020319055 1228.57080078125 12759
1752020320009 1385.9515380859375 12760
1752020320960 784.9881591796875 12761
1752020321915 1224.858154296875 12762
1752020322872 696.0756225585938 12763
1752020323821 1865.86962890625 12764
1752020324774 1122.927001953125 12765
1752020325726 1753.298095703125 12766
1752020326682 1159.6834716796875 12767
1752020327637 800.0728759765625 12768
1752020328588 1503.2138671875 12769
1752020329544 1031.982421875 12770
1752020330517 1375.277099609375 12771
1752020331499 977.2965698242188 12772
1752020332491 821.219970703125 12773
1752020333441 1280.419677734375 12774
1752020334393 1230.6341552734375 12775
1752020335346 1526.283447265625 12776
1752020336297 1051.986328125 12777
1752020337251 1557.539306640625 12778
1752020338207 1541.7843017578125 12779
1752020339163 1108.304931640625 12780
1752020340114 1092.211181640625 12781
1752020341074 950.1073608398438 12782
1752020342027 966.6424560546875 12783
1752020342982 2063.91259765625 12784
1752020343936 1431.89306640625 12785
1752020344896 1418.92626953125 12786
1752020345853 684.9486083984375 12787
1752020346804 1359.766357421875 12788
1752020347759 1038.73291015625 12789
1752020348718 1349.027587890625 12790
1752020349671 1771.172119140625 12791
1752020350625 1201.9696044921875 12792
1752020351574 1495.0289306640625 12793
1752020352537 1726.4481201171875 12794
1752020353489 1277.219482421875 12795
1752020354442 1097.522705078125 12796
1752020355397 1541.9378662109375 12797
1752020356352 1225.568359375 12798
1752020357305 2430.245849609375 12799
1752020358259 1016.3896484375 12800
1752020359215 2564.98095703125 12801
1752020360168 1234.8603515625 12802
1752020361120 836.7138671875 12803
1752020362075 2485.33837890625 12804
1752020363029 1294.637939453125 12805
1752020363983 1980.641357421875 12806
1752020364933 1783.52197265625 12807
1752020365889 1254.2440185546875 12808
1752020366847 988.3230590820312 12809
1752020367800 1168.64111328125 12810
1752020368765 1314.356689453125 12811
1752020369716 840.187255859375 12812
1752020370667 1904.0634765625 12813
1752020371614 916.662109375 12814
1752020372567 2961.08203125 12815
1752020373520 1609.660888671875 12816
1752020374477 1281.80078125 12817
1752020375430 1300.8367919921875 12818
1752020376387 1109.6407470703125 12819
1752020377341 1614.8934326171875 12820
1752020378295 1503.26953125 12821
1752020379251 987.5615844726562 12822
1752020380209 977.89306640625 12823
1752020381160 1905.564697265625 12824
1752020382110 1606.507568359375 12825
1752020383063 2811.5205078125 12826
1752020384018 1177.6251220703125 12827
1752020384972 1012.5074462890625 12828
1752020385925 1048.770263671875 12829
1752020386877 995.3861694335938 12830
1752020387830 1859.1400146484375 12831
1752020388815 1732.1014404296875 12832
1752020389798 822.6842041015625 12833
1752020390770 728.128662109375 12834
1752020391720 1632.0455322265625 12835
1752020392671 1003.1146850585938 12836
1752020393625 1024.189697265625 12837
1752020394581 980.7197265625 12838
1752020395534 1064.7113037109375 12839
1752020396489 1558.6500244140625 12840
1752020397443 1198.685791015625 12841
1752020398394 1237.36767578125 12842
1752020399344 1109.6622314453125 12843
1752020400293 952.1607666015625 12844
1752020401250 784.185302734375 12845
1752020402203 1013.5115356445312 12846
1752020403161 1592.5772705078125 12847
1752020404189 1068.893798828125 12848
1752020405141 1306.168212890625 12849
1752020406095 737.0244140625 12850
1752020407049 1561.162109375 12851
1752020408000 1635.6026611328125 12852
1752020408950 887.977783203125 12853
1752020409899 2032.901611328125 12854
1752020410848 836.8447265625 12855
1752020411801 1243.11083984375 12856
1752020412756 953.617919921875 12857
1752020413704 1293.33935546875 12858
1752020414657 1849.852783203125 12859
1752020415613 809.5032958984375 12860
1752020416566 3151.40869140625 12861
1752020417520 896.0781860351562 12862
1752020418482 669.2017822265625 12863
1752020419436 1049.2021484375 12864
1752020420388 1013.5108032226562 12865
1752020421341 722.0699462890625 12866
1752020422293 7945.73681640625 12867
1752020423249 1684.89404296875 12868
1752020424203 2426.839111328125 12869
1752020425157 1052.921875 12870
1752020426111 1282.5155029296875 12871
1752020427063 3184.826416015625 12872
1752020428030 1522.878662109375 12873
1752020428981 2249.93798828125 12874
1752020429933 822.309814453125 12875
1752020430890 2415.236328125 12876
1752020432434 1001.8351440429688 12877
1752020433388 1225.9627685546875 12878
1752020434342 911.1669921875 12879
1752020435294 1342.255126953125 12880
1752020436253 1110.11279296875 12881
1752020437212 974.4915771484375 12882
1752020438163 1380.24462890625 12883
1752020439114 5328.9794921875 12884
1752020440068 913.2366943359375 12885
1752020441019 2188.52001953125 12886
1752020441973 879.5270385742188 12887
1752020442928 2294.6025390625 12888
1752020443882 1174.7247314453125 12889
1752020444832 1097.2279052734375 12890
1752020445785 4137.658203125 12891
1752020446737 2806.2734375 12892
1752020447693 2384.2880859375 12893
1752020448644 4904.1201171875 12894
1752020449598 2301.052978515625 12895
1752020450556 1556.9737548828125 12896
1752020451514 1786.8629150390625 12897
1752020452465 5226.74462890625 12898
1752020453419 5606.73486328125 12899
1752020454383 2858.10107421875 12900
1752020455370 1887.568115234375 12901
1752020456360 2392.377197265625 12902
1752020457312 1488.242919921875 12903
1752020458261 3980.893310546875 12904
1752020459212 2347.234619140625 12905
1752020460167 2595.100341796875 12906
1752020461129 1972.1214599609375 12907
1752020462083 2649.447265625 12908
1752020463040 2154.662109375 12909
1752020463991 2263.26220703125 12910
1752020464947 1431.075927734375 12911
1752020465897 1798.83447265625 12912
1752020466849 2891.974609375 12913
1752020467804 3057.526123046875 12914
1752020468764 3489.07275390625 12915
1752020469719 1562.288330078125 12916
1752020470678 1646.9591064453125 12917
1752020471634 2304.0439453125 12918
1752020472585 1842.462890625 12919
1752020473539 1140.502685546875 12920
1752020474495 2626.20458984375 12921
1752020475446 2179.3154296875 12922
1752020476399 1212.97607421875 12923
1752020477355 1342.561279296875 12924
1752020478311 1717.568115234375 12925
1752020479265 2942.4912109375 12926
1752020480217 2423.11572265625 12927
1752020481172 1096.6561279296875 12928
1752020482125 2083.2001953125 12929
1752020483078 2125.853515625 12930
1752020484032 1208.982421875 12931
1752020484987 1326.294677734375 12932
1752020485940 1316.21630859375 12933
1752020486895 1456.68017578125 12934
1752020487850 1031.24560546875 12935
1752020488805 1311.739013671875 12936
1752020489758 2054.143798828125 12937
1752020490707 2685.77099609375 12938
1752020491670 1435.6185302734375 12939
1752020492621 665.8138427734375 12940
1752020493576 1442.939208984375 12941
1752020494533 1800.927490234375 12942
1752020495491 1114.1793212890625 12943
1752020496444 1045.164794921875 12944
1752020497394 2480.3095703125 12945
1752020498347 1010.1785888671875 12946
1752020499300 1358.1871337890625 12947
1752020500254 932.15869140625 12948
1752020501208 1375.394775390625 12949
1752020502163 1051.67529296875 12950
1752020503120 1552.739990234375 12951
1752020504071 1170.837646484375 12952
1752020505024 1160.91650390625 12953
1752020505984 1034.339599609375 12954
1752020506936 1614.610595703125 12955
1752020507890 786.085693359375 12956
1752020508880 1807.43115234375 12957
1752020509858 3863.576904296875 12958
1752020510828 3133.51806640625 12959
1752020511782 978.7098388671875 12960
1752020512729 1334.558349609375 12961
1752020513681 776.564453125 12962
1752020514635 1646.423583984375 12963
1752020515587 1088.455322265625 12964
1752020516537 751.640869140625 12965
1752020517494 894.9832763671875 12966
1752020518445 1442.302490234375 12967
1752020519399 2202.902587890625 12968
1752020520356 1114.72998046875 12969
1752020521319 1175.8863525390625 12970
1752020522272 997.5477294921875 12971
1752020523226 1888.3392333984375 12972
1752020524178 1366.888671875 12973
1752020525135 1778.448486328125 12974
1752020526088 1139.4498291015625 12975
1752020527041 1559.001708984375 12976
1752020527996 1005.88134765625 12977
1752020528949 1328.5679931640625 12978
1752020529897 5632.8115234375 12979
1752020530854 1011.1649780273438 12980
1752020531810 1007.4393920898438 12981
1752020532763 1446.3980712890625 12982
1752020533718 972.1467895507812 12983
1752020534673 1300.8538818359375 12984
1752020535628 1160.43212890625 12985
1752020536579 2114.82861328125 12986
1752020537530 2146.57666015625 12987
1752020538493 874.8160400390625 12988
1752020539454 1789.126220703125 12989
1752020540413 1092.128662109375 12990
1752020541369 1872.373779296875 12991
1752020542319 972.27880859375 12992
1752020543279 1029.7313232421875 12993
1752020544236 1858.54638671875 12994
1752020545190 14985.41015625 12995
1752020546138 3290.21044921875 12996
1752020547097 3021.958984375 12997
1752020548053 1672.2244873046875 12998
1752020549019 1150.0792236328125 12999
1752020549979 948.489501953125 13000
1752020550936 3784.328857421875 13001
1752020552500 1294.3553466796875 13002
1752020553456 2352.499267578125 13003
1752020554415 1582.192138671875 13004
1752020555372 3482.884033203125 13005
1752020556326 4647.166015625 13006
1752020557280 2021.0052490234375 13007
1752020558234 1422.07861328125 13008
1752020559192 1051.226806640625 13009
1752020560149 2061.918212890625 13010
1752020561110 2621.87353515625 13011
1752020562075 1575.968017578125 13012
1752020563032 1752.67822265625 13013
1752020563989 1099.584716796875 13014
1752020564947 1475.632080078125 13015
1752020565904 2049.544921875 13016
1752020566865 1250.411376953125 13017
1752020567818 1717.126220703125 13018
1752020568773 1480.7021484375 13019
1752020569731 1774.5240478515625 13020
1752020570690 2199.303955078125 13021
1752020571648 1158.4625244140625 13022
1752020572607 1032.798583984375 13023
1752020573561 2969.6748046875 13024
1752020574515 2133.48095703125 13025
1752020575473 1273.2203369140625 13026
1752020576426 1227.6568603515625 13027
1752020577383 1014.7658081054688 13028
1752020578333 1059.078125 13029
1752020579290 1241.296875 13030
1752020580244 1621.3931884765625 13031
1752020581214 945.8516235351562 13032
1752020582216 1130.265625 13033
1752020583202 3694.189453125 13034
1752020584151 1397.967041015625 13035
1752020585106 2161.44921875 13036
1752020586055 1952.2950439453125 13037
1752020587014 1457.552734375 13038
1752020587978 2054.332275390625 13039
1752020588935 1148.8409423828125 13040
1752020589897 1525.9488525390625 13041
1752020590850 926.332275390625 13042
1752020591805 1541.74169921875 13043
1752020592759 1336.689453125 13044
1752020593717 939.9180908203125 13045
1752020594677 1440.93701171875 13046
1752020595629 1157.54736328125 13047
1752020596579 1932.430908203125 13048
1752020597535 1272.8721923828125 13049
1752020598490 2869.35888671875 13050
1752020599454 1141.148681640625 13051
1752020600421 1390.56884765625 13052
1752020601380 1067.37548828125 13053
1752020602340 809.802001953125 13054
1752020603296 825.5349731445312 13055
1752020604248 1753.0487060546875 13056
1752020605200 1106.7864990234375 13057
1752020606154 795.8362426757812 13058
1752020607109 1013.9036865234375 13059
1752020608071 1528.61181640625 13060
1752020609029 1688.56494140625 13061
1752020609979 1097.467041015625 13062
1752020610934 2139.353515625 13063
1752020611888 1081.80224609375 13064
1752020612844 914.086669921875 13065
1752020613796 1320.42041015625 13066
1752020614750 1558.171142578125 13067
1752020615699 1002.124267578125 13068
1752020616656 1223.9423828125 13069
1752020617609 1499.5045166015625 13070
1752020618562 1035.00341796875 13071
1752020619524 914.0169677734375 13072
1752020620481 793.481201171875 13073
1752020621431 1079.0582275390625 13074
1752020622386 891.9003295898438 13075
1752020623340 993.7164306640625 13076
1752020624295 925.13916015625 13077
1752020625247 2092.60107421875 13078
1752020626201 1122.013671875 13079
1752020627153 807.51220703125 13080
1752020628110 1185.06396484375 13081
1752020629064 1442.515869140625 13082
1752020630055 1845.8336181640625 13083
1752020631043 1114.27734375 13084
1752020632001 926.5973510742188 13085
1752020632954 1191.5238037109375 13086
1752020633905 1876.3787841796875 13087
1752020634859 1227.05224609375 13088
1752020635812 1484.2064208984375 13089
1752020636764 792.4367065429688 13090
1752020637719 909.4779663085938 13091
1752020638670 1678.556396484375 13092
1752020639622 1106.737060546875 13093
1752020640575 893.4993896484375 13094
1752020641535 1289.0941162109375 13095
1752020642492 1928.570068359375 13096
1752020643447 1015.7393798828125 13097
1752020644399 1122.1722412109375 13098
1752020645350 1094.7398681640625 13099
1752020646302 1074.1785888671875 13100
1752020647256 983.8591918945312 13101
1752020648208 908.818359375 13102
1752020649161 1150.839599609375 13103
1752020650113 1501.3145751953125 13104
1752020651061 729.5872802734375 13105
1752020652012 1066.6431884765625 13106
1752020652968 3089.45556640625 13107
1752020653921 1005.2310791015625 13108
1752020654873 1199.0369873046875 13109
1752020655827 1533.71923828125 13110
1752020656781 934.4387817382812 13111
1752020657738 1439.933837890625 13112
1752020658694 910.8452758789062 13113
1752020659652 1099.55615234375 13114
1752020660609 729.7728271484375 13115
1752020661565 1121.814208984375 13116
1752020662530 1407.911376953125 13117
1752020663481 747.8212890625 13118
1752020664436 1598.669189453125 13119
1752020665395 844.3130493164062 13120
1752020666353 1259.240966796875 13121
1752020667314 1672.12060546875 13122
1752020668271 1298.48486328125 13123
1752020669238 2345.98828125 13124
1752020670205 2345.99169921875 13125
1752020671155 814.9832153320312 13126
1752020672716 1267.081298828125 13127
1752020673672 744.0537719726562 13128
1752020674630 1341.478515625 13129
1752020675582 984.806884765625 13130
1752020676535 1452.133544921875 13131
1752020677493 1083.312744140625 13132
1752020678448 1600.8995361328125 13133
1752020679406 1191.53271484375 13134
1752020680370 1155.310302734375 13135
1752020681325 1095.08154296875 13136
1752020682279 860.3751831054688 13137
1752020683233 682.8565673828125 13138
1752020684189 1402.5107421875 13139
1752020685148 1299.568359375 13140
1752020686104 1115.58056640625 13141
1752020687061 1997.002197265625 13142
1752020688015 856.4699096679688 13143
1752020688978 743.7848510742188 13144
1752020689939 857.8514404296875 13145
1752020690901 1322.256591796875 13146
1752020691859 858.034912109375 13147
1752020692820 1064.0123291015625 13148
1752020693780 1122.72265625 13149
1752020694734 1737.422607421875 13150
1752020695689 971.8235473632812 13151
1752020696642 1130.787841796875 13152
1752020697594 979.475341796875 13153
1752020698547 1388.4395751953125 13154
1752020699498 836.5252685546875 13155
1752020700456 707.5830078125 13156
1752020701413 903.47412109375 13157
1752020702381 907.678955078125 13158
1752020703365 1081.098388671875 13159
1752020704355 819.1285400390625 13160
1752020705306 1255.7413330078125 13161
1752020706264 1492.2125244140625 13162
1752020707216 1263.53466796875 13163
1752020708172 1590.374755859375 13164
1752020709123 1110.29296875 13165
1752020710080 1461.7415771484375 13166
1752020711041 903.6136474609375 13167
1752020711996 1070.701416015625 13168
1752020712957 1806.6822509765625 13169
1752020713911 865.2620849609375 13170
1752020714873 836.7247924804688 13171
1752020715827 1729.70068359375 13172
1752020716783 1167.029296875 13173
1752020717738 1551.51708984375 13174
1752020718694 1061.3463134765625 13175
1752020719646 925.895263671875 13176
1752020720599 2029.2293701171875 13177
1752020721553 2061.12109375 13178
1752020722504 1713.576171875 13179
1752020723462 996.5028076171875 13180
1752020724419 876.8321533203125 13181
1752020725373 1105.78369140625 13182
1752020726328 4716.369140625 13183
1752020727275 1936.31982421875 13184
1752020728231 897.794921875 13185
1752020729184 1957.3731689453125 13186
1752020730139 1262.3912353515625 13187
1752020731093 1253.96435546875 13188
1752020732053 5627.70556640625 13189
1752020733010 1074.9356689453125 13190
1752020733966 1664.038818359375 13191
1752020734920 1012.26611328125 13192
1752020735871 5874.28125 13193
1752020736828 2827.22802734375 13194
1752020737785 2001.825439453125 13195
1752020738742 1042.636962890625 13196
1752020739697 977.990478515625 13197
1752020740651 1977.377197265625 13198
1752020741606 1028.611083984375 13199
1752020742559 1241.64501953125 13200
1752020743514 1104.59033203125 13201
1752020744467 1309.39208984375 13202
1752020745422 2743.02783203125 13203
1752020746376 1434.862548828125 13204
1752020747328 1607.1787109375 13205
1752020748281 1386.9674072265625 13206
1752020749232 1049.058837890625 13207
1752020750182 2009.15966796875 13208
1752020751136 1425.8453369140625 13209
1752020752131 1163.161376953125 13210
1752020753117 1387.197998046875 13211
1752020754068 1002.7374267578125 13212
1752020755018 1373.5703125 13213
1752020755975 1101.172607421875 13214
1752020756927 2841.154296875 13215
1752020757878 1573.2322998046875 13216
1752020758830 1913.029296875 13217
1752020759787 1023.5225219726562 13218
1752020760748 1622.151611328125 13219
1752020761702 819.2843017578125 13220
1752020762656 1962.4840087890625 13221
1752020763607 1645.588623046875 13222
1752020764562 1354.737548828125 13223
1752020765515 1545.2537841796875 13224
1752020766468 1462.696044921875 13225
1752020767422 3175.523193359375 13226
1752020768373 888.6377563476562 13227
1752020769325 1673.466552734375 13228
1752020770282 1569.99560546875 13229
1752020771234 973.931884765625 13230
1752020772186 891.8400268554688 13231
1752020773138 1854.97705078125 13232
1752020774091 862.8849487304688 13233
1752020775038 3038.958984375 13234
1752020775996 1766.0938720703125 13235
1752020776956 1353.95849609375 13236
1752020777914 1124.5791015625 13237
1752020778867 1346.383056640625 13238
1752020779826 1449.956787109375 13239
1752020780790 1360.22607421875 13240
1752020781751 1174.0902099609375 13241
1752020782704 1562.927001953125 13242
1752020783664 2173.464111328125 13243
1752020784621 1256.68896484375 13244
1752020785576 1139.0948486328125 13245
1752020786533 1067.359619140625 13246
1752020787491 1870.175537109375 13247
1752020788452 1463.2266845703125 13248
1752020789410 996.9772338867188 13249
1752020790371 1003.986572265625 13250
1752020791322 1511.75439453125 13251
1752020792934 2255.310302734375 13252
1752020794095 2628.36376953125 13253
1752020795091 927.061279296875 13254
1752020796050 1572.007568359375 13255
1752020797010 1504.6561279296875 13256
1752020797964 1176.9117431640625 13257
1752020798920 1530.5101318359375 13258
1752020799877 780.0582275390625 13259
1752020800839 1087.7335205078125 13260
1752020801796 1215.550537109375 13261
1752020802755 1841.3685302734375 13262
1752020803719 1677.6990966796875 13263
1752020804670 1621.2269287109375 13264
1752020805625 1054.47900390625 13265
1752020806584 903.3121337890625 13266
1752020807550 1060.44873046875 13267
1752020808508 2152.621826171875 13268
1752020809457 1382.484619140625 13269
1752020810408 1356.07568359375 13270
1752020811367 1084.456298828125 13271
1752020812322 1158.236572265625 13272
1752020813279 1462.4124755859375 13273
1752020814234 1038.87060546875 13274
1752020815194 1115.4786376953125 13275
1752020816155 790.1934814453125 13276
1752020817117 1837.374755859375 13277
1752020818073 3322.268310546875 13278
1752020819028 979.8262939453125 13279
1752020819982 1176.54296875 13280
1752020820948 917.168212890625 13281
1752020821899 2290.057861328125 13282
1752020822856 826.177001953125 13283
1752020823820 1510.131591796875 13284
1752020824773 758.4712524414062 13285
1752020825732 1729.721435546875 13286
1752020826710 1590.22509765625 13287
1752020827693 820.0361328125 13288
1752020828675 1028.6572265625 13289
1752020829628 998.085693359375 13290
1752020830585 2707.306884765625 13291
1752020831537 950.815673828125 13292
1752020832492 1660.106201171875 13293
1752020833451 931.0557861328125 13294
1752020834407 1075.0501708984375 13295
1752020835365 1494.1219482421875 13296
1752020836324 1694.747314453125 13297
1752020837276 1537.6695556640625 13298
1752020838229 1250.865966796875 13299
1752020839189 1390.309326171875 13300
1752020840143 1133.596923828125 13301
1752020841105 1738.9656982421875 13302
1752020842067 2025.2596435546875 13303
1752020843027 739.6498413085938 13304
1752020843982 835.4013061523438 13305
1752020844931 1241.921142578125 13306
1752020845885 773.0730590820312 13307
1752020846842 1398.983154296875 13308
1752020847793 1384.660400390625 13309
1752020848742 1169.646484375 13310
1752020849706 704.860107421875 13311
1752020850660 1054.1822509765625 13312
1752020851608 1537.834228515625 13313
1752020852565 2341.005615234375 13314
1752020853522 1431.572265625 13315
1752020854482 1294.34716796875 13316
1752020855441 1079.5068359375 13317
1752020856395 1471.422607421875 13318
1752020857347 1456.530517578125 13319
1752020858309 800.6578979492188 13320
1752020859261 1708.0595703125 13321
1752020860214 1101.6910400390625 13322
1752020861172 1457.1201171875 13323
1752020862129 1484.9603271484375 13324
1752020863088 1861.401123046875 13325
1752020864040 1559.1651611328125 13326
1752020865000 1931.91943359375 13327
1752020865951 856.2694091796875 13328
1752020866905 1728.439208984375 13329
1752020867856 991.8850708007812 13330
1752020868815 1181.030029296875 13331
1752020869768 1514.756591796875 13332
1752020870722 1670.0345458984375 13333
1752020871674 970.9893798828125 13334
1752020872626 1202.8038330078125 13335
1752020873603 1453.03759765625 13336
1752020874589 1366.09033203125 13337
1752020875566 826.8933715820312 13338
1752020876517 644.7845458984375 13339
1752020877470 1244.851806640625 13340
1752020878425 945.456298828125 13341
1752020879381 1683.35498046875 13342
1752020880334 1937.801513671875 13343
1752020881296 1982.533935546875 13344
1752020882244 1104.44775390625 13345
1752020883196 811.9034423828125 13346
1752020884150 2451.91796875 13347
1752020885100 3245.8681640625 13348
1752020886059 1593.13037109375 13349
1752020887011 791.7288818359375 13350
1752020887965 1012.386474609375 13351
1752020888918 1533.6048583984375 13352
1752020889870 1660.873779296875 13353
1752020890821 725.2196044921875 13354
1752020891775 3688.65966796875 13355
1752020892726 1268.40234375 13356
1752020893679 1510.996826171875 13357
1752020894634 5880.947265625 13358
1752020895587 2672.12255859375 13359
1752020896540 4025.41748046875 13360
1752020897497 2366.185546875 13361
1752020898455 3298.034423828125 13362
1752020899417 924.194091796875 13363
1752020900373 816.9556884765625 13364
1752020901327 1604.420654296875 13365
1752020902282 1241.24609375 13366
1752020903239 822.054443359375 13367
1752020904199 1696.108642578125 13368
1752020905164 1535.63134765625 13369
1752020906117 2390.55712890625 13370
1752020907085 2597.140380859375 13371
1752020908041 2102.4208984375 13372
1752020909003 1519.5389404296875 13373
1752020909960 975.7681884765625 13374
1752020910914 1446.865966796875 13375
1752020911868 1009.437744140625 13376
1752020913436 4391.48681640625 13377
1752020914388 9003.22265625 13378
1752020915342 778.2584228515625 13379
1752020916297 2483.00048828125 13380
1752020917245 1713.0008544921875 13381
1752020918201 2381.80712890625 13382
1752020919159 1412.0777587890625 13383
1752020920117 2080.910888671875 13384
1752020921076 1281.157470703125 13385
1752020922030 1373.63330078125 13386
1752020922986 1402.487548828125 13387
1752020923941 1184.1483154296875 13388
1752020924899 2999.984619140625 13389
1752020925856 5049.75 13390
1752020926803 1572.664306640625 13391
1752020927761 1309.37109375 13392
1752020928718 1914.010009765625 13393
1752020929675 1590.307373046875 13394
1752020930628 1316.4942626953125 13395
1752020931588 3528.6259765625 13396
1752020932540 1234.29638671875 13397
1752020933499 1567.495361328125 13398
1752020934453 1242.1888427734375 13399
1752020935405 2182.02880859375 13400
1752020936362 1610.84619140625 13401
1752020937321 1023.5426025390625 13402
1752020938271 2280.7744140625 13403
1752020939223 1513.1502685546875 13404
1752020940180 1062.22216796875 13405
1752020941141 1162.8154296875 13406
1752020942098 1746.1097412109375 13407
1752020943052 1520.627685546875 13408
1752020944011 997.5926513671875 13409
1752020944967 1095.64453125 13410
1752020945923 1651.5611572265625 13411
1752020946877 2590.2109375 13412
1752020947835 1194.3328857421875 13413
1752020948790 1187.8895263671875 13414
1752020949744 1745.2152099609375 13415
1752020950722 1152.009521484375 13416
1752020951706 901.7740478515625 13417
1752020952689 1015.765869140625 13418
1752020953640 2049.842529296875 13419
1752020954604 1597.9208984375 13420
1752020955560 820.3427124023438 13421
1752020956515 1318.593994140625 13422
1752020957472 896.6089477539062 13423
1752020958424 752.8400268554688 13424
1752020959379 3488.83056640625 13425
1752020960333 1272.6873779296875 13426
1752020961284 1280.9912109375 13427
1752020962241 749.924072265625 13428
1752020963194 1131.434326171875 13429
1752020964152 1981.764892578125 13430
1752020965105 1784.451171875 13431
1752020966055 1434.5537109375 13432
1752020967009 1227.633544921875 13433
1752020967967 1700.657470703125 13434
1752020968920 1236.974365234375 13435
1752020969879 1321.022705078125 13436
1752020970832 1057.436279296875 13437
1752020971784 1394.2193603515625 13438
1752020972737 1002.470703125 13439
1752020973689 1506.607177734375 13440
1752020974643 1166.4591064453125 13441
1752020975602 1050.8458251953125 13442
1752020976558 890.2147827148438 13443
1752020977510 2022.2427978515625 13444
1752020978467 1534.0462646484375 13445
1752020979420 5018.03857421875 13446
1752020980372 1093.229736328125 13447
1752020981329 1616.946533203125 13448
1752020982286 1178.203369140625 13449
1752020983242 1256.4853515625 13450
1752020984196 821.6830444335938 13451
1752020985148 3634.728271484375 13452
1752020986102 1573.2799072265625 13453
1752020987055 1583.883056640625 13454
1752020988011 1334.320068359375 13455
1752020988963 712.8656005859375 13456
1752020989917 1313.526123046875 13457
1752020990870 2688.99169921875 13458
1752020991822 5690.439453125 13459
1752020992776 1192.457763671875 13460
1752020993727 1316.093505859375 13461
1752020994677 1201.361083984375 13462
1752020995661 1541.2510986328125 13463
1752020996647 1104.49658203125 13464
1752020997627 1444.4180908203125 13465
1752020998580 1092.6573486328125 13466
1752020999532 1692.4298095703125 13467
1752021000483 1119.8701171875 13468
1752021001437 1430.759521484375 13469
1752021002389 1958.75390625 13470
1752021003340 1192.49951171875 13471
1752021004290 1380.24658203125 13472
1752021005242 1140.387451171875 13473
1752021006198 1051.79296875 13474
1752021007151 999.61572265625 13475
1752021008101 1431.193115234375 13476
1752021009052 766.700439453125 13477
1752021010002 1415.885986328125 13478
1752021010952 2041.9033203125 13479
1752021011905 1022.962158203125 13480
1752021012857 782.4041137695312 13481
1752021013812 1223.5550537109375 13482
1752021014762 1509.2099609375 13483
1752021015713 876.6326904296875 13484
1752021016665 923.19189453125 13485
1752021017617 838.66357421875 13486
1752021018568 1221.83984375 13487
1752021019521 754.4820556640625 13488
1752021020473 885.88671875 13489
1752021021424 1194.1273193359375 13490
1752021022387 1563.5008544921875 13491
1752021023339 1063.61767578125 13492
1752021024297 971.5338745117188 13493
1752021025252 1001.353759765625 13494
1752021026205 1851.5015869140625 13495
1752021027157 1420.394287109375 13496
1752021028114 1011.5838623046875 13497
1752021029067 1217.8890380859375 13498
1752021030022 1791.876220703125 13499
1752021030980 1191.25 13500
1752021031933 2166.48291015625 13501
1752021033482 1377.0966796875 13502
1752021034439 2490.3134765625 13503
1752021035392 1346.208984375 13504
1752021036346 1205.677734375 13505
1752021037298 1029.098876953125 13506
1752021038248 740.9534912109375 13507
1752021039201 1379.7139892578125 13508
1752021040147 1235.8988037109375 13509
1752021041098 1057.702880859375 13510
1752021042055 1027.89794921875 13511
1752021043009 854.544921875 13512
1752021043962 698.7452392578125 13513
1752021044915 775.0672607421875 13514
1752021045865 1676.7459716796875 13515
1752021046820 1451.983642578125 13516
1752021047775 1495.103515625 13517
1752021048729 1358.7161865234375 13518
1752021049683 772.261962890625 13519
1752021050635 929.0126953125 13520
1752021051587 690.64501953125 13521
1752021052538 885.5703735351562 13522
1752021053495 1464.020263671875 13523
1752021054450 2265.28125 13524
1752021055400 811.7454223632812 13525
1752021056359 713.433349609375 13526
1752021057310 1068.81298828125 13527
1752021058269 1923.564208984375 13528
1752021059221 992.4521484375 13529
1752021060172 1154.14697265625 13530
1752021061137 1359.41748046875 13531
1752021062089 1251.975341796875 13532
1752021063047 853.807861328125 13533
1752021064000 1887.416015625 13534
1752021064953 1948.0181884765625 13535
1752021065907 1222.0478515625 13536
1752021066862 2092.71435546875 13537
1752021067814 1120.1319580078125 13538
1752021068771 1311.0360107421875 13539
1752021069732 1913.8194580078125 13540
1752021070686 1292.298583984375 13541
1752021071647 1306.597900390625 13542
1752021072603 965.9868774414062 13543
1752021073559 1401.8594970703125 13544
1752021074530 1852.2684326171875 13545
1752021075514 1171.114013671875 13546
1752021076496 951.9542846679688 13547
1752021077454 917.8707275390625 13548
1752021078407 931.3219604492188 13549
1752021079360 1788.18798828125 13550
1752021080313 1065.059326171875 13551
1752021081268 2832.072998046875 13552
1752021082224 1079.368896484375 13553
1752021083179 1675.847412109375 13554
1752021084134 824.083984375 13555
1752021085085 1115.60400390625 13556
1752021086037 1579.900390625 13557
1752021086987 1918.49462890625 13558
1752021087945 1410.146728515625 13559
1752021088907 939.7955322265625 13560
1752021089861 1084.317626953125 13561
1752021090814 813.0072021484375 13562
1752021091768 1647.1871337890625 13563
1752021092721 1513.539794921875 13564
1752021093676 885.9560546875 13565
1752021094628 728.8883056640625 13566
1752021095580 1534.10986328125 13567
1752021096532 1267.355712890625 13568
1752021097489 1683.9571533203125 13569
1752021098438 1591.89111328125 13570
1752021099392 3404.542236328125 13571
1752021100349 1217.55712890625 13572
1752021101305 836.2805786132812 13573
1752021102256 2266.489990234375 13574
1752021103209 1445.1103515625 13575
1752021104161 1112.083984375 13576
1752021105113 1447.148193359375 13577
1752021106065 942.807861328125 13578
1752021107024 1114.906005859375 13579
1752021107977 1229.0150146484375 13580
1752021108930 984.9447631835938 13581
1752021109882 1246.662841796875 13582
1752021110834 1254.8609619140625 13583
1752021111784 959.287109375 13584
1752021112737 1091.2144775390625 13585
1752021113693 2170.685791015625 13586
1752021114645 874.4918212890625 13587
1752021115598 1473.037109375 13588
1752021116552 1011.7406616210938 13589
1752021117524 2833.462890625 13590
1752021118508 826.8683471679688 13591
1752021119494 1036.363037109375 13592
1752021120448 1814.7349853515625 13593
1752021121411 1494.010986328125 13594
1752021122366 1252.8890380859375 13595
1752021123319 5354.07275390625 13596
1752021124274 966.305419921875 13597
1752021125225 1261.627685546875 13598
1752021126178 1577.555908203125 13599
1752021127133 854.50244140625 13600
1752021128084 1690.20458984375 13601
1752021129037 1178.697021484375 13602
1752021129990 1712.722412109375 13603
1752021130945 1252.378173828125 13604
1752021131893 1726.0155029296875 13605
1752021132848 1710.535400390625 13606
1752021133804 1692.408447265625 13607
1752021134759 874.909912109375 13608
1752021135714 1444.62841796875 13609
1752021136666 1013.5120849609375 13610
1752021137624 2223.728271484375 13611
1752021138576 1130.839599609375 13612
1752021139534 4333.7548828125 13613
1752021140493 1282.552001953125 13614
1752021141446 1593.9215087890625 13615
1752021142401 1498.327880859375 13616
1752021143352 1532.2919921875 13617
1752021144314 1629.7828369140625 13618
1752021145266 1389.196044921875 13619
1752021146221 1451.092041015625 13620
1752021147177 1083.7144775390625 13621
1752021148128 1012.9219360351562 13622
1752021149080 816.464111328125 13623
1752021150043 914.8956298828125 13624
1752021151002 906.8601684570312 13625
1752021151961 1501.6044921875 13626
1752021153521 1308.0233154296875 13627
1752021154477 1505.58154296875 13628
1752021155431 783.4605712890625 13629
1752021156383 1200.093505859375 13630
1752021157341 1012.99609375 13631
1752021158295 1834.54150390625 13632
1752021159248 1294.90966796875 13633
1752021160201 1137.7589111328125 13634
1752021161154 1425.8575439453125 13635
1752021162113 1556.5655517578125 13636
1752021163069 913.964599609375 13637
1752021164019 911.8663330078125 13638
1752021164975 1020.8468017578125 13639
1752021165926 1343.2767333984375 13640
1752021166880 1129.8907470703125 13641
1752021167830 1140.406005859375 13642
1752021168783 844.976806640625 13643
1752021169738 1226.908447265625 13644
1752021170692 1198.609619140625 13645
1752021171643 1030.28125 13646
1752021172597 992.0606689453125 13647
1752021173556 1016.6985473632812 13648
1752021174518 933.2542724609375 13649
1752021175472 778.1158447265625 13650
1752021176424 1055.13720703125 13651
1752021177377 682.7671508789062 13652
1752021178334 1730.98681640625 13653
1752021179288 1142.1163330078125 13654
1752021180239 1901.94091796875 13655
1752021181206 1445.645263671875 13656
1752021182163 940.7277221679688 13657
1752021183113 989.3433227539062 13658
1752021184071 921.0146484375 13659
1752021185024 630.0507202148438 13660
1752021185977 1079.704345703125 13661
1752021186930 1350.775146484375 13662
1752021187882 1820.5283203125 13663
1752021188833 874.312744140625 13664
1752021189786 666.0703735351562 13665
1752021190737 2448.19287109375 13666
1752021191687 1786.74658203125 13667
1752021192642 1669.1156005859375 13668
1752021193596 1027.7109375 13669
1752021194546 1221.34716796875 13670
1752021195500 1918.1844482421875 13671
1752021196453 995.7325439453125 13672
1752021197406 1274.3587646484375 13673
1752021198360 1186.754638671875 13674
1752021199312 1753.478759765625 13675
1752021200264 821.3797607421875 13676
1752021201220 704.5855712890625 13677
1752021202168 1627.0174560546875 13678
1752021203125 1095.327880859375 13679
1752021204082 4940.46484375 13680
1752021205036 1136.6533203125 13681
1752021205991 2621.705810546875 13682
1752021206941 1749.7412109375 13683
1752021207892 1431.33251953125 13684
1752021208845 1080.05859375 13685
1752021209798 1164.827392578125 13686
1752021210748 1053.338134765625 13687
1752021211700 1294.740234375 13688
1752021212663 1033.8804931640625 13689
1752021213615 1680.5830078125 13690
1752021214569 2345.002685546875 13691
1752021215521 1707.8154296875 13692
1752021216478 2462.8115234375 13693
1752021217435 2876.817626953125 13694
1752021218393 1261.294677734375 13695
1752021219345 1577.1700439453125 13696
1752021220299 1488.1787109375 13697
1752021221249 1118.263671875 13698
1752021222206 2677.030029296875 13699
1752021223158 1331.5430908203125 13700
1752021224112 2147.43017578125 13701
1752021225066 1575.812255859375 13702
1752021226021 1908.1494140625 13703
1752021226979 1046.083984375 13704
1752021227931 1003.475830078125 13705
1752021228881 1008.3078002929688 13706
1752021229836 1255.225341796875 13707
1752021230788 1477.612548828125 13708
1752021231740 1722.694091796875 13709
1752021232693 1131.6783447265625 13710
1752021233647 1436.3951416015625 13711
1752021234599 1643.63916015625 13712
1752021235554 1235.44921875 13713
1752021236507 2421.852783203125 13714
1752021237460 973.948486328125 13715
1752021238415 830.4597778320312 13716
1752021239384 830.8253173828125 13717
1752021240369 1065.633056640625 13718
1752021241366 1330.5037841796875 13719
1752021242318 4439.291015625 13720
1752021243271 1132.819580078125 13721
1752021244227 4820.0859375 13722
1752021245175 1940.305908203125 13723
1752021246130 1124.2713623046875 13724
1752021247085 4416.96044921875 13725
1752021248038 2681.6015625 13726
1752021248993 1193.98779296875 13727
1752021249944 1260.564208984375 13728
1752021250899 1459.7139892578125 13729
1752021251849 1110.296875 13730
1752021252807 1326.1978759765625 13731
1752021253763 3508.21337890625 13732
1752021254715 2558.2412109375 13733
1752021255670 2396.8037109375 13734
1752021256622 1640.83642578125 13735
1752021257576 1255.1611328125 13736
1752021258536 1711.442626953125 13737
1752021259488 1827.3018798828125 13738
1752021260446 2620.2900390625 13739
1752021261399 1411.93798828125 13740
1752021262348 1631.6552734375 13741
1752021263304 2548.95166015625 13742
1752021264259 2458.68701171875 13743
1752021265209 2500.269775390625 13744
1752021266167 1244.794677734375 13745
1752021267118 1126.64794921875 13746
1752021268077 1715.02734375 13747
1752021269027 990.5028076171875 13748
1752021269979 1487.510986328125 13749
1752021270936 1423.415283203125 13750
1752021271891 1072.914794921875 13751
1752021273443 1188.3218994140625 13752
1752021274401 1126.6224365234375 13753
1752021275357 931.8075561523438 13754
1752021276316 1118.1356201171875 13755
1752021277274 1112.3779296875 13756
1752021278226 1297.20849609375 13757
1752021279183 859.54931640625 13758
1752021280137 1451.470458984375 13759
1752021281090 830.7733764648438 13760
1752021282044 1190.794189453125 13761
1752021283001 1413.1915283203125 13762
1752021283955 1475.3115234375 13763
1752021284909 1430.873779296875 13764
1752021285862 1305.6033935546875 13765
1752021286815 1876.298095703125 13766
1752021287769 902.0142211914062 13767
1752021288730 1330.3033447265625 13768
1752021289683 912.5531616210938 13769
1752021290633 892.9716796875 13770
1752021291590 1106.5167236328125 13771
1752021292547 2044.1536865234375 13772
1752021293497 1750.808837890625 13773
1752021294449 1469.1639404296875 13774
1752021295405 1237.018798828125 13775
1752021296359 1671.474853515625 13776
1752021297323 2609.7216796875 13777
1752021298276 1075.957275390625 13778
1752021299229 910.7943115234375 13779
1752021300185 1373.067626953125 13780
1752021301145 1258.523193359375 13781
1752021302106 1298.3519287109375 13782
1752021303060 1064.0093994140625 13783
1752021304018 2082.220703125 13784
1752021304972 1963.699951171875 13785
1752021305926 1150.327392578125 13786
1752021306882 986.021240234375 13787
1752021307841 1003.6889038085938 13788
1752021308794 1319.031005859375 13789
1752021309747 1395.29345703125 13790
1752021310707 1145.717529296875 13791
1752021311664 1308.7696533203125 13792
1752021312617 2289.68408203125 13793
1752021313571 1548.5283203125 13794
1752021314526 1155.65625 13795
1752021315481 716.391845703125 13796
1752021316434 1847.05615234375 13797
1752021317388 1065.8006591796875 13798
1752021318343 1114.041259765625 13799
1752021319296 999.0709228515625 13800
1752021320247 1042.2568359375 13801
1752021321202 748.70556640625 13802
1752021322158 939.743408203125 13803
1752021323149 2610.7197265625 13804
1752021324143 3428.8017578125 13805
1752021325104 2185.752685546875 13806
1752021326061 994.9114379882812 13807
1752021327013 1205.9537353515625 13808
1752021327965 844.7802734375 13809
1752021328916 879.7142333984375 13810
1752021329871 2335.602294921875 13811
1752021330827 1245.796142578125 13812
1752021331777 930.1776123046875 13813
1752021332730 1829.5 13814
1752021333687 1475.427001953125 13815
1752021334641 1220.222412109375 13816
1752021335592 1278.6060791015625 13817
1752021336546 1441.542724609375 13818
1752021337500 1274.525390625 13819
1752021338454 9658.5458984375 13820
1752021339407 655.6600341796875 13821
1752021340358 1222.9139404296875 13822
1752021341311 1116.552978515625 13823
1752021342264 2233.648193359375 13824
1752021343220 1490.140625 13825
1752021344173 1009.4783325195312 13826
1752021345128 3068.957275390625 13827
1752021346079 1866.535400390625 13828
1752021347031 2585.73046875 13829
1752021347985 1560.83349609375 13830
1752021348937 956.0181884765625 13831
1752021349887 3209.833984375 13832
1752021350840 958.8770751953125 13833
1752021351792 2676.8173828125 13834
1752021352741 1735.2359619140625 13835
1752021353692 2312.0947265625 13836
1752021354646 1458.43896484375 13837
1752021355596 1596.31591796875 13838
1752021356554 2792.495361328125 13839
1752021357512 1916.82763671875 13840
1752021358464 2179.197265625 13841
1752021359414 882.333740234375 13842
1752021360364 5308.435546875 13843
1752021361336 2523.41162109375 13844
1752021362312 1311.255126953125 13845
1752021363305 1468.5865478515625 13846
1752021364257 1067.05859375 13847
1752021365211 2152.3974609375 13848
1752021366163 2666.92431640625 13849
1752021367114 3277.4296875 13850
1752021368065 2157.825927734375 13851
1752021369016 1430.387451171875 13852
1752021369970 1532.4375 13853
1752021370923 1100.4368896484375 13854
1752021371870 3434.107421875 13855
1752021372826 2056.0654296875 13856
1752021373779 1370.255615234375 13857
1752021374732 2020.7572021484375 13858
1752021375687 967.6165161132812 13859
1752021376637 1140.6436767578125 13860
1752021377593 2662.59033203125 13861
1752021378547 1280.6708984375 13862
1752021379503 755.4579467773438 13863
1752021380457 1641.634521484375 13864
1752021381418 1477.2347412109375 13865
1752021382369 1839.589599609375 13866
1752021383326 2341.4541015625 13867
1752021384282 2150.2109375 13868
1752021385236 2276.195068359375 13869
1752021386186 3039.939453125 13870
1752021387143 1355.5592041015625 13871
1752021388106 2056.2119140625 13872
1752021389056 1066.1630859375 13873
1752021390009 1190.41650390625 13874
1752021390971 3054.790771484375 13875
1752021391927 789.5814208984375 13876
1752021393498 980.4879150390625 13877
1752021394449 1471.336669921875 13878
1752021395410 2194.457763671875 13879
1752021396373 1988.6092529296875 13880
1752021397330 977.661865234375 13881
1752021398286 1106.561767578125 13882
1752021399239 1697.653076171875 13883
1752021400204 1174.9398193359375 13884
1752021401156 1201.843505859375 13885
1752021402114 2164.400146484375 13886
1752021403068 2413.2060546875 13887
1752021404019 1727.1591796875 13888
1752021404973 1866.986083984375 13889
1752021405930 1597.548095703125 13890
1752021406887 783.9969482421875 13891
1752021407844 2060.797607421875 13892
1752021408806 2445.06103515625 13893
1752021409762 1111.9295654296875 13894
1752021410719 1504.977294921875 13895
1752021411676 1129.3387451171875 13896
1752021412628 1192.2623291015625 13897
1752021413579 1281.2933349609375 13898
1752021414534 1831.9296875 13899
1752021415494 1110.93505859375 13900
1752021416453 1511.5816650390625 13901
1752021417406 2497.59326171875 13902
1752021418375 12337.0888671875 13903
1752021419329 880.3284301757812 13904
1752021420284 1632.5673828125 13905
1752021421246 2510.927978515625 13906
1752021422202 1412.9163818359375 13907
1752021423155 1384.1461181640625 13908
1752021424111 1928.818603515625 13909
1752021425070 3184.41064453125 13910
1752021426025 1365.2724609375 13911
1752021426975 1729.900146484375 13912
1752021427933 2253.361083984375 13913
1752021428894 1595.4356689453125 13914
1752021429848 3237.989990234375 13915
1752021430811 1107.7490234375 13916
1752021431765 1282.98388671875 13917
1752021432726 1677.5736083984375 13918
1752021433684 1740.58203125 13919
1752021434643 3094.357421875 13920
1752021435596 4129.359375 13921
1752021436551 2134.86181640625 13922
1752021437505 1497.7923583984375 13923
1752021438457 2385.71728515625 13924
1752021439411 2707.94091796875 13925
1752021440365 1941.3955078125 13926
1752021441322 1258.4940185546875 13927
1752021442281 4296.7578125 13928
1752021443234 2358.314453125 13929
1752021444186 1782.7080078125 13930
1752021445137 3618.919921875 13931
1752021446091 2268.975830078125 13932
1752021447046 1777.021728515625 13933
1752021448007 4069.8212890625 13934
1752021448968 1739.263671875 13935
1752021449921 1593.0 13936
1752021450873 1407.552490234375 13937
1752021451833 2783.837646484375 13938
1752021452792 1532.8292236328125 13939
1752021453755 2666.42578125 13940
1752021454712 2224.61669921875 13941
1752021455672 1858.329833984375 13942
1752021456619 1988.3671875 13943
1752021457576 2101.738037109375 13944
1752021458532 1632.7825927734375 13945
1752021459489 2110.169921875 13946
1752021460519 1171.264892578125 13947
1752021461480 1340.6146240234375 13948
1752021462436 1021.040771484375 13949
1752021463395 1662.206298828125 13950
1752021464353 2110.259033203125 13951
1752021465308 1438.379638671875 13952
1752021466263 1945.703125 13953
1752021467217 3186.906005859375 13954
1752021468167 2844.48876953125 13955
1752021469115 1071.250732421875 13956
1752021470068 2113.51611328125 13957
1752021471022 1458.779541015625 13958
1752021471974 950.3778076171875 13959
1752021472924 933.415283203125 13960
1752021473877 1749.601806640625 13961
1752021474834 2048.482421875 13962
1752021475785 1226.287353515625 13963
1752021476735 1802.099853515625 13964
1752021477686 2231.09130859375 13965
1752021478640 1689.4521484375 13966
1752021479592 1473.3309326171875 13967
1752021480548 1557.457275390625 13968
1752021481502 1322.76611328125 13969
1752021482456 1645.0517578125 13970
1752021483424 1003.3681640625 13971
1752021484412 2053.06884765625 13972
1752021485399 1179.310791015625 13973
1752021486351 801.6614379882812 13974
1752021487305 1922.945068359375 13975
1752021488256 1036.902099609375 13976
1752021489207 1262.937255859375 13977
1752021490160 1241.589111328125 13978
1752021491110 1041.65478515625 13979
1752021492064 1526.155029296875 13980
1752021493016 1753.27587890625 13981
1752021493969 686.8564453125 13982
1752021494926 1877.8251953125 13983
1752021495874 1810.9617919921875 13984
1752021496829 1119.8905029296875 13985
1752021497788 1001.7508544921875 13986
1752021498745 1101.19580078125 13987
1752021499706 995.624267578125 13988
1752021500661 1163.3843994140625 13989
1752021501621 974.4075927734375 13990
1752021502577 1235.841064453125 13991
1752021503532 999.9658203125 13992
1752021504486 949.4124145507812 13993
1752021505438 1664.72900390625 13994
1752021506398 1362.04541015625 13995
1752021507354 1940.9091796875 13996
1752021508303 2315.191650390625 13997
1752021509260 829.8040771484375 13998
1752021510219 707.2238159179688 13999
1752021511172 1427.525634765625 14000
1752021512124 807.5403442382812 14001
1752021513731 1050.266845703125 14002
1752021514687 1799.1300048828125 14003
1752021515644 1578.4539794921875 14004
1752021516599 1187.39013671875 14005
1752021517559 908.740234375 14006
1752021518517 1117.037841796875 14007
1752021519470 1572.853515625 14008
1752021520430 1923.6182861328125 14009
1752021521382 1018.466552734375 14010
1752021522338 1627.55078125 14011
1752021523292 966.7880859375 14012
1752021524247 1175.30224609375 14013
1752021525197 1000.6102294921875 14014
1752021526163 2125.395263671875 14015
1752021527118 1093.179931640625 14016
1752021528070 1970.4285888671875 14017
1752021529031 1984.5015869140625 14018
1752021529985 1077.6593017578125 14019
1752021530938 722.844482421875 14020
1752021531894 834.7538452148438 14021
1752021532851 1744.23193359375 14022
1752021533809 1058.973876953125 14023
1752021534771 1283.4739990234375 14024
1752021535723 1953.507080078125 14025
1752021536680 1266.6439208984375 14026
1752021537632 1883.766845703125 14027
1752021538591 1141.153076171875 14028
1752021539551 926.0042114257812 14029
1752021540516 1190.2623291015625 14030
1752021541481 1250.345947265625 14031
1752021542437 1371.27978515625 14032
1752021543388 1653.624755859375 14033
1752021544350 1329.31689453125 14034
1752021545307 927.9427490234375 14035
1752021546263 1341.52880859375 14036
1752021547224 1367.111572265625 14037
1752021548177 869.10986328125 14038
1752021549130 1058.949951171875 14039
1752021550084 813.4376220703125 14040
1752021551042 1512.256591796875 14041
1752021551996 970.2749633789062 14042
1752021552951 1385.405517578125 14043
1752021553906 983.1158447265625 14044
1752021554860 846.9710693359375 14045
1752021555823 966.0159912109375 14046
1752021556777 1087.073486328125 14047
1752021557727 1426.569091796875 14048
1752021558683 2507.333740234375 14049
1752021559642 2629.5029296875 14050
1752021560599 1049.305419921875 14051
1752021561552 1423.1072998046875 14052
1752021562515 1740.439697265625 14053
1752021563479 877.7716064453125 14054
1752021564439 1348.595703125 14055
1752021565395 1375.60009765625 14056
1752021566358 3085.19921875 14057
1752021567315 1630.800537109375 14058
1752021568279 1154.01171875 14059
1752021569235 1336.78271484375 14060
1752021570190 1358.3209228515625 14061
1752021571150 935.64013671875 14062
1752021572099 943.6605224609375 14063
1752021573054 1182.8553466796875 14064
1752021574009 649.8634033203125 14065
1752021574965 1035.11865234375 14066
1752021575918 1133.1058349609375 14067
1752021576875 1018.5812377929688 14068
1752021577834 1053.642822265625 14069
1752021578792 845.563720703125 14070
1752021579747 1610.8651123046875 14071
1752021580704 851.5108642578125 14072
1752021581653 1838.161865234375 14073
1752021582609 1366.4541015625 14074
1752021583570 1291.2828369140625 14075
1752021584528 925.3947143554688 14076
1752021585494 1474.320556640625 14077
1752021586451 838.9425048828125 14078
1752021587401 1476.9029541015625 14079
1752021588354 1214.66943359375 14080
1752021589304 4079.80517578125 14081
1752021590260 928.4967651367188 14082
1752021591213 1401.14208984375 14083
1752021592167 1487.541015625 14084
1752021593121 1558.838623046875 14085
1752021594075 1656.259033203125 14086
1752021595028 2408.13671875 14087
1752021595983 1082.49462890625 14088
1752021596938 1320.94775390625 14089
1752021597903 1755.791748046875 14090
1752021598858 1613.820068359375 14091
1752021599817 1608.4554443359375 14092
1752021600775 2036.025634765625 14093
1752021601736 7785.9462890625 14094
1752021602687 1035.64794921875 14095
1752021603639 1496.142333984375 14096
1752021604592 2450.138916015625 14097
1752021605569 1739.012939453125 14098
1752021606551 1417.3193359375 14099
1752021607543 3173.31787109375 14100
1752021608497 2716.17724609375 14101
1752021609447 1558.12158203125 14102
1752021610402 1122.64501953125 14103
1752021611355 1695.6414794921875 14104
1752021612310 5868.14404296875 14105
1752021613260 1670.6829833984375 14106
1752021614214 1936.96875 14107
1752021615164 1358.6103515625 14108
1752021616118 3380.6376953125 14109
1752021617070 1267.99365234375 14110
1752021618022 6397.24267578125 14111
1752021618983 1499.486083984375 14112
1752021619936 1246.25537109375 14113
1752021620890 2206.61669921875 14114
1752021621846 1576.092041015625 14115
1752021622800 2054.079833984375 14116
1752021623756 2346.96923828125 14117
1752021624711 1742.7005615234375 14118
1752021625666 1552.61181640625 14119
1752021626619 1255.65869140625 14120
1752021627575 1227.25 14121
1752021628535 2366.10205078125 14122
1752021629498 3132.94775390625 14123
1752021630458 1168.944580078125 14124
1752021631417 2042.74755859375 14125
1752021632375 4475.908203125 14126
1752021633950 1668.236572265625 14127
1752021634907 2190.395263671875 14128
1752021635865 1529.66748046875 14129
1752021636826 1367.68603515625 14130
1752021637785 1154.766845703125 14131
1752021638746 21028.07421875 14132
1752021639701 1252.3211669921875 14133
1752021640655 1690.888916015625 14134
1752021641611 2106.03125 14135
1752021642573 54083.25 14136
1752021643531 3364.8671875 14137
1752021644488 1261.66259765625 14138
1752021645444 1593.27685546875 14139
1752021646396 1501.11865234375 14140
1752021647351 4150.57958984375 14141
1752021648318 2129.816650390625 14142
1752021649276 2770.0244140625 14143
1752021650234 2742.015380859375 14144
1752021651189 1711.541015625 14145
1752021652148 1549.358642578125 14146
1752021653112 3347.261962890625 14147
1752021654068 2115.22705078125 14148
1752021655026 2097.3427734375 14149
1752021655979 6309.69189453125 14150
1752021656943 2243.6337890625 14151
1752021657897 2519.38134765625 14152
1752021658851 3378.95263671875 14153
1752021659816 3256.1240234375 14154
1752021660787 1285.740478515625 14155
1752021661747 2466.679931640625 14156
1752021662708 2042.42822265625 14157
1752021663668 2200.7080078125 14158
1752021664625 1611.4464111328125 14159
1752021665576 3319.7294921875 14160
1752021666529 1534.5899658203125 14161
1752021667492 1511.25537109375 14162
1752021668443 977.8980712890625 14163
1752021669397 1092.596923828125 14164
1752021670354 1267.21240234375 14165
1752021671312 2415.2177734375 14166
1752021672263 1144.688720703125 14167
1752021673219 2351.146240234375 14168
1752021674170 1676.71875 14169
1752021675120 1770.6209716796875 14170
1752021676081 2710.8701171875 14171
1752021677036 2550.126708984375 14172
1752021677990 2296.904296875 14173
1752021678943 1207.72900390625 14174
1752021679899 1303.488525390625 14175
1752021680853 1527.797607421875 14176
1752021681804 2744.904541015625 14177
1752021682757 1660.42626953125 14178
1752021683713 1321.465576171875 14179
1752021684664 1838.5780029296875 14180
1752021685617 2734.776611328125 14181
1752021686568 987.796630859375 14182
1752021687522 2127.035888671875 14183
1752021688477 1112.44384765625 14184
1752021689446 1350.666748046875 14185
1752021690400 2026.67333984375 14186
1752021691355 1430.7724609375 14187
1752021692312 944.0922241210938 14188
1752021693268 1488.3631591796875 14189
1752021694229 1067.478271484375 14190
1752021695220 1555.953857421875 14191
1752021696214 1158.920654296875 14192
1752021697169 2041.636474609375 14193
1752021698124 1291.6331787109375 14194
1752021699077 1010.349609375 14195
1752021700033 1774.807861328125 14196
1752021700985 1101.334228515625 14197
1752021701944 862.114013671875 14198
1752021702894 1982.8507080078125 14199
1752021703847 1301.467041015625 14200
1752021704804 1453.252197265625 14201
1752021705754 1555.539306640625 14202
1752021706706 964.315185546875 14203
1752021707662 1871.103271484375 14204
1752021708620 1016.70654296875 14205
1752021709572 1898.353515625 14206
1752021710525 2123.820068359375 14207
1752021711478 853.01806640625 14208
1752021712431 1232.249267578125 14209
1752021713386 969.766845703125 14210
1752021714337 2180.135986328125 14211
1752021715289 3335.8388671875 14212
1752021716240 1072.906494140625 14213
1752021717195 2273.619873046875 14214
1752021718146 2466.005126953125 14215
1752021719104 925.145263671875 14216
1752021720058 2532.07080078125 14217
1752021721015 1084.410400390625 14218
1752021721972 1002.6409301757812 14219
1752021722925 1218.50390625 14220
1752021723875 1196.13037109375 14221
1752021724832 1020.52392578125 14222
1752021725783 1622.57568359375 14223
1752021726735 824.764404296875 14224
1752021727685 4892.5556640625 14225
1752021728676 1262.7255859375 14226
1752021729663 1260.4951171875 14227
1752021730632 1086.83935546875 14228
1752021731582 1112.7581787109375 14229
1752021732535 1938.2060546875 14230
1752021733489 1519.1259765625 14231
1752021734442 2765.65283203125 14232
1752021735395 2540.729248046875 14233
1752021736343 1665.45654296875 14234
1752021737301 1335.95849609375 14235
1752021738256 1067.059814453125 14236
1752021739215 2095.59130859375 14237
1752021740169 1171.1905517578125 14238
1752021741128 2366.160888671875 14239
1752021742087 1365.81884765625 14240
1752021743043 1005.9931640625 14241
1752021743998 1247.4368896484375 14242
1752021744950 980.940185546875 14243
1752021745908 1539.700439453125 14244
1752021746873 944.9176025390625 14245
1752021747837 822.0848388671875 14246
1752021748790 1241.0751953125 14247
1752021749745 1259.4501953125 14248
1752021750705 1091.40087890625 14249
1752021751656 1736.334716796875 14250
1752021752620 1498.950927734375 14251
1752021754196 1888.83544921875 14252
1752021755152 15036.2802734375 14253
1752021756105 1270.1484375 14254
1752021757065 1251.6783447265625 14255
1752021758032 1751.171142578125 14256
1752021758989 2334.31005859375 14257
1752021759947 2733.83447265625 14258
1752021760909 1128.436767578125 14259
1752021761861 1298.912841796875 14260
1752021762816 2152.735595703125 14261
1752021763776 1145.9896240234375 14262
1752021764728 1853.0185546875 14263
1752021765681 1597.534423828125 14264
1752021766640 1901.5780029296875 14265
1752021767598 1326.7410888671875 14266
1752021768557 1364.0836181640625 14267
1752021769513 1409.3321533203125 14268
1752021770472 1766.2308349609375 14269
1752021771428 957.745361328125 14270
1752021772382 1213.0867919921875 14271
1752021773346 1156.40380859375 14272
1752021774306 1645.0106201171875 14273
1752021775260 1271.380615234375 14274
1752021776216 1488.86572265625 14275
1752021777169 3092.626708984375 14276
1752021778126 1778.126953125 14277
1752021779082 1712.12939453125 14278
1752021780037 1032.77978515625 14279
1752021780996 1273.54736328125 14280
1752021781951 1991.355712890625 14281
1752021782907 1394.044677734375 14282
1752021783858 1004.31298828125 14283
1752021784816 2722.3896484375 14284
1752021785769 2150.77294921875 14285
1752021786722 1023.2687377929688 14286
1752021787674 1001.3660888671875 14287
1752021788630 909.4659423828125 14288
1752021789585 1961.3206787109375 14289
1752021790539 1229.228515625 14290
1752021791491 1059.501708984375 14291
1752021792443 1483.65576171875 14292
1752021793393 804.4365844726562 14293
1752021794349 1328.825439453125 14294
1752021795302 1383.560546875 14295
1752021796261 1088.0777587890625 14296
1752021797217 1278.191162109375 14297
1752021798172 1289.6551513671875 14298
1752021799125 997.269287109375 14299
1752021800081 1330.78955078125 14300
1752021801034 1199.36328125 14301
1752021801988 994.2067260742188 14302
1752021802942 775.442626953125 14303
1752021803895 740.6417846679688 14304
1752021804846 4994.7802734375 14305
1752021805798 2599.585693359375 14306
1752021806753 754.3634643554688 14307
1752021807707 1367.466796875 14308
1752021808659 1987.112060546875 14309
1752021809616 892.158935546875 14310
1752021810570 1924.163330078125 14311
1752021811520 1032.1422119140625 14312
1752021812470 1338.4498291015625 14313
1752021813422 1352.7568359375 14314
1752021814380 1165.052001953125 14315
1752021815332 793.0223388671875 14316
1752021816285 2010.632568359375 14317
1752021817236 1062.73291015625 14318
1752021818189 1140.6390380859375 14319
1752021819141 864.7838134765625 14320
1752021820093 1061.01318359375 14321
1752021821043 1891.4183349609375 14322
1752021821998 703.241943359375 14323
1752021822952 1707.00830078125 14324
1752021823908 1012.73486328125 14325
1752021824858 736.5802001953125 14326
1752021825809 1259.139892578125 14327
1752021826762 1846.531982421875 14328
1752021827719 1633.4873046875 14329
1752021828671 1613.58837890625 14330
1752021829621 1577.534423828125 14331
1752021830576 1173.3045654296875 14332
1752021831529 820.6265869140625 14333
1752021832481 975.7213134765625 14334
1752021833436 1282.341796875 14335
1752021834385 1114.072021484375 14336
1752021835337 1776.91650390625 14337
1752021836287 1136.763916015625 14338
1752021837239 1108.486572265625 14339
1752021838189 1263.31982421875 14340
1752021839142 1420.898193359375 14341
1752021840097 914.8594970703125 14342
1752021841056 1254.979736328125 14343
1752021842006 4264.63818359375 14344
1752021842956 2212.494140625 14345
1752021843906 1004.0402221679688 14346
1752021844864 946.0902709960938 14347
1752021845817 843.3917846679688 14348
1752021846768 1897.90673828125 14349
1752021847721 753.8814086914062 14350
1752021848673 872.43896484375 14351
1752021849651 913.744873046875 14352
1752021850633 1149.2147216796875 14353
1752021851616 994.8819580078125 14354
1752021852568 771.103271484375 14355
1752021853520 944.444091796875 14356
1752021854474 1641.8912353515625 14357
1752021855428 1688.925048828125 14358
1752021856380 1543.718505859375 14359
1752021857333 748.745849609375 14360
1752021858284 1239.656982421875 14361
1752021859247 1510.6827392578125 14362
1752021860197 744.9788818359375 14363
1752021861155 727.2822265625 14364
1752021862108 1235.868896484375 14365
1752021863060 1690.3177490234375 14366
1752021864020 789.739990234375 14367
1752021864976 1075.404541015625 14368
1752021865929 618.6511840820312 14369
1752021866879 981.5975341796875 14370
1752021867833 1240.125244140625 14371
1752021868793 686.4620361328125 14372
1752021869749 1539.3759765625 14373
1752021870703 1477.72021484375 14374
1752021871651 1575.03955078125 14375
1752021872611 2178.22216796875 14376
1752021874152 2146.715576171875 14377
1752021875108 1275.7607421875 14378
1752021876060 1112.1458740234375 14379
1752021877009 866.5537719726562 14380
1752021877960 921.620849609375 14381
1752021878911 1274.974609375 14382
1752021879864 1233.8990478515625 14383
1752021880818 2460.23388671875 14384
1752021881775 3686.96826171875 14385
1752021882727 1231.486572265625 14386
1752021883688 1124.299072265625 14387
1752021884639 2700.3193359375 14388
1752021885591 1104.76123046875 14389
1752021886545 1349.0772705078125 14390
1752021887499 1157.939453125 14391
1752021888454 884.3387451171875 14392
1752021889409 2102.425048828125 14393
1752021890362 1852.007080078125 14394
1752021891319 1137.990966796875 14395
1752021892269 728.6337890625 14396
1752021893226 1232.35791015625 14397
1752021894181 1049.4254150390625 14398
1752021895136 1122.89501953125 14399
1752021896085 1105.560791015625 14400
1752021897040 762.587158203125 14401
1752021897994 678.4487915039062 14402
1752021898948 1143.8419189453125 14403
1752021899902 982.9183349609375 14404
1752021900860 824.3674926757812 14405
1752021901834 1024.7462158203125 14406
1752021902790 1323.8148193359375 14407
1752021903745 2167.94775390625 14408
1752021904701 1114.48876953125 14409
1752021905654 1978.1307373046875 14410
1752021906619 1081.9127197265625 14411
1752021907576 1341.020263671875 14412
1752021908530 1267.4990234375 14413
1752021909494 1339.5400390625 14414
1752021910447 2114.90966796875 14415
1752021911400 1331.423095703125 14416
1752021912351 1142.2666015625 14417
1752021913300 2444.75927734375 14418
1752021914261 1534.497314453125 14419
1752021915216 1216.365966796875 14420
1752021916173 1210.4971923828125 14421
1752021917130 2927.41748046875 14422
1752021918085 1754.3773193359375 14423
1752021919042 746.1699829101562 14424
1752021919993 1989.630859375 14425
1752021920947 848.3273315429688 14426
1752021921901 2213.78662109375 14427
1752021922854 1513.45068359375 14428
1752021923804 2000.627685546875 14429
1752021924758 1481.2379150390625 14430
1752021925712 1165.93505859375 14431
1752021926666 1004.38330078125 14432
1752021927616 1220.6685791015625 14433
1752021928569 1632.368408203125 14434
1752021929525 1179.39208984375 14435
1752021930489 1220.8585205078125 14436
1752021931447 989.7574462890625 14437
1752021932402 1638.6610107421875 14438
1752021933355 965.417724609375 14439
1752021934310 1246.1815185546875 14440
1752021935262 1732.9114990234375 14441
1752021936218 1231.259033203125 14442
1752021937174 1707.171142578125 14443
1752021938130 973.267333984375 14444
1752021939081 1030.209716796875 14445
1752021940033 1489.237548828125 14446
1752021940987 3059.643798828125 14447
1752021941938 1242.062255859375 14448
1752021942892 897.09521484375 14449
1752021943844 1081.580078125 14450
1752021944800 1776.377685546875 14451
1752021945755 1149.61572265625 14452
1752021946709 736.0789794921875 14453
1752021947660 1532.600830078125 14454
1752021948612 1193.039794921875 14455
1752021949563 1671.3328857421875 14456
1752021950514 1174.76025390625 14457
1752021951470 1357.677001953125 14458
1752021952419 801.8428344726562 14459
1752021953376 1465.8773193359375 14460
1752021954332 1065.98046875 14461
1752021955284 1143.8409423828125 14462
1752021956234 966.625 14463
1752021957185 883.8033447265625 14464
1752021958139 2340.277099609375 14465
1752021959093 1829.4189453125 14466
1752021960046 1672.632568359375 14467
1752021961006 1615.916748046875 14468
1752021961967 860.1422119140625 14469
1752021962921 1339.3089599609375 14470
1752021963872 1726.08544921875 14471
1752021964825 765.388916015625 14472
1752021965779 1736.6370849609375 14473
1752021966733 710.963134765625 14474
1752021967685 8493.34765625 14475
1752021968639 926.7801513671875 14476
1752021969591 2890.00146484375 14477
1752021970543 7732.06640625 14478
1752021971519 1212.126953125 14479
1752021972502 1439.198486328125 14480
1752021973494 1522.4132080078125 14481
1752021974448 2021.56884765625 14482
1752021975401 2012.5250244140625 14483
1752021976353 1361.04931640625 14484
1752021977301 1646.0556640625 14485
1752021978251 2664.41796875 14486
1752021979204 1415.632080078125 14487
1752021980157 1269.8389892578125 14488
1752021981110 1903.4139404296875 14489
1752021982063 1293.302490234375 14490
1752021983015 1567.072021484375 14491
1752021983968 1037.490966796875 14492
1752021984920 1230.40478515625 14493
1752021985872 1335.023193359375 14494
1752021986828 1576.2236328125 14495
1752021987788 1644.0325927734375 14496
1752021988747 1222.20263671875 14497
1752021989701 1616.684326171875 14498
1752021990654 801.5014038085938 14499
1752021991606 853.11279296875 14500
1752021992557 1889.45849609375 14501
1752021994096 1624.971923828125 14502
1752021995055 1158.2437744140625 14503
1752021996015 1136.796142578125 14504
1752021996969 1433.06787109375 14505
1752021997924 1388.7264404296875 14506
1752021998882 788.9783935546875 14507
1752021999837 1211.0244140625 14508
1752022000790 1207.772705078125 14509
1752022001745 2091.583251953125 14510
1752022002696 900.634033203125 14511
1752022003651 1159.7667236328125 14512
1752022004610 868.491943359375 14513
1752022005564 888.305908203125 14514
1752022006515 984.2564086914062 14515
1752022007470 1197.1072998046875 14516
1752022008427 1603.7818603515625 14517
1752022009381 980.9151611328125 14518
1752022010333 1169.9658203125 14519
1752022011282 1044.0772705078125 14520
1752022012234 1580.466064453125 14521
1752022013188 2075.04833984375 14522
1752022014146 1085.7803955078125 14523
1752022015099 2204.80078125 14524
1752022016052 2872.217041015625 14525
1752022017003 1487.3128662109375 14526
1752022017954 1350.1943359375 14527
1752022018908 2552.49365234375 14528
1752022019872 2076.4599609375 14529
1752022020830 999.3778686523438 14530
1752022021789 979.6583251953125 14531
1752022022743 1183.9088134765625 14532
1752022023697 1215.711181640625 14533
1752022024652 7182.55712890625 14534
1752022025608 1763.6055908203125 14535
1752022026569 2091.6064453125 14536
1752022027530 4032.283203125 14537
1752022028484 1171.73681640625 14538
1752022029435 983.8973388671875 14539
1752022030390 1635.336181640625 14540
1752022031350 1421.034423828125 14541
1752022032314 1500.7393798828125 14542
1752022033295 2837.71630859375 14543
1752022034286 1114.488525390625 14544
1752022035252 1336.528076171875 14545
1752022036204 1433.8558349609375 14546
1752022037155 1413.4189453125 14547
1752022038110 1162.135986328125 14548
1752022039062 1331.3865966796875 14549
1752022040013 1474.01318359375 14550
1752022040963 1178.13720703125 14551
1752022041918 1410.749755859375 14552
1752022042872 1248.6209716796875 14553
1752022043827 880.4968872070312 14554
1752022044783 1202.420654296875 14555
1752022045734 1338.97021484375 14556
1752022046695 1299.608154296875 14557
1752022047645 1067.064697265625 14558
1752022048596 1157.6617431640625 14559
1752022049548 1387.30859375 14560
1752022050505 1926.75146484375 14561
1752022051459 2205.858642578125 14562
1752022052414 1857.2996826171875 14563
1752022053366 940.10986328125 14564
1752022054319 1196.5328369140625 14565
1752022055276 1438.0665283203125 14566
1752022056228 1700.93408203125 14567
1752022057180 2074.735107421875 14568
1752022058133 1655.6943359375 14569
1752022059087 1531.52880859375 14570
1752022060038 1152.7674560546875 14571
1752022060988 838.8489990234375 14572
1752022061938 1179.9814453125 14573
1752022062894 986.0874633789062 14574
1752022063848 1194.444580078125 14575
1752022064806 1005.1903076171875 14576
1752022065757 1489.9532470703125 14577
1752022066707 864.18115234375 14578
1752022067663 1628.2239990234375 14579
1752022068618 825.1990966796875 14580
1752022069576 972.0345458984375 14581
1752022070532 901.9237670898438 14582
1752022071484 1379.679443359375 14583
1752022072435 1820.2471923828125 14584
1752022073387 1552.100341796875 14585
1752022074341 1694.405029296875 14586
1752022075291 1158.3558349609375 14587
1752022076242 716.8081665039062 14588
1752022077194 1051.7845458984375 14589
1752022078146 1575.1015625 14590
1752022079097 731.8536376953125 14591
1752022080047 1234.0145263671875 14592
1752022081005 799.0764770507812 14593
1752022081958 1256.131103515625 14594
1752022082912 1202.772216796875 14595
1752022083864 1236.8890380859375 14596
1752022084814 1244.0443115234375 14597
1752022085766 906.0460815429688 14598
1752022086717 908.709716796875 14599
1752022087670 1005.0450439453125 14600
1752022088623 908.1874389648438 14601
1752022089573 1302.2744140625 14602
1752022090525 1581.169677734375 14603
1752022091479 1122.90283203125 14604
1752022092431 1183.170654296875 14605
1752022093401 1472.879150390625 14606
1752022094385 1843.5015869140625 14607
1752022095379 1022.1982421875 14608
1752022096329 965.267822265625 14609
1752022097287 2224.31494140625 14610
1752022098242 1097.6873779296875 14611
1752022099197 765.0774536132812 14612
1752022100153 1294.33251953125 14613
1752022101106 2153.79931640625 14614
1752022102061 1036.3741455078125 14615
1752022103010 868.9974975585938 14616
1752022103966 1406.7724609375 14617
1752022104923 1740.5390625 14618
1752022105877 1227.543701171875 14619
1752022106830 892.2825317382812 14620
1752022107783 1395.114990234375 14621
1752022108740 1405.2078857421875 14622
1752022109695 2235.3740234375 14623
1752022110650 1165.587646484375 14624
1752022111601 1034.0399169921875 14625
1752022112555 979.322509765625 14626
1752022114096 955.8065185546875 14627
1752022115046 1149.51513671875 14628
1752022116000 1304.5517578125 14629
1752022116957 1683.048583984375 14630
1752022117908 1402.86181640625 14631
1752022118864 871.5379638671875 14632
1752022119823 1295.63037109375 14633
1752022120778 1043.8187255859375 14634
1752022121735 1310.655517578125 14635
1752022122691 1914.4171142578125 14636
1752022123643 1290.20947265625 14637
1752022124594 1759.8206787109375 14638
1752022125552 981.17041015625 14639
1752022126509 1062.5361328125 14640
1752022127460 1382.72509765625 14641
1752022128414 2295.55712890625 14642
1752022129366 733.770263671875 14643
1752022130320 1288.24365234375 14644
1752022131271 861.0532836914062 14645
1752022132224 1322.0989990234375 14646
1752022133185 2446.66552734375 14647
1752022134140 1279.4979248046875 14648
1752022135094 1183.282470703125 14649
1752022136044 1164.9471435546875 14650
1752022136995 1392.962646484375 14651
1752022137949 608.4493408203125 14652
1752022138902 942.2984619140625 14653
1752022139859 1016.1137084960938 14654
1752022140823 2387.83544921875 14655
1752022141776 686.4605102539062 14656
1752022142728 1110.43310546875 14657
1752022143678 1176.0362548828125 14658
1752022144633 990.3704223632812 14659
1752022145585 1197.010009765625 14660
1752022146537 902.7662353515625 14661
1752022147490 839.6048583984375 14662
1752022148452 1523.44921875 14663
1752022149405 824.1220703125 14664
1752022150355 909.7266845703125 14665
1752022151306 1281.417236328125 14666
1752022152260 1509.398193359375 14667
1752022153212 1065.9307861328125 14668
1752022154169 1068.86474609375 14669
1752022155165 1114.14990234375 14670
1752022156165 644.3746337890625 14671
1752022157124 1937.4239501953125 14672
1752022158074 1373.34423828125 14673
1752022159027 1116.644287109375 14674
1752022159978 789.02392578125 14675
1752022160930 1465.34375 14676
1752022161887 893.7876586914062 14677
1752022162841 980.2261962890625 14678
1752022163796 1171.9620361328125 14679
1752022164754 1296.662109375 14680
1752022165706 1348.0341796875 14681
1752022166660 2379.664306640625 14682
1752022167616 647.7838134765625 14683
1752022168570 1705.53369140625 14684
1752022169521 838.121826171875 14685
1752022170473 935.521484375 14686
1752022171425 885.4413452148438 14687
1752022172380 1078.697265625 14688
1752022173331 1072.9827880859375 14689
1752022174287 1668.51123046875 14690
1752022175241 1060.070556640625 14691
1752022176196 2563.288818359375 14692
1752022177151 740.6531982421875 14693
1752022178101 1710.5394287109375 14694
1752022179055 1487.99560546875 14695
1752022180004 1790.4234619140625 14696
1752022180962 1192.494140625 14697
1752022181918 839.158935546875 14698
1752022182872 1930.865478515625 14699
1752022183824 1312.8826904296875 14700
1752022184774 1496.407470703125 14701
1752022185723 1960.32373046875 14702
1752022186677 1768.4560546875 14703
1752022187631 1150.2615966796875 14704
1752022188584 936.173095703125 14705
1752022189537 2090.794677734375 14706
1752022190487 1284.97412109375 14707
1752022191438 1235.4093017578125 14708
1752022192391 1601.8953857421875 14709
1752022193344 975.4940185546875 14710
1752022194295 1668.0478515625 14711
1752022195246 1071.234619140625 14712
1752022196199 1127.4266357421875 14713
1752022197150 2036.5052490234375 14714
1752022198100 1160.860595703125 14715
1752022199052 1113.654296875 14716
1752022200002 1708.111083984375 14717
1752022200960 1913.97021484375 14718
1752022201914 1234.0797119140625 14719
1752022202867 2068.623779296875 14720
1752022203817 1181.16015625 14721
1752022204773 781.6953125 14722
1752022205726 2630.282958984375 14723
1752022206677 4048.6767578125 14724
1752022207632 848.241455078125 14725
1752022208585 2489.2373046875 14726
1752022209539 1364.60693359375 14727
1752022210488 1412.2633056640625 14728
1752022211439 913.5481567382812 14729
1752022212390 1356.686767578125 14730
1752022213344 5320.51171875 14731
1752022214296 1142.99267578125 14732
1752022215255 3057.46044921875 14733
1752022216244 1208.0870361328125 14734
1752022217229 1071.624267578125 14735
1752022218188 2767.455078125 14736
1752022219145 2098.677490234375 14737
1752022220105 2301.45166015625 14738
1752022221065 1519.1451416015625 14739
1752022222020 1047.513427734375 14740
1752022222985 1050.180419921875 14741
1752022223941 4873.65283203125 14742
1752022224902 2205.04541015625 14743
1752022225857 7063.4501953125 14744
1752022226818 1923.58447265625 14745
1752022227776 1548.0555419921875 14746
1752022228733 1843.850830078125 14747
1752022229689 2478.5869140625 14748
1752022230644 2354.52880859375 14749
1752022231602 1299.901611328125 14750
1752022232563 1941.907958984375 14751
1752022234143 1453.061767578125 14752
1752022235099 1252.6817626953125 14753
1752022236052 2319.39990234375 14754
1752022237009 1268.0084228515625 14755
1752022237967 1017.361572265625 14756
1752022238923 1833.3636474609375 14757
1752022239875 1005.6452026367188 14758
1752022240832 1258.134765625 14759
1752022241788 1096.738525390625 14760
1752022242742 1602.095947265625 14761
1752022243695 1769.921142578125 14762
1752022244653 1036.935302734375 14763
1752022245620 992.3880004882812 14764
1752022246573 1539.4554443359375 14765
1752022247539 1695.85595703125 14766
1752022248497 1409.605712890625 14767
1752022249452 1038.885986328125 14768
1752022250404 2053.94921875 14769
1752022251360 2602.677490234375 14770
1752022252319 990.8775634765625 14771
1752022253273 1175.4619140625 14772
1752022254225 1308.7353515625 14773
1752022255186 1665.182861328125 14774
1752022256141 1148.8349609375 14775
1752022257104 5000.72412109375 14776
1752022258058 2564.818359375 14777
1752022259014 854.4127807617188 14778
1752022259971 2930.955078125 14779
1752022260939 894.6646728515625 14780
1752022261898 830.6767578125 14781
1752022262855 827.9522705078125 14782
1752022263814 964.3121337890625 14783
1752022264771 870.4561157226562 14784
1752022265733 681.3382568359375 14785
1752022266688 1399.971435546875 14786
1752022267644 855.0048217773438 14787
1752022268596 1274.16357421875 14788
1752022269549 856.7252197265625 14789
1752022270514 931.114501953125 14790
1752022271469 1438.461181640625 14791
1752022272420 2706.782958984375 14792
1752022273372 911.9169921875 14793
1752022274325 933.65771484375 14794
1752022275285 915.703857421875 14795
1752022276241 2169.39208984375 14796
1752022277228 1845.6776123046875 14797
1752022278215 1224.794677734375 14798
1752022279178 911.5122680664062 14799
1752022280138 878.8927612304688 14800
1752022281103 1937.117431640625 14801
1752022282057 1277.9306640625 14802
1752022283013 756.3907470703125 14803
1752022283968 778.06787109375 14804
1752022284922 1374.134765625 14805
1752022285881 6694.07861328125 14806
1752022286844 1064.8636474609375 14807
1752022287796 1138.18310546875 14808
1752022288747 1099.63623046875 14809
1752022289705 1067.4107666015625 14810
1752022290654 871.3881225585938 14811
1752022291610 1059.6614990234375 14812
1752022292567 1265.189697265625 14813
1752022293528 1265.7823486328125 14814
1752022294481 1074.873291015625 14815
1752022295436 926.9754638671875 14816
1752022296394 926.2819213867188 14817
1752022297355 4538.9443359375 14818
1752022298308 1125.9947509765625 14819
1752022299269 3073.126220703125 14820
1752022300226 1297.6229248046875 14821
1752022301179 998.470947265625 14822
1752022302136 2244.691162109375 14823
1752022303092 707.3009033203125 14824
1752022304042 1577.4013671875 14825
1752022304997 984.8240356445312 14826
1752022305950 1050.7686767578125 14827
1752022306902 1090.854736328125 14828
1752022307856 1808.9678955078125 14829
1752022308808 2745.459716796875 14830
1752022309755 1218.7227783203125 14831
1752022310709 1240.6884765625 14832
1752022311666 946.0581665039062 14833
1752022312617 1206.570556640625 14834
1752022313568 5052.37451171875 14835
1752022314519 1184.1700439453125 14836
1752022315469 1722.217529296875 14837
1752022316425 1691.11572265625 14838
1752022317376 1299.4525146484375 14839
1752022318333 958.079833984375 14840
1752022319286 1893.705322265625 14841
1752022320239 1364.1092529296875 14842
1752022321195 1436.6505126953125 14843
1752022322151 1846.025634765625 14844
1752022323103 1100.9326171875 14845
1752022324056 1560.5380859375 14846
1752022325012 1748.639404296875 14847
1752022325961 1538.185546875 14848
1752022326911 1645.85791015625 14849
1752022327868 1355.2650146484375 14850
1752022328821 1082.0108642578125 14851
1752022329772 2030.5185546875 14852
1752022330728 1456.513427734375 14853
1752022331682 1632.03076171875 14854
1752022332632 1112.146484375 14855
1752022333585 1408.6346435546875 14856
1752022334538 3195.031494140625 14857
1752022335490 1109.9560546875 14858
1752022336445 1127.226318359375 14859
1752022337414 2372.63525390625 14860
1752022338400 6835.92431640625 14861
1752022339380 884.8508911132812 14862
1752022340334 944.6585693359375 14863
1752022341292 1796.01171875 14864
1752022342251 939.790771484375 14865
1752022343206 1203.6707763671875 14866
1752022344159 1357.867431640625 14867
1752022345117 2081.6875 14868
1752022346074 5580.7490234375 14869
1752022347036 1928.705078125 14870
1752022347988 2385.7841796875 14871
1752022348945 3003.38916015625 14872
1752022349899 3825.7705078125 14873
1752022350856 1819.9935302734375 14874
1752022351806 851.1807861328125 14875
1752022352763 1155.91552734375 14876
1752022354337 1282.298095703125 14877
1752022355293 1988.6802978515625 14878
1752022356255 1098.540283203125 14879
1752022357216 1835.18115234375 14880
1752022358173 1148.7265625 14881
1752022359128 2653.3876953125 14882
1752022360081 957.964599609375 14883
1752022361035 1755.6851806640625 14884
1752022361990 1175.2525634765625 14885
1752022362943 1524.2509765625 14886
1752022363900 1474.1019287109375 14887
1752022364854 1635.164794921875 14888
1752022365814 2087.724609375 14889
1752022366779 1532.895263671875 14890
1752022367728 1243.0096435546875 14891
1752022368683 1578.145263671875 14892
1752022369637 16493.423828125 14893
1752022370590 1432.1968994140625 14894
1752022371546 4815.458984375 14895
1752022372496 1724.0035400390625 14896
1752022373450 1452.9669189453125 14897
1752022374406 1509.048095703125 14898
1752022375357 1822.193359375 14899
1752022376323 1287.2606201171875 14900
1752022377279 1304.6943359375 14901
1752022378234 1271.487548828125 14902
1752022379192 2602.3388671875 14903
1752022380151 3026.9921875 14904
1752022381109 1433.579345703125 14905
1752022382064 3741.99951171875 14906
1752022383014 2128.482421875 14907
1752022383973 2110.37646484375 14908
1752022384929 1151.515380859375 14909
1752022385881 1745.241943359375 14910
1752022386832 1297.906494140625 14911
1752022387788 2114.84619140625 14912
1752022388745 1495.188232421875 14913
1752022389700 1421.5751953125 14914
1752022390661 1121.96533203125 14915
1752022391611 1033.197265625 14916
1752022392567 1702.673095703125 14917
1752022393526 1071.988525390625 14918
1752022394480 1175.912109375 14919
1752022395436 1208.02490234375 14920
1752022396396 1167.79541015625 14921
1752022397349 1258.0963134765625 14922
1752022398312 722.2205200195312 14923
1752022399299 1279.427978515625 14924
1752022400300 1298.771240234375 14925
1752022401251 1134.1201171875 14926
1752022402204 2170.60791015625 14927
1752022403161 1009.7939453125 14928
1752022404113 2038.934326171875 14929
1752022405070 2308.453857421875 14930
1752022406022 1481.2764892578125 14931
1752022406974 1101.0850830078125 14932
1752022407925 845.44873046875 14933
1752022408881 957.1480712890625 14934
1752022409835 2441.533935546875 14935
1752022410787 999.0360717773438 14936
1752022411742 1297.3126220703125 14937
1752022412690 1377.0595703125 14938
1752022413645 1791.4215087890625 14939
1752022414601 2904.29541015625 14940
1752022415556 1042.623779296875 14941
1752022416512 2155.76513671875 14942
1752022417487 1053.9884033203125 14943
1752022418440 1206.715576171875 14944
1752022419399 835.0103759765625 14945
1752022420352 1284.18359375 14946
1752022421310 1125.31982421875 14947
1752022422265 993.7098999023438 14948
1752022423219 942.9630126953125 14949
1752022424176 1188.791259765625 14950
1752022425128 896.2103881835938 14951
1752022426080 1550.75927734375 14952
1752022427030 993.2398681640625 14953
1752022427980 1371.405029296875 14954
1752022428934 1244.976806640625 14955
1752022429886 1565.1668701171875 14956
1752022430836 924.7813720703125 14957
1752022431786 992.350830078125 14958
1752022432738 732.012451171875 14959
1752022433696 1029.4208984375 14960
1752022434647 1291.7734375 14961
1752022435604 2135.492919921875 14962
1752022436555 1111.810302734375 14963
1752022437505 1189.3623046875 14964
1752022438456 918.5037841796875 14965
1752022439409 968.0238037109375 14966
1752022440364 1001.9468994140625 14967
1752022441321 809.2213134765625 14968
1752022442276 1046.4659423828125 14969
1752022443228 1373.634765625 14970
1752022444185 1505.342041015625 14971
1752022445141 1121.1800537109375 14972
1752022446094 2524.8408203125 14973
1752022447043 952.434326171875 14974
1752022447989 824.6744384765625 14975
1752022448942 1031.2825927734375 14976
1752022449898 1296.184814453125 14977
1752022450850 3673.135009765625 14978
1752022451803 1363.51904296875 14979
1752022452755 856.7825927734375 14980
1752022453705 1367.47607421875 14981
1752022454658 1480.5419921875 14982
1752022455608 2923.79345703125 14983
1752022456562 1288.7562255859375 14984
1752022457517 1088.1197509765625 14985
1752022458478 3586.440185546875 14986
1752022459435 1181.089599609375 14987
1752022460399 1142.34326171875 14988
1752022461354 686.8056640625 14989
1752022462305 1419.744140625 14990
1752022463266 2039.82861328125 14991
1752022464222 1291.449951171875 14992
1752022465176 1006.4600219726562 14993
1752022466131 1222.521728515625 14994
1752022467084 1443.4456787109375 14995
1752022468043 986.34619140625 14996
1752022468999 1430.6923828125 14997
1752022469959 938.2918701171875 14998
1752022470918 1733.3717041015625 14999
1752022471876 1058.1650390625 15000
1752022472834 1124.346435546875 15001
1752022474828 988.2615356445312 15002
1752022475789 1657.72998046875 15003
1752022476744 961.3897705078125 15004
1752022477700 970.8919677734375 15005
1752022478656 1128.1400146484375 15006
1752022479619 1060.706787109375 15007
1752022480584 1171.801513671875 15008
1752022481537 903.6392822265625 15009
1752022482496 918.68798828125 15010
1752022483454 1083.6947021484375 15011
1752022484413 1416.36279296875 15012
1752022485373 1583.3646240234375 15013
1752022486335 1345.417236328125 15014
1752022487284 1651.17822265625 15015
1752022488250 1224.3128662109375 15016
1752022489241 1031.803466796875 15017
1752022490235 1177.26953125 15018
1752022491190 1463.058837890625 15019
1752022492145 1299.321533203125 15020
1752022493098 1090.9310302734375 15021
1752022494051 1646.4337158203125 15022
1752022495003 1767.66015625 15023
1752022495958 1159.7122802734375 15024
1752022496923 1694.7615966796875 15025
1752022497874 1387.645263671875 15026
1752022498828 1237.379638671875 15027
1752022499788 929.4384765625 15028
1752022500748 736.4290771484375 15029
1752022501706 1071.258544921875 15030
1752022502665 1201.127197265625 15031
1752022503621 1085.3763427734375 15032
1752022504575 809.7215576171875 15033
1752022505538 2359.40087890625 15034
1752022506493 1381.052734375 15035
1752022507441 759.93017578125 15036
1752022508392 710.7330322265625 15037
1752022509349 910.9380493164062 15038
1752022510312 1831.685791015625 15039
1752022511272 815.2210693359375 15040
1752022512222 1029.2254638671875 15041
1752022513180 1736.9296875 15042
1752022514135 1111.58642578125 15043
1752022515092 912.343017578125 15044
1752022516051 864.63330078125 15045
1752022517006 1621.3724365234375 15046
1752022517964 1162.31396484375 15047
1752022518921 1114.29931640625 15048
1752022519873 1059.2574462890625 15049
1752022520827 1020.556396484375 15050
1752022521779 1995.2335205078125 15051
1752022522736 740.878173828125 15052
1752022523695 866.2689819335938 15053
1752022524647 889.5097045898438 15054
1752022525598 2866.078857421875 15055
1752022526551 757.7349853515625 15056
1752022527502 927.01953125 15057
1752022528468 735.83740234375 15058
1752022529420 1894.2550048828125 15059
1752022530379 1091.3564453125 15060
1752022531335 1337.509521484375 15061
1752022532287 983.8203735351562 15062
1752022533245 1098.4737548828125 15063
1752022534203 922.0521240234375 15064
1752022535153 1143.71240234375 15065
1752022536113 825.569580078125 15066
1752022537060 1059.96533203125 15067
1752022538013 784.7139892578125 15068
1752022538964 860.110595703125 15069
1752022539992 4806.67724609375 15070
1752022540944 1465.8258056640625 15071
1752022541895 1433.9464111328125 15072
1752022542852 2413.613525390625 15073
1752022543808 1203.303955078125 15074
1752022544774 734.2261352539062 15075
1752022545734 1105.5111083984375 15076
1752022546686 4997.00830078125 15077
1752022547638 1763.95068359375 15078
1752022548592 2558.663330078125 15079
1752022549542 1634.80615234375 15080
1752022550494 2239.96875 15081
1752022551446 1504.113037109375 15082
1752022552402 1442.0775146484375 15083
1752022553355 18184.244140625 15084
1752022554309 2638.595703125 15085
1752022555261 3247.738037109375 15086
1752022556216 1950.36572265625 15087
1752022557169 2635.29736328125 15088
1752022558126 3958.484375 15089
1752022559078 1231.4205322265625 15090
1752022560028 3197.879150390625 15091
1752022560986 2447.3544921875 15092
1752022561941 1653.753173828125 15093
1752022562887 1949.2779541015625 15094
1752022563845 1082.552490234375 15095
1752022564800 1410.200439453125 15096
1752022565757 1278.53564453125 15097
1752022566709 1279.239013671875 15098
1752022567659 1342.28662109375 15099
1752022568609 1784.2474365234375 15100
1752022569560 2001.475341796875 15101
1752022570517 921.3011474609375 15102
1752022571466 1540.001708984375 15103
1752022572418 1358.782958984375 15104
1752022573371 1228.5330810546875 15105
1752022574322 1244.1419677734375 15106
1752022575272 1060.885986328125 15107
1752022576225 3775.36474609375 15108
1752022577179 1316.4239501953125 15109
1752022578133 2822.001220703125 15110
1752022579088 1035.844970703125 15111
1752022580039 1004.8099975585938 15112
1752022581000 941.3155517578125 15113
1752022581996 1376.447509765625 15114
1752022582978 1122.63330078125 15115
1752022583942 2269.30078125 15116
1752022584896 1356.9732666015625 15117
1752022585850 1025.02685546875 15118
1752022586804 1215.44091796875 15119
1752022587759 1293.4752197265625 15120
1752022588715 905.8621826171875 15121
1752022589671 837.3125 15122
1752022590626 1738.721923828125 15123
1752022591577 1280.999755859375 15124
1752022592530 3560.435302734375 15125
1752022593489 936.48193359375 15126
1752022595071 1528.313232421875 15127
1752022596025 1319.493896484375 15128
1752022596986 2016.8087158203125 15129
1752022597938 853.24462890625 15130
1752022598887 2349.588623046875 15131
1752022599846 2898.20849609375 15132
1752022600807 2281.24658203125 15133
1752022601759 3932.697021484375 15134
1752022602712 1175.6591796875 15135
1752022603667 998.5650634765625 15136
1752022604623 1096.462158203125 15137
1752022605573 2405.271484375 15138
1752022606531 2718.996337890625 15139
1752022607483 1947.6748046875 15140
1752022608434 831.5689697265625 15141
1752022609392 1029.89599609375 15142
1752022610349 1479.42041015625 15143
1752022611312 3004.6943359375 15144
1752022612269 1688.801513671875 15145
1752022613223 1743.8768310546875 15146
1752022614180 2184.132568359375 15147
1752022615143 2666.25927734375 15148
1752022616100 1018.8603515625 15149
1752022617059 981.8590087890625 15150
1752022618015 1023.3329467773438 15151
1752022618969 1674.0672607421875 15152
1752022619924 1205.727783203125 15153
1752022620895 1260.111083984375 15154
1752022621852 1389.4105224609375 15155
1752022622818 1359.608642578125 15156
1752022623769 1457.23095703125 15157
1752022624726 1383.835693359375 15158
1752022625683 969.3219604492188 15159
1752022626636 823.6058349609375 15160
1752022627588 1494.2802734375 15161
1752022628541 1181.0595703125 15162
1752022629493 845.1907958984375 15163
1752022630445 1403.3953857421875 15164
1752022631399 3364.662109375 15165
1752022632352 1303.8851318359375 15166
1752022633306 1272.120361328125 15167
1752022634258 2212.574951171875 15168
1752022635211 782.1101684570312 15169
1752022636165 985.986572265625 15170
1752022637116 1125.486328125 15171
1752022638071 1007.3817138671875 15172
1752022639024 1388.17529296875 15173
1752022639974 940.9107666015625 15174
1752022640928 1497.9873046875 15175
1752022641884 1758.0791015625 15176
1752022642839 1330.2095947265625 15177
1752022643791 1207.790771484375 15178
1752022644742 1774.7684326171875 15179
1752022645698 1294.828125 15180
1752022646650 1814.0206298828125 15181
1752022647608 1330.82373046875 15182
1752022648565 2335.57666015625 15183
1752022649518 1438.74609375 15184
1752022650471 1110.4989013671875 15185
1752022651429 1227.785888671875 15186
1752022652384 1065.30078125 15187
1752022653339 4132.5009765625 15188
1752022654297 900.9103393554688 15189
1752022655251 1618.996826171875 15190
1752022656204 2266.378662109375 15191
1752022657158 2163.650634765625 15192
1752022658112 1162.0311279296875 15193
1752022659066 1949.7626953125 15194
1752022660020 1206.8924560546875 15195
1752022660971 1086.2906494140625 15196
1752022661923 1362.7926025390625 15197
1752022662876 1331.26806640625 15198
1752022663825 1294.644775390625 15199
1752022664774 1371.2373046875 15200
1752022665730 1691.5897216796875 15201
1752022666685 1570.00146484375 15202
1752022667643 882.9736328125 15203
1752022668598 1085.4169921875 15204
1752022669551 1017.40234375 15205
1752022670503 2490.73046875 15206
1752022671453 775.0513916015625 15207
1752022672407 861.4779052734375 15208
1752022673358 2799.88037109375 15209
1752022674312 1164.8525390625 15210
1752022675264 1011.6754760742188 15211
1752022676214 949.6072998046875 15212
1752022677167 1463.849365234375 15213
1752022678121 1584.3033447265625 15214
1752022679074 3740.086181640625 15215
1752022680025 865.987548828125 15216
1752022680987 1129.56689453125 15217
1752022681937 3354.344970703125 15218
1752022682892 845.3126831054688 15219
1752022683846 795.5609130859375 15220
1752022684802 1252.3775634765625 15221
1752022685756 1293.297607421875 15222
1752022686707 1267.6572265625 15223
1752022687661 3980.85888671875 15224
1752022688615 1527.895751953125 15225
1752022689566 2385.31689453125 15226
1752022690520 1163.7138671875 15227
1752022691474 2107.99462890625 15228
1752022692424 1348.3516845703125 15229
1752022693377 1121.3858642578125 15230
1752022694328 1082.982421875 15231
1752022695280 1241.8931884765625 15232
1752022696235 1061.494384765625 15233
1752022697193 1259.6805419921875 15234
1752022698146 1553.0845947265625 15235
1752022699101 1188.688720703125 15236
1752022700057 1674.283203125 15237
1752022701011 1454.608154296875 15238
1752022701965 1207.5555419921875 15239
1752022702919 1735.2677001953125 15240
1752022703876 3117.626708984375 15241
1752022704830 1384.640380859375 15242
1752022705784 1312.7525634765625 15243
1752022706739 1195.0206298828125 15244
1752022707688 1107.510009765625 15245
1752022708639 959.1820678710938 15246
1752022709594 848.212646484375 15247
1752022710548 1246.79638671875 15248
1752022711505 1004.6140747070312 15249
1752022712461 1351.02099609375 15250
1752022713412 1525.55908203125 15251
1752022714994 805.9772338867188 15252
1752022715947 1549.077880859375 15253
1752022716908 860.66943359375 15254
1752022717871 911.1937255859375 15255
1752022718822 1323.0908203125 15256
1752022719774 1249.1072998046875 15257
1752022720735 1352.50341796875 15258
1752022721692 994.4564208984375 15259
1752022722645 1452.7415771484375 15260
1752022723601 1922.372802734375 15261
1752022724560 1559.224365234375 15262
1752022725511 1733.625 15263
1752022726466 936.1761474609375 15264
1752022727421 1241.1220703125 15265
1752022728372 7384.66650390625 15266
1752022729323 941.8314819335938 15267
1752022730272 916.6751708984375 15268
1752022731222 1145.777099609375 15269
1752022732177 2311.03125 15270
1752022733130 1329.9427490234375 15271
1752022734081 910.334716796875 15272
1752022735036 1623.117431640625 15273
1752022735988 1695.5595703125 15274
1752022736940 4135.02734375 15275
1752022737898 1588.4068603515625 15276
1752022738854 953.1187744140625 15277
1752022739805 1712.328369140625 15278
1752022740762 2702.43701171875 15279
1752022741724 1469.8509521484375 15280
1752022742679 3575.40234375 15281
1752022743631 1225.19482421875 15282
1752022744583 2723.431640625 15283
1752022745535 1734.5101318359375 15284
1752022746484 2678.200927734375 15285
1752022747436 2006.691650390625 15286
1752022748388 1005.6900634765625 15287
1752022749343 2322.84228515625 15288
1752022750296 3256.13916015625 15289
1752022751254 1588.5802001953125 15290
1752022752206 1483.02490234375 15291
1752022753159 1253.9892578125 15292
1752022754115 1662.393798828125 15293
1752022755070 1275.2646484375 15294
1752022756026 1099.278076171875 15295
1752022756978 1206.5506591796875 15296
1752022757929 1355.5657958984375 15297
1752022758885 1980.144287109375 15298
1752022759836 1940.10693359375 15299
1752022760789 2562.742919921875 15300
1752022761751 1244.6700439453125 15301
1752022762703 1611.877197265625 15302
1752022763653 1265.37158203125 15303
1752022764628 1112.485595703125 15304
1752022765601 1460.3021240234375 15305
1752022766581 1297.531494140625 15306
1752022767536 1541.9404296875 15307
1752022768487 884.02001953125 15308
1752022769442 1112.771240234375 15309
1752022770392 1868.78173828125 15310
1752022771347 1938.33056640625 15311
1752022772304 1235.715087890625 15312
1752022773257 1404.072509765625 15313
1752022774208 1101.1318359375 15314
1752022775162 1683.1954345703125 15315
1752022776111 903.2266845703125 15316
1752022777067 1900.106689453125 15317
1752022778022 1176.27099609375 15318
1752022778977 739.4607543945312 15319
1752022779931 1057.026611328125 15320
1752022780884 1001.0684814453125 15321
1752022781833 787.2568969726562 15322
1752022782786 1053.9073486328125 15323
1752022783740 1195.392333984375 15324
1752022784696 1387.1851806640625 15325
1752022785649 1292.5247802734375 15326
1752022786601 945.1490478515625 15327
1752022787555 659.880859375 15328
1752022788509 1189.319580078125 15329
1752022789460 1443.0264892578125 15330
1752022790412 2092.119873046875 15331
1752022791362 1015.8976440429688 15332
1752022792313 1010.98828125 15333
1752022793267 816.352294921875 15334
1752022794219 942.748779296875 15335
1752022795171 912.031982421875 15336
1752022796123 1321.07470703125 15337
1752022797077 1915.83251953125 15338
1752022798027 1217.60546875 15339
1752022798976 819.8555908203125 15340
1752022799934 755.407470703125 15341
1752022800895 784.8138427734375 15342
1752022801847 1483.60693359375 15343
1752022802798 1952.0592041015625 15344
1752022803749 2065.1591796875 15345
1752022804701 953.9728393554688 15346
1752022805656 1192.7589111328125 15347
1752022806611 1178.426025390625 15348
1752022807560 1048.319580078125 15349
1752022808515 1084.114013671875 15350
1752022809464 1206.588134765625 15351
1752022810419 1382.3072509765625 15352
1752022811369 1337.3380126953125 15353
1752022812325 1180.770751953125 15354
1752022813276 1770.6279296875 15355
1752022814230 1101.2158203125 15356
1752022815180 1304.408203125 15357
1752022816130 5427.92822265625 15358
1752022817083 1582.92919921875 15359
1752022818037 2294.211669921875 15360
1752022818994 2597.96875 15361
1752022819950 1215.223876953125 15362
1752022820902 1789.639404296875 15363
1752022821858 1509.841064453125 15364
1752022822810 1338.84765625 15365
1752022823767 1106.9998779296875 15366
1752022824721 1053.8603515625 15367
1752022825675 1525.0947265625 15368
1752022826629 1653.71435546875 15369
1752022827588 1070.21337890625 15370
1752022828544 1023.36962890625 15371
1752022829501 3024.3251953125 15372
1752022830460 1157.269287109375 15373
1752022831415 1060.9169921875 15374
1752022832369 1796.60107421875 15375
1752022833335 3820.25439453125 15376
1752022834914 1040.4085693359375 15377
1752022835867 1298.486083984375 15378
1752022836820 945.9423828125 15379
1752022837772 1917.62060546875 15380
1752022838725 1644.868408203125 15381
1752022839680 2348.87109375 15382
1752022840631 1242.7532958984375 15383
1752022841591 1022.1989135742188 15384
1752022842546 1024.669677734375 15385
1752022843499 913.175537109375 15386
1752022844448 1221.4910888671875 15387
1752022845401 1996.3341064453125 15388
1752022846356 1849.3916015625 15389
1752022847310 1472.8548583984375 15390
1752022848275 973.0307006835938 15391
1752022849262 828.940673828125 15392
1752022850247 2560.00244140625 15393
1752022851199 771.4857177734375 15394
1752022852159 1358.869873046875 15395
1752022853111 830.8797607421875 15396
1752022854059 1316.89794921875 15397
1752022855012 1247.945556640625 15398
1752022855969 841.61181640625 15399
1752022856918 1594.407958984375 15400
1752022857871 2042.7822265625 15401
1752022858822 1333.015380859375 15402
1752022859777 2638.4775390625 15403
1752022860738 1278.336669921875 15404
1752022861696 1776.0789794921875 15405
1752022862648 974.7881469726562 15406
1752022863601 847.3909301757812 15407
1752022864554 1247.7769775390625 15408
1752022865504 3749.831298828125 15409
1752022866456 2138.728515625 15410
1752022867413 1694.361083984375 15411
1752022868363 1748.2430419921875 15412
1752022869314 4113.6103515625 15413
1752022870268 2853.899658203125 15414
1752022871221 1179.35498046875 15415
1752022872173 1263.2789306640625 15416
1752022873132 1653.0115966796875 15417
1752022874088 2837.61572265625 15418
1752022875044 2657.809326171875 15419
1752022876004 1299.3284912109375 15420
1752022876959 983.1963500976562 15421
1752022877911 1962.349365234375 15422
1752022878866 2723.370361328125 15423
1752022879819 1224.798828125 15424
1752022880770 1822.223876953125 15425
1752022881722 1558.1102294921875 15426
1752022882673 1338.148193359375 15427
1752022883625 1773.1505126953125 15428
1752022884576 1400.707275390625 15429
1752022885530 2435.663330078125 15430
1752022886488 1469.61376953125 15431
1752022887439 887.2305908203125 15432
1752022888392 1664.28369140625 15433
1752022889344 1489.9287109375 15434
1752022890296 1555.191650390625 15435
1752022891247 1433.01806640625 15436
1752022892203 997.4375610351562 15437
1752022893164 856.791259765625 15438
1752022894112 799.037841796875 15439
1752022895064 1173.236328125 15440
1752022896017 980.091064453125 15441
1752022896969 2050.22216796875 15442
1752022897923 1598.3037109375 15443
1752022898874 1173.065185546875 15444
1752022899827 11904.001953125 15445
1752022900783 1868.5697021484375 15446
1752022901733 1574.196533203125 15447
1752022902682 1668.474853515625 15448
1752022903631 1055.140380859375 15449
1752022904586 3971.10595703125 15450
1752022905540 1246.875732421875 15451
1752022906494 969.4066162109375 15452
1752022907444 1682.539306640625 15453
1752022908400 1858.7874755859375 15454
1752022909355 1416.4639892578125 15455
1752022910305 1031.1871337890625 15456
1752022911255 1453.404296875 15457
1752022912206 1429.392822265625 15458
1752022913158 1443.12890625 15459
1752022914112 1510.2171630859375 15460
1752022915065 1131.28759765625 15461
1752022916015 1112.942626953125 15462
1752022916969 1258.279541015625 15463
1752022917924 936.72802734375 15464
1752022918874 3036.948974609375 15465
1752022919824 865.4102783203125 15466
1752022920782 899.20068359375 15467
1752022921738 957.8492431640625 15468
1752022922693 1022.8579711914062 15469
1752022923643 1364.7998046875 15470
1752022924594 2313.71435546875 15471
1752022925546 1047.7701416015625 15472
1752022926498 954.6082153320312 15473
1752022927448 1272.2236328125 15474
1752022928398 1124.55224609375 15475
1752022929353 1503.18359375 15476
1752022930304 2151.68505859375 15477
1752022931261 912.3994140625 15478
1752022932216 1825.208984375 15479
1752022933170 1437.8780517578125 15480
1752022934121 978.263916015625 15481
1752022935075 1965.7581787109375 15482
1752022936026 1116.3643798828125 15483
1752022936985 1161.3724365234375 15484
1752022937936 993.5009155273438 15485
1752022938891 816.2518310546875 15486
1752022939845 832.74755859375 15487
1752022940803 2324.585205078125 15488
1752022941755 1445.0701904296875 15489
1752022942709 1364.5142822265625 15490
1752022943664 1333.1883544921875 15491
1752022944616 1510.7908935546875 15492
1752022945568 683.180419921875 15493
1752022946522 769.7528076171875 15494
1752022947490 806.6582641601562 15495
1752022948479 2656.841796875 15496
1752022949461 1754.7691650390625 15497
1752022950413 1599.673828125 15498
1752022951364 1441.9771728515625 15499
1752022952323 1153.017822265625 15500
1752022953275 1076.1630859375 15501
1752022954807 1323.793701171875 15502
1752022955760 958.97509765625 15503
1752022956716 1193.306396484375 15504
1752022957667 897.0037841796875 15505
1752022958620 843.9865112304688 15506
1752022959575 2554.358154296875 15507
1752022960526 810.333984375 15508
1752022961485 806.35595703125 15509
1752022962441 1935.15087890625 15510
1752022963392 1706.8701171875 15511
1752022964350 1173.1563720703125 15512
1752022965301 1135.142333984375 15513
1752022966256 1094.187744140625 15514
1752022967215 973.788330078125 15515
1752022968165 1097.0294189453125 15516
1752022969122 720.1787719726562 15517
1752022970078 1822.82275390625 15518
1752022971028 1310.1258544921875 15519
1752022971980 979.7060546875 15520
1752022972938 1110.316162109375 15521
1752022973900 1037.9580078125 15522
1752022974853 990.19775390625 15523
1752022975805 1692.4599609375 15524
1752022976759 1316.803466796875 15525
1752022977725 1942.7110595703125 15526
1752022978674 1345.7403564453125 15527
1752022979626 1416.0966796875 15528
1752022980595 1017.1739501953125 15529
1752022981560 613.3729248046875 15530
1752022982512 958.2648315429688 15531
1752022983467 1213.293212890625 15532
1752022984422 1984.07080078125 15533
1752022985378 874.9700317382812 15534
1752022986331 2131.954345703125 15535
1752022987281 1390.2591552734375 15536
1752022988234 976.5938720703125 15537
1752022989186 727.0411987304688 15538
1752022990142 843.2868041992188 15539
1752022991093 2153.024169921875 15540
1752022992048 873.389892578125 15541
1752022993006 1159.0458984375 15542
1752022993961 994.90869140625 15543
1752022994916 995.052490234375 15544
1752022995872 746.8531494140625 15545
1752022996831 605.9453125 15546
1752022997780 1285.322509765625 15547
1752022998733 1134.20703125 15548
1752022999686 1295.176513671875 15549
1752023000640 1070.8338623046875 15550
1752023001590 1608.510009765625 15551
1752023002546 1058.888427734375 15552
1752023003500 717.6994018554688 15553
1752023004455 745.9598388671875 15554
1752023005409 817.1993408203125 15555
1752023006363 3190.375732421875 15556
1752023007317 1013.3155517578125 15557
1752023008272 1925.25 15558
1752023009228 1765.21142578125 15559
1752023010181 878.010009765625 15560
1752023011132 1472.802978515625 15561
1752023012085 1034.8692626953125 15562
1752023013038 1318.9195556640625 15563
1752023013993 1236.178466796875 15564
1752023014948 1436.858154296875 15565
1752023015904 808.209228515625 15566
1752023016856 947.3192138671875 15567
1752023017808 3417.530029296875 15568
1752023018762 1354.98291015625 15569
1752023019715 1973.6253662109375 15570
1752023020670 3314.30810546875 15571
1752023021626 1793.04833984375 15572
1752023022580 882.4028930664062 15573
1752023023534 1522.4278564453125 15574
1752023024488 1588.834716796875 15575
1752023025445 883.1761474609375 15576
1752023026397 1482.189453125 15577
1752023027348 1131.670654296875 15578
1752023028303 4474.4443359375 15579
1752023029257 1816.8939208984375 15580
1752023030205 1614.8109130859375 15581
1752023031155 1497.857421875 15582
1752023032111 1309.37255859375 15583
1752023033062 1245.181884765625 15584
1752023034014 1101.7471923828125 15585
1752023034969 1345.0482177734375 15586
1752023035918 930.0682373046875 15587
1752023036870 1550.985107421875 15588
1752023037822 1752.10888671875 15589
1752023038774 960.9171142578125 15590
1752023039729 1278.92626953125 15591
1752023040688 1723.17138671875 15592
1752023041641 1101.0279541015625 15593
1752023042590 2733.7177734375 15594
1752023043545 1087.981201171875 15595
1752023044499 1945.347412109375 15596
1752023045450 1570.323486328125 15597
1752023046404 2035.4951171875 15598
1752023047355 954.2928466796875 15599
1752023048308 1422.119384765625 15600
1752023049256 1641.1759033203125 15601
1752023050209 2300.9833984375 15602
1752023051161 1117.2344970703125 15603
1752023052116 4618.51904296875 15604
1752023053069 1763.2833251953125 15605
1752023054020 1023.3233642578125 15606
1752023054975 2643.598876953125 15607
1752023055928 2279.625 15608
1752023056879 2238.528564453125 15609
1752023057842 1077.956787109375 15610
1752023058798 2095.6513671875 15611
1752023059755 1481.1654052734375 15612
1752023060708 1660.91943359375 15613
1752023061665 1307.17724609375 15614
1752023062618 1554.082763671875 15615
1752023063578 1210.9034423828125 15616
1752023064533 2905.23779296875 15617
1752023065485 927.1177978515625 15618
1752023066442 1136.24169921875 15619
1752023067400 1322.8017578125 15620
1752023068360 1456.574951171875 15621
1752023069324 1620.197998046875 15622
1752023070278 1079.0693359375 15623
1752023071229 1103.9656982421875 15624
1752023072190 1243.7313232421875 15625
1752023073148 1167.5211181640625 15626
1752023074740 1349.3441162109375 15627
1752023075704 1108.12109375 15628
1752023076662 704.594970703125 15629
1752023077619 1518.467041015625 15630
1752023078578 3237.46142578125 15631
1752023079538 1169.395751953125 15632
1752023080495 1654.056884765625 15633
1752023081444 1139.029541015625 15634
1752023082398 1274.6240234375 15635
1752023083361 2065.3291015625 15636
1752023084314 1371.5322265625 15637
1752023085267 3815.304443359375 15638
1752023086223 1229.9063720703125 15639
1752023087179 1380.56689453125 15640
1752023088133 861.780517578125 15641
1752023089128 823.0086669921875 15642
1752023090110 939.1256713867188 15643
1752023091074 728.7642211914062 15644
1752023092033 1156.898681640625 15645
1752023092986 893.3388061523438 15646
1752023093939 1651.845703125 15647
1752023094892 5130.0146484375 15648
1752023095843 1367.5201416015625 15649
1752023096800 1222.581298828125 15650
1752023097756 2659.61669921875 15651
1752023098713 1572.6163330078125 15652
1752023099668 2470.2216796875 15653
1752023100632 1075.97021484375 15654
1752023101588 1384.463623046875 15655
1752023102543 1559.1240234375 15656
1752023103502 1045.93115234375 15657
1752023104455 986.4225463867188 15658
1752023105409 1153.744873046875 15659
1752023106362 1052.927001953125 15660
1752023107318 1887.3565673828125 15661
1752023108273 1551.355712890625 15662
1752023109231 1019.6442260742188 15663
1752023110190 1643.7041015625 15664
1752023111145 1286.6480712890625 15665
1752023112101 1060.923095703125 15666
1752023113060 1472.020751953125 15667
1752023114013 2537.43701171875 15668
1752023114973 1336.3695068359375 15669
1752023115928 1179.081787109375 15670
1752023116883 1071.418701171875 15671
1752023117835 1532.0732421875 15672
1752023118787 2125.71923828125 15673
1752023119744 1044.1240234375 15674
1752023120697 1263.658935546875 15675
1752023121647 714.66064453125 15676
1752023122609 2108.4931640625 15677
1752023123563 1624.8369140625 15678
1752023124518 1055.972412109375 15679
1752023125478 1322.3533935546875 15680
1752023126431 1412.05712890625 15681
1752023127386 1376.3370361328125 15682
1752023128342 1235.3095703125 15683
1752023129295 743.104736328125 15684
1752023130261 2218.148681640625 15685
1752023131263 801.8648681640625 15686
1752023132251 1063.8829345703125 15687
1752023133208 1533.5714111328125 15688
1752023134166 943.2427978515625 15689
1752023135130 885.5397338867188 15690
1752023136089 615.3923950195312 15691
1752023137039 1008.8077392578125 15692
1752023137987 1177.1573486328125 15693
1752023138939 2053.8583984375 15694
1752023139890 1013.0311279296875 15695
1752023140846 935.5620727539062 15696
1752023141800 699.7937622070312 15697
1752023142753 932.139404296875 15698
1752023143704 2007.933837890625 15699
1752023144657 1100.7752685546875 15700
1752023145618 967.1129150390625 15701
1752023146581 966.066162109375 15702
1752023147535 938.6446533203125 15703
1752023148489 806.34619140625 15704
1752023149442 1277.8585205078125 15705
1752023150397 1277.3460693359375 15706
1752023151352 880.6527099609375 15707
1752023152302 1168.8349609375 15708
1752023153257 1631.714111328125 15709
1752023154209 846.2869873046875 15710
1752023155163 1462.2802734375 15711
1752023156117 799.082275390625 15712
1752023157070 990.5230712890625 15713
1752023158022 873.135986328125 15714
1752023158974 777.3092041015625 15715
1752023159930 866.82958984375 15716
1752023160892 1628.4244384765625 15717
1752023161846 927.6068725585938 15718
1752023162798 1285.061767578125 15719
1752023163750 807.712158203125 15720
1752023164704 2819.7666015625 15721
1752023165653 748.2482299804688 15722
1752023166610 936.1253662109375 15723
1752023167564 1127.48193359375 15724
1752023168515 790.4339599609375 15725
1752023169465 1387.8365478515625 15726
1752023170416 1970.746337890625 15727
1752023171369 1465.695556640625 15728
1752023172323 1301.66650390625 15729
1752023173275 928.25830078125 15730
1752023174222 1505.286865234375 15731
1752023175172 1349.8563232421875 15732
1752023176123 898.1824951171875 15733
1752023177077 1086.88330078125 15734
1752023178030 1288.1907958984375 15735
1752023178992 1544.69482421875 15736
1752023179948 1179.369384765625 15737
1752023180904 906.4371948242188 15738
1752023181861 1327.02783203125 15739
1752023182815 1066.660888671875 15740
1752023183771 1019.7369384765625 15741
1752023184726 1143.882568359375 15742
1752023185686 3752.2001953125 15743
1752023186642 1230.459228515625 15744
1752023187598 1733.789794921875 15745
1752023188557 1600.7960205078125 15746
1752023189512 1172.15283203125 15747
1752023190468 1142.7606201171875 15748
1752023191421 1209.89794921875 15749
1752023192377 1599.609619140625 15750
1752023193335 1044.178955078125 15751
1752023194905 1459.3958740234375 15752
1752023195862 1091.6556396484375 15753
1752023196818 1668.083984375 15754
1752023197774 1616.30859375 15755
1752023198729 1098.347900390625 15756
1752023199685 892.5604248046875 15757
1752023200643 1314.367919921875 15758
1752023201600 971.8433837890625 15759
1752023202553 947.0887451171875 15760
1752023203508 1213.55810546875 15761
1752023204472 1715.6328125 15762
1752023205427 1800.83837890625 15763
1752023206382 1823.960205078125 15764
1752023207345 948.1888427734375 15765
1752023208321 965.0308837890625 15766
1752023209303 1099.225341796875 15767
1752023210294 3007.767822265625 15768
1752023211249 2394.353515625 15769
1752023212207 1511.943115234375 15770
1752023213163 962.6343994140625 15771
1752023214117 2280.794189453125 15772
1752023215071 1046.54931640625 15773
1752023216030 2182.481201171875 15774
1752023216981 1308.300537109375 15775
1752023217938 1062.071044921875 15776
1752023218898 1445.338134765625 15777
1752023219859 1119.74609375 15778
1752023220826 741.5046997070312 15779
1752023221777 1048.4862060546875 15780
1752023222732 1056.3984375 15781
1752023223693 1518.842529296875 15782
1752023224649 1248.066162109375 15783
1752023225609 1075.10888671875 15784
1752023226563 850.0377197265625 15785
1752023227515 706.0855712890625 15786
1752023228473 898.63671875 15787
1752023229422 924.20703125 15788
1752023230377 1218.2967529296875 15789
1752023231328 1579.3077392578125 15790
1752023232282 1354.84814453125 15791
1752023233241 937.4215698242188 15792
1752023234192 750.5889892578125 15793
1752023235151 608.468505859375 15794
1752023236105 1484.7938232421875 15795
1752023237058 998.5498657226562 15796
1752023238024 1483.2017822265625 15797
1752023238981 855.706298828125 15798
1752023239935 1280.2333984375 15799
1752023240888 780.561767578125 15800
1752023241840 741.7987060546875 15801
1752023242792 1415.1689453125 15802
1752023243745 1033.28857421875 15803
1752023244697 830.516357421875 15804
1752023245658 773.4036865234375 15805
1752023246610 994.5491333007812 15806
1752023247560 811.2394409179688 15807
1752023248517 840.6285400390625 15808
1752023249470 1236.133056640625 15809
1752023250423 763.998046875 15810
1752023251375 1315.46875 15811
1752023252328 1874.380615234375 15812
1752023253284 1073.11474609375 15813
1752023254240 1082.848876953125 15814
1752023255194 1350.21240234375 15815
1752023256146 855.0654296875 15816
1752023257097 1815.81787109375 15817
1752023258051 1150.3936767578125 15818
1752023259005 1386.120361328125 15819
1752023259960 979.19482421875 15820
1752023260914 1006.3755493164062 15821
1752023261872 1615.27685546875 15822
1752023262821 1086.4298095703125 15823
1752023263774 2534.427001953125 15824
1752023264725 958.3525390625 15825
1752023265679 839.0883178710938 15826
1752023266633 1239.301025390625 15827
1752023267586 1565.644287109375 15828
1752023268539 1230.193359375 15829
1752023269493 1279.28271484375 15830
1752023270446 990.4452514648438 15831
1752023271396 1696.072021484375 15832
1752023272355 1381.61328125 15833
1752023273307 1448.119140625 15834
1752023274259 684.5841674804688 15835
1752023275210 1306.651611328125 15836
1752023276160 1312.4501953125 15837
1752023277116 1970.9029541015625 15838
1752023278064 1093.187744140625 15839
1752023279016 1325.1939697265625 15840
1752023279970 1144.9720458984375 15841
1752023280931 1778.9434814453125 15842
1752023281883 1026.741943359375 15843
1752023282833 1555.51708984375 15844
1752023283785 1690.8343505859375 15845
1752023284740 1262.912353515625 15846
1752023285693 1567.6719970703125 15847
1752023286642 1738.8314208984375 15848
1752023287594 2184.309814453125 15849
1752023288546 1273.636474609375 15850
1752023289496 860.551025390625 15851
1752023290452 1032.406494140625 15852
1752023291404 905.0103759765625 15853
1752023292356 1885.8192138671875 15854
1752023293310 2438.804443359375 15855
1752023294264 1322.500732421875 15856
1752023295216 902.36279296875 15857
1752023296167 1208.059814453125 15858
1752023297134 1065.97314453125 15859
1752023298099 752.7982177734375 15860
1752023299052 1128.6142578125 15861
1752023300007 1491.861083984375 15862
1752023300971 829.8046875 15863
1752023301927 1115.642578125 15864
1752023302884 1069.5364990234375 15865
1752023303844 2090.64306640625 15866
1752023304800 3111.2099609375 15867
1752023305763 1119.211181640625 15868
1752023306720 1436.504150390625 15869
1752023307681 2084.3818359375 15870
1752023308637 975.785400390625 15871
1752023309589 2759.236083984375 15872
1752023310539 1685.799072265625 15873
1752023311493 2431.58203125 15874
1752023312450 1348.1756591796875 15875
1752023313415 1030.649658203125 15876
1752023314989 2473.409423828125 15877
1752023315946 1337.3331298828125 15878
1752023316901 9964.5830078125 15879
1752023317860 1182.211181640625 15880
1752023318813 1505.61181640625 15881
1752023319773 5831.994140625 15882
1752023320732 2442.62744140625 15883
1752023321688 1951.3310546875 15884
1752023322645 2060.992431640625 15885
1752023323598 3259.0537109375 15886
1752023324558 2417.72216796875 15887
1752023325508 1249.943603515625 15888
1752023326470 2773.74072265625 15889
1752023327428 1332.1519775390625 15890
1752023328383 2442.61328125 15891
1752023329339 4827.11962890625 15892
1752023330298 2255.232421875 15893
1752023331259 1619.8272705078125 15894
1752023332221 2301.57275390625 15895
1752023333175 1596.2889404296875 15896
1752023334133 2127.968505859375 15897
1752023335093 3226.83935546875 15898
1752023336043 1740.0670166015625 15899
1752023337036 1481.416015625 15900
1752023338015 1530.5789794921875 15901
1752023338979 1616.8031005859375 15902
1752023339932 2573.08837890625 15903
1752023340898 1230.5501708984375 15904
1752023341855 1134.6572265625 15905
1752023342823 1297.948486328125 15906
1752023343784 1990.1773681640625 15907
1752023344742 1217.4517822265625 15908
1752023345694 1217.464111328125 15909
1752023346658 1401.341064453125 15910
1752023347610 1758.119384765625 15911
1752023348567 1502.61865234375 15912
1752023349523 1152.8282470703125 15913
1752023350488 1211.35107421875 15914
1752023351441 3406.623046875 15915
1752023352391 1032.347900390625 15916
1752023353349 1076.0087890625 15917
1752023354306 1425.937255859375 15918
1752023355261 2444.45556640625 15919
1752023356219 2090.189697265625 15920
1752023357171 1770.02685546875 15921
1752023358125 1184.82373046875 15922
1752023359077 976.8130493164062 15923
1752023360034 1345.997802734375 15924
1752023360987 1642.048828125 15925
1752023361940 1582.05078125 15926
1752023362894 1986.830810546875 15927
1752023363846 1534.697998046875 15928
1752023364802 905.7819213867188 15929
1752023365763 970.9774169921875 15930
1752023366717 1435.482666015625 15931
1752023367671 1713.597412109375 15932
1752023368621 1041.099365234375 15933
1752023369579 815.819091796875 15934
1752023370534 744.9725341796875 15935
1752023371484 1225.6376953125 15936
1752023372435 999.0697021484375 15937
1752023373388 1138.415283203125 15938
1752023374344 808.1954345703125 15939
1752023375295 2972.298828125 15940
1752023376257 2499.24072265625 15941
1752023377209 1501.239501953125 15942
1752023378162 1164.12060546875 15943
1752023379125 1261.2947998046875 15944
1752023380080 2822.8564453125 15945
1752023381040 1213.526611328125 15946
1752023381989 1343.47021484375 15947
1752023382938 1050.902587890625 15948
1752023383890 1531.306884765625 15949
1752023384844 1059.6630859375 15950
1752023385794 1036.1004638671875 15951
1752023386748 821.357666015625 15952
1752023387703 3237.391845703125 15953
1752023388681 1830.659912109375 15954
1752023389661 2111.7265625 15955
1752023390645 1036.866455078125 15956
1752023391598 1872.292724609375 15957
1752023392550 1587.226318359375 15958
1752023393507 1457.37451171875 15959
1752023394462 1483.691650390625 15960
1752023395416 1243.4400634765625 15961
1752023396367 1479.5955810546875 15962
1752023397333 923.9488525390625 15963
1752023398284 1388.0263671875 15964
1752023399251 4762.7080078125 15965
1752023400209 4744.44970703125 15966
1752023401172 815.483154296875 15967
1752023402127 1855.4217529296875 15968
1752023403076 2329.21044921875 15969
1752023404028 1754.315673828125 15970
1752023404981 1412.7275390625 15971
1752023405932 1263.8673095703125 15972
1752023406888 854.5557861328125 15973
1752023407840 1059.170166015625 15974
1752023408792 1482.5010986328125 15975
1752023409747 1181.96435546875 15976
1752023410701 1071.1690673828125 15977
1752023411652 1537.0556640625 15978
1752023412602 1804.5352783203125 15979
1752023413555 1095.7255859375 15980
1752023414510 1002.0657958984375 15981
1752023415461 1187.721923828125 15982
1752023416410 2781.525146484375 15983
1752023417367 1012.8408203125 15984
1752023418325 1233.0604248046875 15985
1752023419287 1551.5732421875 15986
1752023420241 1022.4220581054688 15987
1752023421202 1290.8101806640625 15988
1752023422158 1104.549560546875 15989
1752023423117 1040.8116455078125 15990
1752023424067 3121.724609375 15991
1752023425022 974.2471923828125 15992
1752023425983 1159.17138671875 15993
1752023426941 1686.13818359375 15994
1752023427899 1375.08447265625 15995
1752023428852 1043.27099609375 15996
1752023429805 2068.4580078125 15997
1752023430761 1017.8933715820312 15998
1752023431722 1025.318115234375 15999
1752023432676 1450.367919921875 16000
1752023433627 1053.48974609375 16001
1752023435212 947.0986328125 16002
1752023436162 1440.8671875 16003
1752023437122 1241.71728515625 16004
1752023438080 1625.1834716796875 16005
1752023439036 1089.939208984375 16006
1752023439992 1396.9912109375 16007
1752023440951 2085.3623046875 16008
1752023441909 2131.20263671875 16009
1752023442864 1104.1473388671875 16010
1752023443819 2136.11083984375 16011
1752023444778 1407.5029296875 16012
1752023445734 1379.0369873046875 16013
1752023446695 943.4508056640625 16014
1752023447651 5810.224609375 16015
1752023448623 2267.352294921875 16016
1752023449602 1138.9417724609375 16017
1752023450586 923.71533203125 16018
1752023451540 1022.9107666015625 16019
1752023452494 5119.39892578125 16020
1752023453452 950.8636474609375 16021
1752023454412 966.2994384765625 16022
1752023455372 1282.517822265625 16023
1752023456332 2990.1083984375 16024
1752023457288 999.5307006835938 16025
1752023458244 1182.819091796875 16026
1752023459197 1157.6982421875 16027
1752023460151 969.2886962890625 16028
1752023461105 948.9810791015625 16029
1752023462058 1067.8994140625 16030
1752023463010 1107.342529296875 16031
1752023463971 967.8787841796875 16032
1752023464927 652.8895263671875 16033
1752023465879 1224.766845703125 16034
1752023466831 3378.22900390625 16035
1752023467789 978.2784423828125 16036
1752023468748 3356.76611328125 16037
1752023469702 4692.57861328125 16038
1752023470650 1553.061767578125 16039
1752023471603 1450.08056640625 16040
1752023472555 2118.1357421875 16041
1752023473511 1326.627197265625 16042
1752023474466 2097.48388671875 16043
1752023475418 2570.8828125 16044
1752023476372 1739.610107421875 16045
1752023477326 1958.4862060546875 16046
1752023478280 2555.81103515625 16047
1752023479233 1372.8837890625 16048
1752023480187 3627.9677734375 16049
1752023481140 1722.169677734375 16050
1752023482094 1903.5615234375 16051
1752023483048 1464.29931640625 16052
1752023484003 5196.642578125 16053
1752023484955 1209.884765625 16054
1752023485910 1405.746826171875 16055
1752023486863 1722.265380859375 16056
1752023487816 1346.889892578125 16057
1752023488767 959.2781982421875 16058
1752023489720 1412.0960693359375 16059
1752023490671 1081.1129150390625 16060
1752023491627 5677.3994140625 16061
1752023492580 1244.276123046875 16062
1752023493534 948.1331787109375 16063
1752023494488 994.7493896484375 16064
1752023495444 2358.127685546875 16065
1752023496417 1298.6080322265625 16066
1752023497400 1124.8145751953125 16067
1752023498388 1387.36083984375 16068
1752023499347 1772.9161376953125 16069
1752023500301 4883.65185546875 16070
1752023501254 1226.7962646484375 16071
1752023502209 1711.8740234375 16072
1752023503162 1094.708740234375 16073
1752023504115 1939.9453125 16074
1752023505073 1455.4356689453125 16075
1752023506027 1863.3740234375 16076
1752023506983 1831.663818359375 16077
1752023507936 4661.2685546875 16078
1752023508887 3593.795654296875 16079
1752023509840 1133.566650390625 16080
1752023510790 2226.415771484375 16081
1752023511745 1702.501708984375 16082
1752023512697 1311.451171875 16083
1752023513650 1637.93310546875 16084
1752023514603 1602.498046875 16085
1752023515555 7779.099609375 16086
1752023516508 1462.763916015625 16087
1752023517459 3715.722900390625 16088
1752023518412 1160.8470458984375 16089
1752023519368 1270.612548828125 16090
1752023520325 3238.50146484375 16091
1752023521282 1698.644775390625 16092
1752023522235 2016.6435546875 16093
1752023523188 2373.12939453125 16094
1752023524140 1836.35986328125 16095
1752023525089 2506.62158203125 16096
1752023526042 1577.052734375 16097
1752023526998 1766.0001220703125 16098
1752023527949 2640.03564453125 16099
1752023528898 1986.039794921875 16100
1752023529852 1850.697998046875 16101
1752023530807 3833.529541015625 16102
1752023531758 1600.6707763671875 16103
1752023532708 1828.265625 16104
1752023533659 1802.1064453125 16105
1752023534610 2309.361083984375 16106
1752023535565 1305.214111328125 16107
1752023536516 2291.675048828125 16108
1752023537480 1629.406494140625 16109
1752023538434 1628.8807373046875 16110
1752023539393 1493.619140625 16111
1752023540349 1119.52685546875 16112
1752023541299 1809.7349853515625 16113
1752023542248 1229.6990966796875 16114
1752023543200 1431.959716796875 16115
1752023544149 1134.1424560546875 16116
1752023545103 1250.249267578125 16117
1752023546055 1656.2373046875 16118
1752023547011 1086.095947265625 16119
1752023547963 1845.2523193359375 16120
1752023548918 915.9238891601562 16121
1752023549872 927.3868408203125 16122
1752023550829 1288.37255859375 16123
1752023551796 1370.308349609375 16124
1752023552748 1576.2900390625 16125
1752023553703 952.0054931640625 16126
1752023555254 1048.879150390625 16127
1752023556207 799.24755859375 16128
1752023557160 1172.862060546875 16129
1752023558115 1728.244140625 16130
1752023559070 1261.78564453125 16131
1752023560027 2425.79833984375 16132
1752023560977 2096.25146484375 16133
1752023561927 1829.2266845703125 16134
1752023562887 1254.1474609375 16135
1752023563851 2485.51611328125 16136
1752023564805 1013.5008544921875 16137
1752023565765 1108.9400634765625 16138
1752023566716 1568.792236328125 16139
1752023567674 2599.244873046875 16140
1752023568652 1669.554931640625 16141
1752023569635 991.0592041015625 16142
1752023570609 1173.621826171875 16143
1752023571565 741.8158569335938 16144
1752023572519 1690.8809814453125 16145
1752023573477 1600.3531494140625 16146
1752023574442 1704.069091796875 16147
1752023575394 901.7811889648438 16148
1752023576349 1397.91455078125 16149
1752023577302 3561.23046875 16150
1752023578255 1090.906982421875 16151
1752023579210 1666.7054443359375 16152
1752023580167 892.1490478515625 16153
1752023581127 1142.93701171875 16154
1752023582083 1500.339111328125 16155
1752023583047 1873.47216796875 16156
1752023583998 1148.1290283203125 16157
1752023584955 1022.2222900390625 16158
1752023585906 1427.42626953125 16159
1752023586866 2226.310791015625 16160
1752023587819 1351.046875 16161
1752023588771 1293.686767578125 16162
1752023589724 1186.49609375 16163
1752023590677 1191.4017333984375 16164
1752023591630 662.7630004882812 16165
1752023592583 754.2647705078125 16166
1752023593536 1864.09033203125 16167
1752023594487 811.698486328125 16168
1752023595514 2844.75439453125 16169
1752023596468 1305.185546875 16170
1752023597424 874.5521240234375 16171
1752023598376 1741.168701171875 16172
1752023599327 2050.06494140625 16173
1752023600280 2618.65380859375 16174
1752023601235 2129.2685546875 16175
1752023602190 1380.8663330078125 16176
1752023603142 1361.98193359375 16177
1752023604095 1234.33935546875 16178
1752023605046 3256.757568359375 16179
1752023606002 1094.676025390625 16180
1752023606955 1160.8922119140625 16181
1752023607903 1713.327880859375 16182
1752023608858 799.5263671875 16183
1752023609811 1322.26806640625 16184
1752023610763 1605.667724609375 16185
1752023611713 1439.3414306640625 16186
1752023612668 3185.67431640625 16187
1752023613618 1143.6923828125 16188
1752023614576 1684.9627685546875 16189
1752023615528 1262.548828125 16190
1752023616479 1213.228271484375 16191
1752023617436 1593.0048828125 16192
1752023618388 1431.4945068359375 16193
1752023619343 1438.70263671875 16194
1752023620298 1603.24853515625 16195
1752023621249 1058.195556640625 16196
1752023622202 1137.818603515625 16197
1752023623154 3869.18115234375 16198
1752023624107 2643.80517578125 16199
1752023625067 1978.93701171875 16200
1752023626019 1453.2884521484375 16201
1752023626972 1065.2542724609375 16202
1752023627922 1760.9517822265625 16203
1752023628911 1250.12255859375 16204
1752023629889 1484.289794921875 16205
1752023630852 969.0397338867188 16206
1752023631804 1131.7540283203125 16207
1752023632760 1450.718505859375 16208
1752023633712 1498.2783203125 16209
1752023634663 1817.30517578125 16210
1752023635612 2593.67529296875 16211
1752023636567 1382.663330078125 16212
1752023637520 1435.511962890625 16213
1752023638469 1089.560791015625 16214
1752023639424 1123.84765625 16215
1752023640384 1524.583740234375 16216
1752023641340 1337.6368408203125 16217
1752023642290 1351.489990234375 16218
1752023643239 1268.833984375 16219
1752023644193 1469.7222900390625 16220
1752023645145 3547.39794921875 16221
1752023646099 1466.071044921875 16222
1752023647054 1081.2303466796875 16223
1752023648006 760.534912109375 16224
1752023648957 2408.841796875 16225
1752023649910 2622.2294921875 16226
1752023650862 1053.552001953125 16227
1752023651814 914.568603515625 16228
1752023652768 1784.34716796875 16229
1752023653722 780.904052734375 16230
1752023654674 1348.881591796875 16231
1752023655623 4123.65478515625 16232
1752023656575 1401.1060791015625 16233
1752023657528 1224.748779296875 16234
1752023658482 800.3629150390625 16235
1752023659432 877.3815307617188 16236
1752023660389 891.0394287109375 16237
1752023661340 1339.724365234375 16238
1752023662294 3765.873046875 16239
1752023663255 1177.7535400390625 16240
1752023664216 1009.3762817382812 16241
1752023665171 1320.52734375 16242
1752023666122 1172.872802734375 16243
1752023667074 1371.4234619140625 16244
1752023668028 817.504150390625 16245
1752023668984 724.7457275390625 16246
1752023669941 1102.35302734375 16247
1752023670893 1600.91845703125 16248
1752023671849 1085.7957763671875 16249
1752023672801 1235.607177734375 16250
1752023673753 1077.940185546875 16251
1752023675807 1279.369384765625 16252
1752023676767 1998.732177734375 16253
1752023677724 906.552734375 16254
1752023678678 1085.082763671875 16255
1752023679658 1159.490966796875 16256
1752023680643 1673.963623046875 16257
1752023681621 1909.977294921875 16258
1752023682572 1178.447998046875 16259
1752023683527 801.2916259765625 16260
1752023684476 1036.474609375 16261
1752023685429 748.1455078125 16262
1752023686382 1146.63330078125 16263
1752023687337 1140.965576171875 16264
1752023688302 1550.717041015625 16265
1752023689251 1159.62158203125 16266
1752023690221 849.0308837890625 16267
1752023691180 802.7816772460938 16268
1752023692139 1550.8880615234375 16269
1752023693093 1614.65625 16270
1752023694050 1024.72802734375 16271
1752023695000 765.395751953125 16272
1752023695952 1371.743896484375 16273
1752023696906 1004.614990234375 16274
1752023697865 1216.526123046875 16275
1752023698818 1634.88427734375 16276
1752023699768 1285.468994140625 16277
1752023700727 931.6741943359375 16278
1752023701682 1351.4173583984375 16279
1752023702642 1301.2586669921875 16280
1752023703599 1475.686279296875 16281
1752023704555 2391.62158203125 16282
1752023705511 1639.24267578125 16283
1752023706461 1193.4197998046875 16284
1752023707416 999.197998046875 16285
1752023708369 1357.925537109375 16286
1752023709324 1529.26953125 16287
1752023710277 1059.8760986328125 16288
1752023711229 712.359375 16289
1752023712185 1352.2802734375 16290
1752023713136 1357.0882568359375 16291
1752023714086 1021.3011474609375 16292
1752023715038 2323.44677734375 16293
1752023715993 995.6121826171875 16294
1752023716943 984.6260986328125 16295
1752023717896 1036.334716796875 16296
1752023718852 1343.790283203125 16297
1752023719803 1396.690673828125 16298
1752023720759 1915.48046875 16299
1752023721710 1277.341796875 16300
1752023722660 1044.62060546875 16301
1752023723610 2203.885498046875 16302
1752023724559 1373.15966796875 16303
1752023725518 1359.550048828125 16304
1752023726470 1095.5994873046875 16305
1752023727427 775.3566284179688 16306
1752023728381 1501.843505859375 16307
1752023729336 779.91162109375 16308
1752023730289 900.0806884765625 16309
1752023731242 936.030517578125 16310
1752023732199 1049.40185546875 16311
1752023733156 1151.8406982421875 16312
1752023734111 1981.228515625 16313
1752023735067 3611.705078125 16314
1752023736022 1224.6270751953125 16315
1752023736976 1503.9161376953125 16316
1752023737930 1176.9510498046875 16317
1752023738886 2464.643310546875 16318
1752023739837 789.3349609375 16319
1752023740788 1380.712158203125 16320
1752023741739 673.6466064453125 16321
1752023742694 1383.2689208984375 16322
1752023743647 959.75244140625 16323
1752023744602 2673.521484375 16324
1752023745553 2253.085205078125 16325
1752023746509 985.2515869140625 16326
1752023747461 833.5699462890625 16327
1752023748426 1203.7349853515625 16328
1752023749421 978.3214721679688 16329
1752023750411 877.22705078125 16330
1752023751365 3506.02587890625 16331
1752023752322 1338.02880859375 16332
1752023753272 730.17822265625 16333
1752023754222 1075.1995849609375 16334
1752023755178 790.0964965820312 16335
1752023756129 1414.2723388671875 16336
1752023757082 709.9846801757812 16337
1752023758034 3219.2314453125 16338
1752023758985 1448.6234130859375 16339
1752023759939 947.666015625 16340
1752023760903 1118.4078369140625 16341
1752023761854 1050.310302734375 16342
1752023762807 1947.1494140625 16343
1752023763761 1554.5938720703125 16344
1752023764714 1721.521484375 16345
1752023765667 1978.9072265625 16346
1752023766620 1106.04443359375 16347
1752023767574 1433.05712890625 16348
1752023768526 1607.8701171875 16349
1752023769479 1238.471923828125 16350
1752023770433 2885.76220703125 16351
1752023771389 4853.55322265625 16352
1752023772341 2460.7294921875 16353
1752023773299 876.34716796875 16354
1752023774253 1340.384521484375 16355
1752023775206 2391.61572265625 16356
1752023776159 1626.006591796875 16357
1752023777110 1453.9603271484375 16358
1752023778058 2470.3095703125 16359
1752023779017 1581.403564453125 16360
1752023779972 1403.7545166015625 16361
1752023780936 1344.389892578125 16362
1752023781888 1282.184814453125 16363
1752023782840 1704.2069091796875 16364
1752023783791 1238.07275390625 16365
1752023784748 1983.0938720703125 16366
1752023785708 991.2968139648438 16367
1752023786662 827.894775390625 16368
1752023787616 1130.2664794921875 16369
1752023788570 901.8443603515625 16370
1752023789523 1878.340576171875 16371
1752023790481 741.569580078125 16372
1752023791436 1710.42529296875 16373
1752023792388 1372.038330078125 16374
1752023793341 2066.787109375 16375
1752023794296 1230.482666015625 16376
1752023795883 4301.0908203125 16377
1752023796838 1555.143798828125 16378
1752023797791 990.1846923828125 16379
1752023798744 1271.1826171875 16380
1752023799704 1175.831298828125 16381
1752023800657 851.8123779296875 16382
1752023801610 988.3560180664062 16383
1752023802564 854.6179809570312 16384
1752023803516 1396.238037109375 16385
1752023804471 996.7574462890625 16386
1752023805420 15277.6513671875 16387
1752023806375 1176.157470703125 16388
1752023807327 1371.8330078125 16389
1752023808292 1518.9967041015625 16390
1752023809281 1503.916748046875 16391
1752023810271 1144.759521484375 16392
1752023811225 1626.7664794921875 16393
1752023812181 3933.025390625 16394
1752023813138 2291.814453125 16395
1752023814090 2523.45849609375 16396
1752023815045 2409.626953125 16397
1752023815999 2540.523193359375 16398
1752023816956 1215.5377197265625 16399
1752023817909 1258.1181640625 16400
1752023818864 1391.743408203125 16401
1752023819817 1242.6455078125 16402
1752023820776 1561.15576171875 16403
1752023821730 1439.0400390625 16404
1752023822683 1624.5225830078125 16405
1752023823641 977.4922485351562 16406
1752023824601 1276.8021240234375 16407
1752023825552 1267.6142578125 16408
1752023826504 1101.388671875 16409
1752023827460 920.1787109375 16410
1752023828410 3258.65185546875 16411
1752023829361 2091.948486328125 16412
1752023830319 1289.9002685546875 16413
1752023831272 1533.250244140625 16414
1752023832226 3951.47607421875 16415
1752023833176 1359.9627685546875 16416
1752023834128 1644.03271484375 16417
1752023835088 1848.8096923828125 16418
1752023836040 1615.2100830078125 16419
1752023836996 2864.48779296875 16420
1752023837952 1975.9755859375 16421
1752023838904 2056.85107421875 16422
1752023839857 1545.0274658203125 16423
1752023840807 1336.69921875 16424
1752023841759 4311.208984375 16425
1752023842711 1933.192626953125 16426
1752023843666 1314.318115234375 16427
1752023844621 1547.622802734375 16428
1752023845572 1259.626708984375 16429
1752023846537 1585.7960205078125 16430
1752023847498 1121.6429443359375 16431
1752023848451 1745.450927734375 16432
1752023849406 1182.2822265625 16433
1752023850359 921.3280029296875 16434
1752023851311 880.8228149414062 16435
1752023852265 2017.699951171875 16436
1752023853222 1105.782958984375 16437
1752023854174 1870.797607421875 16438
1752023855133 1195.3365478515625 16439
1752023856086 4389.6953125 16440
1752023857038 1413.4229736328125 16441
1752023858002 1616.307861328125 16442
1752023858960 1364.9805908203125 16443
1752023859911 2272.089111328125 16444
1752023860862 3223.123046875 16445
1752023861811 923.8842163085938 16446
1752023862795 1998.845458984375 16447
1752023863772 1812.9014892578125 16448
1752023864745 893.3423461914062 16449
1752023865700 1899.519775390625 16450
1752023866651 1348.0380859375 16451
1752023867606 2765.7314453125 16452
1752023868558 1377.1776123046875 16453
1752023869507 1670.50830078125 16454
1752023870459 918.7566528320312 16455
1752023871410 1593.268798828125 16456
1752023872362 1441.85595703125 16457
1752023873316 1277.6103515625 16458
1752023874267 1332.590576171875 16459
1752023875219 917.3150634765625 16460
1752023876170 1500.0142822265625 16461
1752023877125 840.9533081054688 16462
1752023878076 1496.151611328125 16463
1752023879024 1801.776611328125 16464
1752023879974 693.133544921875 16465
1752023880936 1229.4345703125 16466
1752023881884 1498.1116943359375 16467
1752023882838 774.8131713867188 16468
1752023883788 1332.907470703125 16469
1752023884743 1305.5233154296875 16470
1752023885695 1056.211669921875 16471
1752023886648 764.754150390625 16472
1752023887599 601.0662231445312 16473
1752023888551 862.808349609375 16474
1752023889507 841.420166015625 16475
1752023890458 777.168212890625 16476
1752023891413 996.274169921875 16477
1752023892368 1133.997802734375 16478
1752023893322 1206.522216796875 16479
1752023894273 899.14111328125 16480
1752023895224 926.890380859375 16481
1752023896178 1357.365478515625 16482
1752023897137 937.8572998046875 16483
1752023898097 1260.40185546875 16484
1752023899056 1713.598388671875 16485
1752023900012 1265.1640625 16486
1752023900965 717.0865478515625 16487
1752023901931 1391.9351806640625 16488
1752023902894 1765.5516357421875 16489
1752023903856 1017.7581787109375 16490
1752023904813 1238.6875 16491
1752023905765 969.1893920898438 16492
1752023906726 1080.088623046875 16493
1752023907693 2041.5499267578125 16494
1752023908652 1257.391845703125 16495
1752023909611 1488.701171875 16496
1752023910570 1600.094970703125 16497
1752023911526 861.8363647460938 16498
1752023912484 1245.87841796875 16499
1752023913441 1144.3819580078125 16500
1752023914413 974.1861572265625 16501
1752023916011 1055.476318359375 16502
1752023916972 1455.849365234375 16503
1752023917926 734.7572631835938 16504
1752023918889 2032.1298828125 16505
1752023919849 727.0117797851562 16506
1752023920803 2418.99658203125 16507
1752023921758 953.49365234375 16508
1752023922720 1081.526123046875 16509
1752023923682 1085.6727294921875 16510
1752023924638 1403.9188232421875 16511
1752023925601 791.7784423828125 16512
1752023926560 950.1572265625 16513
1752023927509 833.8184204101562 16514
1752023928461 9543.080078125 16515
1752023929422 1242.355224609375 16516
1752023930380 1205.907958984375 16517
1752023931331 1218.1124267578125 16518
1752023932285 1414.073974609375 16519
1752023933242 729.277587890625 16520
1752023934196 864.095458984375 16521
1752023935151 1138.3719482421875 16522
1752023936111 882.0999755859375 16523
1752023937068 799.8353881835938 16524
1752023938021 841.6435546875 16525
1752023938975 727.8463745117188 16526
1752023939967 1459.9384765625 16527
1752023940958 1422.5999755859375 16528
1752023941925 1021.6725463867188 16529
1752023942884 1817.0947265625 16530
1752023943844 1777.9786376953125 16531
1752023944797 978.914794921875 16532
1752023945752 3094.30078125 16533
1752023946715 941.6097412109375 16534
1752023947679 935.9216918945312 16535
1752023948633 1392.4046630859375 16536
1752023949586 2204.1865234375 16537
1752023950541 1358.1641845703125 16538
1752023951497 1970.900146484375 16539
1752023952452 1609.8642578125 16540
1752023953406 2265.07958984375 16541
1752023954357 1290.1583251953125 16542
1752023955312 1922.08349609375 16543
1752023956269 1440.37158203125 16544
1752023957222 1172.4554443359375 16545
1752023958177 1124.475341796875 16546
1752023959137 3982.673828125 16547
1752023960088 1549.18212890625 16548
1752023961043 1930.295166015625 16549
1752023961997 1264.778076171875 16550
1752023962953 1616.166015625 16551
1752023963909 2128.72265625 16552
1752023964862 1260.3759765625 16553
1752023965817 1007.906494140625 16554
1752023966770 885.0947265625 16555
1752023967729 2896.56298828125 16556
1752023968681 1267.1943359375 16557
1752023969646 1588.896240234375 16558
1752023970605 1466.821533203125 16559
1752023971556 1613.6292724609375 16560
1752023972506 1354.815673828125 16561
1752023973465 2661.755859375 16562
1752023974418 1058.0081787109375 16563
1752023975371 1541.8201904296875 16564
1752023976323 1775.482177734375 16565
1752023977277 2846.838623046875 16566
1752023978235 1732.4580078125 16567
1752023979190 2590.334228515625 16568
1752023980146 1591.793701171875 16569
1752023981107 1652.211669921875 16570
1752023982061 1169.22900390625 16571
1752023983011 2211.98779296875 16572
1752023983967 2272.529541015625 16573
1752023984925 986.5140380859375 16574
1752023985879 1768.4451904296875 16575
1752023986834 1802.7435302734375 16576
1752023987791 1028.58642578125 16577
1752023988782 2576.127197265625 16578
1752023989767 1751.502685546875 16579
1752023990737 1447.86865234375 16580
1752023991691 1826.9443359375 16581
1752023992644 844.554443359375 16582
1752023993602 931.4510498046875 16583
1752023994556 1380.116943359375 16584
1752023995508 1433.8692626953125 16585
1752023996460 1320.248779296875 16586
1752023997415 1119.79248046875 16587
1752023998361 908.6771240234375 16588
1752023999313 1487.865478515625 16589
1752024000264 1125.071044921875 16590
1752024001223 1459.4556884765625 16591
1752024002177 924.416748046875 16592
1752024003132 1065.8994140625 16593
1752024004088 1358.91748046875 16594
1752024005038 2465.906005859375 16595
1752024005992 1135.15185546875 16596
1752024006946 1626.8671875 16597
1752024007899 1256.0699462890625 16598
1752024008853 1242.15576171875 16599
1752024009807 1310.76806640625 16600
1752024010771 772.8948974609375 16601
1752024011722 1089.372802734375 16602
1752024012671 914.2855224609375 16603
1752024013627 1281.8841552734375 16604
1752024014578 1954.245849609375 16605
1752024015532 698.08349609375 16606
1752024016494 3388.269775390625 16607
1752024017454 4563.2373046875 16608
1752024018405 1373.7501220703125 16609
1752024019361 6056.95263671875 16610
1752024020316 1005.9705810546875 16611
1752024021271 1505.560302734375 16612
1752024022225 1284.7445068359375 16613
1752024023184 1375.3551025390625 16614
1752024024139 1331.472900390625 16615
1752024025091 1071.78076171875 16616
1752024026054 1544.249267578125 16617
1752024027019 6694.2099609375 16618
1752024027979 2446.193603515625 16619
1752024028932 1327.27294921875 16620
1752024029888 1620.9637451171875 16621
1752024030844 1256.7601318359375 16622
1752024031801 1914.62548828125 16623
1752024032755 1890.3282470703125 16624
1752024033715 3238.37255859375 16625
1752024034679 2184.74560546875 16626
1752024036264 1808.8773193359375 16627
1752024037222 1222.25732421875 16628
1752024038185 1385.176513671875 16629
1752024039151 2048.21826171875 16630
1752024040102 1533.384765625 16631
1752024041058 1252.041748046875 16632
1752024042024 1308.30029296875 16633
1752024042978 1725.610595703125 16634
1752024043938 1387.0418701171875 16635
1752024044897 1274.94580078125 16636
1752024045855 743.4727783203125 16637
1752024046810 893.4215087890625 16638
1752024047763 1645.92578125 16639
1752024048717 1835.035400390625 16640
1752024049698 1339.0614013671875 16641
1752024050679 996.0946655273438 16642
1752024051653 1982.7958984375 16643
1752024052609 1210.8392333984375 16644
1752024053565 2502.68603515625 16645
1752024054523 1431.070068359375 16646
1752024055477 1125.6943359375 16647
1752024056438 1601.486328125 16648
1752024057391 1629.711669921875 16649
1752024058351 994.4331665039062 16650
1752024059308 1524.774658203125 16651
1752024060269 1063.2467041015625 16652
1752024061232 1103.957763671875 16653
1752024062187 1523.74609375 16654
1752024063141 735.034912109375 16655
1752024064094 817.998046875 16656
1752024065058 1153.74609375 16657
1752024066018 677.0701904296875 16658
1752024066977 1509.024169921875 16659
1752024067930 1049.2623291015625 16660
1752024068891 948.8816528320312 16661
1752024069842 1206.9593505859375 16662
1752024070795 1757.65478515625 16663
1752024071748 3079.34619140625 16664
1752024072702 3490.179931640625 16665
1752024073653 1088.755859375 16666
1752024074618 891.7315063476562 16667
1752024075576 1151.1177978515625 16668
1752024076530 1263.069091796875 16669
1752024077493 1805.591552734375 16670
1752024078450 892.543701171875 16671
1752024079406 736.8768310546875 16672
1752024080364 1232.3978271484375 16673
1752024081323 2093.099853515625 16674
1752024082283 2308.178955078125 16675
1752024083238 1207.8349609375 16676
1752024084200 817.7498779296875 16677
1752024085151 831.8073120117188 16678
1752024086115 800.8841552734375 16679
1752024087067 1879.701904296875 16680
1752024088019 1422.8680419921875 16681
1752024088981 1080.3800048828125 16682
1752024089935 1379.842529296875 16683
1752024090895 2021.064208984375 16684
1752024091849 2017.61474609375 16685
1752024092806 1014.4271850585938 16686
1752024093762 2760.42431640625 16687
1752024094715 1915.8291015625 16688
1752024095666 1229.408935546875 16689
1752024096623 1584.64599609375 16690
1752024097579 1582.7606201171875 16691
1752024098531 818.172607421875 16692
1752024099487 2478.63232421875 16693
1752024100446 1109.7392578125 16694
1752024101402 836.8878784179688 16695
1752024102360 666.0968627929688 16696
1752024103319 1625.7384033203125 16697
1752024104277 847.27783203125 16698
1752024105236 861.1350708007812 16699
1752024106193 1039.97119140625 16700
1752024107144 1172.370361328125 16701
1752024108099 892.56787109375 16702
1752024109095 1613.3062744140625 16703
1752024110082 1071.6976318359375 16704
1752024111042 1203.330810546875 16705
1752024111997 1324.8834228515625 16706
1752024112947 1019.9945068359375 16707
1752024113899 1027.75439453125 16708
1752024114856 835.9667358398438 16709
1752024115808 1797.461669921875 16710
1752024116760 2928.85498046875 16711
1752024117717 747.4340209960938 16712
1752024118675 761.6483764648438 16713
1752024119627 780.420654296875 16714
1752024120584 814.6409301757812 16715
1752024121540 8400.04296875 16716
1752024122492 685.1965942382812 16717
1752024123443 1972.88818359375 16718
1752024124396 1706.328857421875 16719
1752024125348 1490.749267578125 16720
1752024126302 1118.8271484375 16721
1752024127255 889.1366577148438 16722
1752024128214 1127.6248779296875 16723
1752024129166 1627.458740234375 16724
1752024130119 838.7025146484375 16725
1752024131072 1200.0654296875 16726
1752024132025 1185.4615478515625 16727
1752024132978 903.4317626953125 16728
1752024133929 926.9902954101562 16729
1752024134883 924.8175659179688 16730
1752024135835 1141.22021484375 16731
1752024136790 1498.20068359375 16732
1752024137751 867.4208374023438 16733
1752024138714 2656.388671875 16734
1752024139668 2568.24609375 16735
1752024140626 1280.155517578125 16736
1752024141583 1341.316162109375 16737
1752024142537 1248.22412109375 16738
1752024143491 1187.041259765625 16739
1752024144452 1723.47802734375 16740
1752024145415 1722.02001953125 16741
1752024146368 1071.9052734375 16742
1752024147331 763.9660034179688 16743
1752024148289 829.3838500976562 16744
1752024149248 1035.433349609375 16745
1752024150208 1322.514892578125 16746
1752024151169 1039.769287109375 16747
1752024152122 2006.1087646484375 16748
1752024153078 680.798828125 16749
1752024154042 1103.430419921875 16750
1752024155002 1187.179931640625 16751
1752024156624 2535.431396484375 16752
1752024157580 2701.94287109375 16753
1752024158538 1500.51611328125 16754
1752024159495 722.0262451171875 16755
1752024160463 1040.85986328125 16756
1752024161420 1034.1685791015625 16757
1752024162379 785.8728637695312 16758
1752024163338 783.2601318359375 16759
1752024164298 1426.19921875 16760
1752024165251 845.3621826171875 16761
1752024166201 1384.13037109375 16762
1752024167160 1280.185791015625 16763
1752024168125 1125.478515625 16764
1752024169078 950.2381591796875 16765
1752024170031 948.1171264648438 16766
1752024170986 947.0100708007812 16767
1752024171943 1538.33642578125 16768
1752024172893 1047.1612548828125 16769
1752024173878 862.421142578125 16770
1752024174861 923.2219848632812 16771
1752024175831 920.0582275390625 16772
1752024176788 1893.132568359375 16773
1752024177744 1019.119873046875 16774
1752024178696 1231.189208984375 16775
1752024179655 738.3196411132812 16776
1752024180625 889.1982421875 16777
1752024181585 1801.59326171875 16778
1752024182539 1613.294189453125 16779
1752024183490 746.2799072265625 16780
1752024184449 897.7027587890625 16781
1752024185396 852.566162109375 16782
1752024186350 1205.6644287109375 16783
1752024187309 1251.7232666015625 16784
1752024188265 1879.828125 16785
1752024189220 1178.339111328125 16786
1752024190174 2423.22412109375 16787
1752024191129 1008.1268310546875 16788
1752024192083 1017.14794921875 16789
1752024193037 1031.677490234375 16790
1752024193994 1567.5897216796875 16791
1752024194949 785.3153076171875 16792
1752024195897 1315.4722900390625 16793
1752024196850 1302.263916015625 16794
1752024197805 960.3629150390625 16795
1752024198770 2829.88720703125 16796
1752024199730 2639.216552734375 16797
1752024200685 768.17333984375 16798
1752024201638 808.0469970703125 16799
1752024202587 990.9361572265625 16800
1752024203539 3001.74365234375 16801
1752024204494 1227.95751953125 16802
1752024205450 1418.052490234375 16803
1752024206406 1626.119384765625 16804
1752024207369 1169.5054931640625 16805
1752024208323 1998.0589599609375 16806
1752024209275 1252.796142578125 16807
1752024210228 1844.5294189453125 16808
1752024211184 1195.226806640625 16809
1752024212145 1114.072265625 16810
1752024213097 979.068359375 16811
1752024214052 2683.63818359375 16812
1752024215001 1620.822021484375 16813
1752024215950 1097.808837890625 16814
1752024216902 1346.8450927734375 16815
1752024217854 1676.930419921875 16816
1752024218813 888.0692138671875 16817
1752024219769 1781.9906005859375 16818
1752024220721 1072.0224609375 16819
1752024221674 1526.94287109375 16820
1752024222628 688.1612548828125 16821
1752024223580 772.138671875 16822
1752024224534 1123.12841796875 16823
1752024225489 1503.345458984375 16824
1752024226435 1191.055908203125 16825
1752024227387 1178.484375 16826
1752024228359 1119.4384765625 16827
1752024229341 864.6172485351562 16828
1752024230332 1417.57861328125 16829
1752024231287 1357.4490966796875 16830
1752024232237 1159.569580078125 16831
1752024233192 1069.57568359375 16832
1752024234142 742.58544921875 16833
1752024235097 15123.0126953125 16834
1752024236049 1239.7886962890625 16835
1752024237001 2264.73828125 16836
1752024237953 1498.3807373046875 16837
1752024238904 1741.299560546875 16838
1752024239853 5634.19921875 16839
1752024240814 1797.099365234375 16840
1752024241766 1449.785888671875 16841
1752024242718 3244.06201171875 16842
1752024243667 2171.341796875 16843
1752024244617 1645.036376953125 16844
1752024245573 3077.99560546875 16845
1752024246529 1376.2275390625 16846
1752024247479 1591.037841796875 16847
1752024248434 2196.7861328125 16848
1752024249385 862.1512451171875 16849
1752024250335 1106.505615234375 16850
1752024251286 1081.057861328125 16851
1752024252235 1157.662353515625 16852
1752024253190 1962.455322265625 16853
1752024254143 2176.1630859375 16854
1752024255096 4857.1826171875 16855
1752024256049 1443.011962890625 16856
1752024257001 1240.2008056640625 16857
1752024257956 1163.4503173828125 16858
1752024258916 1268.9359130859375 16859
1752024259871 1969.471923828125 16860
1752024260828 1689.589599609375 16861
1752024261790 1985.167724609375 16862
1752024262749 1108.606201171875 16863
1752024263708 958.160888671875 16864
1752024264663 1978.783447265625 16865
1752024265626 877.4163818359375 16866
1752024266581 2767.465576171875 16867
1752024267534 1287.29931640625 16868
1752024268488 1241.281005859375 16869
1752024269445 1499.3748779296875 16870
1752024270401 2128.399658203125 16871
1752024271355 920.8311157226562 16872
1752024272311 1670.9310302734375 16873
1752024273267 1416.30126953125 16874
1752024274218 1944.7412109375 16875
1752024275180 1039.5185546875 16876
1752024276743 1582.0283203125 16877
1752024277697 1753.94482421875 16878
1752024278654 1657.4197998046875 16879
1752024279608 1581.3681640625 16880
1752024280567 1152.8914794921875 16881
1752024281522 1156.0748291015625 16882
1752024282477 1983.8917236328125 16883
1752024283438 1309.8671875 16884
1752024284403 1433.56494140625 16885
1752024285367 1463.903076171875 16886
1752024286331 1446.606689453125 16887
1752024287290 1157.705810546875 16888
1752024288246 992.32373046875 16889
1752024289201 1640.499267578125 16890
1752024290158 1466.484130859375 16891
1752024291114 1346.5855712890625 16892
1752024292071 1459.3990478515625 16893
1752024293030 1157.0286865234375 16894
1752024293991 1468.863525390625 16895
1752024294952 1565.3779296875 16896
1752024295909 1184.65771484375 16897
1752024296871 1267.020263671875 16898
1752024297859 1226.7388916015625 16899
1752024298841 836.820556640625 16900
1752024299814 882.592529296875 16901
1752024300783 2253.21044921875 16902
1752024301738 850.2007446289062 16903
1752024302695 943.9298095703125 16904
1752024303658 1553.619873046875 16905
1752024304607 743.095703125 16906
1752024305557 2658.931884765625 16907
1752024306513 1199.5179443359375 16908
1752024307470 912.7841796875 16909
1752024308430 926.3489990234375 16910
1752024309384 1787.466064453125 16911
1752024310340 1411.2225341796875 16912
1752024311302 4407.50244140625 16913
1752024312262 1577.135986328125 16914
1752024313224 1850.13037109375 16915
1752024314183 1624.95458984375 16916
1752024315142 1545.042236328125 16917
1752024316106 3511.137939453125 16918
1752024317069 1300.761962890625 16919
1752024318023 3080.7880859375 16920
1752024318978 1640.1353759765625 16921
1752024319932 1457.9058837890625 16922
1752024320884 1758.227294921875 16923
1752024321836 1005.8292846679688 16924
1752024322789 1307.5169677734375 16925
1752024323737 853.3739624023438 16926
1752024324693 2386.57470703125 16927
1752024325647 1229.955322265625 16928
1752024326598 1133.052978515625 16929
1752024327552 1095.464111328125 16930
1752024328506 830.1718139648438 16931
1752024329457 891.739501953125 16932
1752024330413 870.948974609375 16933
1752024331367 1383.93212890625 16934
1752024332321 892.263916015625 16935
1752024333271 996.1771240234375 16936
1752024334224 1450.067626953125 16937
1752024335180 1828.2353515625 16938
1752024336133 942.0764770507812 16939
1752024337088 2525.9443359375 16940
1752024338041 1903.19287109375 16941
1752024338995 1030.8193359375 16942
1752024339947 2338.614013671875 16943
1752024340898 864.8167724609375 16944
1752024341844 2107.5546875 16945
1752024342792 1038.189697265625 16946
1752024343750 1098.275390625 16947
1752024344707 1784.20166015625 16948
1752024345659 1045.6907958984375 16949
1752024346611 925.3873291015625 16950
1752024347563 1047.0394287109375 16951
1752024348512 1338.697265625 16952
1752024349464 1123.5670166015625 16953
1752024350432 1082.32421875 16954
1752024351418 761.3857421875 16955
1752024352397 1371.2666015625 16956
1752024353347 900.9379272460938 16957
1752024354301 811.5054321289062 16958
1752024355252 700.7179565429688 16959
1752024356208 1931.448486328125 16960
1752024357159 1048.8638916015625 16961
1752024358112 1210.808349609375 16962
1752024359066 1258.5084228515625 16963
1752024360016 1044.25439453125 16964
1752024360985 837.372802734375 16965
1752024361943 3299.444580078125 16966
1752024362894 770.4285888671875 16967
1752024363845 1598.71240234375 16968
1752024364801 1487.859130859375 16969
1752024365754 2775.515625 16970
1752024366706 1880.6710205078125 16971
1752024367658 1202.740234375 16972
1752024368609 1127.6627197265625 16973
1752024369561 2426.19189453125 16974
1752024370517 1277.369873046875 16975
1752024371468 2424.3583984375 16976
1752024372423 1554.07666015625 16977
1752024373377 1240.58349609375 16978
1752024374332 1263.2850341796875 16979
1752024375287 1010.3773803710938 16980
1752024376244 1427.5108642578125 16981
1752024377202 1483.1585693359375 16982
1752024378164 947.6712646484375 16983
1752024379119 2042.8834228515625 16984
1752024380077 2052.8369140625 16985
1752024381028 1777.8702392578125 16986
1752024381980 847.3853149414062 16987
1752024382932 1601.827392578125 16988
1752024383886 1698.5367431640625 16989
1752024384839 1123.9915771484375 16990
1752024385796 1762.9609375 16991
1752024386751 1594.812255859375 16992
1752024387706 1891.474365234375 16993
1752024388661 1673.912353515625 16994
1752024389614 1229.1395263671875 16995
1752024390572 878.3343505859375 16996
1752024391526 1579.922607421875 16997
1752024392480 1466.799560546875 16998
1752024393437 1063.4598388671875 16999
1752024394388 1418.453125 17000
1752024395340 1384.6650390625 17001
1752024396886 844.3302001953125 17002
1752024397843 5181.521484375 17003
1752024398799 1417.96337890625 17004
1752024399753 1187.39892578125 17005
1752024400708 1028.6123046875 17006
1752024401663 2191.01513671875 17007
1752024402617 1035.595703125 17008
1752024403571 1465.9779052734375 17009
1752024404521 1018.1708984375 17010
1752024405473 1445.4415283203125 17011
1752024406437 1241.11376953125 17012
1752024407387 1161.79638671875 17013
1752024408343 1385.98291015625 17014
1752024409303 1520.575439453125 17015
1752024410258 2423.0576171875 17016
1752024411217 1377.960693359375 17017
1752024412172 1365.768310546875 17018
1752024413125 1883.1318359375 17019
1752024414077 1615.20751953125 17020
1752024415031 1176.91650390625 17021
1752024415987 895.655517578125 17022
1752024416943 1449.4896240234375 17023
1752024417897 1011.596435546875 17024
1752024418847 1112.566162109375 17025
1752024419799 1091.817138671875 17026
1752024420768 1092.9300537109375 17027
1752024421753 1411.4033203125 17028
1752024422736 1229.9788818359375 17029
1752024423708 1030.72705078125 17030
1752024424666 1374.94140625 17031
1752024425629 1510.188232421875 17032
1752024426589 912.7877807617188 17033
1752024427543 894.495849609375 17034
1752024428504 3707.34814453125 17035
1752024429458 1707.9775390625 17036
1752024430412 872.6781005859375 17037
1752024431367 2116.95556640625 17038
1752024432320 1382.190673828125 17039
1752024433273 1065.662353515625 17040
1752024434229 1043.074462890625 17041
1752024435181 1748.650634765625 17042
1752024436138 1805.161376953125 17043
1752024437094 1113.5770263671875 17044
1752024438048 1323.3284912109375 17045
1752024439001 1203.953857421875 17046
1752024439954 1184.53759765625 17047
1752024440911 2018.579833984375 17048
1752024441866 2703.541748046875 17049
1752024442818 909.1519775390625 17050
1752024443765 3337.0498046875 17051
1752024444722 1681.15380859375 17052
1752024445674 1664.025634765625 17053
1752024446626 3385.50537109375 17054
1752024447582 1688.3955078125 17055
1752024448541 1481.466064453125 17056
1752024449503 1454.6156005859375 17057
1752024450456 1608.835693359375 17058
1752024451407 988.2403564453125 17059
1752024452360 1751.694580078125 17060
1752024453314 1660.7332763671875 17061
1752024454271 3312.24853515625 17062
1752024455224 3586.027099609375 17063
1752024456177 2404.29150390625 17064
1752024457128 2671.51171875 17065
1752024458084 1438.19921875 17066
1752024459041 3536.05078125 17067
1752024459993 1454.5013427734375 17068
1752024460949 1123.3271484375 17069
1752024461901 1978.099853515625 17070
1752024462851 1287.656982421875 17071
1752024463807 1600.457763671875 17072
1752024464771 1788.45703125 17073
1752024465727 1306.648193359375 17074
1752024466681 1204.59375 17075
1752024467633 755.616943359375 17076
1752024468590 3441.50634765625 17077
1752024469541 1090.0595703125 17078
1752024470491 1164.495849609375 17079
1752024471445 893.4781494140625 17080
1752024472410 930.5551147460938 17081
1752024473395 1023.9536743164062 17082
1752024474383 1154.3978271484375 17083
1752024475336 758.2166748046875 17084
1752024476291 1265.460205078125 17085
1752024477246 1105.6458740234375 17086
1752024478198 1590.63525390625 17087
1752024479152 1471.49365234375 17088
1752024480106 914.991455078125 17089
1752024481067 1832.5640869140625 17090
1752024482020 767.992919921875 17091
1752024482974 1420.9156494140625 17092
1752024483925 1512.283935546875 17093
1752024484881 1338.8564453125 17094
1752024485832 1493.6151123046875 17095
1752024486787 2301.31884765625 17096
1752024487739 1336.575439453125 17097
1752024488691 1607.1197509765625 17098
1752024489645 1294.7857666015625 17099
1752024490596 708.6331176757812 17100
1752024491548 1478.2591552734375 17101
1752024492505 938.4354248046875 17102
1752024493463 1069.2548828125 17103
1752024494416 2594.7490234375 17104
1752024495369 1437.4873046875 17105
1752024496322 1116.816650390625 17106
1752024497280 1133.76904296875 17107
1752024498234 1044.791259765625 17108
1752024499188 1015.2584838867188 17109
1752024500143 1778.803466796875 17110
1752024501097 1033.9884033203125 17111
1752024502050 3640.752685546875 17112
1752024503003 1116.18701171875 17113
1752024503964 1628.25439453125 17114
1752024504915 1404.7620849609375 17115
1752024505870 1181.74755859375 17116
1752024506831 1767.3316650390625 17117
1752024507794 867.3055419921875 17118
1752024508746 2249.7607421875 17119
1752024509705 1449.060791015625 17120
1752024510653 1104.794921875 17121
1752024511607 1714.27197265625 17122
1752024512563 1238.9677734375 17123
1752024513519 1814.54736328125 17124
1752024514471 1408.94921875 17125
1752024515425 817.5534057617188 17126
1752024516949 1078.293701171875 17127
1752024517900 1027.632080078125 17128
1752024518854 1398.0618896484375 17129
1752024519814 1538.6114501953125 17130
1752024520769 1090.16552734375 17131
1752024521720 1819.478271484375 17132
1752024522673 708.576416015625 17133
1752024523626 1605.95654296875 17134
1752024524578 1746.19189453125 17135
1752024525535 1201.190185546875 17136
1752024526486 6390.6748046875 17137
1752024527437 1020.3992309570312 17138
1752024528393 1356.8267822265625 17139
1752024529347 1195.5650634765625 17140
1752024530303 1060.115478515625 17141
1752024531255 2199.71533203125 17142
1752024532215 2513.538330078125 17143
1752024533170 1024.6048583984375 17144
1752024534122 1003.2803955078125 17145
1752024535076 1752.4549560546875 17146
1752024536032 1162.836181640625 17147
1752024536982 1536.946044921875 17148
1752024537942 1256.099365234375 17149
1752024538897 1381.463134765625 17150
1752024539850 1021.329833984375 17151
1752024540813 1236.955810546875 17152
1752024541764 1398.34423828125 17153
1752024542720 1076.38916015625 17154
1752024543682 1886.7562255859375 17155
1752024544669 1061.5888671875 17156
1752024545650 2246.6484375 17157
1752024546627 3372.480712890625 17158
1752024547583 1299.32958984375 17159
1752024548537 1142.4739990234375 17160
1752024549487 1675.8021240234375 17161
1752024550440 751.80078125 17162
1752024551397 1121.657958984375 17163
1752024552357 2864.12744140625 17164
1752024553318 848.8894653320312 17165
1752024554274 1166.0513916015625 17166
1752024555228 1658.63671875 17167
1752024556189 960.5139770507812 17168
1752024557141 1472.421630859375 17169
1752024558095 922.9749755859375 17170
1752024559049 812.814208984375 17171
1752024560005 1716.03515625 17172
1752024560963 999.4630126953125 17173
1752024561924 1447.1102294921875 17174
1752024562877 692.520751953125 17175
1752024563825 847.2259521484375 17176
1752024564777 1432.025390625 17177
1752024565731 1152.969970703125 17178
1752024566686 2020.2484130859375 17179
1752024567640 880.3681640625 17180
1752024568594 1116.96533203125 17181
1752024569544 853.3612670898438 17182
1752024570497 3349.67919921875 17183
1752024571452 1408.366455078125 17184
1752024572406 2671.2734375 17185
1752024573358 1303.437255859375 17186
1752024574312 720.478759765625 17187
1752024575267 1050.60498046875 17188
1752024576217 907.0911865234375 17189
1752024577173 1580.966796875 17190
1752024578127 1604.19970703125 17191
1752024579082 1048.6358642578125 17192
1752024580035 1120.39404296875 17193
1752024580991 1149.752197265625 17194
1752024581949 1496.44189453125 17195
1752024582899 1551.4217529296875 17196
1752024583853 976.11279296875 17197
1752024584807 901.0498046875 17198
1752024585764 826.04296875 17199
1752024586714 1373.1500244140625 17200
1752024587670 1109.478515625 17201
1752024588625 946.5017700195312 17202
1752024589576 1375.103759765625 17203
1752024590528 1290.340087890625 17204
1752024591482 1385.32177734375 17205
1752024592435 1365.00830078125 17206
1752024593388 1110.41064453125 17207
1752024594354 1777.6611328125 17208
1752024595338 2195.01806640625 17209
1752024596321 1927.8336181640625 17210
1752024597273 1238.856689453125 17211
1752024598225 1320.16748046875 17212
1752024599173 897.5203857421875 17213
1752024600127 909.169189453125 17214
1752024601086 1153.07958984375 17215
1752024602036 5249.61865234375 17216
1752024602987 1465.569580078125 17217
1752024603941 1106.0242919921875 17218
1752024604893 1568.2291259765625 17219
1752024605846 2197.653564453125 17220
1752024606796 893.6068115234375 17221
1752024607746 815.3770141601562 17222
1752024608699 1379.082763671875 17223
1752024609657 1891.8115234375 17224
1752024610681 1392.9674072265625 17225
1752024611635 3024.66162109375 17226
1752024612587 1716.88232421875 17227
1752024613537 2534.873779296875 17228
1752024614490 1017.377197265625 17229
1752024615444 996.2335205078125 17230
1752024616404 2058.695556640625 17231
1752024617360 4013.768310546875 17232
1752024618314 1829.947998046875 17233
1752024619265 1251.529541015625 17234
1752024620223 1159.87255859375 17235
1752024621181 1203.73486328125 17236
1752024622135 1212.39892578125 17237
1752024623093 875.6143798828125 17238
1752024624049 708.1354370117188 17239
1752024625001 2602.26708984375 17240
1752024625951 1908.843017578125 17241
1752024626906 4745.86083984375 17242
1752024627859 1165.52685546875 17243
1752024628817 1722.037109375 17244
1752024629768 1341.7838134765625 17245
1752024630721 904.2813110351562 17246
1752024631683 1037.7176513671875 17247
1752024632638 1019.7159423828125 17248
1752024633597 1298.8897705078125 17249
1752024634553 758.0845336914062 17250
1752024635508 1301.7564697265625 17251
1752024637041 2224.1435546875 17252
1752024637997 1093.132080078125 17253
1752024638953 1513.9482421875 17254
1752024639905 1203.4417724609375 17255
1752024640862 1008.790283203125 17256
1752024641815 773.4747314453125 17257
1752024642768 973.7423095703125 17258
1752024643721 2896.34619140625 17259
1752024644677 1497.086669921875 17260
1752024645635 4148.2412109375 17261
1752024646592 1846.060546875 17262
1752024647545 3431.68310546875 17263
1752024648498 1840.6090087890625 17264
1752024649457 1460.04248046875 17265
1752024650406 2499.076171875 17266
1752024651362 1337.47265625 17267
1752024652316 949.8848876953125 17268
1752024653269 1495.6661376953125 17269
1752024654226 1299.52880859375 17270
1752024655179 1214.238037109375 17271
1752024656130 2092.9892578125 17272
1752024657084 1600.961181640625 17273
1752024658039 1384.585693359375 17274
1752024658991 1264.800537109375 17275
1752024659944 992.21435546875 17276
1752024660907 1638.434326171875 17277
1752024661865 1401.872802734375 17278
1752024662823 740.481689453125 17279
1752024663791 1316.58642578125 17280
1752024664743 1109.6849365234375 17281
1752024665701 1287.44970703125 17282
1752024666652 941.0423583984375 17283
1752024667623 972.0138549804688 17284
1752024668601 1017.9451904296875 17285
1752024669585 1745.38916015625 17286
1752024670539 2940.603759765625 17287
1752024671494 1465.7296142578125 17288
1752024672453 885.6790771484375 17289
1752024673407 1317.59033203125 17290
1752024674358 1307.971923828125 17291
1752024675317 2666.30126953125 17292
1752024676276 1329.14501953125 17293
1752024677227 1235.799072265625 17294
1752024678183 4182.68505859375 17295
1752024679136 1063.373046875 17296
1752024680090 1000.5489501953125 17297
1752024681041 1162.111083984375 17298
1752024681998 1052.7598876953125 17299
1752024682951 856.268310546875 17300
1752024683905 1143.2642822265625 17301
1752024684855 1114.052001953125 17302
1752024685808 862.7244873046875 17303
1752024686758 823.5558471679688 17304
1752024687715 1675.961181640625 17305
1752024688671 1212.988037109375 17306
1752024689627 938.0107421875 17307
1752024690579 2072.51708984375 17308
1752024691533 1608.5732421875 17309
1752024692489 934.01806640625 17310
1752024693447 1538.724853515625 17311
1752024694398 969.2032470703125 17312
1752024695354 1936.5169677734375 17313
1752024696306 1128.378662109375 17314
1752024697259 1573.21923828125 17315
1752024698216 1899.467041015625 17316
1752024699171 1235.3260498046875 17317
1752024700125 993.6904296875 17318
1752024701076 1894.156494140625 17319
1752024702031 1249.9619140625 17320
1752024702986 1149.66162109375 17321
1752024703936 2125.6943359375 17322
1752024704886 1621.6375732421875 17323
1752024705839 2103.4287109375 17324
1752024706794 1215.8486328125 17325
1752024707748 892.4873046875 17326
1752024708701 1034.4407958984375 17327
1752024709653 677.0291137695312 17328
1752024710606 822.2984619140625 17329
1752024711555 883.1905517578125 17330
1752024712509 1653.29248046875 17331
1752024713460 1421.177978515625 17332
1752024714410 1459.5185546875 17333
1752024715362 1765.121826171875 17334
1752024716331 1384.1014404296875 17335
1752024717315 867.7930297851562 17336
1752024718305 765.827392578125 17337
1752024719261 1295.67041015625 17338
1752024720218 1258.4425048828125 17339
1752024721178 1201.73291015625 17340
1752024722132 1475.8372802734375 17341
1752024723083 1170.983154296875 17342
1752024724032 1301.827392578125 17343
1752024724986 1193.53173828125 17344
1752024725943 1078.1788330078125 17345
1752024726896 1510.38525390625 17346
1752024727848 1790.5819091796875 17347
1752024728798 856.1510620117188 17348
1752024729752 997.5028076171875 17349
1752024730706 945.041259765625 17350
1752024731657 933.7352905273438 17351
1752024732608 1806.74658203125 17352
1752024733561 1688.8189697265625 17353
1752024734515 1352.9180908203125 17354
1752024735472 2498.4755859375 17355
1752024736422 762.641357421875 17356
1752024737382 1055.0975341796875 17357
1752024738335 1723.6451416015625 17358
1752024739290 1435.639404296875 17359
1752024740242 1280.55712890625 17360
1752024741204 1490.38525390625 17361
1752024742156 777.3676147460938 17362
1752024743114 913.9854736328125 17363
1752024744073 736.849365234375 17364
1752024745030 1081.7276611328125 17365
1752024745987 1418.830078125 17366
1752024746948 1239.6800537109375 17367
1752024747912 1521.5533447265625 17368
1752024748871 1012.6163330078125 17369
1752024749829 992.9996337890625 17370
1752024750784 2107.010009765625 17371
1752024751741 1180.6602783203125 17372
1752024752700 2063.10107421875 17373
1752024753653 1168.29833984375 17374
1752024754608 1352.78125 17375
1752024755566 945.38818359375 17376
1752024757106 1782.3033447265625 17377
1752024758061 1287.30322265625 17378
1752024759015 1903.8558349609375 17379
1752024759969 2276.52783203125 17380
1752024760924 920.0845336914062 17381
1752024761882 1796.550048828125 17382
1752024762837 1199.6119384765625 17383
1752024763792 1717.607421875 17384
1752024764743 1707.1705322265625 17385
1752024765697 1302.9835205078125 17386
1752024766652 1971.436767578125 17387
1752024767603 746.6478271484375 17388
1752024768555 944.478271484375 17389
1752024769519 1462.1197509765625 17390
1752024770485 1965.2724609375 17391
1752024771442 915.60400390625 17392
1752024772394 1130.25439453125 17393
1752024773349 2889.599609375 17394
1752024774302 1438.30615234375 17395
1752024775257 984.5432739257812 17396
1752024776209 1080.135498046875 17397
1752024777165 1701.260986328125 17398
1752024778126 1786.392333984375 17399
1752024779083 1048.190185546875 17400
1752024780036 1136.65869140625 17401
1752024781010 3114.3310546875 17402
1752024781973 2705.8408203125 17403
1752024782931 1436.281005859375 17404
1752024783889 1834.531494140625 17405
1752024784842 1645.9736328125 17406
1752024785795 783.6798706054688 17407
1752024786751 1843.310546875 17408
1752024787708 1279.3173828125 17409
1752024788661 1430.9354248046875 17410
1752024789620 703.487060546875 17411
1752024790584 753.8334350585938 17412
1752024791573 2210.49072265625 17413
1752024792561 2174.8759765625 17414
1752024793545 1080.6151123046875 17415
1752024794501 1294.0047607421875 17416
1752024795456 1400.566650390625 17417
1752024796409 949.5625 17418
1752024797369 1070.72314453125 17419
1752024798325 1561.2174072265625 17420
1752024799282 984.4969482421875 17421
1752024800237 1196.1513671875 17422
1752024801189 1083.967041015625 17423
1752024802141 2763.64111328125 17424
1752024803098 1036.1605224609375 17425
1752024804054 1348.2269287109375 17426
1752024805003 1415.09521484375 17427
1752024805958 1216.88427734375 17428
1752024806911 917.099365234375 17429
1752024807864 860.845458984375 17430
1752024808823 854.759765625 17431
1752024809776 1100.8009033203125 17432
1752024810733 930.6239013671875 17433
1752024811684 809.1273193359375 17434
1752024812638 822.9605712890625 17435
1752024813596 1195.588623046875 17436
1752024814548 1444.928955078125 17437
1752024815504 1592.7879638671875 17438
1752024816455 1470.0704345703125 17439
1752024817415 879.206298828125 17440
1752024818374 1312.9498291015625 17441
1752024819338 837.5704345703125 17442
1752024820295 1502.3673095703125 17443
1752024821250 815.5724487304688 17444
1752024822213 928.3031005859375 17445
1752024823174 2997.797607421875 17446
1752024824126 631.110107421875 17447
1752024825085 1372.3612060546875 17448
1752024826041 799.12548828125 17449
1752024826997 1288.522216796875 17450
1752024827953 1073.9852294921875 17451
1752024828902 1484.44677734375 17452
1752024829855 799.6763916015625 17453
1752024830811 1096.953369140625 17454
1752024831764 1098.9296875 17455
1752024832717 2365.27294921875 17456
1752024833665 1786.316162109375 17457
1752024834620 1215.2464599609375 17458
1752024835571 968.0665893554688 17459
1752024836523 2463.0966796875 17460
1752024837476 1997.1298828125 17461
1752024838441 878.377685546875 17462
1752024839429 2225.16796875 17463
1752024840416 1035.2698974609375 17464
1752024841375 1313.767578125 17465
1752024842329 9226.1025390625 17466
1752024843281 850.40625 17467
1752024844233 1074.1414794921875 17468
1752024845185 2348.922119140625 17469
1752024846136 2573.12158203125 17470
1752024847093 2131.2021484375 17471
1752024848046 1217.3653564453125 17472
1752024849003 1388.3614501953125 17473
1752024849957 844.2025146484375 17474
1752024850909 1809.828369140625 17475
1752024851860 1173.20458984375 17476
1752024852814 1384.9356689453125 17477
1752024853764 1491.903076171875 17478
1752024854715 911.8883666992188 17479
1752024855669 1044.08837890625 17480
1752024856617 3842.462158203125 17481
1752024857573 1380.4644775390625 17482
1752024858538 762.9818115234375 17483
1752024859500 1382.7669677734375 17484
1752024860458 2841.98388671875 17485
1752024861421 1016.1096801757812 17486
1752024862379 1054.014404296875 17487
1752024863338 1692.820556640625 17488
1752024864296 1451.490966796875 17489
1752024865256 1155.115966796875 17490
1752024866215 2084.12548828125 17491
1752024867177 1046.564697265625 17492
1752024868134 868.595458984375 17493
1752024869091 1132.20458984375 17494
1752024870045 1128.557861328125 17495
1752024871003 831.3942260742188 17496
1752024871962 1586.3873291015625 17497
1752024872915 872.5443115234375 17498
1752024873866 2053.18798828125 17499
1752024874823 915.7459106445312 17500
1752024875775 1166.3709716796875 17501
1752024877329 1915.017578125 17502
1752024878290 1179.6552734375 17503
1752024879244 883.06103515625 17504
1752024880208 3236.87451171875 17505
1752024881165 1013.9034423828125 17506
1752024882120 1779.7777099609375 17507
1752024883078 1671.772216796875 17508
1752024884030 1206.23486328125 17509
1752024884987 1095.1697998046875 17510
1752024885947 1408.803955078125 17511
1752024886901 854.5042114257812 17512
1752024887856 909.0655517578125 17513
1752024888817 812.6378784179688 17514
1752024889775 1005.6925659179688 17515
1752024890727 1923.24609375 17516
1752024891680 864.6046142578125 17517
1752024892634 939.4122314453125 17518
1752024893585 1229.360107421875 17519
1752024894540 767.3409423828125 17520
1752024895493 1068.325927734375 17521
1752024896447 1451.4556884765625 17522
1752024897414 1135.16650390625 17523
1752024898373 1100.10595703125 17524
1752024899328 1097.59228515625 17525
1752024900282 952.1846923828125 17526
1752024901248 942.6928100585938 17527
1752024902207 992.239501953125 17528
1752024903166 1172.834716796875 17529
1752024904120 976.8173217773438 17530
1752024905083 1418.654541015625 17531
1752024906040 717.450439453125 17532
1752024906993 2532.941650390625 17533
1752024907947 1439.577880859375 17534
1752024908910 1456.566650390625 17535
1752024909861 1126.94384765625 17536
1752024910827 1141.868408203125 17537
1752024911781 1225.105224609375 17538
1752024912741 1515.501220703125 17539
1752024913703 2765.66162109375 17540
1752024914654 975.1041259765625 17541
1752024915633 1545.18994140625 17542
1752024916614 774.9747314453125 17543
1752024917591 787.886474609375 17544
1752024918547 2020.29931640625 17545
1752024919506 997.3927001953125 17546
1752024920468 2025.91015625 17547
1752024921419 767.2322998046875 17548
1752024922376 1270.836669921875 17549
1752024923329 1600.695556640625 17550
1752024924284 1066.085693359375 17551
1752024925237 699.9812622070312 17552
1752024926188 693.002197265625 17553
1752024927142 1001.1132202148438 17554
1752024928105 2633.6513671875 17555
1752024929058 1170.15869140625 17556
1752024930008 1647.12744140625 17557
1752024930965 2055.466796875 17558
1752024931929 1388.9627685546875 17559
1752024932885 1158.0928955078125 17560
1752024933840 1829.42626953125 17561
1752024934795 1557.892822265625 17562
1752024935751 1174.2921142578125 17563
1752024936709 2807.8662109375 17564
1752024937663 1310.8017578125 17565
1752024938621 3312.2841796875 17566
1752024939573 893.3616333007812 17567
1752024940529 1173.099853515625 17568
1752024941490 1736.937744140625 17569
1752024942448 882.7603149414062 17570
1752024943403 1544.778076171875 17571
1752024944356 1028.9217529296875 17572
1752024945312 779.67431640625 17573
1752024946277 1581.018798828125 17574
1752024947226 1326.5906982421875 17575
1752024948179 1206.62939453125 17576
1752024949129 1312.1038818359375 17577
1752024950083 2065.657958984375 17578
1752024951031 4113.1162109375 17579
1752024951983 906.2670288085938 17580
1752024952940 2526.32275390625 17581
1752024953894 1565.470458984375 17582
1752024954845 877.5081787109375 17583
1752024955797 1361.061279296875 17584
1752024956746 1108.28662109375 17585
1752024957701 1884.5322265625 17586
1752024958654 905.3030395507812 17587
1752024959607 862.7945556640625 17588
1752024960598 1396.9632568359375 17589
1752024961580 988.0015258789062 17590
1752024962560 1342.4345703125 17591
1752024963515 1486.47314453125 17592
1752024964466 6387.193359375 17593
1752024965418 1006.9346923828125 17594
1752024966373 1127.5771484375 17595
1752024967324 1378.49462890625 17596
1752024968278 1578.97509765625 17597
1752024969227 1888.589599609375 17598
1752024970179 1107.3922119140625 17599
1752024971137 989.991943359375 17600
1752024972090 1283.3306884765625 17601
1752024973040 1192.8065185546875 17602
1752024973991 906.5924682617188 17603
1752024974944 3781.27587890625 17604
1752024975895 1020.6567993164062 17605
1752024976858 1994.8447265625 17606
1752024977813 1648.71240234375 17607
1752024978769 1235.64599609375 17608
1752024979722 1197.670654296875 17609
1752024980681 1927.8397216796875 17610
1752024981633 1388.747802734375 17611
1752024982592 999.8115234375 17612
1752024983555 1766.9664306640625 17613
1752024984513 1314.3548583984375 17614
1752024985468 1240.0220947265625 17615
1752024986417 1069.534423828125 17616
1752024987373 1161.351806640625 17617
1752024988333 2612.28759765625 17618
1752024989298 859.7391357421875 17619
1752024990252 1086.0185546875 17620
1752024991204 774.0128784179688 17621
1752024992164 1118.15966796875 17622
1752024993125 891.6774291992188 17623
1752024994080 773.4201049804688 17624
1752024995039 1009.2363891601562 17625
1752024995992 1282.4027099609375 17626
1752024997556 1169.308837890625 17627
1752024998509 1719.232421875 17628
1752024999462 951.560546875 17629
1752025000422 811.9057006835938 17630
1752025001382 906.0170288085938 17631
1752025002346 1051.491943359375 17632
1752025003303 1217.0906982421875 17633
1752025004256 1063.310791015625 17634
1752025005211 1328.140625 17635
1752025006165 1109.753662109375 17636
1752025007120 2315.64599609375 17637
1752025008069 1244.2506103515625 17638
1752025009024 2152.3515625 17639
1752025009982 887.383056640625 17640
1752025010938 1303.6666259765625 17641
1752025011891 670.1823120117188 17642
1752025012846 1082.298828125 17643
1752025013805 1631.70556640625 17644
1752025014764 1699.0946044921875 17645
1752025015719 1564.990234375 17646
1752025016672 2167.639404296875 17647
1752025017622 902.2056884765625 17648
1752025018584 1308.623779296875 17649
1752025019542 984.9813842773438 17650
1752025020500 1136.0987548828125 17651
1752025021459 1417.773193359375 17652
1752025022413 1258.1947021484375 17653
1752025023374 1554.265869140625 17654
1752025024331 2722.2763671875 17655
1752025025290 1703.285888671875 17656
1752025026250 1316.572265625 17657
1752025027208 1292.085205078125 17658
1752025028165 1893.40869140625 17659
1752025029118 942.2369384765625 17660
1752025030072 2728.408447265625 17661
1752025031026 1232.210205078125 17662
1752025031988 4990.13671875 17663
1752025032942 2349.893798828125 17664
1752025033895 1993.2384033203125 17665
1752025034846 1356.549072265625 17666
1752025035811 1431.495361328125 17667
1752025036770 1171.3016357421875 17668
1752025037725 1258.592041015625 17669
1752025038678 1206.0673828125 17670
1752025039632 1193.9908447265625 17671
1752025040588 1696.748779296875 17672
1752025041543 1062.56396484375 17673
1752025042495 1540.998291015625 17674
1752025043444 1177.51806640625 17675
1752025044395 1165.75341796875 17676
1752025045353 796.0961303710938 17677
1752025046308 1562.0283203125 17678
1752025047265 3071.57275390625 17679
1752025048219 1450.78955078125 17680
1752025049174 1345.5343017578125 17681
1752025050124 1908.267578125 17682
1752025051073 859.688720703125 17683
1752025052025 899.1221923828125 17684
1752025052989 1584.115966796875 17685
1752025053948 1020.3092041015625 17686
1752025054903 2455.991455078125 17687
1752025055856 828.4000244140625 17688
1752025056824 901.7637939453125 17689
1752025057780 839.4945678710938 17690
1752025058730 1094.832763671875 17691
1752025059683 1026.78955078125 17692
1752025060638 1478.46435546875 17693
1752025061592 1556.2840576171875 17694
1752025062559 1046.3382568359375 17695
1752025063515 1317.246337890625 17696
1752025064478 1016.3828735351562 17697
1752025065432 1205.40673828125 17698
1752025066387 1276.27001953125 17699
1752025067339 1277.89501953125 17700
1752025068293 2004.548095703125 17701
1752025069251 960.0218505859375 17702
1752025070201 966.681640625 17703
1752025071155 941.749755859375 17704
1752025072100 1966.5589599609375 17705
1752025073053 1101.5146484375 17706
1752025074007 898.4407958984375 17707
1752025074964 1681.5885009765625 17708
1752025075918 873.591552734375 17709
1752025076869 1106.79443359375 17710
1752025077822 1691.2200927734375 17711
1752025078779 1466.4942626953125 17712
1752025079732 983.557861328125 17713
1752025080695 852.0808715820312 17714
1752025081651 1301.17431640625 17715
1752025082631 792.5938720703125 17716
1752025083612 1344.5709228515625 17717
1752025084596 1134.585205078125 17718
1752025085552 1308.3253173828125 17719
1752025086504 1272.0146484375 17720
1752025087459 823.1866455078125 17721
1752025088412 2486.5693359375 17722
1752025089368 1725.1064453125 17723
1752025090321 809.6375732421875 17724
1752025091270 1183.636474609375 17725
1752025092225 1031.331298828125 17726
1752025093177 2104.613037109375 17727
1752025094130 2098.28076171875 17728
1752025095085 953.8753662109375 17729
1752025096034 1079.46533203125 17730
1752025096993 917.330810546875 17731
1752025097948 2007.3173828125 17732
1752025098905 1410.1192626953125 17733
1752025099861 1270.0494384765625 17734
1752025100817 735.0709838867188 17735
1752025101778 2779.78369140625 17736
1752025102735 1009.2476806640625 17737
1752025103688 881.8424072265625 17738
1752025104645 1057.8427734375 17739
1752025105610 1168.729736328125 17740
1752025106564 936.9178466796875 17741
1752025107525 1613.76220703125 17742
1752025108487 1210.21630859375 17743
1752025109454 1037.853759765625 17744
1752025110409 1099.910888671875 17745
1752025111369 1189.4228515625 17746
1752025112326 718.4599609375 17747
1752025113291 1415.8692626953125 17748
1752025114251 1048.0001220703125 17749
1752025115208 2474.304931640625 17750
1752025116160 1952.46484375 17751
1752025117720 1263.34765625 17752
1752025118676 1894.14208984375 17753
1752025119640 1246.34228515625 17754
1752025120596 972.50146484375 17755
1752025121559 1387.9013671875 17756
1752025122510 1721.3919677734375 17757
1752025123461 1018.3532104492188 17758
1752025124422 1239.909423828125 17759
1752025125378 1043.237548828125 17760
1752025126333 1389.2042236328125 17761
1752025127294 754.3082275390625 17762
1752025128253 1984.6729736328125 17763
1752025129213 997.09375 17764
1752025130166 1087.257080078125 17765
1752025131126 1811.86181640625 17766
1752025132085 2076.61328125 17767
1752025133041 1779.3597412109375 17768
1752025134004 701.0328979492188 17769
1752025134960 902.2551879882812 17770
1752025135917 1466.086181640625 17771
1752025136873 1156.18017578125 17772
1752025137835 799.8113403320312 17773
1752025138784 2138.847900390625 17774
1752025139734 819.3961791992188 17775
1752025140700 1320.9376220703125 17776
1752025141660 1097.8021240234375 17777
1752025142613 2014.275390625 17778
1752025143570 984.9734497070312 17779
1752025144533 1320.496826171875 17780
1752025145491 1119.987548828125 17781
1752025146448 1103.302001953125 17782
1752025147408 1280.661865234375 17783
1752025148358 796.8348999023438 17784
1752025149315 1976.3392333984375 17785
1752025150268 2099.87060546875 17786
1752025151228 1826.89990234375 17787
1752025152179 1397.2161865234375 17788
1752025153133 711.710693359375 17789
1752025154088 1269.880615234375 17790
1752025155048 2390.3515625 17791
1752025156000 1027.876953125 17792
1752025156948 811.3018798828125 17793
1752025157900 3131.7158203125 17794
1752025158855 923.1282958984375 17795
1752025159809 2583.1376953125 17796
1752025160758 917.3129272460938 17797
1752025161710 1062.895751953125 17798
1752025162664 878.0191650390625 17799
1752025163616 1456.501708984375 17800
1752025164569 1330.578125 17801
1752025165522 690.5657958984375 17802
1752025166480 655.6790161132812 17803
1752025167435 1234.9239501953125 17804
1752025168387 1069.4052734375 17805
1752025169340 1138.0460205078125 17806
1752025170291 1588.934326171875 17807
1752025171246 1550.94287109375 17808
1752025172199 810.5347900390625 17809
1752025173155 2126.131103515625 17810
1752025174110 777.8736572265625 17811
1752025175064 997.599853515625 17812
1752025176019 1029.9337158203125 17813
1752025176969 1095.193359375 17814
1752025177921 952.1570434570312 17815
1752025178876 1398.20556640625 17816
1752025179831 1429.99951171875 17817
1752025180783 1272.4056396484375 17818
1752025181738 794.0961303710938 17819
1752025182688 622.0899047851562 17820
1752025183639 933.11376953125 17821
1752025184591 1654.406005859375 17822
1752025185548 1377.634033203125 17823
1752025186501 950.6315307617188 17824
1752025187453 1087.73876953125 17825
1752025188403 1456.1728515625 17826
1752025189355 3422.289306640625 17827
1752025190308 1283.098388671875 17828
1752025191259 1339.0867919921875 17829
1752025192213 1031.852294921875 17830
1752025193163 1834.23388671875 17831
1752025194115 1205.27734375 17832
1752025195070 1567.15234375 17833
1752025196026 1105.2109375 17834
1752025196977 1231.447265625 17835
1752025197930 967.0079345703125 17836
1752025198883 1357.4901123046875 17837
1752025199838 856.7719116210938 17838
1752025200796 795.4264526367188 17839
1752025201753 732.049560546875 17840
1752025202708 1053.6917724609375 17841
1752025203662 676.0982666015625 17842
1752025204643 1184.905517578125 17843
1752025205621 922.3369750976562 17844
1752025206606 1514.7760009765625 17845
1752025207562 1325.2818603515625 17846
1752025208513 706.97509765625 17847
1752025209467 1370.7166748046875 17848
1752025210418 1454.3660888671875 17849
1752025211372 1081.3017578125 17850
1752025212327 2050.953125 17851
1752025213279 904.91552734375 17852
1752025214233 1003.5087890625 17853
1752025215184 713.24658203125 17854
1752025216136 2222.2099609375 17855
1752025217097 1223.9124755859375 17856
1752025218057 2170.8466796875 17857
1752025219013 1969.1510009765625 17858
1752025219967 1041.72216796875 17859
1752025220921 1252.9151611328125 17860
1752025221876 1363.4615478515625 17861
1752025222829 1163.654541015625 17862
1752025223786 1019.2616577148438 17863
1752025224741 1009.7235717773438 17864
1752025225692 983.445068359375 17865
1752025226644 2065.21435546875 17866
1752025227598 1835.385498046875 17867
1752025228554 2269.727783203125 17868
1752025229507 1110.0233154296875 17869
1752025230461 803.4114990234375 17870
1752025231421 1028.904296875 17871
1752025232376 1291.7412109375 17872
1752025233326 743.8607177734375 17873
1752025234280 999.4822998046875 17874
1752025235238 1458.810546875 17875
1752025236196 717.0562744140625 17876
1752025237749 805.1964111328125 17877
1752025238705 689.7767333984375 17878
1752025239662 1357.3955078125 17879
1752025240614 1077.07568359375 17880
1752025241567 1986.17724609375 17881
1752025242518 1157.113525390625 17882
1752025243475 807.1618041992188 17883
1752025244429 1149.0047607421875 17884
1752025245384 1806.61474609375 17885
1752025246347 2518.409912109375 17886
1752025247302 2090.16357421875 17887
1752025248256 1143.49267578125 17888
1752025249211 1979.4161376953125 17889
1752025250164 749.0308227539062 17890
1752025251120 1028.4267578125 17891
1752025252073 1410.658203125 17892
1752025253024 1067.6563720703125 17893
1752025253983 1100.98828125 17894
1752025254936 978.303466796875 17895
1752025255890 1210.1024169921875 17896
1752025256842 1353.756591796875 17897
1752025257813 1007.025634765625 17898
1752025258766 1129.288818359375 17899
1752025259722 1537.077880859375 17900
1752025260680 1604.5859375 17901
1752025261636 2633.787109375 17902
1752025262587 1525.27978515625 17903
1752025263542 1008.9340209960938 17904
1752025264496 893.924560546875 17905
1752025265452 2298.72412109375 17906
1752025266405 1653.295654296875 17907
1752025267361 1478.935302734375 17908
1752025268312 1358.720947265625 17909
1752025269265 1799.04296875 17910
1752025270225 1870.728515625 17911
1752025271177 1432.960205078125 17912
1752025272130 1119.916748046875 17913
1752025273081 1397.55224609375 17914
1752025274038 1427.312744140625 17915
1752025274990 880.08740234375 17916
1752025275943 1419.885498046875 17917
1752025276898 1702.8331298828125 17918
1752025277866 1055.1566162109375 17919
1752025278815 862.1051025390625 17920
1752025279765 1695.86767578125 17921
1752025280714 13333.48828125 17922
1752025281666 3097.94287109375 17923
1752025282621 3592.986083984375 17924
1752025283576 3445.527587890625 17925
1752025284530 2109.001220703125 17926
1752025285483 2512.38818359375 17927
1752025286439 1668.344482421875 17928
1752025287407 2880.96044921875 17929
1752025288390 1910.42919921875 17930
1752025289376 2937.8525390625 17931
1752025290330 1842.9710693359375 17932
1752025291284 2182.508544921875 17933
1752025292238 2652.50439453125 17934
1752025293191 2419.845703125 17935
1752025294147 2658.53173828125 17936
1752025295097 1745.6064453125 17937
1752025296049 1682.1309814453125 17938
1752025297000 1420.2650146484375 17939
1752025297950 1746.20751953125 17940
1752025298902 2173.18310546875 17941
1752025299854 1641.613037109375 17942
1752025300807 1141.294677734375 17943
1752025301760 1338.68408203125 17944
1752025302715 1216.9598388671875 17945
1752025303671 1410.443115234375 17946
1752025304630 1697.7784423828125 17947
1752025305584 1304.573974609375 17948
1752025306535 1387.890380859375 17949
1752025307487 1015.6005859375 17950
1752025308438 1849.0938720703125 17951
1752025309388 877.7573852539062 17952
1752025310338 1131.2713623046875 17953
1752025311295 1630.0274658203125 17954
1752025312249 1066.967529296875 17955
1752025313204 1734.4029541015625 17956
1752025314159 937.835693359375 17957
1752025315117 769.2730712890625 17958
1752025316069 1245.15673828125 17959
1752025317017 984.6239624023438 17960
1752025317967 1298.4033203125 17961
1752025318920 1141.8232421875 17962
1752025319873 1171.672607421875 17963
1752025320829 1573.2139892578125 17964
1752025321783 2382.767578125 17965
1752025322736 1847.631103515625 17966
1752025323688 1816.843994140625 17967
1752025324645 1277.81494140625 17968
1752025325604 1305.157470703125 17969
1752025326591 1146.7064208984375 17970
1752025327574 1200.973876953125 17971
1752025328553 1230.2921142578125 17972
1752025329506 854.3833618164062 17973
1752025330460 758.0945434570312 17974
1752025331412 2296.996337890625 17975
1752025332367 987.0252075195312 17976
1752025333319 1985.452880859375 17977
1752025334273 1062.309326171875 17978
1752025335225 4078.31787109375 17979
1752025336176 921.24072265625 17980
1752025337126 1696.0538330078125 17981
1752025338080 1288.618408203125 17982
1752025339039 2131.4697265625 17983
1752025339992 1236.3289794921875 17984
1752025340944 1076.0084228515625 17985
1752025341900 1502.502685546875 17986
1752025342858 1052.404052734375 17987
1752025343809 1090.0067138671875 17988
1752025344762 1392.1055908203125 17989
1752025345718 1376.165771484375 17990
1752025346669 1023.9994506835938 17991
1752025347623 1209.8814697265625 17992
1752025348587 1449.55322265625 17993
1752025349540 1251.1611328125 17994
1752025350495 1640.6549072265625 17995
1752025351454 1138.0888671875 17996
1752025352408 1657.1368408203125 17997
1752025353367 1078.962890625 17998
1752025354318 1014.9795532226562 17999
1752025355274 2492.236328125 18000
1752025356224 1789.98046875 18001
1752025357752 2320.888671875 18002
1752025358704 1132.6861572265625 18003
1752025359657 2265.608154296875 18004
1752025360614 1459.9560546875 18005
1752025361570 2185.33642578125 18006
1752025362532 1250.3359375 18007
1752025363485 874.4312133789062 18008
1752025364440 1082.9005126953125 18009
1752025365392 944.7839965820312 18010
1752025366344 6771.27783203125 18011
1752025367298 1657.96728515625 18012
1752025368250 1191.392822265625 18013
1752025369210 984.0464477539062 18014
1752025370160 2102.60498046875 18015
1752025371115 1219.34228515625 18016
1752025372076 1089.73291015625 18017
1752025373031 2108.453125 18018
1752025373980 1864.23876953125 18019
1752025374939 1337.642822265625 18020
1752025375894 1177.375 18021
1752025376858 1239.754150390625 18022
1752025377822 1180.1529541015625 18023
1752025378777 1144.008544921875 18024
1752025379733 1685.9796142578125 18025
1752025380689 1204.1458740234375 18026
1752025381644 817.071533203125 18027
1752025382596 875.3019409179688 18028
1752025383551 1278.377197265625 18029
1752025384504 1458.4742431640625 18030
1752025385458 1278.475830078125 18031
1752025386413 1120.771484375 18032
1752025387367 1304.401123046875 18033
1752025388322 838.6680908203125 18034
1752025389275 1377.92431640625 18035
1752025390230 1021.6871948242188 18036
1752025391188 1232.30126953125 18037
1752025392148 1423.454833984375 18038
1752025393109 1909.9757080078125 18039
1752025394062 1260.5919189453125 18040
1752025395012 1650.269287109375 18041
1752025395968 1053.4085693359375 18042
1752025396925 2417.838623046875 18043
1752025397879 1426.514892578125 18044
1752025398830 1540.903564453125 18045
1752025399783 1501.995849609375 18046
1752025400738 844.113525390625 18047
1752025401693 1282.017822265625 18048
1752025402646 1084.6361083984375 18049
1752025403602 1104.418701171875 18050
1752025404554 1277.118896484375 18051
1752025405512 1011.5367431640625 18052
1752025406466 880.8643798828125 18053
1752025407421 2102.6962890625 18054
1752025408374 1268.004638671875 18055
1752025409329 1440.62353515625 18056
1752025410281 1568.565185546875 18057
1752025411234 1398.80615234375 18058
1752025412187 2261.23095703125 18059
1752025413141 2004.670166015625 18060
1752025414098 835.4713134765625 18061
1752025415048 1069.9039306640625 18062
1752025416000 1428.6859130859375 18063
1752025416955 1328.087646484375 18064
1752025417909 2495.197265625 18065
1752025418859 1363.569580078125 18066
1752025419816 2668.946044921875 18067
1752025420776 1242.4749755859375 18068
1752025421730 36164.09765625 18069
1752025422680 1796.4024658203125 18070
1752025423631 2063.193603515625 18071
1752025424585 2600.576904296875 18072
1752025425536 3110.386962890625 18073
1752025426492 2607.271484375 18074
1752025427444 2990.87451171875 18075
1752025428392 3305.70751953125 18076
1752025429343 3367.071533203125 18077
1752025430299 1756.0599365234375 18078
1752025431251 2396.639404296875 18079
1752025432205 1320.48876953125 18080
1752025433157 2047.7099609375 18081
1752025434111 1242.273193359375 18082
1752025435061 1249.869384765625 18083
1752025436014 1703.0283203125 18084
1752025436967 1609.9603271484375 18085
1752025437916 1232.601806640625 18086
1752025438867 1911.7822265625 18087
1752025439819 1385.7259521484375 18088
1752025440775 2271.8291015625 18089
1752025441730 1433.551025390625 18090
1752025442685 1207.3306884765625 18091
1752025443638 1546.6396484375 18092
1752025444590 1678.46435546875 18093
1752025445540 1408.21875 18094
1752025446492 1194.832275390625 18095
1752025447444 1696.683349609375 18096
1752025448407 1022.5691528320312 18097
1752025449391 2415.9345703125 18098
1752025450382 3340.849365234375 18099
1752025451334 1307.756103515625 18100
1752025452286 977.4241943359375 18101
1752025453240 1374.5194091796875 18102
1752025454192 1197.23876953125 18103
1752025455146 1228.7406005859375 18104
1752025456100 1039.9111328125 18105
1752025457057 1065.6839599609375 18106
1752025458008 1177.4248046875 18107
1752025458961 2335.12744140625 18108
1752025459912 1909.582275390625 18109
1752025460866 1882.8768310546875 18110
1752025461822 1258.2188720703125 18111
1752025462780 1360.60888671875 18112
1752025463730 1277.603515625 18113
1752025464681 1429.13818359375 18114
1752025465634 1089.629150390625 18115
1752025466584 1465.3807373046875 18116
1752025467544 1561.0264892578125 18117
1752025468498 1161.312255859375 18118
1752025469450 1737.0855712890625 18119
1752025470404 1382.48779296875 18120
1752025471358 1180.88671875 18121
1752025472311 1138.771240234375 18122
1752025473264 1223.50634765625 18123
1752025474223 1574.265869140625 18124
1752025475182 1262.5291748046875 18125
1752025476134 2597.443359375 18126
1752025477691 1852.185546875 18127
1752025478646 1734.7939453125 18128
1752025479599 1427.619384765625 18129
1752025480555 728.4471435546875 18130
1752025481517 1396.4915771484375 18131
1752025482471 1342.03955078125 18132
1752025483422 1975.07470703125 18133
1752025484384 1916.1025390625 18134
1752025485341 856.8297119140625 18135
1752025486300 1170.1123046875 18136
1752025487253 1244.62060546875 18137
1752025488214 2032.972900390625 18138
1752025489166 8334.326171875 18139
1752025490120 1134.607666015625 18140
1752025491073 3175.812744140625 18141
1752025492029 1456.523681640625 18142
1752025492985 1439.62841796875 18143
1752025493936 1872.8118896484375 18144
1752025494893 1488.21630859375 18145
1752025495846 1612.862060546875 18146
1752025496807 3013.05322265625 18147
1752025497760 1108.729736328125 18148
1752025498713 2338.585693359375 18149
1752025499667 3658.4072265625 18150
1752025500625 2149.374267578125 18151
1752025501581 1371.4012451171875 18152
1752025502538 2051.18798828125 18153
1752025503497 1997.03369140625 18154
1752025504448 1419.1246337890625 18155
1752025505402 1606.473876953125 18156
1752025506356 979.85498046875 18157
1752025507310 895.9993286132812 18158
1752025508268 1266.072265625 18159
1752025509221 2030.974609375 18160
1752025510171 1147.3575439453125 18161
1752025511134 1063.7421875 18162
1752025512091 803.7169189453125 18163
1752025513043 1128.2841796875 18164
1752025513997 3451.32666015625 18165
1752025514950 1187.3922119140625 18166
1752025515906 1405.289794921875 18167
1752025516858 2873.29833984375 18168
1752025517809 776.6498413085938 18169
1752025518759 1248.01611328125 18170
1752025519714 1537.5531005859375 18171
1752025520667 1302.3570556640625 18172
1752025521622 1019.2020263671875 18173
1752025522575 1289.989013671875 18174
1752025523530 1162.73583984375 18175
1752025524482 829.06640625 18176
1752025525435 1317.80908203125 18177
1752025526391 1320.229248046875 18178
1752025527349 1154.0360107421875 18179
1752025528303 1639.57470703125 18180
1752025529256 945.974609375 18181
1752025530207 1201.8492431640625 18182
1752025531165 1438.5999755859375 18183
1752025532119 1156.4593505859375 18184
1752025533075 1153.7117919921875 18185
1752025534036 1030.5003662109375 18186
1752025534995 1841.4703369140625 18187
1752025535951 772.4006958007812 18188
1752025536901 2926.0390625 18189
1752025537857 1079.6422119140625 18190
1752025538811 1388.7330322265625 18191
1752025539767 1135.87060546875 18192
1752025540720 845.4351806640625 18193
1752025541678 1802.97314453125 18194
1752025542634 909.0656127929688 18195
1752025543586 1108.416748046875 18196
1752025544541 1247.302978515625 18197
1752025545493 943.438232421875 18198
1752025546449 939.308349609375 18199
1752025547403 1388.3917236328125 18200
1752025548356 1615.8468017578125 18201
1752025549311 1854.9638671875 18202
1752025550271 1380.28662109375 18203
1752025551226 834.5628662109375 18204
1752025552175 1776.1690673828125 18205
1752025553129 1268.9442138671875 18206
1752025554083 1103.2635498046875 18207
1752025555034 1021.1778564453125 18208
1752025555991 1618.0994873046875 18209
1752025556944 984.8355712890625 18210
1752025557899 862.9130859375 18211
1752025558849 1407.8291015625 18212
1752025559801 943.584716796875 18213
1752025560764 828.3767700195312 18214
1752025561722 1146.43896484375 18215
1752025562679 1506.0499267578125 18216
1752025563632 1024.640380859375 18217
1752025564584 1822.3653564453125 18218
1752025565537 1508.5108642578125 18219
1752025566489 2028.4913330078125 18220
1752025567442 2136.124267578125 18221
1752025568395 5825.35888671875 18222
1752025569347 1461.701904296875 18223
1752025570308 2382.35498046875 18224
1752025571293 1174.85498046875 18225
1752025572282 8873.048828125 18226
1752025573233 797.08935546875 18227
1752025574188 1758.6337890625 18228
1752025575138 4320.94091796875 18229
1752025576087 2468.353515625 18230
1752025577038 4044.68310546875 18231
1752025577995 2776.468017578125 18232
1752025578957 3418.55029296875 18233
1752025579912 1130.4481201171875 18234
1752025580866 2052.24072265625 18235
1752025581824 2745.52099609375 18236
1752025582785 2363.116943359375 18237
1752025583744 2284.6953125 18238
1752025584695 1053.484130859375 18239
1752025585656 1117.9735107421875 18240
1752025586610 1226.54052734375 18241
1752025587567 993.1264038085938 18242
1752025588535 1845.9930419921875 18243
1752025589489 1834.9776611328125 18244
1752025590442 1559.9813232421875 18245
1752025591394 2689.213623046875 18246
1752025592348 1421.34521484375 18247
1752025593307 1179.9813232421875 18248
1752025594271 1286.65576171875 18249
1752025595225 1187.2376708984375 18250
1752025596187 820.046142578125 18251
1752025597832 1667.060791015625 18252
1752025598787 854.4667358398438 18253
1752025599741 2194.369384765625 18254
1752025600697 1413.490478515625 18255
1752025601657 953.1195068359375 18256
1752025602616 1715.008544921875 18257
1752025603576 1357.1177978515625 18258
1752025604533 1927.738525390625 18259
1752025605485 1077.530517578125 18260
1752025606446 2569.35205078125 18261
1752025607396 1371.811767578125 18262
1752025608352 1456.169189453125 18263
1752025609306 1010.016845703125 18264
1752025610264 1344.0511474609375 18265
1752025611215 1078.368896484375 18266
1752025612173 1171.04150390625 18267
1752025613125 1475.82568359375 18268
1752025614084 1871.3760986328125 18269
1752025615038 830.220947265625 18270
1752025616001 914.8233032226562 18271
1752025616963 762.4066162109375 18272
1752025617922 1302.0137939453125 18273
1752025618876 947.5859375 18274
1752025619831 1177.9150390625 18275
1752025620797 1488.784912109375 18276
1752025621758 1565.125732421875 18277
1752025622711 3468.6044921875 18278
1752025623665 1206.891357421875 18279
1752025624616 2447.13671875 18280
1752025625568 1287.691162109375 18281
1752025626524 1073.260009765625 18282
1752025627479 1054.748779296875 18283
1752025628435 2415.51220703125 18284
1752025629397 806.26806640625 18285
1752025630352 981.9517822265625 18286
1752025631305 1070.5648193359375 18287
1752025632263 1656.572998046875 18288
1752025633218 772.9969482421875 18289
1752025634174 756.228515625 18290
1752025635132 684.85400390625 18291
1752025636090 942.657958984375 18292
1752025637043 637.078125 18293
1752025638002 802.8744506835938 18294
1752025638954 3545.2333984375 18295
1752025639905 908.8850708007812 18296
1752025640861 1339.2257080078125 18297
1752025641813 1582.908203125 18298
1752025642760 2276.292236328125 18299
1752025643716 1147.112060546875 18300
1752025644669 867.8880615234375 18301
1752025645628 1417.482666015625 18302
1752025646580 1809.875732421875 18303
1752025647535 844.7677612304688 18304
1752025648493 1258.1318359375 18305
1752025649449 793.126220703125 18306
1752025650401 800.0319213867188 18307
1752025651351 1110.080810546875 18308
1752025652309 1012.10986328125 18309
1752025653264 686.1243896484375 18310
1752025654221 1001.3302001953125 18311
1752025655177 1638.97705078125 18312
1752025656129 979.642822265625 18313
1752025657086 760.285400390625 18314
1752025658037 1557.98291015625 18315
1752025658992 1491.8026123046875 18316
1752025659992 906.1439208984375 18317
1752025660964 879.0859375 18318
1752025661933 891.228515625 18319
1752025662887 4257.1328125 18320
1752025663850 876.33642578125 18321
1752025664814 894.934326171875 18322
1752025665772 1970.297119140625 18323
1752025666732 1572.072998046875 18324
1752025667684 1332.124267578125 18325
1752025668635 753.4718017578125 18326
1752025669584 1268.007568359375 18327
1752025670537 1056.1380615234375 18328
1752025671490 981.8345336914062 18329
1752025672446 792.72705078125 18330
1752025673396 727.9639892578125 18331
1752025674347 932.1759643554688 18332
1752025675300 1237.9923095703125 18333
1752025676252 1922.977294921875 18334
1752025677203 2008.7093505859375 18335
1752025678158 1198.90576171875 18336
1752025679108 1456.11962890625 18337
1752025680061 1412.0772705078125 18338
1752025681027 1480.49169921875 18339
1752025681980 7865.18408203125 18340
1752025682935 862.7196044921875 18341
1752025683887 2825.533447265625 18342
1752025684841 917.531005859375 18343
1752025685792 1325.85791015625 18344
1752025686743 1680.9302978515625 18345
1752025687697 2769.02783203125 18346
1752025688649 1471.2142333984375 18347
1752025689608 1323.390625 18348
1752025690566 1181.3880615234375 18349
1752025691518 2030.677734375 18350
1752025692475 1682.4510498046875 18351
1752025693447 1527.7152099609375 18352
1752025694436 1010.7203979492188 18353
1752025695424 2509.860107421875 18354
1752025696379 2068.35107421875 18355
1752025697340 1596.18994140625 18356
1752025698297 1109.224365234375 18357
1752025699245 2237.931640625 18358
1752025700198 1386.175048828125 18359
1752025701162 1088.177001953125 18360
1752025702121 1673.139892578125 18361
1752025703082 2262.904052734375 18362
1752025704039 1470.513671875 18363
1752025704993 2679.302001953125 18364
1752025705950 961.1915283203125 18365
1752025706908 1268.216796875 18366
1752025707862 2500.72412109375 18367
1752025708818 1195.1285400390625 18368
1752025709771 834.5897216796875 18369
1752025710726 1470.38671875 18370
1752025711678 3866.73828125 18371
1752025712631 1610.393798828125 18372
1752025713595 1248.939453125 18373
1752025714552 1135.0654296875 18374
1752025715512 2015.4169921875 18375
1752025716470 855.952392578125 18376
1752025718026 1550.648681640625 18377
1752025718978 974.0536499023438 18378
1752025719938 1337.090576171875 18379
1752025720888 1648.775390625 18380
1752025721848 996.89990234375 18381
1752025722803 1057.5067138671875 18382
1752025723770 2445.82177734375 18383
1752025724733 1681.2091064453125 18384
1752025725686 1160.66650390625 18385
1752025726652 2147.880859375 18386
1752025727604 1679.82861328125 18387
1752025728560 1433.2728271484375 18388
1752025729513 1016.34130859375 18389
1752025730469 910.2089233398438 18390
1752025731421 896.2904663085938 18391
1752025732385 760.4126586914062 18392
1752025733349 1156.0556640625 18393
1752025734307 1191.9512939453125 18394
1752025735261 1229.77783203125 18395
1752025736215 995.268310546875 18396
1752025737180 828.8259887695312 18397
1752025738137 915.7880859375 18398
1752025739099 1851.79443359375 18399
1752025740055 1222.883544921875 18400
1752025741028 2086.429443359375 18401
1752025741984 1057.6781005859375 18402
1752025742944 1571.6866455078125 18403
1752025743897 2713.37158203125 18404
1752025744851 1423.783447265625 18405
1752025745810 999.4274291992188 18406
1752025746762 1550.26904296875 18407
1752025747727 1142.4925537109375 18408
1752025748678 1831.516357421875 18409
1752025749635 1449.368408203125 18410
1752025750595 2561.339111328125 18411
1752025751548 2369.86083984375 18412
1752025752502 3045.90625 18413
1752025753458 1385.28466796875 18414
1752025754419 2076.123291015625 18415
1752025755375 1793.000244140625 18416
1752025756332 926.5319213867188 18417
1752025757286 1503.7955322265625 18418
1752025758242 1360.64404296875 18419
1752025759200 1269.301025390625 18420
1752025760151 1014.8856201171875 18421
1752025761102 1823.238037109375 18422
1752025762065 2179.93701171875 18423
1752025763016 3030.12353515625 18424
1752025763974 1163.97998046875 18425
1752025764925 1047.9365234375 18426
1752025765880 2629.95458984375 18427
1752025766830 2246.587890625 18428
1752025767784 1098.169189453125 18429
1752025768737 1380.6453857421875 18430
1752025769695 933.4933471679688 18431
1752025770653 1153.79541015625 18432
1752025771609 1934.4453125 18433
1752025772566 756.2352294921875 18434
1752025773522 800.435791015625 18435
1752025774475 1357.98681640625 18436
1752025775439 1315.385498046875 18437
1752025776395 1329.754150390625 18438
1752025777345 1841.5400390625 18439
1752025778299 891.17529296875 18440
1752025779254 1182.4642333984375 18441
1752025780207 706.2777099609375 18442
1752025781159 1172.81884765625 18443
1752025782113 1949.196533203125 18444
1752025783066 1401.1572265625 18445
1752025784016 981.955078125 18446
1752025784969 2809.21435546875 18447
1752025785924 1820.352294921875 18448
1752025786874 923.03466796875 18449
1752025787828 694.5260009765625 18450
1752025788781 1743.121826171875 18451
1752025789731 1488.1866455078125 18452
1752025790686 4912.6806640625 18453
1752025791642 2119.9169921875 18454
1752025792592 723.1110229492188 18455
1752025793542 1241.3251953125 18456
1752025794494 2089.8349609375 18457
1752025795446 862.8831176757812 18458
1752025796398 1445.797607421875 18459
1752025797351 663.6723022460938 18460
1752025798299 854.5010375976562 18461
1752025799247 1627.746826171875 18462
1752025800200 786.1695556640625 18463
1752025801163 709.363037109375 18464
1752025802116 1107.974853515625 18465
1752025803072 1275.1002197265625 18466
1752025804026 1248.518798828125 18467
1752025804979 2790.847900390625 18468
1752025805930 1261.544921875 18469
1752025806882 1133.15185546875 18470
1752025807837 2776.0869140625 18471
1752025808790 1676.482666015625 18472
1752025809743 1091.52490234375 18473
1752025810696 2875.43310546875 18474
1752025811647 785.8235473632812 18475
1752025812599 1365.425048828125 18476
1752025813552 1388.611572265625 18477
1752025814521 1405.352783203125 18478
1752025815505 1404.335693359375 18479
1752025816497 1563.24560546875 18480
1752025817457 1313.990478515625 18481
1752025818417 1050.720947265625 18482
1752025819373 979.2960205078125 18483
1752025820331 890.4647216796875 18484
1752025821289 1064.7139892578125 18485
1752025822248 1008.015625 18486
1752025823200 1508.487060546875 18487
1752025824166 1922.9388427734375 18488
1752025825132 1289.9578857421875 18489
1752025826089 1132.564697265625 18490
1752025827048 2519.2119140625 18491
1752025828004 1524.118408203125 18492
1752025828960 1443.733154296875 18493
1752025829916 1561.0753173828125 18494
1752025830874 1115.873291015625 18495
1752025831826 2022.947265625 18496
1752025832784 1125.240966796875 18497
1752025833736 1984.2578125 18498
1752025834690 1489.3131103515625 18499
1752025835650 3183.103515625 18500
1752025836609 928.6174926757812 18501
1752025838159 1326.123291015625 18502
1752025839112 1085.9736328125 18503
1752025840069 906.7882690429688 18504
1752025841021 1060.78466796875 18505
1752025841975 1302.8310546875 18506
1752025842931 1044.0765380859375 18507
1752025843890 1044.297119140625 18508
1752025844851 1318.8798828125 18509
1752025845808 1056.237548828125 18510
1752025846762 1261.89892578125 18511
1752025847719 680.3737182617188 18512
1752025848677 1945.879638671875 18513
1752025849630 813.4584350585938 18514
1752025850581 1659.964111328125 18515
1752025851542 1042.830322265625 18516
1752025852502 1112.2080078125 18517
1752025853460 1759.88623046875 18518
1752025854415 7444.35302734375 18519
1752025855365 870.7030029296875 18520
1752025856323 1833.5738525390625 18521
1752025857280 1830.1239013671875 18522
1752025858238 3359.60791015625 18523
1752025859191 1057.607177734375 18524
1752025860152 1242.956787109375 18525
1752025861115 1407.1221923828125 18526
1752025862077 1673.8076171875 18527
1752025863037 1217.9830322265625 18528
1752025863993 1459.5693359375 18529
1752025864954 1102.815185546875 18530
1752025865912 2216.24169921875 18531
1752025866870 1256.1383056640625 18532
1752025867826 1517.065673828125 18533
1752025868786 1901.7755126953125 18534
1752025869743 985.6099853515625 18535
1752025870695 962.3582153320312 18536
1752025871652 1238.68408203125 18537
1752025872611 1680.32763671875 18538
1752025873565 878.9259033203125 18539
1752025874517 1221.2713623046875 18540
1752025875482 1621.6396484375 18541
1752025876449 2059.7509765625 18542
1752025877402 1095.76416015625 18543
1752025878360 1071.7869873046875 18544
1752025879316 1609.753662109375 18545
1752025880272 1247.4263916015625 18546
1752025881223 1953.527587890625 18547
1752025882177 985.745849609375 18548
1752025883130 1929.40966796875 18549
1752025884084 1492.335693359375 18550
1752025885036 1036.436767578125 18551
1752025885989 1088.648681640625 18552
1752025886943 817.639404296875 18553
1752025887895 1247.2305908203125 18554
1752025888850 3220.86279296875 18555
1752025889808 1348.0452880859375 18556
1752025890766 934.0191040039062 18557
1752025891720 949.3394775390625 18558
1752025892677 1312.962646484375 18559
1752025893632 1036.6900634765625 18560
1752025894590 2181.165771484375 18561
1752025895550 1421.56201171875 18562
1752025896505 1902.5550537109375 18563
1752025897465 2073.616943359375 18564
1752025898420 1595.9788818359375 18565
1752025899374 1290.759521484375 18566
1752025900329 1015.0110473632812 18567
1752025901284 1211.6591796875 18568
1752025902240 935.6300048828125 18569
1752025903195 729.4892578125 18570
1752025904147 1441.178955078125 18571
1752025905098 5384.396484375 18572
1752025906052 863.1124877929688 18573
1752025907000 784.063720703125 18574
1752025907955 1112.36962890625 18575
1752025908909 826.8832397460938 18576
1752025909864 2728.633544921875 18577
1752025910817 969.8504638671875 18578
1752025911767 924.083251953125 18579
1752025912718 1218.6685791015625 18580
1752025913674 1164.82177734375 18581
1752025914625 834.5084228515625 18582
1752025915578 1317.911376953125 18583
1752025916529 1396.357421875 18584
1752025917484 1553.7930908203125 18585
1752025918436 1068.085693359375 18586
1752025919390 689.3505859375 18587
1752025920342 1640.080078125 18588
1752025921304 888.49658203125 18589
1752025922258 2157.4482421875 18590
1752025923212 1615.06494140625 18591
1752025924162 1166.9393310546875 18592
1752025925115 986.3792724609375 18593
1752025926064 1246.2786865234375 18594
1752025927015 851.4371948242188 18595
1752025927970 1128.411376953125 18596
1752025928924 1624.6180419921875 18597
1752025929880 1182.778564453125 18598
1752025930832 2580.4794921875 18599
1752025931784 2160.2822265625 18600
1752025932738 948.4658203125 18601
1752025933691 762.7628173828125 18602
1752025934642 1744.7755126953125 18603
1752025935600 1073.454345703125 18604
1752025936573 862.0440673828125 18605
1752025937552 817.049560546875 18606
1752025938536 902.6949462890625 18607
1752025939495 2322.53271484375 18608
1752025940458 1403.586181640625 18609
1752025941420 2178.99560546875 18610
1752025942368 1289.54443359375 18611
1752025943325 952.8629150390625 18612
1752025944285 1048.6541748046875 18613
1752025945239 888.9483642578125 18614
1752025946199 1451.6826171875 18615
1752025947159 911.4891357421875 18616
1752025948113 1115.875 18617
1752025949070 814.0440673828125 18618
1752025950024 717.8416748046875 18619
1752025950976 650.326904296875 18620
1752025951935 1372.177001953125 18621
1752025952894 1159.37060546875 18622
1752025953848 2275.53076171875 18623
1752025954804 1065.8023681640625 18624
1752025955757 1038.2430419921875 18625
1752025956724 1095.7657470703125 18626
1752025958292 765.66259765625 18627
1752025959247 1747.7308349609375 18628
1752025960206 711.0418701171875 18629
1752025961162 2025.846923828125 18630
1752025962115 959.854736328125 18631
1752025963070 1085.998779296875 18632
1752025964026 5778.9091796875 18633
1752025964989 3275.8681640625 18634
1752025965943 1453.34521484375 18635
1752025966902 1149.180908203125 18636
1752025967860 1424.4461669921875 18637
1752025968813 1170.09326171875 18638
1752025969767 1035.3135986328125 18639
1752025970722 5687.08349609375 18640
1752025971680 1658.097900390625 18641
1752025972638 1583.1158447265625 18642
1752025973593 841.3079833984375 18643
1752025974554 775.3245849609375 18644
1752025975515 1027.833251953125 18645
1752025976472 2344.74658203125 18646
1752025977430 1660.45361328125 18647
1752025978387 956.7430419921875 18648
1752025979344 1371.7166748046875 18649
1752025980302 1384.30322265625 18650
1752025981263 4073.8349609375 18651
1752025982220 2228.074951171875 18652
1752025983173 1918.59619140625 18653
1752025984126 5550.6943359375 18654
1752025985081 2038.908935546875 18655
1752025986031 1576.907470703125 18656
1752025986989 2576.845458984375 18657
1752025987942 1698.67919921875 18658
1752025988897 1771.0909423828125 18659
1752025989852 1713.638916015625 18660
1752025990810 1395.18212890625 18661
1752025991766 2160.656005859375 18662
1752025992726 1437.390869140625 18663
1752025993680 1233.877685546875 18664
1752025994636 2260.10693359375 18665
1752025995589 1463.0152587890625 18666
1752025996546 1487.16748046875 18667
1752025997512 1141.4630126953125 18668
1752025998490 2192.124755859375 18669
1752025999485 1958.0030517578125 18670
1752026000444 1072.678466796875 18671
1752026001406 2083.3759765625 18672
1752026002362 1015.2007446289062 18673
1752026003320 1665.3369140625 18674
1752026004272 1191.435791015625 18675
1752026005235 1065.460205078125 18676
1752026006188 2363.45068359375 18677
1752026007143 1260.55517578125 18678
1752026008094 916.3187255859375 18679
1752026009054 1002.058837890625 18680
1752026010007 1520.3421630859375 18681
1752026010962 972.5016479492188 18682
1752026011920 938.709716796875 18683
1752026012873 1004.9693603515625 18684
1752026013824 1570.2509765625 18685
1752026014782 908.2928466796875 18686
1752026015741 1870.0506591796875 18687
1752026016692 1238.959228515625 18688
1752026017644 1798.4134521484375 18689
1752026018597 3971.33447265625 18690
1752026019552 1296.4825439453125 18691
1752026020507 1175.988037109375 18692
1752026021463 1592.67138671875 18693
1752026022420 981.2178344726562 18694
1752026023374 882.0865478515625 18695
1752026024326 1143.320556640625 18696
1752026025279 1372.2564697265625 18697
1752026026230 962.9872436523438 18698
1752026027186 2166.379638671875 18699
1752026028137 1166.707275390625 18700
1752026029086 1752.370361328125 18701
1752026030040 933.3104858398438 18702
1752026030996 1793.699462890625 18703
1752026031951 1145.02880859375 18704
1752026032902 1204.4161376953125 18705
1752026033858 1770.550048828125 18706
1752026034812 845.124755859375 18707
1752026035768 663.3616943359375 18708
1752026036720 1138.635986328125 18709
1752026037674 2143.12548828125 18710
1752026038625 1981.2542724609375 18711
1752026039575 1261.997314453125 18712
1752026040533 1082.471435546875 18713
1752026041496 1104.9755859375 18714
1752026042448 1089.1102294921875 18715
1752026043397 855.6459350585938 18716
1752026044350 958.7424926757812 18717
1752026045299 1502.65771484375 18718
1752026046258 1715.8453369140625 18719
1752026047211 1551.835205078125 18720
1752026048163 981.8121337890625 18721
1752026049119 995.4718017578125 18722
1752026050072 1509.419189453125 18723
1752026051022 728.7257080078125 18724
1752026051975 1043.739990234375 18725
1752026052926 991.8441162109375 18726
1752026053879 992.0855712890625 18727
1752026054830 1197.3057861328125 18728
1752026055783 4452.1650390625 18729
1752026056734 1142.1826171875 18730
1752026057688 1089.56005859375 18731
1752026058639 787.8984985351562 18732
1752026059592 909.5302734375 18733
1752026060545 1566.2607421875 18734
1752026061497 1794.09033203125 18735
1752026062447 957.4031372070312 18736
1752026063403 2774.920654296875 18737
1752026064357 1075.8115234375 18738
1752026065314 1224.6656494140625 18739
1752026066271 971.5684204101562 18740
1752026067223 946.4606323242188 18741
1752026068179 3499.179931640625 18742
1752026069135 939.687255859375 18743
1752026070090 1169.772705078125 18744
1752026071046 1429.1082763671875 18745
1752026072004 1364.63623046875 18746
1752026072955 1599.288818359375 18747
1752026073910 3213.91259765625 18748
1752026074868 1462.2259521484375 18749
1752026075821 1232.4466552734375 18750
1752026076772 1461.00830078125 18751
1752026078622 1003.7761840820312 18752
1752026079577 1188.254638671875 18753
1752026080531 1462.606689453125 18754
1752026081487 713.5546875 18755
1752026082439 1095.1793212890625 18756
1752026083395 1123.4892578125 18757
1752026084349 832.5106811523438 18758
1752026085306 926.9264526367188 18759
1752026086270 1352.96533203125 18760
1752026087223 1025.682373046875 18761
1752026088181 1408.423828125 18762
1752026089173 905.9940185546875 18763
1752026090160 1575.3193359375 18764
1752026091117 1405.34521484375 18765
1752026092070 1106.769287109375 18766
1752026093026 1956.014404296875 18767
1752026093982 2901.69775390625 18768
1752026094937 1031.7723388671875 18769
1752026095891 1373.364013671875 18770
1752026096842 2462.60791015625 18771
1752026097794 1233.3828125 18772
1752026098748 849.34375 18773
1752026099698 1193.802978515625 18774
1752026100658 2267.71875 18775
1752026101613 1311.267578125 18776
1752026102568 2019.6328125 18777
1752026103522 1104.12646484375 18778
1752026104476 936.5556030273438 18779
1752026105428 1426.8079833984375 18780
1752026106384 1173.8616943359375 18781
1752026107340 1374.656982421875 18782
1752026108291 790.1055908203125 18783
1752026109244 1016.8348388671875 18784
1752026110201 3000.537353515625 18785
1752026111156 1469.71728515625 18786
1752026112111 1115.6231689453125 18787
1752026113069 942.954345703125 18788
1752026114021 2321.883544921875 18789
1752026114972 1752.324951171875 18790
1752026115932 2078.736083984375 18791
1752026116886 1632.51806640625 18792
1752026117838 882.9899291992188 18793
1752026118792 1299.7935791015625 18794
1752026119744 1784.9110107421875 18795
1752026120703 1490.979248046875 18796
1752026121658 1186.98388671875 18797
1752026122610 860.6522216796875 18798
1752026123564 1388.373779296875 18799
1752026124516 1142.4482421875 18800
1752026125473 835.2031860351562 18801
1752026126429 1047.8687744140625 18802
1752026127382 722.068603515625 18803
1752026128336 1062.430419921875 18804
1752026129292 1543.980224609375 18805
1752026130244 2527.16064453125 18806
1752026131197 1738.238525390625 18807
1752026132150 1345.08984375 18808
1752026133103 1249.769775390625 18809
1752026134054 1079.7142333984375 18810
1752026135010 1041.861328125 18811
1752026135963 1530.060302734375 18812
1752026136918 670.4414672851562 18813
1752026137870 699.6851806640625 18814
1752026138820 1107.156494140625 18815
1752026139775 859.0891723632812 18816
1752026140730 1012.3821411132812 18817
1752026141683 1623.8758544921875 18818
1752026142638 795.9354858398438 18819
1752026143587 952.4568481445312 18820
1752026144542 762.7220458984375 18821
1752026145495 1475.555419921875 18822
1752026146450 1291.4193115234375 18823
1752026147403 980.2658081054688 18824
1752026148357 1152.611328125 18825
1752026149307 883.082275390625 18826
1752026150257 1016.5989379882812 18827
1752026151210 813.7755737304688 18828
1752026152157 1762.889404296875 18829
1752026153111 963.2965087890625 18830
1752026154065 1478.038330078125 18831
1752026155019 865.1141357421875 18832
1752026155973 1230.1583251953125 18833
1752026156929 972.316650390625 18834
1752026157879 745.236572265625 18835
1752026158831 1662.30859375 18836
1752026159781 6838.30029296875 18837
1752026160740 768.08251953125 18838
1752026161697 1357.6802978515625 18839
1752026162650 939.2623291015625 18840
1752026163602 1492.7318115234375 18841
1752026164554 2243.96435546875 18842
1752026165507 2054.79248046875 18843
1752026166459 2558.297607421875 18844
1752026167413 1398.3951416015625 18845
1752026168365 2732.8916015625 18846
1752026169313 1094.086181640625 18847
1752026170262 1150.1907958984375 18848
1752026171213 2445.563720703125 18849
1752026172169 1088.82763671875 18850
1752026173120 1446.99853515625 18851
1752026174071 1031.2655029296875 18852
1752026175024 1642.595703125 18853
1752026175979 925.048828125 18854
1752026176934 1539.624267578125 18855
1752026177891 1101.263916015625 18856
1752026178843 1240.383056640625 18857
1752026179798 1914.102294921875 18858
1752026180794 896.201904296875 18859
1752026181775 899.3375854492188 18860
1752026182762 1251.9788818359375 18861
1752026183712 1416.600341796875 18862
1752026184671 1189.8814697265625 18863
1752026185629 931.4268798828125 18864
1752026186587 1198.5946044921875 18865
1752026187544 1160.654296875 18866
1752026188498 1191.55078125 18867
1752026189454 1072.9879150390625 18868
1752026190409 1015.6738891601562 18869
1752026191365 969.302001953125 18870
1752026192318 3623.260009765625 18871
1752026193269 1098.682373046875 18872
1752026194225 1185.564453125 18873
1752026195178 978.6185302734375 18874
1752026196128 1697.0234375 18875
1752026197087 915.3360595703125 18876
1752026198670 902.7295532226562 18877
1752026199622 1301.44677734375 18878
1752026200576 1068.93603515625 18879
1752026201530 1066.499755859375 18880
1752026202486 1765.7691650390625 18881
1752026203439 1466.3419189453125 18882
1752026204395 1002.1533203125 18883
1752026205345 1163.81201171875 18884
1752026206298 981.2959594726562 18885
1752026207249 962.2734985351562 18886
1752026208204 937.382568359375 18887
1752026209163 950.5357666015625 18888
1752026210115 1160.83447265625 18889
1752026211067 1288.869140625 18890
1752026212022 1513.461181640625 18891
1752026212977 1113.357177734375 18892
1752026213929 1178.1865234375 18893
1752026214879 1139.019287109375 18894
1752026215835 1058.044921875 18895
1752026216798 775.125 18896
1752026217757 1218.144775390625 18897
1752026218714 928.8577880859375 18898
1752026219670 1850.38671875 18899
1752026220633 1259.129638671875 18900
1752026221590 1194.994384765625 18901
1752026222544 839.603515625 18902
1752026223497 1194.36474609375 18903
1752026224454 849.16943359375 18904
1752026225408 1276.92529296875 18905
1752026226368 721.5367431640625 18906
1752026227321 744.5167846679688 18907
1752026228273 1039.17236328125 18908
1752026229224 2345.18994140625 18909
1752026230175 1575.52587890625 18910
1752026231131 1317.97216796875 18911
1752026232088 1232.01904296875 18912
1752026233043 938.4862060546875 18913
1752026234000 942.8662719726562 18914
1752026234952 1557.573486328125 18915
1752026235905 1342.3212890625 18916
1752026236861 1337.533447265625 18917
1752026237814 1141.868896484375 18918
1752026238765 1476.3753662109375 18919
1752026239719 1758.806640625 18920
1752026240673 1523.2529296875 18921
1752026241627 914.3456420898438 18922
1752026242582 1335.8226318359375 18923
1752026243536 1413.2828369140625 18924
1752026244489 1309.9697265625 18925
1752026245442 942.0489501953125 18926
1752026246398 1257.35302734375 18927
1752026247353 1259.658447265625 18928
1752026248317 1148.485595703125 18929
1752026249270 1852.2568359375 18930
1752026250225 998.7283325195312 18931
1752026251185 1096.30078125 18932
1752026252134 1234.014892578125 18933
1752026253088 1189.166259765625 18934
1752026254041 1243.70263671875 18935
1752026254994 1111.7659912109375 18936
1752026255949 1473.4991455078125 18937
1752026256904 1530.648193359375 18938
1752026257858 961.1074829101562 18939
1752026258814 1187.2138671875 18940
1752026259769 1598.970458984375 18941
1752026260724 2933.9052734375 18942
1752026261677 932.316650390625 18943
1752026262626 1110.0478515625 18944
1752026263578 824.2286376953125 18945
1752026264528 1541.87255859375 18946
1752026265483 985.3447265625 18947
1752026266436 1309.202392578125 18948
1752026267392 1619.3828125 18949
1752026268343 782.5465087890625 18950
1752026269297 1032.9105224609375 18951
1752026270250 1312.6876220703125 18952
1752026271202 841.441650390625 18953
1752026272155 1908.03955078125 18954
1752026273107 1121.858154296875 18955
1752026274062 1601.09765625 18956
1752026275016 1800.134033203125 18957
1752026275972 865.439697265625 18958
1752026276921 938.905517578125 18959
1752026277874 942.0811767578125 18960
1752026278829 1027.3709716796875 18961
1752026279784 631.9727172851562 18962
1752026280742 2294.42236328125 18963
1752026281699 1560.688720703125 18964
1752026282652 889.8001708984375 18965
1752026283608 1254.852783203125 18966
1752026284563 957.2576904296875 18967
1752026285514 1429.238037109375 18968
1752026286468 1102.6771240234375 18969
1752026287418 1275.1959228515625 18970
1752026288369 917.966064453125 18971
1752026289325 1442.98291015625 18972
1752026290283 785.8160400390625 18973
1752026291240 917.2102661132812 18974
1752026292191 1465.9752197265625 18975
1752026293146 902.308349609375 18976
1752026294100 1690.05908203125 18977
1752026295051 1485.65771484375 18978
1752026296004 750.4556274414062 18979
1752026296959 1542.7586669921875 18980
1752026297912 1364.41748046875 18981
1752026298863 1410.0037841796875 18982
1752026299822 961.1971435546875 18983
1752026300787 1217.3485107421875 18984
1752026301740 1238.02197265625 18985
1752026302693 1066.721435546875 18986
1752026303652 1103.89404296875 18987
1752026304607 1697.335693359375 18988
1752026305564 1527.2142333984375 18989
1752026306518 1224.4615478515625 18990
1752026307473 1711.6025390625 18991
1752026308432 788.627685546875 18992
1752026309386 874.6718139648438 18993
1752026310341 1901.2628173828125 18994
1752026311296 959.5501708984375 18995
1752026312252 1027.0052490234375 18996
1752026313207 1330.13427734375 18997
1752026314162 1022.7168579101562 18998
1752026315113 1244.7197265625 18999
1752026316064 764.2488403320312 19000
1752026317019 1764.6690673828125 19001
1752026318630 858.9481201171875 19002
1752026319583 619.7510986328125 19003
1752026320537 989.5182495117188 19004
1752026321484 1626.21484375 19005
1752026322440 996.6318969726562 19006
1752026323395 1478.313232421875 19007
1752026324350 804.6602783203125 19008
1752026325302 738.4129638671875 19009
1752026326257 1159.1351318359375 19010
1752026327211 1074.3074951171875 19011
1752026328165 1127.3145751953125 19012
1752026329119 906.3519287109375 19013
1752026330075 1185.831787109375 19014
1752026331029 1022.8706665039062 19015
1752026331981 983.6666259765625 19016
1752026332937 1066.7027587890625 19017
1752026333891 1022.0120849609375 19018
1752026334849 1056.3857421875 19019
1752026335807 890.0330200195312 19020
1752026336757 1000.3365478515625 19021
1752026337716 836.906494140625 19022
1752026338668 984.290771484375 19023
1752026339621 1184.0189208984375 19024
1752026340584 1065.28564453125 19025
1752026341542 669.7255249023438 19026
1752026342492 936.702880859375 19027
1752026343445 1021.996826171875 19028
1752026344394 955.7993774414062 19029
1752026345348 1181.312744140625 19030
1752026346305 777.6205444335938 19031
1752026347258 1069.59619140625 19032
1752026348210 1282.243408203125 19033
1752026349163 1794.9412841796875 19034
1752026350113 660.419189453125 19035
1752026351068 1050.42724609375 19036
1752026352025 968.64599609375 19037
1752026352977 1155.145751953125 19038
1752026353930 1572.77978515625 19039
1752026354881 1334.4736328125 19040
1752026355831 973.120361328125 19041
1752026356781 1314.63671875 19042
1752026357738 1310.40283203125 19043
1752026358691 827.5828247070312 19044
1752026359647 1251.2867431640625 19045
1752026360601 1076.16943359375 19046
1752026361554 860.19580078125 19047
1752026362509 1096.56005859375 19048
1752026363480 885.6739501953125 19049
1752026364466 1955.0474853515625 19050
1752026365449 901.591796875 19051
1752026366406 1553.08154296875 19052
1752026367359 1502.97705078125 19053
1752026368315 1051.4886474609375 19054
1752026369267 1821.7333984375 19055
1752026370224 671.6502685546875 19056
1752026371177 1000.273681640625 19057
1752026372130 1211.671875 19058
1752026373081 2960.19970703125 19059
1752026374035 893.907470703125 19060
1752026374993 1168.955078125 19061
1752026375947 954.187255859375 19062
1752026376897 2388.7265625 19063
1752026377848 2740.39306640625 19064
1752026378799 2008.755615234375 19065
1752026379754 1117.33447265625 19066
1752026380705 1006.8284912109375 19067
1752026381659 1724.55419921875 19068
1752026382610 975.9798583984375 19069
1752026383565 1941.431396484375 19070
1752026384517 1064.30224609375 19071
1752026385466 948.6065673828125 19072
1752026386421 736.3997192382812 19073
1752026387376 1598.26318359375 19074
1752026388327 2259.468017578125 19075
1752026389280 1004.622802734375 19076
1752026390232 2087.896240234375 19077
1752026391185 1433.3828125 19078
1752026392138 1769.338134765625 19079
1752026393090 2719.886962890625 19080
1752026394043 1166.336669921875 19081
1752026394998 758.6776123046875 19082
1752026395950 920.2725219726562 19083
1752026396902 844.7870483398438 19084
1752026397853 1078.6417236328125 19085
1752026398806 1179.72998046875 19086
1752026399763 957.9810180664062 19087
1752026400722 986.1444091796875 19088
1752026401675 872.57373046875 19089
1752026402627 2043.6295166015625 19090
1752026403577 1322.525634765625 19091
1752026404531 980.4093017578125 19092
1752026405486 1691.4381103515625 19093
1752026406435 2127.064453125 19094
1752026407390 983.4782104492188 19095
1752026408339 1027.5357666015625 19096
1752026409289 772.6984252929688 19097
1752026410243 630.845458984375 19098
1752026411193 991.507080078125 19099
1752026412148 828.508056640625 19100
1752026413103 758.5687255859375 19101
1752026414054 748.090576171875 19102
1752026415007 849.145263671875 19103
1752026415960 682.08984375 19104
1752026416917 851.5838012695312 19105
1752026417865 772.9586181640625 19106
1752026418822 840.4974975585938 19107
1752026419780 1037.55419921875 19108
1752026420732 1124.10595703125 19109
1752026421683 1314.925048828125 19110
1752026422638 980.2304077148438 19111
1752026423592 1221.705078125 19112
1752026424546 900.6206665039062 19113
1752026425502 3221.398193359375 19114
1752026426468 2129.509765625 19115
1752026427419 942.31298828125 19116
1752026428374 1339.6470947265625 19117
1752026429334 1472.31103515625 19118
1752026430289 1886.5784912109375 19119
1752026431242 1305.7294921875 19120
1752026432195 1605.5897216796875 19121
1752026433148 1413.821533203125 19122
1752026434104 1523.876953125 19123
1752026435062 1533.9967041015625 19124
1752026436016 1464.62841796875 19125
1752026436973 967.386962890625 19126
1752026438561 1024.5897216796875 19127
1752026439514 1117.060791015625 19128
1752026440470 3580.175048828125 19129
1752026441429 1394.3004150390625 19130
1752026442382 920.324462890625 19131
1752026443337 924.8995971679688 19132
1752026444291 2173.720458984375 19133
1752026445251 2877.013671875 19134
1752026446209 1160.04638671875 19135
1752026447159 1362.65380859375 19136
1752026448117 1233.23583984375 19137
1752026449107 1709.80908203125 19138
1752026450094 975.508056640625 19139
1752026451051 2274.677734375 19140
1752026452002 1401.133056640625 19141
1752026452956 1673.6640625 19142
1752026453914 754.00634765625 19143
1752026454874 1228.984130859375 19144
1752026455823 1952.013671875 19145
1752026456783 1266.6361083984375 19146
1752026457742 905.426513671875 19147
1752026458693 1203.71044921875 19148
1752026459647 1510.640380859375 19149
1752026460606 1138.0960693359375 19150
1752026461569 1173.42822265625 19151
1752026462522 1546.3541259765625 19152
1752026463479 1524.458251953125 19153
1752026464433 956.565673828125 19154
1752026465390 764.3511352539062 19155
1752026466343 1987.937255859375 19156
1752026467308 935.5982666015625 19157
1752026468265 1674.7569580078125 19158
1752026469229 1266.6326904296875 19159
1752026470187 2741.370849609375 19160
1752026471142 923.1842041015625 19161
1752026472106 996.740966796875 19162
1752026473060 862.5242919921875 19163
1752026474017 775.0661010742188 19164
1752026474968 1139.84423828125 19165
1752026475922 986.6082763671875 19166
1752026476890 1066.667236328125 19167
1752026477844 5457.6357421875 19168
1752026478797 2031.98828125 19169
1752026479750 932.39453125 19170
1752026480703 779.2993774414062 19171
1752026481656 935.6211547851562 19172
1752026482607 1332.8865966796875 19173
1752026483566 1317.9810791015625 19174
1752026484524 1799.6053466796875 19175
1752026485476 1026.35302734375 19176
1752026486429 1341.28466796875 19177
1752026487380 1104.941650390625 19178
1752026488331 893.3143310546875 19179
1752026489283 1221.554443359375 19180
1752026490242 1790.10205078125 19181
1752026491191 840.5556640625 19182
1752026492144 977.927001953125 19183
1752026493105 949.8562622070312 19184
1752026494057 3348.97509765625 19185
1752026495010 1616.26904296875 19186
1752026495974 1143.306396484375 19187
1752026496937 1297.99169921875 19188
1752026497892 2267.029541015625 19189
1752026498849 1383.4853515625 19190
1752026499800 956.215087890625 19191
1752026500751 2372.270751953125 19192
1752026501701 1696.49853515625 19193
1752026502655 1407.48681640625 19194
1752026503609 1383.56689453125 19195
1752026504567 1968.859130859375 19196
1752026505529 1174.7401123046875 19197
1752026506479 870.5501708984375 19198
1752026507435 1719.04150390625 19199
1752026508388 1856.0447998046875 19200
1752026509339 1438.3681640625 19201
1752026510292 1258.5325927734375 19202
1752026511245 633.57666015625 19203
1752026512192 2455.90234375 19204
1752026513141 793.2103881835938 19205
1752026514096 912.1778564453125 19206
1752026515052 2611.9296875 19207
1752026516004 988.4031372070312 19208
1752026516951 1034.0992431640625 19209
1752026517905 1515.6923828125 19210
1752026518856 1149.8984375 19211
1752026519814 1316.306396484375 19212
1752026520775 848.4214477539062 19213
1752026521733 1021.90771484375 19214
1752026522684 1924.15771484375 19215
1752026523636 1145.407470703125 19216
1752026524589 1388.5179443359375 19217
1752026525543 1171.386474609375 19218
1752026526495 3083.763671875 19219
1752026527449 1970.4661865234375 19220
1752026528403 836.706298828125 19221
1752026529352 1681.4364013671875 19222
1752026530303 1772.849609375 19223
1752026531250 1063.8837890625 19224
1752026532204 1606.9112548828125 19225
1752026533157 2749.365234375 19226
1752026534110 1079.97607421875 19227
1752026535065 1471.6451416015625 19228
1752026536016 970.4674682617188 19229
1752026536968 1199.323486328125 19230
1752026537925 735.5736083984375 19231
1752026538877 972.173583984375 19232
1752026539841 924.7689819335938 19233
1752026540793 969.7322998046875 19234
1752026541747 4684.998046875 19235
1752026542704 1363.6611328125 19236
1752026543660 1300.6724853515625 19237
1752026544623 1046.02490234375 19238
1752026545577 1607.140869140625 19239
1752026546553 1466.7421875 19240
1752026547534 1570.1346435546875 19241
1752026548515 1065.050537109375 19242
1752026549474 1130.55517578125 19243
1752026550439 1545.5106201171875 19244
1752026551393 814.547119140625 19245
1752026552355 1201.424560546875 19246
1752026553312 1044.0902099609375 19247
1752026554268 981.244873046875 19248
1752026555220 697.68310546875 19249
1752026556175 1777.0977783203125 19250
1752026557134 782.2724609375 19251
1752026558733 922.8939208984375 19252
1752026559690 1049.0379638671875 19253
1752026560653 1456.00244140625 19254
1752026561609 1054.1390380859375 19255
1752026562561 4331.322265625 19256
1752026563516 1790.2259521484375 19257
1752026564479 1338.244384765625 19258
1752026565434 870.5752563476562 19259
1752026566387 1146.52783203125 19260
1752026567343 906.9918212890625 19261
1752026568302 1228.4862060546875 19262
1752026569255 1033.1539306640625 19263
1752026570213 1241.527587890625 19264
1752026571166 842.3643798828125 19265
1752026572116 958.3743896484375 19266
1752026573067 1198.9276123046875 19267
1752026574017 568.5921630859375 19268
1752026574977 1016.0098876953125 19269
1752026575935 2068.255126953125 19270
1752026576893 861.0521240234375 19271
1752026577848 819.404052734375 19272
1752026578800 747.935302734375 19273
1752026579757 1345.78955078125 19274
1752026580713 2148.964599609375 19275
1752026581673 1713.7708740234375 19276
1752026582629 1203.171630859375 19277
1752026583581 858.637451171875 19278
1752026584536 744.724853515625 19279
1752026585492 1251.557861328125 19280
1752026586448 1067.537109375 19281
1752026587400 1006.182373046875 19282
1752026588353 1037.323974609375 19283
1752026589309 2128.072998046875 19284
1752026590263 2294.90380859375 19285
1752026591222 4603.2724609375 19286
1752026592181 2191.812255859375 19287
1752026593144 1247.72021484375 19288
1752026594099 873.1099243164062 19289
1752026595063 971.161376953125 19290
1752026596018 896.4450073242188 19291
1752026596967 1200.321533203125 19292
1752026597926 1885.8978271484375 19293
1752026598882 1103.774169921875 19294
1752026599844 952.79931640625 19295
1752026600797 1298.4495849609375 19296
1752026601754 1831.20703125 19297
1752026602711 1471.2950439453125 19298
1752026603671 2290.3681640625 19299
1752026604629 1045.2236328125 19300
1752026605583 1011.828125 19301
1752026606543 1668.1258544921875 19302
1752026607496 940.1807861328125 19303
1752026608455 3272.410400390625 19304
1752026609414 962.002685546875 19305
1752026610365 1856.9088134765625 19306
1752026611317 856.0773315429688 19307
1752026612275 1596.90771484375 19308
1752026613231 1464.370361328125 19309
1752026614183 732.3364868164062 19310
1752026615133 810.1790771484375 19311
1752026616088 2265.401123046875 19312
1752026617040 1547.4400634765625 19313
1752026617994 2826.79833984375 19314
1752026618948 1149.0948486328125 19315
1752026619897 2353.255859375 19316
1752026620855 1193.61328125 19317
1752026621810 1002.1826782226562 19318
1752026622762 1549.306640625 19319
1752026623722 4761.833984375 19320
1752026624675 2140.92919921875 19321
1752026625636 1542.0399169921875 19322
1752026626594 1466.859619140625 19323
1752026627561 1201.892578125 19324
1752026628516 1217.4073486328125 19325
1752026629477 1522.326904296875 19326
1752026630430 1329.656982421875 19327
1752026631386 1976.8460693359375 19328
1752026632339 1791.4566650390625 19329
1752026633292 2298.82666015625 19330
1752026634244 1559.6796875 19331
1752026635198 1223.6072998046875 19332
1752026636149 1674.8267822265625 19333
1752026637102 1165.60986328125 19334
1752026638060 1048.38623046875 19335
1752026639011 974.4874267578125 19336
1752026639964 1602.16552734375 19337
1752026640924 1343.03955078125 19338
1752026641879 2657.81982421875 19339
1752026642834 1189.6490478515625 19340
1752026643788 785.1210327148438 19341
1752026644738 817.5311279296875 19342
1752026645689 1620.16650390625 19343
1752026646644 5026.46728515625 19344
1752026647597 995.7028198242188 19345
1752026648549 1678.5042724609375 19346
1752026649501 1680.419921875 19347
1752026650458 1191.3077392578125 19348
1752026651406 1280.448974609375 19349
1752026652358 1450.7529296875 19350
1752026653312 1055.749755859375 19351
1752026654267 1087.616943359375 19352
1752026655219 916.0839233398438 19353
1752026656170 2360.392578125 19354
1752026657126 1458.811279296875 19355
1752026658080 1214.9124755859375 19356
1752026659035 2458.039306640625 19357
1752026659991 1490.3629150390625 19358
1752026660948 1735.0877685546875 19359
1752026661902 891.4466552734375 19360
1752026662860 1251.47802734375 19361
1752026663827 1841.883544921875 19362
1752026664779 1022.5282592773438 19363
1752026665747 897.4564208984375 19364
1752026666704 860.7957763671875 19365
1752026667657 1778.908935546875 19366
1752026668614 1125.7144775390625 19367
1752026669566 786.9937744140625 19368
1752026670518 835.14892578125 19369
1752026671472 1315.973876953125 19370
1752026672423 1210.427001953125 19371
1752026673374 1802.31884765625 19372
1752026674328 937.80078125 19373
1752026675286 2296.15478515625 19374
1752026676248 1221.2122802734375 19375
1752026677208 1430.8897705078125 19376
1752026678917 942.1341552734375 19377
1752026679876 956.36962890625 19378
1752026680833 1919.1285400390625 19379
1752026681782 884.81103515625 19380
1752026682733 957.880615234375 19381
1752026683688 1211.8631591796875 19382
1752026684648 1083.2113037109375 19383
1752026685601 1197.9364013671875 19384
1752026686557 1041.8834228515625 19385
1752026687510 1094.58349609375 19386
1752026688480 1202.3369140625 19387
1752026689459 888.15966796875 19388
1752026690442 1394.6580810546875 19389
1752026691402 2560.1357421875 19390
1752026692357 1053.4852294921875 19391
1752026693316 1240.47314453125 19392
1752026694268 1133.97314453125 19393
1752026695221 1030.2921142578125 19394
1752026696181 1817.202392578125 19395
1752026697137 756.5738525390625 19396
1752026698089 1571.084716796875 19397
1752026699045 1323.9935302734375 19398
1752026699996 1976.5008544921875 19399
1752026700960 884.3723754882812 19400
1752026701915 1225.3953857421875 19401
1752026702871 2101.12744140625 19402
1752026703830 766.991455078125 19403
1752026704786 1187.9278564453125 19404
1752026705742 1196.6624755859375 19405
1752026706703 1080.8525390625 19406
1752026707658 945.7399291992188 19407
1752026708612 1008.86279296875 19408
1752026709574 759.18408203125 19409
1752026710528 1759.505615234375 19410
1752026711484 1124.8863525390625 19411
1752026712442 2153.18505859375 19412
1752026713401 1214.7861328125 19413
1752026714371 1162.451904296875 19414
1752026715328 1104.270751953125 19415
1752026716283 861.3087158203125 19416
1752026717234 686.925537109375 19417
1752026718188 874.6842041015625 19418
1752026719139 1215.410888671875 19419
1752026720101 884.6377563476562 19420
1752026721056 788.8098754882812 19421
1752026722023 1469.4219970703125 19422
1752026722985 881.53173828125 19423
1752026723937 1176.915771484375 19424
1752026724896 877.1197509765625 19425
1752026725852 880.941650390625 19426
1752026726812 608.27734375 19427
1752026727762 979.51025390625 19428
1752026728715 1441.043212890625 19429
1752026729694 912.675537109375 19430
1752026730684 770.7447509765625 19431
1752026731659 768.4320068359375 19432
1752026732614 942.623046875 19433
1752026733571 927.1155395507812 19434
1752026734526 764.0806274414062 19435
1752026735478 1270.712158203125 19436
1752026736437 1092.8087158203125 19437
1752026737390 798.28857421875 19438
1752026738349 921.0503540039062 19439
1752026739302 928.5865478515625 19440
1752026740256 2136.36328125 19441
1752026741211 1338.8992919921875 19442
1752026742161 2499.44384765625 19443
1752026743114 2526.28369140625 19444
1752026744075 1552.0220947265625 19445
1752026745031 874.6924438476562 19446
1752026745984 909.318603515625 19447
1752026746940 872.3231811523438 19448
1752026747892 795.3361206054688 19449
1752026748847 850.3544921875 19450
1752026749799 1351.4737548828125 19451
1752026750752 1277.033447265625 19452
1752026751704 1656.2989501953125 19453
1752026752657 885.135009765625 19454
1752026753611 1283.939208984375 19455
1752026754562 1496.4595947265625 19456
1752026755512 910.4371948242188 19457
1752026756462 831.3162231445312 19458
1752026757416 1343.54443359375 19459
1752026758362 730.5049438476562 19460
1752026759317 1348.5679931640625 19461
1752026760273 1037.198974609375 19462
1752026761233 774.2554321289062 19463
1752026762184 866.49951171875 19464
1752026763135 894.0325927734375 19465
1752026764087 1415.510498046875 19466
1752026765039 1349.144775390625 19467
1752026765991 783.386474609375 19468
1752026766944 821.2835693359375 19469
1752026767899 1044.7423095703125 19470
1752026768855 741.365478515625 19471
1752026769805 1972.3394775390625 19472
1752026770757 1108.3455810546875 19473
1752026771709 3555.50048828125 19474
1752026772664 933.92822265625 19475
1752026773614 723.328857421875 19476
1752026774565 860.317626953125 19477
1752026775528 1047.480712890625 19478
1752026776483 2099.863037109375 19479
1752026777437 1218.5706787109375 19480
1752026778389 1012.5526123046875 19481
1752026779347 920.037109375 19482
1752026780308 892.5078735351562 19483
1752026781262 1306.705810546875 19484
1752026782217 671.8699951171875 19485
1752026783172 2397.052734375 19486
1752026784127 1225.0242919921875 19487
1752026785081 1119.114990234375 19488
1752026786038 618.1434326171875 19489
1752026786996 1955.52294921875 19490
1752026787950 1223.3656005859375 19491
1752026788907 1544.676025390625 19492
1752026789857 1720.9725341796875 19493
1752026790819 1574.830078125 19494
1752026791774 1383.891357421875 19495
1752026792731 1198.119873046875 19496
1752026793679 1180.918212890625 19497
1752026794635 8671.123046875 19498
1752026795595 1273.74609375 19499
1752026796552 1019.6407470703125 19500
1752026797511 1110.157958984375 19501
1752026799154 643.4418334960938 19502
1752026800109 1974.02392578125 19503
1752026801068 2155.459716796875 19504
1752026802021 837.0384521484375 19505
1752026802977 909.2534790039062 19506
1752026803934 1822.1021728515625 19507
1752026804890 1356.5440673828125 19508
1752026805841 1017.973388671875 19509
1752026806798 1178.320556640625 19510
1752026807757 1042.59521484375 19511
1752026808738 2886.10205078125 19512
1752026809726 861.48388671875 19513
1752026810706 1290.0787353515625 19514
1752026811669 1132.5595703125 19515
1752026812623 1506.9417724609375 19516
1752026813583 1751.31396484375 19517
1752026814543 1581.9371337890625 19518
1752026815497 1111.3173828125 19519
1752026816453 2503.96923828125 19520
1752026817413 1549.344482421875 19521
1752026818367 1279.42822265625 19522
1752026819324 1741.7158203125 19523
1752026820278 1048.9912109375 19524
1752026821235 1024.6866455078125 19525
1752026822185 1057.73681640625 19526
1752026823138 882.866943359375 19527
1752026824100 1169.793701171875 19528
1752026825058 1723.967529296875 19529
1752026826015 3078.097900390625 19530
1752026826981 1024.33544921875 19531
1752026827938 1800.3624267578125 19532
1752026828901 946.5590209960938 19533
1752026829859 1543.299560546875 19534
1752026830816 1298.422607421875 19535
1752026831766 1123.3477783203125 19536
1752026832729 2278.016357421875 19537
1752026833686 1072.3800048828125 19538
1752026834640 2495.454833984375 19539
1752026835595 997.5369873046875 19540
1752026836553 883.0894165039062 19541
1752026837505 1446.97021484375 19542
1752026838460 1371.444580078125 19543
1752026839418 851.2056884765625 19544
1752026840376 1480.02490234375 19545
1752026841327 2890.59814453125 19546
1752026842284 1369.626953125 19547
1752026843237 763.4580078125 19548
1752026844190 1136.6456298828125 19549
1752026845139 1597.512451171875 19550
1752026846104 1476.80224609375 19551
1752026847067 1581.87353515625 19552
1752026848023 1216.92236328125 19553
1752026848976 1010.83154296875 19554
1752026849935 1262.02490234375 19555
1752026850890 1219.814697265625 19556
1752026851841 1185.67333984375 19557
1752026852793 1485.00048828125 19558
1752026853746 1265.957763671875 19559
1752026854696 1603.33740234375 19560
1752026855649 1478.12744140625 19561
1752026856603 1270.4520263671875 19562
1752026857559 1343.3966064453125 19563
1752026858512 1089.885986328125 19564
1752026859476 1146.692138671875 19565
1752026860424 1234.38916015625 19566
1752026861382 1174.623291015625 19567
1752026862329 1829.545654296875 19568
1752026863283 1036.69287109375 19569
1752026864237 1530.4373779296875 19570
1752026865193 1404.289306640625 19571
1752026866145 1561.59033203125 19572
1752026867099 1130.6689453125 19573
1752026868053 930.7412719726562 19574
1752026869005 1036.5517578125 19575
1752026869959 791.4022827148438 19576
1752026870911 1532.566162109375 19577
1752026871862 1244.1956787109375 19578
1752026872809 2468.202392578125 19579
1752026873764 872.5568237304688 19580
1752026874718 3855.244384765625 19581
1752026875670 1879.042236328125 19582
1752026876621 1315.93603515625 19583
1752026877572 962.5281982421875 19584
1752026878527 1246.7576904296875 19585
1752026879477 933.1163940429688 19586
1752026880430 1823.6820068359375 19587
1752026881391 1035.130615234375 19588
1752026882346 1048.2706298828125 19589
1752026883296 2355.139892578125 19590
1752026884250 1209.176025390625 19591
1752026885202 1421.6475830078125 19592
1752026886153 1752.0660400390625 19593
1752026887106 1466.842041015625 19594
1752026888056 1455.2509765625 19595
1752026889006 916.4317016601562 19596
1752026889960 1421.32421875 19597
1752026890909 1135.133056640625 19598
1752026891860 1640.774658203125 19599
1752026892816 1004.3333740234375 19600
1752026893767 1737.74609375 19601
1752026894721 947.4513549804688 19602
1752026895672 1295.2501220703125 19603
1752026896625 1196.372802734375 19604
1752026897580 1575.751220703125 19605
1752026898537 1015.7086791992188 19606
1752026899493 2033.6649169921875 19607
1752026900441 1153.5257568359375 19608
1752026901393 1214.248779296875 19609
1752026902346 1177.06103515625 19610
1752026903300 1314.8004150390625 19611
1752026904255 1336.0810546875 19612
1752026905209 1922.614013671875 19613
1752026906164 998.1795654296875 19614
1752026907124 1077.1956787109375 19615
1752026908076 1349.072265625 19616
1752026909035 892.9012451171875 19617
1752026909991 1125.22509765625 19618
1752026910945 1170.6759033203125 19619
1752026911895 2057.923828125 19620
1752026912885 1592.1126708984375 19621
1752026913866 1445.227294921875 19622
1752026914832 3902.9208984375 19623
1752026915797 1972.210693359375 19624
1752026916749 917.9730224609375 19625
1752026917711 1433.8031005859375 19626
1752026919296 976.2520141601562 19627
1752026920249 1670.66357421875 19628
1752026921200 1842.3284912109375 19629
1752026922152 1324.1513671875 19630
1752026923109 2383.03759765625 19631
1752026924062 2126.23974609375 19632
1752026925020 1101.9425048828125 19633
1752026925971 2275.1064453125 19634
1752026926922 1743.958740234375 19635
1752026927879 1372.004150390625 19636
1752026928836 1633.0634765625 19637
1752026929790 1222.30859375 19638
1752026930743 1410.81982421875 19639
1752026931706 1123.6973876953125 19640
1752026932673 905.3294677734375 19641
1752026933632 1969.181396484375 19642
1752026934587 1089.3724365234375 19643
1752026935542 1250.144287109375 19644
1752026936496 2063.894775390625 19645
1752026937447 2545.33837890625 19646
1752026938400 906.37109375 19647
1752026939355 1213.7177734375 19648
1752026940310 1171.357177734375 19649
1752026941276 1054.425048828125 19650
1752026942232 1453.65576171875 19651
1752026943186 1141.06982421875 19652
1752026944145 1256.958251953125 19653
1752026945097 972.0684204101562 19654
1752026946061 1457.2894287109375 19655
1752026947020 1729.226806640625 19656
1752026947980 1300.7330322265625 19657
1752026948936 676.5496826171875 19658
1752026949889 900.0709228515625 19659
1752026950841 945.5030517578125 19660
1752026951795 1643.702880859375 19661
1752026952756 2339.10107421875 19662
1752026953709 900.6136474609375 19663
1752026954661 1019.137939453125 19664
1752026955617 961.5416870117188 19665
1752026956575 1773.627685546875 19666
1752026957526 998.8101806640625 19667
1752026958482 1604.65478515625 19668
1752026959434 1120.7960205078125 19669
1752026960392 1679.42724609375 19670
1752026961349 733.62841796875 19671
1752026962299 956.738525390625 19672
1752026963248 887.247802734375 19673
1752026964198 720.2803955078125 19674
1752026965150 733.8291015625 19675
1752026966108 1069.648681640625 19676
1752026967064 2314.684814453125 19677
1752026968018 961.9234008789062 19678
1752026968972 846.1983032226562 19679
1752026969927 837.9874267578125 19680
1752026970881 1306.910888671875 19681
1752026971835 1669.6728515625 19682
1752026972786 1420.728271484375 19683
1752026973742 1278.37646484375 19684
1752026974697 1396.04052734375 19685
1752026975649 1229.7763671875 19686
1752026976604 934.52099609375 19687
1752026977557 829.329833984375 19688
1752026978514 747.88671875 19689
1752026979466 977.36474609375 19690
1752026980420 1505.525390625 19691
1752026981374 2294.72119140625 19692
1752026982327 868.9537353515625 19693
1752026983279 975.1591186523438 19694
1752026984231 1451.039306640625 19695
1752026985187 1160.8988037109375 19696
1752026986138 722.0474853515625 19697
1752026987093 998.1542358398438 19698
1752026988048 902.1817626953125 19699
1752026989039 2543.5390625 19700
1752026990022 911.8687744140625 19701
1752026991002 1588.792724609375 19702
1752026991953 2190.479736328125 19703
1752026992905 861.7892456054688 19704
1752026993858 2301.01953125 19705
1752026994811 2432.09375 19706
1752026995763 949.068603515625 19707
1752026996714 1024.2705078125 19708
1752026997666 993.446044921875 19709
1752026998618 2348.8291015625 19710
1752026999569 2617.09326171875 19711
1752027000526 1012.78369140625 19712
1752027001485 1165.727294921875 19713
1752027002436 1982.882080078125 19714
1752027003383 856.704345703125 19715
1752027004339 1411.0723876953125 19716
1752027005295 751.661376953125 19717
1752027006250 1013.9605712890625 19718
1752027007200 1178.15869140625 19719
1752027008153 1403.659423828125 19720
1752027009109 2330.18603515625 19721
1752027010062 1697.722900390625 19722
1752027011013 2507.0859375 19723
1752027011965 728.907958984375 19724
1752027012921 668.2747802734375 19725
1752027013872 1437.364990234375 19726
1752027014825 1099.0400390625 19727
1752027015779 1138.471435546875 19728
1752027016734 1813.1229248046875 19729
1752027017690 1256.7371826171875 19730
1752027018655 912.2252197265625 19731
1752027019612 676.6967163085938 19732
1752027020569 1015.2225341796875 19733
1752027021526 1213.6787109375 19734
1752027022477 1623.66748046875 19735
1752027023429 964.8427124023438 19736
1752027024384 1004.43505859375 19737
1752027025335 1198.607177734375 19738
1752027026287 745.7054443359375 19739
1752027027241 1052.6556396484375 19740
1752027028193 747.0491943359375 19741
1752027029146 1169.75048828125 19742
1752027030102 684.6292724609375 19743
1752027031059 1416.0274658203125 19744
1752027032009 1819.8662109375 19745
1752027032965 1939.8927001953125 19746
1752027033918 956.4898071289062 19747
1752027034872 1609.461181640625 19748
1752027035822 1164.130859375 19749
1752027036782 4892.30029296875 19750
1752027037736 1841.5560302734375 19751
1752027039326 2112.678955078125 19752
1752027040289 2360.81298828125 19753
1752027041243 1535.211669921875 19754
1752027042195 1425.295166015625 19755
1752027043148 976.4092407226562 19756
1752027044100 1283.0811767578125 19757
1752027045067 950.627685546875 19758
1752027046018 772.6837158203125 19759
1752027046980 1054.676513671875 19760
1752027047933 1281.57568359375 19761
1752027048927 932.424560546875 19762
1752027049911 1681.198974609375 19763
1752027050883 2666.160400390625 19764
1752027051830 10117.5791015625 19765
1752027052784 1336.2686767578125 19766
1752027053741 1611.194091796875 19767
1752027054695 1594.6419677734375 19768
1752027055657 3195.2216796875 19769
1752027056611 1487.7667236328125 19770
1752027057569 1214.1865234375 19771
1752027058522 1359.0462646484375 19772
1752027059479 1465.4345703125 19773
1752027060433 1741.4281005859375 19774
1752027061391 1002.7786865234375 19775
1752027062345 1912.88037109375 19776
1752027063303 1946.914794921875 19777
1752027064257 1483.9351806640625 19778
1752027065221 1421.369873046875 19779
1752027066174 3135.22705078125 19780
1752027067124 1307.0548095703125 19781
1752027068077 3252.82861328125 19782
1752027069031 923.5537109375 19783
1752027069985 851.0213623046875 19784
1752027070938 1925.12646484375 19785
1752027071895 1198.3680419921875 19786
1752027072846 1564.447021484375 19787
1752027073805 8748.1865234375 19788
1752027074761 1298.7906494140625 19789
1752027075715 1912.77099609375 19790
1752027076666 1567.4552001953125 19791
1752027077622 1993.324951171875 19792
1752027078574 1501.67138671875 19793
1752027079527 2198.169677734375 19794
1752027080477 1806.4248046875 19795
1752027081431 1701.8165283203125 19796
1752027082384 1649.2872314453125 19797
1752027083334 1618.6912841796875 19798
1752027084290 2446.9013671875 19799
1752027085240 3371.86669921875 19800
1752027086199 3640.76171875 19801
1752027087151 1202.4178466796875 19802
1752027088104 1470.57177734375 19803
1752027089058 1032.3529052734375 19804
1752027090010 1885.8282470703125 19805
1752027090962 2872.236083984375 19806
1752027091910 1881.244873046875 19807
1752027092861 764.104736328125 19808
1752027093817 2936.865966796875 19809
1752027094771 2133.1875 19810
1752027095751 1254.8822021484375 19811
1752027096730 976.78564453125 19812
1752027097706 817.7647094726562 19813
1752027098658 1126.802490234375 19814
1752027099610 1504.0870361328125 19815
1752027100561 1678.9317626953125 19816
1752027101513 1176.1888427734375 19817
1752027102468 2132.6533203125 19818
1752027103422 2558.824462890625 19819
1752027104371 2735.825439453125 19820
1752027105327 1471.7900390625 19821
1752027106280 1713.3350830078125 19822
1752027107231 1507.00634765625 19823
1752027108187 1141.207275390625 19824
1752027109138 1478.345947265625 19825
1752027110091 3448.4013671875 19826
1752027111041 2656.723388671875 19827
1752027111995 2379.16650390625 19828
1752027112955 2269.41650390625 19829
1752027113908 1636.0926513671875 19830
1752027114862 1897.00830078125 19831
1752027115813 1166.4967041015625 19832
1752027116764 2243.236083984375 19833
1752027117720 2292.81640625 19834
1752027118676 4299.33544921875 19835
1752027119631 1387.0263671875 19836
1752027120587 1954.709716796875 19837
1752027121544 1136.378662109375 19838
1752027122497 1037.7652587890625 19839
1752027123453 2778.18212890625 19840
1752027124404 1073.953125 19841
1752027125357 1465.4879150390625 19842
1752027126308 1188.2918701171875 19843
1752027127259 1054.194091796875 19844
1752027128212 1651.70654296875 19845
1752027129165 881.11376953125 19846
1752027130118 1268.4755859375 19847
1752027131069 1601.038818359375 19848
1752027132020 2377.1396484375 19849
1752027132973 1556.887451171875 19850
1752027133934 1063.276123046875 19851
1752027134891 1423.027587890625 19852
1752027135843 4769.8115234375 19853
1752027136796 2841.79150390625 19854
1752027137752 931.5443115234375 19855
1752027138709 1239.445068359375 19856
1752027139664 1785.436279296875 19857
1752027140623 1669.029296875 19858
1752027141575 1103.14990234375 19859
1752027142532 1314.9049072265625 19860
1752027143485 1570.9013671875 19861
1752027144442 1827.4678955078125 19862
1752027145394 901.6158447265625 19863
1752027146344 2090.04150390625 19864
1752027147298 1067.0601806640625 19865
1752027148250 1987.0738525390625 19866
1752027149205 1590.206787109375 19867
1752027150157 1039.4466552734375 19868
1752027151112 811.6468505859375 19869
1752027152068 1540.7724609375 19870
1752027153022 1047.5888671875 19871
1752027153974 923.7091064453125 19872
1752027154929 736.84619140625 19873
1752027155884 1352.873291015625 19874
1752027156834 1259.2998046875 19875
1752027157782 1043.65234375 19876
1752027159380 1054.9395751953125 19877
1752027160334 2859.880126953125 19878
1752027161288 2391.48828125 19879
1752027162252 1024.304931640625 19880
1752027163205 1787.118896484375 19881
1752027164162 1973.238525390625 19882
1752027165116 2016.608154296875 19883
1752027168944 2085.427978515625 19884
1752027169898 1282.080810546875 19885
1752027170850 989.5883178710938 19886
1752027171834 1735.25 19887
1752027172814 1187.296875 19888
1752027173785 712.386474609375 19889
1752027174735 1392.39306640625 19890
1752027175689 1411.334716796875 19891
1752027176645 1111.7449951171875 19892
1752027177600 1448.93115234375 19893
1752027178562 827.6378784179688 19894
1752027179515 1167.423095703125 19895
1752027180469 942.6982421875 19896
1752027181424 1044.22412109375 19897
1752027182375 2611.866943359375 19898
1752027183332 1705.567626953125 19899
1752027184288 1297.7265625 19900
1752027185239 1471.203857421875 19901
1752027186195 1155.574951171875 19902
1752027187148 1528.57275390625 19903
1752027188101 919.9017333984375 19904
1752027189054 1243.85205078125 19905
1752027190008 881.262451171875 19906
1752027190963 1567.828125 19907
1752027191911 1191.607177734375 19908
1752027192866 1655.71923828125 19909
1752027193819 1014.06103515625 19910
1752027194774 1173.230712890625 19911
1752027195726 1518.286865234375 19912
1752027196681 1736.65673828125 19913
1752027197638 1301.0947265625 19914
1752027198590 1611.53369140625 19915
1752027199555 896.5421142578125 19916
1752027200508 1276.54443359375 19917
1752027201462 1749.843505859375 19918
1752027202415 1922.311279296875 19919
1752027203369 1138.2518310546875 19920
1752027204321 1084.5465087890625 19921
1752027205272 1391.0836181640625 19922
1752027206227 1854.530029296875 19923
1752027207178 2043.680419921875 19924
1752027208129 1615.728759765625 19925
1752027209078 1572.6029052734375 19926
1752027210028 818.8222045898438 19927
1752027210983 1106.666259765625 19928
1752027211935 918.077392578125 19929
1752027212887 1020.533447265625 19930
1752027213845 1400.4404296875 19931
1752027214795 2138.598876953125 19932
1752027215752 863.3558349609375 19933
1752027216703 1281.236083984375 19934
1752027217654 974.7698974609375 19935
1752027218606 986.5887451171875 19936
1752027219560 1223.717041015625 19937
1752027220515 1462.762939453125 19938
1752027221465 1518.8389892578125 19939
1752027222423 1451.2916259765625 19940
1752027223378 767.3619384765625 19941
1752027224334 1319.8682861328125 19942
1752027225284 721.0659790039062 19943
1752027226233 1332.1634521484375 19944
1752027227191 843.0139770507812 19945
1752027228147 897.213623046875 19946
1752027229101 1813.174072265625 19947
1752027230055 2282.711181640625 19948
1752027231014 2438.04150390625 19949
1752027232006 1270.376953125 19950
1752027232990 1901.3701171875 19951
1752027233948 1052.4761962890625 19952
1752027234900 1079.6453857421875 19953
1752027235848 2355.1650390625 19954
1752027236799 3321.500732421875 19955
1752027237753 2040.2249755859375 19956
1752027238707 1097.1353759765625 19957
1752027239659 1994.25390625 19958
1752027240615 1351.361083984375 19959
1752027241575 1357.974853515625 19960
1752027242527 946.0654907226562 19961
1752027243481 1258.2440185546875 19962
1752027244438 2001.208740234375 19963
1752027245399 3530.790283203125 19964
1752027246350 1706.769287109375 19965
1752027247302 2033.91357421875 19966
1752027248254 1763.2689208984375 19967
1752027249206 950.4807739257812 19968
1752027250159 1284.64892578125 19969
1752027251108 1498.317138671875 19970
1752027252060 825.7242431640625 19971
1752027253011 1617.1005859375 19972
1752027253963 3324.97607421875 19973
1752027254914 1003.882080078125 19974
1752027255863 1883.347900390625 19975
1752027256815 1286.06689453125 19976
1752027257769 2363.075439453125 19977
1752027258718 1099.658447265625 19978
1752027259671 1187.9853515625 19979
1752027260632 886.153076171875 19980
1752027261589 938.2503662109375 19981
1752027262540 1839.203857421875 19982
1752027263494 2037.48974609375 19983
1752027264449 1107.472412109375 19984
1752027265413 2067.0888671875 19985
1752027266363 918.872314453125 19986
1752027267316 1308.8626708984375 19987
1752027268268 1132.3505859375 19988
1752027269222 1173.1336669921875 19989
1752027270179 1685.3837890625 19990
1752027271139 1226.7626953125 19991
1752027272094 1251.93994140625 19992
1752027273049 800.0450439453125 19993
1752027274003 686.3449096679688 19994
1752027274956 944.8621215820312 19995
1752027275918 661.8135986328125 19996
1752027276874 2116.113037109375 19997
1752027277825 1680.8983154296875 19998
1752027278776 1089.77294921875 19999
1752027279728 1284.7825927734375 20000
1752027280695 1513.5389404296875 20001
1752027282304 827.6972045898438 20002
1752027283285 1130.7752685546875 20003
1752027284250 695.3413696289062 20004
1752027285203 1158.1446533203125 20005
1752027286157 839.5927124023438 20006
1752027287110 2007.145751953125 20007
1752027288063 1075.69921875 20008
1752027289021 1460.31005859375 20009
1752027289979 1753.291015625 20010
1752027290929 1153.5645751953125 20011
1752027291884 1375.422607421875 20012
1752027292841 1521.258544921875 20013
1752027293804 2147.243408203125 20014
1752027294755 3456.294677734375 20015
1752027295711 1975.951171875 20016
1752027296666 819.259521484375 20017
1752027297624 1306.11962890625 20018
1752027298576 1641.60107421875 20019
1752027299529 1628.540283203125 20020
1752027300490 920.09619140625 20021
1752027301451 869.791015625 20022
1752027302405 1776.721923828125 20023
1752027303368 1626.02197265625 20024
1752027304324 1336.9080810546875 20025
1752027305277 1616.429443359375 20026
1752027306237 1873.5853271484375 20027
1752027307201 2284.015380859375 20028
1752027308155 1886.1573486328125 20029
1752027309108 959.0297241210938 20030
1752027310073 914.3220825195312 20031
1752027311026 1308.280029296875 20032
1752027311990 1022.1688232421875 20033
1752027312949 864.8999633789062 20034
1752027313903 1087.678955078125 20035
1752027314861 1146.682373046875 20036
1752027315819 1151.7724609375 20037
1752027316779 1017.033447265625 20038
1752027317738 1848.603271484375 20039
1752027318696 810.3023681640625 20040
1752027319656 1105.1256103515625 20041
1752027320611 1074.447021484375 20042
1752027321571 1496.5142822265625 20043
1752027322526 1355.707275390625 20044
1752027323485 1005.6549072265625 20045
1752027324441 1124.3038330078125 20046
1752027325405 888.44775390625 20047
1752027326366 847.025390625 20048
1752027327325 1217.6832275390625 20049
1752027328279 713.8497924804688 20050
1752027329238 1467.5511474609375 20051
1752027330194 1158.99462890625 20052
1752027331146 1144.42529296875 20053
1752027332108 1224.690673828125 20054
1752027333064 1309.157958984375 20055
1752027334026 1375.1575927734375 20056
1752027334981 640.831787109375 20057
1752027335940 1205.443603515625 20058
1752027336904 1267.4970703125 20059
1752027337858 1489.7015380859375 20060
1752027338812 778.7822265625 20061
1752027339769 1046.458740234375 20062
1752027340722 1148.400390625 20063
1752027341676 2639.9619140625 20064
1752027342636 1043.9072265625 20065
1752027343589 1872.4324951171875 20066
1752027344544 998.8239135742188 20067
1752027345498 767.79736328125 20068
1752027346454 732.9270629882812 20069
1752027347407 904.3017578125 20070
1752027348359 661.840576171875 20071
1752027349316 970.3917846679688 20072
1752027350266 1022.7967529296875 20073
1752027351223 1019.1793212890625 20074
1752027352207 1167.84716796875 20075
1752027353197 1033.46435546875 20076
1752027354151 1123.20458984375 20077
1752027355105 793.8055419921875 20078
1752027356058 7204.50439453125 20079
1752027357010 1507.3323974609375 20080
1752027357965 932.2830200195312 20081
1752027358921 2891.522705078125 20082
1752027359872 3019.58544921875 20083
1752027360834 2137.8486328125 20084
1752027361790 3302.38232421875 20085
1752027362744 1306.61474609375 20086
1752027363696 1840.3651123046875 20087
1752027364648 1045.5030517578125 20088
1752027365604 1694.360107421875 20089
1752027366555 1339.283447265625 20090
1752027367510 1899.855224609375 20091
1752027368463 2713.8505859375 20092
1752027369417 1396.6895751953125 20093
1752027370368 1186.3548583984375 20094
1752027371320 1579.88525390625 20095
1752027372274 3862.45947265625 20096
1752027373227 1062.302001953125 20097
1752027374181 2943.15576171875 20098
1752027375134 2752.20751953125 20099
1752027376088 1083.6712646484375 20100
1752027377042 1055.2176513671875 20101
1752027377995 1964.66748046875 20102
1752027378945 988.0165405273438 20103
1752027379903 1184.8743896484375 20104
1752027380860 1098.78125 20105
1752027381815 1848.589111328125 20106
1752027382776 1274.665771484375 20107
1752027383734 1315.71435546875 20108
1752027384696 1297.454345703125 20109
1752027385652 923.026611328125 20110
1752027386601 1418.66943359375 20111
1752027387557 995.7936401367188 20112
1752027388510 4067.00634765625 20113
1752027389463 2483.808349609375 20114
1752027390420 1262.1893310546875 20115
1752027391378 1006.93701171875 20116
1752027392340 1247.4527587890625 20117
1752027393294 1483.10693359375 20118
1752027394251 1102.856201171875 20119
1752027395208 1097.8070068359375 20120
1752027396168 787.6849365234375 20121
1752027397121 1281.382080078125 20122
1752027398078 758.1378173828125 20123
1752027399040 1186.562744140625 20124
1752027399998 1514.87060546875 20125
1752027400951 1044.64599609375 20126
1752027402563 936.7854614257812 20127
1752027403521 2155.726806640625 20128
1752027404475 1100.8330078125 20129
1752027405431 814.3911743164062 20130
1752027406383 1084.0234375 20131
1752027407345 824.5183715820312 20132
1752027408305 1374.164794921875 20133
1752027409264 1527.787109375 20134
1752027410222 1237.819091796875 20135
1752027411183 1484.5159912109375 20136
1752027412173 1608.6708984375 20137
1752027413163 1024.54345703125 20138
1752027414116 1798.86328125 20139
1752027415077 1053.0091552734375 20140
1752027416031 1461.390625 20141
1752027416989 2994.71337890625 20142
1752027417953 1400.93115234375 20143
1752027418912 1876.9539794921875 20144
1752027419871 1421.3902587890625 20145
1752027420835 1106.077392578125 20146
1752027421788 1608.7459716796875 20147
1752027422742 4339.09765625 20148
1752027423700 980.4249267578125 20149
1752027424667 1353.138427734375 20150
1752027425620 1444.37646484375 20151
1752027426577 2162.111572265625 20152
1752027427536 1242.0491943359375 20153
1752027428493 2213.295166015625 20154
1752027429452 1843.91845703125 20155
1752027430405 2057.586669921875 20156
1752027431361 2290.9189453125 20157
1752027432318 2172.664794921875 20158
1752027433275 1792.4736328125 20159
1752027434240 1315.8946533203125 20160
1752027435199 1509.494873046875 20161
1752027436148 1313.43212890625 20162
1752027437098 2550.224609375 20163
1752027438051 1905.9500732421875 20164
1752027439012 1853.344970703125 20165
1752027439974 1097.78564453125 20166
1752027440939 1159.51513671875 20167
1752027441900 1937.225830078125 20168
1752027442858 1772.2105712890625 20169
1752027443809 1857.525390625 20170
1752027444760 1177.217529296875 20171
1752027445719 6882.45751953125 20172
1752027446673 1287.777587890625 20173
1752027447625 2259.112060546875 20174
1752027448590 1650.2861328125 20175
1752027449545 1312.1485595703125 20176
1752027450494 959.1923828125 20177
1752027451450 1721.168701171875 20178
1752027452403 1089.5301513671875 20179
1752027453356 1427.693115234375 20180
1752027454309 2304.927978515625 20181
1752027455264 3283.117431640625 20182
1752027456223 1274.06103515625 20183
1752027457179 1911.6064453125 20184
1752027458134 4173.4755859375 20185
1752027459090 1519.055419921875 20186
1752027460038 1581.908447265625 20187
1752027460991 2706.0703125 20188
1752027461955 2285.810791015625 20189
1752027462913 1074.1513671875 20190
1752027463866 1946.619384765625 20191
1752027464863 1449.542236328125 20192
1752027465845 2810.037109375 20193
1752027466807 1245.419189453125 20194
1752027467766 1111.01318359375 20195
1752027468718 3412.638671875 20196
1752027469672 844.8898315429688 20197
1752027470622 1071.3876953125 20198
1752027471574 1277.05126953125 20199
1752027472527 1733.1387939453125 20200
1752027473479 1315.8775634765625 20201
1752027474429 812.5010986328125 20202
1752027475380 1059.1063232421875 20203
1752027476333 2367.344482421875 20204
1752027477287 926.832763671875 20205
1752027478239 1427.5626220703125 20206
1752027479190 1217.8756103515625 20207
1752027480143 2259.16748046875 20208
1752027481102 973.5933837890625 20209
1752027482053 1034.8875732421875 20210
1752027483009 2368.48876953125 20211
1752027483960 903.7763671875 20212
1752027484910 1106.1446533203125 20213
1752027485862 1722.0498046875 20214
1752027486812 1743.915771484375 20215
1752027487767 1215.368896484375 20216
1752027488718 1307.7060546875 20217
1752027489671 1217.2188720703125 20218
1752027490626 907.3895263671875 20219
1752027491576 915.8198852539062 20220
1752027492531 874.4478759765625 20221
1752027493482 2353.742919921875 20222
1752027494437 1876.55859375 20223
1752027495391 882.8497924804688 20224
1752027496343 2304.89990234375 20225
1752027497295 1214.113037109375 20226
1752027498247 3902.732421875 20227
1752027499197 1060.6429443359375 20228
1752027500152 1495.4647216796875 20229
1752027501109 1124.966064453125 20230
1752027502064 1072.42041015625 20231
1752027503016 790.839111328125 20232
1752027503985 1318.331787109375 20233
1752027504945 1527.9521484375 20234
1752027505900 1022.4097900390625 20235
1752027506857 1788.016357421875 20236
1752027507813 1716.98681640625 20237
1752027508776 947.3983764648438 20238
1752027509728 1000.8103637695312 20239
1752027510680 1012.282470703125 20240
1752027511638 1153.266357421875 20241
1752027512595 683.7493896484375 20242
1752027513554 1011.5634765625 20243
1752027514517 1283.852294921875 20244
1752027515470 1067.040771484375 20245
1752027516429 813.091796875 20246
1752027517385 1197.490478515625 20247
1752027518341 813.8353881835938 20248
1752027519292 941.249267578125 20249
1752027520245 910.9232177734375 20250
1752027521196 1162.0078125 20251
1752027522886 1183.161376953125 20252
1752027523836 718.7498779296875 20253
1752027524787 747.748291015625 20254
1752027525750 851.7610473632812 20255
1752027526712 770.2269287109375 20256
1752027527672 1730.7763671875 20257
1752027528625 3569.72119140625 20258
1752027529578 780.434326171875 20259
1752027530531 1506.352783203125 20260
1752027531490 3429.013671875 20261
1752027532448 11119.1162109375 20262
1752027533404 1253.514404296875 20263
1752027534352 1023.5660400390625 20264
1752027535307 2015.960205078125 20265
1752027536260 978.949951171875 20266
1752027537218 3874.11865234375 20267
1752027538180 1039.6884765625 20268
1752027539136 1284.31103515625 20269
1752027540106 1693.578857421875 20270
1752027541063 1869.441650390625 20271
1752027542025 1409.60498046875 20272
1752027542981 2686.895751953125 20273
1752027543935 1201.5546875 20274
1752027544895 1655.5384521484375 20275
1752027545855 2043.3397216796875 20276
1752027546812 1808.567626953125 20277
1752027547766 2154.28662109375 20278
1752027548722 2896.7724609375 20279
1752027549677 2700.77587890625 20280
1752027550634 1217.85205078125 20281
1752027551588 1613.1728515625 20282
1752027552544 1327.62890625 20283
1752027553501 859.5177612304688 20284
1752027554464 1570.80615234375 20285
1752027555417 1463.9383544921875 20286
1752027556369 1503.58251953125 20287
1752027557324 1064.764404296875 20288
1752027558278 1373.801025390625 20289
1752027559229 833.100341796875 20290
1752027560182 1671.9169921875 20291
1752027561139 2184.60302734375 20292
1752027562099 2206.849365234375 20293
1752027563054 949.8081665039062 20294
1752027564017 1563.404541015625 20295
1752027564972 955.212646484375 20296
1752027565926 5109.33984375 20297
1752027566881 778.9959716796875 20298
1752027567839 1676.07568359375 20299
1752027568791 854.0587768554688 20300
1752027569757 998.33251953125 20301
1752027570711 839.92626953125 20302
1752027571670 1001.485107421875 20303
1752027572622 1010.9342041015625 20304
1752027573576 1217.6455078125 20305
1752027574530 2039.02197265625 20306
1752027575485 1564.3580322265625 20307
1752027576446 774.1622314453125 20308
1752027577398 1929.1962890625 20309
1752027578352 954.1890258789062 20310
1752027579311 1773.565185546875 20311
1752027580272 1881.6019287109375 20312
1752027581229 1802.268798828125 20313
1752027582183 1369.285888671875 20314
1752027583139 993.5845947265625 20315
1752027584102 1079.9747314453125 20316
1752027585061 1507.338623046875 20317
1752027586013 731.1953125 20318
1752027586972 882.7301025390625 20319
1752027587926 1224.60205078125 20320
1752027588878 1034.5936279296875 20321
1752027589829 1179.01513671875 20322
1752027590782 1142.943603515625 20323
1752027591785 1205.6986083984375 20324
1752027592764 1365.38525390625 20325
1752027593746 1002.2327880859375 20326
1752027594700 1126.65087890625 20327
1752027595654 846.099853515625 20328
1752027596605 960.5219116210938 20329
1752027597554 1270.0384521484375 20330
1752027598510 1054.1417236328125 20331
1752027599463 790.0550537109375 20332
1752027600423 1017.9910278320312 20333
1752027601383 2592.20458984375 20334
1752027602339 847.20166015625 20335
1752027603292 1469.212890625 20336
1752027604243 1007.3949584960938 20337
1752027605199 752.214599609375 20338
1752027606152 750.9876708984375 20339
1752027607102 1807.77734375 20340
1752027608054 4569.05078125 20341
1752027609007 1159.7335205078125 20342
1752027609960 1097.5135498046875 20343
1752027610914 1381.2122802734375 20344
1752027611865 2304.4140625 20345
1752027612818 1236.12060546875 20346
1752027613774 1308.4515380859375 20347
1752027614722 2336.23583984375 20348
1752027615676 1261.325439453125 20349
1752027616629 2458.267822265625 20350
1752027617581 1025.576171875 20351
1752027618535 1725.1751708984375 20352
1752027619487 2418.67724609375 20353
1752027620435 2370.2607421875 20354
1752027621392 2226.868896484375 20355
1752027622349 1073.4560546875 20356
1752027623300 829.8970947265625 20357
1752027624256 1051.8868408203125 20358
1752027625215 955.4970703125 20359
1752027626170 1961.4559326171875 20360
1752027627132 1053.3662109375 20361
1752027628087 913.0218505859375 20362
1752027629040 862.080078125 20363
1752027629996 1228.062255859375 20364
1752027630954 1186.370849609375 20365
1752027631910 1206.7652587890625 20366
1752027632863 1286.474609375 20367
1752027633817 947.8862915039062 20368
1752027634773 1233.0552978515625 20369
1752027635732 1219.0067138671875 20370
1752027636697 977.6029663085938 20371
1752027637651 825.66943359375 20372
1752027638607 1846.2186279296875 20373
1752027639558 1890.395263671875 20374
1752027640524 1101.50146484375 20375
1752027641483 970.0791625976562 20376
1752027643276 1075.432861328125 20377
1752027644232 1309.69580078125 20378
1752027645189 1700.191650390625 20379
1752027646145 1145.115966796875 20380
1752027647103 1465.2288818359375 20381
1752027648093 1166.56396484375 20382
1752027649082 1886.963623046875 20383
1752027650036 1252.772216796875 20384
1752027650993 1017.713134765625 20385
1752027651957 1315.669677734375 20386
1752027652914 1937.539794921875 20387
1752027653870 1663.192138671875 20388
1752027654823 1285.913330078125 20389
1752027655781 815.45947265625 20390
1752027656735 1864.08837890625 20391
1752027657687 1179.8433837890625 20392
1752027658640 735.0328369140625 20393
1752027659607 1049.5311279296875 20394
1752027660571 870.7861328125 20395
1752027661526 790.2565307617188 20396
1752027662482 843.6339721679688 20397
1752027663438 1857.52783203125 20398
1752027664396 1293.555908203125 20399
1752027665353 850.4510498046875 20400
1752027666305 729.4903564453125 20401
1752027667259 726.6134033203125 20402
1752027668215 2483.2900390625 20403
1752027669163 1014.601318359375 20404
1752027670119 789.87548828125 20405
1752027671077 1629.3056640625 20406
1752027672031 730.4801025390625 20407
1752027672988 1888.744873046875 20408
1752027673952 2362.21826171875 20409
1752027674901 1030.6568603515625 20410
1752027675859 1791.171630859375 20411
1752027676824 1099.5615234375 20412
1752027677778 942.8446655273438 20413
1752027678733 1017.6204833984375 20414
1752027679686 1353.82421875 20415
1752027680644 1799.7874755859375 20416
1752027681605 884.88134765625 20417
1752027682557 1115.2845458984375 20418
1752027683510 833.4888916015625 20419
1752027684461 723.11181640625 20420
1752027685412 1290.9072265625 20421
1752027686366 826.2443237304688 20422
1752027687325 1154.29736328125 20423
1752027688286 710.3526611328125 20424
1752027689243 777.1016235351562 20425
1752027690194 912.3798828125 20426
1752027691152 975.250244140625 20427
1752027692107 1077.6517333984375 20428
1752027693069 951.09619140625 20429
1752027694028 1540.0936279296875 20430
1752027694985 1097.55712890625 20431
1752027695943 2509.568603515625 20432
1752027696900 1277.88623046875 20433
1752027697860 1397.519775390625 20434
1752027698822 1542.2095947265625 20435
1752027699775 948.1114501953125 20436
1752027700727 900.87255859375 20437
1752027701682 955.55517578125 20438
1752027702632 1893.889404296875 20439
1752027703586 816.78173828125 20440
1752027704535 920.602783203125 20441
1752027705497 939.6490478515625 20442
1752027706459 1451.422607421875 20443
1752027707418 1142.150634765625 20444
1752027708370 979.7559814453125 20445
1752027709322 1241.782958984375 20446
1752027710274 1262.8431396484375 20447
1752027711244 1738.859130859375 20448
1752027712226 1044.34521484375 20449
1752027713216 3312.537841796875 20450
1752027714167 1053.2000732421875 20451
1752027715121 1722.14599609375 20452
1752027716070 818.39453125 20453
1752027717022 1287.0135498046875 20454
1752027717976 801.0025634765625 20455
1752027718928 1088.2822265625 20456
1752027719880 1196.8543701171875 20457
1752027720840 3647.029052734375 20458
1752027721798 1046.0234375 20459
1752027722748 1964.64501953125 20460
1752027723701 1318.9720458984375 20461
1752027724654 1416.570556640625 20462
1752027725613 2222.314208984375 20463
1752027726565 1254.6275634765625 20464
1752027727518 1043.3800048828125 20465
1752027728478 754.4088745117188 20466
1752027729430 1318.182861328125 20467
1752027730383 928.4528198242188 20468
1752027731334 1433.9619140625 20469
1752027732286 916.33984375 20470
1752027733240 2894.77880859375 20471
1752027734195 2081.8603515625 20472
1752027735149 1481.45458984375 20473
1752027736100 1051.190185546875 20474
1752027737057 4216.66015625 20475
1752027738010 1467.9464111328125 20476
1752027739033 874.6810913085938 20477
1752027739991 1619.055419921875 20478
1752027740946 2267.75830078125 20479
1752027741898 1200.692626953125 20480
1752027742850 1651.0208740234375 20481
1752027743808 1133.106201171875 20482
1752027744756 1453.812744140625 20483
1752027745714 792.3487548828125 20484
1752027746667 1429.93701171875 20485
1752027747621 2577.124267578125 20486
1752027748580 1172.635009765625 20487
1752027749535 1160.1878662109375 20488
1752027750492 825.7386474609375 20489
1752027751451 1176.235107421875 20490
1752027752404 1033.89111328125 20491
1752027753359 2092.374267578125 20492
1752027754314 1004.9064331054688 20493
1752027755268 1735.01611328125 20494
1752027756226 1751.959228515625 20495
1752027757186 832.8173217773438 20496
1752027758136 793.3465576171875 20497
1752027759097 1580.691162109375 20498
1752027760053 1037.97802734375 20499
1752027761007 918.2254638671875 20500
1752027761962 1660.828125 20501
1752027763509 784.3117065429688 20502
1752027764463 1550.777099609375 20503
1752027765416 920.6611328125 20504
1752027766370 1935.927490234375 20505
1752027767328 845.5067138671875 20506
1752027768286 856.6395263671875 20507
1752027769239 1130.849853515625 20508
1752027770193 949.16748046875 20509
1752027771155 1769.124755859375 20510
1752027772154 939.0203247070312 20511
1752027773148 999.1365966796875 20512
1752027774100 1331.8330078125 20513
1752027775055 1008.4217529296875 20514
1752027776006 953.2377319335938 20515
1752027776965 999.08056640625 20516
1752027777918 1055.1954345703125 20517
1752027778873 1453.790771484375 20518
1752027779826 1343.5928955078125 20519
1752027780791 1306.633056640625 20520
1752027781751 835.129150390625 20521
1752027782703 1077.0616455078125 20522
1752027783656 1021.6438598632812 20523
1752027784608 960.3466796875 20524
1752027785565 1194.5322265625 20525
1752027786517 595.0947265625 20526
1752027787472 1453.5330810546875 20527
1752027788421 2208.433837890625 20528
1752027789373 2270.50439453125 20529
1752027790321 884.7977905273438 20530
1752027791276 775.781982421875 20531
1752027792232 1021.5435791015625 20532
1752027793188 992.5225219726562 20533
1752027794142 1690.48583984375 20534
1752027795095 1074.875244140625 20535
1752027796049 1602.9161376953125 20536
1752027797005 908.5078125 20537
1752027797960 1709.140380859375 20538
1752027798913 1061.4405517578125 20539
1752027799867 1301.8787841796875 20540
1752027800820 1174.3843994140625 20541
1752027801771 953.3215942382812 20542
1752027802725 5120.20068359375 20543
1752027803681 1459.5196533203125 20544
1752027804632 1737.9296875 20545
1752027805586 1800.714599609375 20546
1752027806535 1262.002685546875 20547
1752027807484 1285.217529296875 20548
1752027808438 1911.81640625 20549
1752027809393 1134.03857421875 20550
1752027810346 1277.4208984375 20551
1752027811300 1606.584228515625 20552
1752027812252 907.4779052734375 20553
1752027813206 1963.84521484375 20554
1752027814164 2194.61962890625 20555
1752027815120 871.2848510742188 20556
1752027816072 984.3797607421875 20557
1752027817024 1492.78857421875 20558
1752027817980 1531.9222412109375 20559
1752027818931 1071.3812255859375 20560
1752027819886 1083.534423828125 20561
1752027820838 1677.085693359375 20562
1752027821791 1960.6785888671875 20563
1752027822746 1848.501953125 20564
1752027823700 855.94482421875 20565
1752027824651 2642.482177734375 20566
1752027825603 1872.6610107421875 20567
1752027826557 1035.3350830078125 20568
1752027827512 1015.899658203125 20569
1752027828466 875.20166015625 20570
1752027829416 1829.0938720703125 20571
1752027830394 1291.6593017578125 20572
1752027831376 1129.13720703125 20573
1752027832355 1447.779052734375 20574
1752027833305 766.0526123046875 20575
1752027834257 3285.900390625 20576
1752027835212 1109.886962890625 20577
1752027836160 839.387451171875 20578
1752027837113 838.3255615234375 20579
1752027838068 861.1047973632812 20580
1752027839023 1161.5897216796875 20581
1752027839977 970.0390014648438 20582
1752027840937 701.6002807617188 20583
1752027841893 1560.8485107421875 20584
1752027842844 768.4937744140625 20585
1752027843794 874.5420532226562 20586
1752027844746 2647.963623046875 20587
1752027845700 739.409423828125 20588
1752027846652 1719.92236328125 20589
1752027847604 1218.2021484375 20590
1752027848557 1295.551513671875 20591
1752027849508 932.7371826171875 20592
1752027850458 1231.4007568359375 20593
1752027851413 2126.84765625 20594
1752027852361 1012.2923583984375 20595
1752027853315 785.8441162109375 20596
1752027854268 1327.2958984375 20597
1752027855222 870.0108642578125 20598
1752027856173 1134.7374267578125 20599
1752027857124 998.1189575195312 20600
1752027858078 1377.55419921875 20601
1752027859028 940.1724243164062 20602
1752027859986 1356.445556640625 20603
1752027860938 1651.9862060546875 20604
1752027861888 753.6614990234375 20605
1752027862839 1441.70654296875 20606
1752027863793 1002.6107177734375 20607
1752027864748 1378.9315185546875 20608
1752027865699 3169.890625 20609
1752027866656 1196.94091796875 20610
1752027867612 917.3765258789062 20611
1752027868565 1013.9583740234375 20612
1752027869521 2185.785400390625 20613
1752027870473 1111.0634765625 20614
1752027871427 769.396240234375 20615
1752027872385 885.4324951171875 20616
1752027873349 962.616943359375 20617
1752027874308 1095.130859375 20618
1752027875269 757.4210205078125 20619
1752027876226 758.5263671875 20620
1752027877182 816.6138916015625 20621
1752027878135 1425.169189453125 20622
1752027879091 1592.793701171875 20623
1752027880052 1506.6932373046875 20624
1752027881009 811.045654296875 20625
1752027881962 888.6376342773438 20626
1752027883506 777.7291870117188 20627
1752027884468 841.391845703125 20628
1752027885425 630.8963012695312 20629
1752027886384 767.4666137695312 20630
1752027887341 1518.433837890625 20631
1752027888298 1365.7730712890625 20632
1752027889252 1935.978271484375 20633
1752027890208 1040.0972900390625 20634
1752027891171 1114.6331787109375 20635
1752027892159 906.7533569335938 20636
1752027893146 1113.159423828125 20637
1752027894102 1190.59033203125 20638
1752027895055 2055.657470703125 20639
1752027896011 998.3193969726562 20640
1752027896973 789.4691162109375 20641
1752027897931 1331.931884765625 20642
1752027898884 2129.564208984375 20643
1752027899838 809.18212890625 20644
1752027900800 1287.1915283203125 20645
1752027901754 902.58447265625 20646
1752027902712 2616.543701171875 20647
1752027903678 1088.008056640625 20648
1752027904629 1307.34521484375 20649
1752027905582 2160.522216796875 20650
1752027906536 1069.29541015625 20651
1752027907492 1497.041259765625 20652
1752027908444 1087.7255859375 20653
1752027909397 2290.5029296875 20654
1752027910349 1055.5693359375 20655
1752027911305 813.3265991210938 20656
1752027912269 1051.8414306640625 20657
1752027913223 945.2950439453125 20658
1752027914179 1114.115966796875 20659
1752027915131 2105.95068359375 20660
1752027916086 755.1530151367188 20661
1752027917040 884.7008056640625 20662
1752027917995 1224.565185546875 20663
1752027918948 1718.8095703125 20664
1752027919900 1574.0361328125 20665
1752027920856 792.0092163085938 20666
1752027921806 1457.00146484375 20667
1752027922758 1511.5950927734375 20668
1752027923712 1776.472412109375 20669
1752027924670 734.0632934570312 20670
1752027925624 715.4920654296875 20671
1752027926573 883.2442626953125 20672
1752027927529 847.6141357421875 20673
1752027928484 2927.75341796875 20674
1752027929435 1147.372802734375 20675
1752027930388 1912.693115234375 20676
1752027931343 1869.020263671875 20677
1752027932299 801.981201171875 20678
1752027933252 848.0638427734375 20679
1752027934209 817.2194213867188 20680
1752027935164 1519.8197021484375 20681
1752027936114 1454.193115234375 20682
1752027937070 1025.343994140625 20683
1752027938023 2273.566650390625 20684
1752027938978 1008.1539306640625 20685
1752027939936 615.4940185546875 20686
1752027940888 707.858642578125 20687
1752027941843 1874.205078125 20688
1752027942803 2243.404296875 20689
1752027943757 1153.0977783203125 20690
1752027944709 1157.385986328125 20691
1752027945662 1302.697998046875 20692
1752027946615 1559.654296875 20693
1752027947567 1367.6007080078125 20694
1752027948520 777.0578002929688 20695
1752027949475 1318.6942138671875 20696
1752027950430 927.7939453125 20697
1752027951380 971.7821044921875 20698
1752027952359 1916.8062744140625 20699
1752027953341 1742.9967041015625 20700
1752027954320 1130.71923828125 20701
1752027955275 1913.595458984375 20702
1752027956227 1245.8714599609375 20703
1752027957178 1229.05615234375 20704
1752027958131 2992.517822265625 20705
1752027959081 1212.119873046875 20706
1752027960037 798.4671630859375 20707
1752027960999 1307.9337158203125 20708
1752027961958 1260.299072265625 20709
1752027962913 1412.9478759765625 20710
1752027963865 1949.77880859375 20711
1752027964814 1175.3636474609375 20712
1752027965764 1114.219970703125 20713
1752027966719 1171.18359375 20714
1752027967674 819.8756103515625 20715
1752027968629 946.1859130859375 20716
1752027969582 1789.68798828125 20717
1752027970538 837.139404296875 20718
1752027971489 975.623046875 20719
1752027972437 1356.7646484375 20720
1752027973391 1556.355712890625 20721
1752027974345 714.9583740234375 20722
1752027975296 795.5615234375 20723
1752027976247 6429.40283203125 20724
1752027977199 982.7601928710938 20725
1752027978152 1603.910400390625 20726
1752027979105 2884.2236328125 20727
1752027980057 1205.343505859375 20728
1752027981013 1197.06103515625 20729
1752027981966 891.7440185546875 20730
1752027982916 1159.510986328125 20731
1752027983870 1116.2982177734375 20732
1752027984826 1300.186767578125 20733
1752027985776 1247.1787109375 20734
1752027986727 1445.28857421875 20735
1752027987685 2392.055908203125 20736
1752027988640 2555.75390625 20737
1752027989589 985.2750854492188 20738
1752027990542 1173.8419189453125 20739
1752027991501 1219.1480712890625 20740
1752027992450 2499.79736328125 20741
1752027993407 965.877197265625 20742
1752027994360 948.568603515625 20743
1752027995314 1987.25341796875 20744
1752027996269 2933.149658203125 20745
1752027997222 1273.469970703125 20746
1752027998178 2044.0093994140625 20747
1752027999131 1047.42919921875 20748
1752028000080 1947.568603515625 20749
1752028001035 1367.2205810546875 20750
1752028001987 713.7666015625 20751
1752028003534 1645.5284423828125 20752
1752028004486 1028.08056640625 20753
1752028005438 3573.235595703125 20754
1752028006391 1555.1923828125 20755
1752028007345 1007.28564453125 20756
1752028008302 1027.569091796875 20757
1752028009254 1326.990478515625 20758
1752028010208 2004.3260498046875 20759
1752028011164 1244.04345703125 20760
1752028012128 1030.1805419921875 20761
1752028013083 2111.956787109375 20762
1752028014037 2133.156005859375 20763
1752028014993 1190.3431396484375 20764
1752028015954 1522.37255859375 20765
1752028016908 1293.7353515625 20766
1752028017857 888.0311889648438 20767
1752028018814 1734.021728515625 20768
1752028019770 1315.7427978515625 20769
1752028020729 1537.179443359375 20770
1752028021685 1422.919921875 20771
1752028022637 1058.8306884765625 20772
1752028023589 4222.73095703125 20773
1752028024543 1726.23974609375 20774
1752028025495 4089.99365234375 20775
1752028026448 1816.225341796875 20776
1752028027401 1453.0555419921875 20777
1752028028359 905.1940307617188 20778
1752028029313 1217.417724609375 20779
1752028030264 1027.802734375 20780
1752028031215 2211.9130859375 20781
1752028032168 4281.31591796875 20782
1752028033124 1615.068603515625 20783
1752028034081 1562.6605224609375 20784
1752028035036 2241.7548828125 20785
1752028035990 1038.410400390625 20786
1752028036944 934.7476806640625 20787
1752028037896 1172.717529296875 20788
1752028038849 958.4249267578125 20789
1752028039847 1221.968994140625 20790
1752028040825 1041.69140625 20791
1752028041797 1377.706298828125 20792
1752028042751 824.0497436523438 20793
1752028043708 2268.061279296875 20794
1752028044664 1073.88427734375 20795
1752028045621 1514.352783203125 20796
1752028046575 1399.7421875 20797
1752028047525 1293.94140625 20798
1752028048485 693.4522705078125 20799
1752028049439 1276.287109375 20800
1752028050387 2597.39208984375 20801
1752028051339 905.859619140625 20802
1752028052294 739.708251953125 20803
1752028053250 717.2041625976562 20804
1752028054203 1046.6474609375 20805
1752028055156 1059.934326171875 20806
1752028056111 1261.888427734375 20807
1752028057065 1298.592041015625 20808
1752028058018 1018.6243286132812 20809
1752028058969 1053.324462890625 20810
1752028059922 2071.633544921875 20811
1752028060873 1166.8115234375 20812
1752028061826 920.764892578125 20813
1752028062782 1323.127685546875 20814
1752028063738 1017.2767944335938 20815
1752028064697 1874.554443359375 20816
1752028065648 1191.4473876953125 20817
1752028066598 1537.1722412109375 20818
1752028067551 782.9969482421875 20819
1752028068508 1348.30615234375 20820
1752028069458 2081.070556640625 20821
1752028070411 1685.027587890625 20822
1752028071365 2864.29296875 20823
1752028072320 782.7950439453125 20824
1752028073271 1086.58447265625 20825
1752028074238 1056.6473388671875 20826
1752028075218 870.5703735351562 20827
1752028076206 1197.331298828125 20828
1752028077158 995.8756713867188 20829
1752028078112 1677.8421630859375 20830
1752028079067 2585.015869140625 20831
1752028080022 764.5870361328125 20832
1752028080981 1063.6534423828125 20833
1752028081935 915.4598388671875 20834
1752028082891 792.1471557617188 20835
1752028083843 1338.814697265625 20836
1752028084795 829.8421630859375 20837
1752028085747 1144.23486328125 20838
1752028086698 1398.27783203125 20839
1752028087648 2896.87548828125 20840
1752028088603 2148.802490234375 20841
1752028089556 1093.97314453125 20842
1752028090507 1088.89208984375 20843
1752028091459 1988.27978515625 20844
1752028092410 1322.677490234375 20845
1752028093365 13522.265625 20846
1752028094317 1837.32421875 20847
1752028095270 1378.8270263671875 20848
1752028096225 11521.923828125 20849
1752028097179 4691.27490234375 20850
1752028098136 2039.7890625 20851
1752028099088 1982.177734375 20852
1752028100042 2461.349365234375 20853
1752028101002 12178.98046875 20854
1752028101952 1275.6358642578125 20855
1752028102910 1595.900634765625 20856
1752028103866 2654.05615234375 20857
1752028104819 1724.524169921875 20858
1752028105779 2065.3935546875 20859
1752028106729 2875.095703125 20860
1752028107682 4282.6669921875 20861
1752028108639 10594.107421875 20862
1752028109599 7168.6943359375 20863
1752028110555 2248.0 20864
1752028111509 2855.20556640625 20865
1752028112460 2192.933837890625 20866
1752028113415 2043.05419921875 20867
1752028114368 5319.64599609375 20868
1752028115326 2079.25830078125 20869
1752028116281 2105.160400390625 20870
1752028117236 1706.26171875 20871
1752028118189 2552.50244140625 20872
1752028119147 1133.3175048828125 20873
1752028120099 1813.6036376953125 20874
1752028121050 1809.5469970703125 20875
1752028122006 2297.047119140625 20876
1752028123590 1382.5068359375 20877
1752028124543 2384.955078125 20878
1752028125495 2075.9560546875 20879
1752028126448 1653.914794921875 20880
1752028127410 1344.097412109375 20881
1752028128362 1759.4039306640625 20882
1752028129314 1278.77734375 20883
1752028130273 1076.6004638671875 20884
1752028131223 1297.25048828125 20885
1752028132177 1335.6375732421875 20886
1752028133134 1744.524658203125 20887
1752028134087 1088.8253173828125 20888
1752028135047 997.3743896484375 20889
1752028136008 1065.0543212890625 20890
1752028136962 1641.161865234375 20891
1752028137921 1196.802001953125 20892
1752028138876 2025.5302734375 20893
1752028139835 2309.998779296875 20894
1752028140799 1139.1485595703125 20895
1752028141753 2140.092041015625 20896
1752028142711 1503.0693359375 20897
1752028143675 921.0609130859375 20898
1752028144632 1488.9359130859375 20899
1752028145590 1493.0177001953125 20900
1752028146551 1497.7021484375 20901
1752028147506 1830.944091796875 20902
1752028148465 967.019775390625 20903
1752028149423 3053.53857421875 20904
1752028150380 1325.108154296875 20905
1752028151328 1597.366455078125 20906
1752028152282 1616.1668701171875 20907
1752028153242 1302.5584716796875 20908
1752028154201 1859.139892578125 20909
1752028155164 2351.671630859375 20910
1752028156126 2447.220947265625 20911
1752028157112 3707.84423828125 20912
1752028158100 1822.7955322265625 20913
1752028159052 1873.61767578125 20914
1752028160014 1702.194091796875 20915
1752028160977 1248.7750244140625 20916
1752028161931 1828.1195068359375 20917
1752028162885 1298.24072265625 20918
1752028163842 1719.61083984375 20919
1752028164798 940.2509765625 20920
1752028165750 1249.02685546875 20921
1752028166709 1393.093505859375 20922
1752028167661 1479.997802734375 20923
1752028168617 1212.644775390625 20924
1752028169569 1330.524169921875 20925
1752028170519 1534.9320068359375 20926
1752028171471 1228.734130859375 20927
1752028172422 2165.48095703125 20928
1752028173382 3981.4365234375 20929
1752028174338 1562.81884765625 20930
1752028175292 974.6199951171875 20931
1752028176244 1405.60986328125 20932
1752028177196 1827.995361328125 20933
1752028178152 2056.17333984375 20934
1752028179103 1860.6114501953125 20935
1752028180056 1262.68798828125 20936
1752028181013 3805.666259765625 20937
1752028181966 1126.360107421875 20938
1752028182920 821.044921875 20939
1752028183880 916.201416015625 20940
1752028184833 1453.97119140625 20941
1752028185787 2117.10498046875 20942
1752028186741 971.4798583984375 20943
1752028187694 1036.526123046875 20944
1752028188649 811.0355224609375 20945
1752028189608 1086.174560546875 20946
1752028190561 947.489501953125 20947
1752028191517 1799.0447998046875 20948
1752028192469 1103.371337890625 20949
1752028193422 1135.9669189453125 20950
1752028194374 1111.650634765625 20951
1752028195327 6455.68701171875 20952
1752028196297 1387.03662109375 20953
1752028197283 1008.24072265625 20954
1752028198274 914.1856689453125 20955
1752028199228 1678.420166015625 20956
1752028200180 1585.5712890625 20957
1752028201137 1051.66357421875 20958
1752028202091 1717.325927734375 20959
1752028203041 1038.96875 20960
1752028203993 1396.3984375 20961
1752028204947 1687.1485595703125 20962
1752028205896 1275.7203369140625 20963
1752028206844 1259.898193359375 20964
1752028207795 1017.7825927734375 20965
1752028208749 2750.683349609375 20966
1752028209703 1472.455810546875 20967
1752028210652 1363.439208984375 20968
1752028211604 944.9886474609375 20969
1752028212556 1087.4801025390625 20970
1752028213505 1404.205322265625 20971
1752028214458 1098.7003173828125 20972
1752028215411 1275.768798828125 20973
1752028216363 807.4984130859375 20974
1752028217312 919.1642456054688 20975
1752028218263 970.400634765625 20976
1752028219210 1401.940673828125 20977
1752028220164 897.7798461914062 20978
1752028221119 1101.74609375 20979
1752028222074 650.9063720703125 20980
1752028223026 1210.058349609375 20981
1752028223979 2298.808837890625 20982
1752028224937 1210.8037109375 20983
1752028225891 1264.6181640625 20984
1752028226843 1669.6268310546875 20985
1752028227799 973.431884765625 20986
1752028228763 1961.62548828125 20987
1752028229727 944.3245239257812 20988
1752028230684 1413.231689453125 20989
1752028231643 989.9421997070312 20990
1752028232603 944.1952514648438 20991
1752028233566 1174.3355712890625 20992
1752028234521 903.8020629882812 20993
1752028235478 1040.137939453125 20994
1752028236434 1120.3092041015625 20995
1752028237387 1854.96044921875 20996
1752028238345 1195.811279296875 20997
1752028239297 1560.027587890625 20998
1752028240254 1084.3046875 20999
1752028241207 1405.125 21000
1752028242162 807.36279296875 21001
1752028243755 869.2630615234375 21002
1752028244715 2005.526123046875 21003
1752028245670 977.502685546875 21004
1752028246633 1023.0115356445312 21005
1752028247586 995.517578125 21006
1752028248547 2126.37255859375 21007
1752028249505 921.4074096679688 21008
1752028250461 1393.4371337890625 21009
1752028251420 994.8139038085938 21010
1752028252376 1381.445556640625 21011
1752028253339 1886.9888916015625 21012
1752028254299 1038.65625 21013
1752028255257 1061.8585205078125 21014
1752028256213 1307.74951171875 21015
1752028257171 1160.7484130859375 21016
1752028258129 2195.4677734375 21017
1752028259085 2803.935546875 21018
1752028260047 1382.025146484375 21019
1752028261017 1023.795654296875 21020
1752028261979 1359.113525390625 21021
1752028262935 1337.4722900390625 21022
1752028263931 1594.64599609375 21023
1752028264918 837.04345703125 21024
1752028265880 1466.847900390625 21025
1752028266837 1038.319091796875 21026
1752028267792 1127.25244140625 21027
1752028268747 1671.9615478515625 21028
1752028269709 1068.017822265625 21029
1752028270662 1754.430419921875 21030
1752028271613 831.01416015625 21031
1752028272566 836.4151000976562 21032
1752028273520 1035.81005859375 21033
1752028274472 1445.520263671875 21034
1752028275428 782.5403442382812 21035
1752028276387 1036.025390625 21036
1752028277341 1036.1072998046875 21037
1752028278293 1359.32666015625 21038
1752028279246 787.3500366210938 21039
1752028280197 3486.5986328125 21040
1752028281156 1032.683349609375 21041
1752028282116 959.0728759765625 21042
1752028283075 1155.202880859375 21043
1752028284026 1532.052490234375 21044
1752028284980 1565.86083984375 21045
1752028285930 1487.935546875 21046
1752028286890 963.646728515625 21047
1752028287847 908.2598876953125 21048
1752028288803 902.3861083984375 21049
1752028289762 763.416748046875 21050
1752028290724 929.169677734375 21051
1752028291678 1332.8604736328125 21052
1752028292636 1833.9713134765625 21053
1752028293584 1619.0849609375 21054
1752028294540 1050.800048828125 21055
1752028295497 1188.6690673828125 21056
1752028296453 1166.99609375 21057
1752028297406 1050.0341796875 21058
1752028298366 1529.349609375 21059
1752028299321 977.5435180664062 21060
1752028300274 1190.8753662109375 21061
1752028301234 1590.619873046875 21062
1752028302189 881.4259033203125 21063
1752028303141 3560.19091796875 21064
1752028304094 1374.008544921875 21065
1752028305048 1083.841796875 21066
1752028306010 1104.1986083984375 21067
1752028306971 1314.591064453125 21068
1752028307935 778.829833984375 21069
1752028308890 1170.34521484375 21070
1752028309841 1108.474853515625 21071
1752028310792 928.224609375 21072
1752028311743 1992.686767578125 21073
1752028312697 2355.9189453125 21074
1752028313652 1628.0377197265625 21075
1752028314604 1090.3961181640625 21076
1752028315556 1467.82861328125 21077
1752028316507 1649.414306640625 21078
1752028317454 1070.134033203125 21079
1752028318436 1433.7132568359375 21080
1752028319417 2165.357177734375 21081
1752028320406 1003.2024536132812 21082
1752028321365 977.08251953125 21083
1752028322314 910.6781005859375 21084
1752028323268 1891.3544921875 21085
1752028324221 1204.1839599609375 21086
1752028325175 1136.4422607421875 21087
1752028326128 1072.993408203125 21088
1752028327080 930.4010620117188 21089
1752028328032 1010.7552490234375 21090
1752028328984 954.36962890625 21091
1752028329937 1318.8065185546875 21092
1752028330889 894.6333618164062 21093
1752028331843 964.5487060546875 21094
1752028332798 965.0261840820312 21095
1752028333750 910.22802734375 21096
1752028334702 2750.754638671875 21097
1752028335659 1137.65283203125 21098
1752028336618 2595.913818359375 21099
1752028337572 2485.07373046875 21100
1752028338522 1102.140869140625 21101
1752028339476 758.1807861328125 21102
1752028340429 1903.807373046875 21103
1752028341385 1162.141357421875 21104
1752028342342 1050.943603515625 21105
1752028343302 1313.1053466796875 21106
1752028344255 766.4819946289062 21107
1752028345218 1647.7568359375 21108
1752028346178 1280.251220703125 21109
1752028347136 1003.3970336914062 21110
1752028348092 1197.586669921875 21111
1752028349046 1270.3133544921875 21112
1752028350000 1795.80712890625 21113
1752028350955 1350.752685546875 21114
1752028351908 1416.6065673828125 21115
1752028352862 1642.62255859375 21116
1752028353815 927.1649169921875 21117
1752028354771 972.8157958984375 21118
1752028355729 1719.740966796875 21119
1752028356683 1033.979736328125 21120
1752028357638 2017.3194580078125 21121
1752028358597 1865.00341796875 21122
1752028359550 2772.373291015625 21123
1752028360502 965.1636962890625 21124
1752028361462 1043.30029296875 21125
1752028362415 1377.98193359375 21126
1752028364168 994.5488891601562 21127
1752028365124 821.151611328125 21128
1752028366077 815.3441162109375 21129
1752028367035 1351.184326171875 21130
1752028367993 2089.290771484375 21131
1752028368949 1571.32763671875 21132
1752028369905 695.4298095703125 21133
1752028370858 634.6607055664062 21134
1752028371812 2043.31982421875 21135
1752028372765 1417.13623046875 21136
1752028373723 1505.905029296875 21137
1752028374679 1462.126708984375 21138
1752028375635 971.76611328125 21139
1752028376595 844.2551879882812 21140
1752028377547 1237.79296875 21141
1752028378511 1289.538818359375 21142
1752028379461 853.35693359375 21143
1752028380422 870.5555419921875 21144
1752028381385 814.9287719726562 21145
1752028382345 856.2542724609375 21146
1752028383302 864.0401000976562 21147
1752028384258 913.5106811523438 21148
1752028385211 1067.7406005859375 21149
1752028386168 778.8114013671875 21150
1752028387130 1780.015869140625 21151
1752028388124 789.79931640625 21152
1752028389113 742.6846923828125 21153
1752028390069 1103.045654296875 21154
1752028391025 1677.3505859375 21155
1752028391980 1221.0845947265625 21156
1752028392934 590.96826171875 21157
1752028393887 1679.942626953125 21158
1752028394848 872.0917358398438 21159
1752028395809 1512.8123779296875 21160
1752028396769 1052.5869140625 21161
1752028397719 1006.9899291992188 21162
1752028398681 1106.2322998046875 21163
1752028399643 917.948974609375 21164
1752028400596 1273.9990234375 21165
1752028401558 1044.707275390625 21166
1752028402514 1009.6087646484375 21167
1752028403473 903.82177734375 21168
1752028404425 873.44091796875 21169
1752028405381 656.222900390625 21170
1752028406340 1043.685791015625 21171
1752028407291 1988.640869140625 21172
1752028408255 970.4437866210938 21173
1752028409217 1105.7340087890625 21174
1752028410173 1392.6685791015625 21175
1752028411127 952.4561767578125 21176
1752028412081 1177.4720458984375 21177
1752028413039 791.8601684570312 21178
1752028413997 1340.525390625 21179
1752028414952 1506.544189453125 21180
1752028415913 1308.677978515625 21181
1752028416863 3322.563720703125 21182
1752028417821 966.2864990234375 21183
1752028418772 868.2205200195312 21184
1752028419726 1134.3232421875 21185
1752028420685 1032.0826416015625 21186
1752028421645 1103.6800537109375 21187
1752028422595 1898.171875 21188
1752028423548 1946.4296875 21189
1752028424502 2808.5419921875 21190
1752028425454 832.1658325195312 21191
1752028426415 1217.85302734375 21192
1752028427372 1438.229248046875 21193
1752028428326 1071.748046875 21194
1752028429280 2045.3843994140625 21195
1752028430232 1185.1937255859375 21196
1752028431188 1691.5234375 21197
1752028432138 1039.859619140625 21198
1752028433089 885.9293823242188 21199
1752028434040 1076.82568359375 21200
1752028434994 2434.396728515625 21201
1752028435942 1254.733154296875 21202
1752028436894 2564.52099609375 21203
1752028437849 1678.7025146484375 21204
1752028438802 1152.5836181640625 21205
1752028439760 953.0650634765625 21206
1752028440753 1894.6292724609375 21207
1752028441738 1118.1763916015625 21208
1752028442709 918.3250732421875 21209
1752028443662 988.4664306640625 21210
1752028444619 1058.8001708984375 21211
1752028445572 1846.85986328125 21212
1752028446524 1750.5830078125 21213
1752028447477 1543.143798828125 21214
1752028448431 2366.125732421875 21215
1752028449386 1285.276123046875 21216
1752028450340 1394.0916748046875 21217
1752028451298 2803.77783203125 21218
1752028452249 778.9027709960938 21219
1752028453200 1230.0751953125 21220
1752028454151 1263.759033203125 21221
1752028455107 1394.048583984375 21222
1752028456062 998.5316772460938 21223
1752028457014 1279.444580078125 21224
1752028457968 2050.294677734375 21225
1752028458920 1831.3455810546875 21226
1752028459881 2866.5888671875 21227
1752028460838 1323.22900390625 21228
1752028461799 1634.00634765625 21229
1752028462754 1548.578857421875 21230
1752028463719 1260.845458984375 21231
1752028464678 834.69384765625 21232
1752028465632 1111.54150390625 21233
1752028466590 957.3826904296875 21234
1752028467552 1182.267578125 21235
1752028468516 1037.076416015625 21236
1752028469469 1130.635986328125 21237
1752028470418 2067.002685546875 21238
1752028471375 1631.9761962890625 21239
1752028472328 807.3092041015625 21240
1752028473283 862.596923828125 21241
1752028474235 1937.863037109375 21242
1752028475190 848.1015625 21243
1752028476148 1094.4559326171875 21244
1752028477107 927.8084106445312 21245
1752028478062 990.9742431640625 21246
1752028479016 1043.5372314453125 21247
1752028479976 955.1527099609375 21248
1752028480943 1005.991943359375 21249
1752028481908 1824.990234375 21250
1752028482866 962.1204833984375 21251
